persona,canonical_split_id,canonical_seed,canonical_assignment,claude_split_id,claude_assignment,in_common_benchmark
aberration,0,outer_loop_split_0_2026-05-28,heldout,4,heldout_in_claude_fold,True
absurdist,0,outer_loop_split_0_2026-05-28,train,4,heldout_in_claude_fold,True
accountant,0,outer_loop_split_0_2026-05-28,train,0,heldout_in_claude_fold,True
activist,0,outer_loop_split_0_2026-05-28,heldout,4,heldout_in_claude_fold,True
actor,0,outer_loop_split_0_2026-05-28,heldout,4,heldout_in_claude_fold,True
addict,0,outer_loop_split_0_2026-05-28,train,2,heldout_in_claude_fold,True
adolescent,0,outer_loop_split_0_2026-05-28,train,1,heldout_in_claude_fold,True
advocate,0,outer_loop_split_0_2026-05-28,train,0,heldout_in_claude_fold,True
alien,0,outer_loop_split_0_2026-05-28,heldout,1,heldout_in_claude_fold,True
altruist,0,outer_loop_split_0_2026-05-28,train,4,heldout_in_claude_fold,True
amateur,0,outer_loop_split_0_2026-05-28,train,4,heldout_in_claude_fold,True
ambassador,0,outer_loop_split_0_2026-05-28,heldout,1,heldout_in_claude_fold,True
amnesiac,0,outer_loop_split_0_2026-05-28,train,3,heldout_in_claude_fold,True
analyst,0,outer_loop_split_0_2026-05-28,train,2,heldout_in_claude_fold,True
anarchist,0,outer_loop_split_0_2026-05-28,train,4,heldout_in_claude_fold,True
ancient,0,outer_loop_split_0_2026-05-28,heldout,0,heldout_in_claude_fold,True
angel,0,outer_loop_split_0_2026-05-28,train,1,heldout_in_claude_fold,True
anthropologist,0,outer_loop_split_0_2026-05-28,train,0,heldout_in_claude_fold,True
archaeologist,0,outer_loop_split_0_2026-05-28,heldout,1,heldout_in_claude_fold,True
architect,0,outer_loop_split_0_2026-05-28,train,1,heldout_in_claude_fold,True
archivist,0,outer_loop_split_0_2026-05-28,train,4,heldout_in_claude_fold,True
artisan,0,outer_loop_split_0_2026-05-28,heldout,0,heldout_in_claude_fold,True
ascetic,0,outer_loop_split_0_2026-05-28,train,0,heldout_in_claude_fold,True
assistant,0,outer_loop_split_0_2026-05-28,train,3,heldout_in_claude_fold,True
auctioneer,0,outer_loop_split_0_2026-05-28,heldout,2,heldout_in_claude_fold,True
auditor,0,outer_loop_split_0_2026-05-28,heldout,3,heldout_in_claude_fold,True
avatar,0,outer_loop_split_0_2026-05-28,train,1,heldout_in_claude_fold,True
bard,0,outer_loop_split_0_2026-05-28,heldout,1,heldout_in_claude_fold,True
bartender,0,outer_loop_split_0_2026-05-28,train,1,heldout_in_claude_fold,True
biologist,0,outer_loop_split_0_2026-05-28,train,3,heldout_in_claude_fold,True
blogger,0,outer_loop_split_0_2026-05-28,train,3,heldout_in_claude_fold,True
bohemian,0,outer_loop_split_0_2026-05-28,train,1,heldout_in_claude_fold,True
builder,0,outer_loop_split_0_2026-05-28,train,1,heldout_in_claude_fold,True
caregiver,0,outer_loop_split_0_2026-05-28,train,2,heldout_in_claude_fold,True
cartographer,0,outer_loop_split_0_2026-05-28,train,0,heldout_in_claude_fold,True
caveman,0,outer_loop_split_0_2026-05-28,train,4,heldout_in_claude_fold,True
celebrity,0,outer_loop_split_0_2026-05-28,train,3,heldout_in_claude_fold,True
chameleon,0,outer_loop_split_0_2026-05-28,train,2,heldout_in_claude_fold,True
chef,0,outer_loop_split_0_2026-05-28,train,1,heldout_in_claude_fold,True
chemist,0,outer_loop_split_0_2026-05-28,train,4,heldout_in_claude_fold,True
chimera,0,outer_loop_split_0_2026-05-28,train,4,heldout_in_claude_fold,True
coach,0,outer_loop_split_0_2026-05-28,heldout,0,heldout_in_claude_fold,True
collaborator,0,outer_loop_split_0_2026-05-28,heldout,0,heldout_in_claude_fold,True
collector,0,outer_loop_split_0_2026-05-28,train,3,heldout_in_claude_fold,True
comedian,0,outer_loop_split_0_2026-05-28,heldout,3,heldout_in_claude_fold,True
competitor,0,outer_loop_split_0_2026-05-28,train,3,heldout_in_claude_fold,True
composer,0,outer_loop_split_0_2026-05-28,train,0,heldout_in_claude_fold,True
conservator,0,outer_loop_split_0_2026-05-28,train,3,heldout_in_claude_fold,True
consultant,0,outer_loop_split_0_2026-05-28,train,3,heldout_in_claude_fold,True
contrarian,0,outer_loop_split_0_2026-05-28,heldout,1,heldout_in_claude_fold,True
coordinator,0,outer_loop_split_0_2026-05-28,train,2,heldout_in_claude_fold,True
cosmopolitan,0,outer_loop_split_0_2026-05-28,train,0,heldout_in_claude_fold,True
counselor,0,outer_loop_split_0_2026-05-28,heldout,0,heldout_in_claude_fold,True
criminal,0,outer_loop_split_0_2026-05-28,train,1,heldout_in_claude_fold,True
critic,0,outer_loop_split_0_2026-05-28,train,4,heldout_in_claude_fold,True
crystalline,0,outer_loop_split_0_2026-05-28,train,4,heldout_in_claude_fold,True
curator,0,outer_loop_split_0_2026-05-28,heldout,4,heldout_in_claude_fold,True
cyborg,0,outer_loop_split_0_2026-05-28,heldout,1,heldout_in_claude_fold,True
cynic,0,outer_loop_split_0_2026-05-28,train,0,heldout_in_claude_fold,True
daredevil,0,outer_loop_split_0_2026-05-28,train,3,heldout_in_claude_fold,True
debugger,0,outer_loop_split_0_2026-05-28,train,1,heldout_in_claude_fold,True
demon,0,outer_loop_split_0_2026-05-28,train,4,heldout_in_claude_fold,True
designer,0,outer_loop_split_0_2026-05-28,train,1,heldout_in_claude_fold,True
destroyer,0,outer_loop_split_0_2026-05-28,train,1,heldout_in_claude_fold,True
detective,0,outer_loop_split_0_2026-05-28,heldout,2,heldout_in_claude_fold,True
dilettante,0,outer_loop_split_0_2026-05-28,train,0,heldout_in_claude_fold,True
dispatcher,0,outer_loop_split_0_2026-05-28,train,1,heldout_in_claude_fold,True
divorcee,0,outer_loop_split_0_2026-05-28,train,0,heldout_in_claude_fold,True
doctor,0,outer_loop_split_0_2026-05-28,train,2,heldout_in_claude_fold,True
dreamer,0,outer_loop_split_0_2026-05-28,train,0,heldout_in_claude_fold,True
echo,0,outer_loop_split_0_2026-05-28,train,0,heldout_in_claude_fold,True
economist,0,outer_loop_split_0_2026-05-28,train,3,heldout_in_claude_fold,True
ecosystem,0,outer_loop_split_0_2026-05-28,train,0,heldout_in_claude_fold,True
editor,0,outer_loop_split_0_2026-05-28,train,0,heldout_in_claude_fold,True
egregore,0,outer_loop_split_0_2026-05-28,train,4,heldout_in_claude_fold,True
elder,0,outer_loop_split_0_2026-05-28,train,0,heldout_in_claude_fold,True
eldritch,0,outer_loop_split_0_2026-05-28,train,4,heldout_in_claude_fold,True
emissary,0,outer_loop_split_0_2026-05-28,train,4,heldout_in_claude_fold,True
empath,0,outer_loop_split_0_2026-05-28,train,3,heldout_in_claude_fold,True
engineer,0,outer_loop_split_0_2026-05-28,heldout,1,heldout_in_claude_fold,True
entrepreneur,0,outer_loop_split_0_2026-05-28,train,2,heldout_in_claude_fold,True
evaluator,0,outer_loop_split_0_2026-05-28,train,3,heldout_in_claude_fold,True
evangelist,0,outer_loop_split_0_2026-05-28,train,2,heldout_in_claude_fold,True
examiner,0,outer_loop_split_0_2026-05-28,heldout,3,heldout_in_claude_fold,True
exile,0,outer_loop_split_0_2026-05-28,heldout,4,heldout_in_claude_fold,True
expatriate,0,outer_loop_split_0_2026-05-28,heldout,1,heldout_in_claude_fold,True
facilitator,0,outer_loop_split_0_2026-05-28,heldout,3,heldout_in_claude_fold,True
familiar,0,outer_loop_split_0_2026-05-28,heldout,2,heldout_in_claude_fold,True
fixer,0,outer_loop_split_0_2026-05-28,heldout,1,heldout_in_claude_fold,True
flaneur,0,outer_loop_split_0_2026-05-28,train,1,heldout_in_claude_fold,True
fool,0,outer_loop_split_0_2026-05-28,train,0,heldout_in_claude_fold,True
forecaster,0,outer_loop_split_0_2026-05-28,train,1,heldout_in_claude_fold,True
futurist,0,outer_loop_split_0_2026-05-28,train,2,heldout_in_claude_fold,True
gamer,0,outer_loop_split_0_2026-05-28,train,2,heldout_in_claude_fold,True
generalist,0,outer_loop_split_0_2026-05-28,train,4,heldout_in_claude_fold,True
genie,0,outer_loop_split_0_2026-05-28,train,2,heldout_in_claude_fold,True
geographer,0,outer_loop_split_0_2026-05-28,heldout,2,heldout_in_claude_fold,True
ghost,0,outer_loop_split_0_2026-05-28,heldout,3,heldout_in_claude_fold,True
golem,0,outer_loop_split_0_2026-05-28,train,4,heldout_in_claude_fold,True
gossip,0,outer_loop_split_0_2026-05-28,train,3,heldout_in_claude_fold,True
grader,0,outer_loop_split_0_2026-05-28,heldout,2,heldout_in_claude_fold,True
graduate,0,outer_loop_split_0_2026-05-28,train,4,heldout_in_claude_fold,True
grandparent,0,outer_loop_split_0_2026-05-28,heldout,3,heldout_in_claude_fold,True
guardian,0,outer_loop_split_0_2026-05-28,heldout,1,heldout_in_claude_fold,True
guide,0,outer_loop_split_0_2026-05-28,train,3,heldout_in_claude_fold,True
guru,0,outer_loop_split_0_2026-05-28,train,3,heldout_in_claude_fold,True
hacker,0,outer_loop_split_0_2026-05-28,train,2,heldout_in_claude_fold,True
healer,0,outer_loop_split_0_2026-05-28,heldout,4,heldout_in_claude_fold,True
hedonist,0,outer_loop_split_0_2026-05-28,train,3,heldout_in_claude_fold,True
hermit,0,outer_loop_split_0_2026-05-28,heldout,3,heldout_in_claude_fold,True
historian,0,outer_loop_split_0_2026-05-28,train,3,heldout_in_claude_fold,True
hive,0,outer_loop_split_0_2026-05-28,train,2,heldout_in_claude_fold,True
hoarder,0,outer_loop_split_0_2026-05-28,heldout,1,heldout_in_claude_fold,True
homunculus,0,outer_loop_split_0_2026-05-28,train,1,heldout_in_claude_fold,True
hybrid,0,outer_loop_split_0_2026-05-28,train,3,heldout_in_claude_fold,True
idealist,0,outer_loop_split_0_2026-05-28,train,0,heldout_in_claude_fold,True
immigrant,0,outer_loop_split_0_2026-05-28,train,3,heldout_in_claude_fold,True
improviser,0,outer_loop_split_0_2026-05-28,train,3,heldout_in_claude_fold,True
infant,0,outer_loop_split_0_2026-05-28,heldout,2,heldout_in_claude_fold,True
influencer,0,outer_loop_split_0_2026-05-28,heldout,3,heldout_in_claude_fold,True
instructor,0,outer_loop_split_0_2026-05-28,train,2,heldout_in_claude_fold,True
interpreter,0,outer_loop_split_0_2026-05-28,train,3,heldout_in_claude_fold,True
interviewer,0,outer_loop_split_0_2026-05-28,heldout,0,heldout_in_claude_fold,True
jester,0,outer_loop_split_0_2026-05-28,train,1,heldout_in_claude_fold,True
journalist,0,outer_loop_split_0_2026-05-28,train,0,heldout_in_claude_fold,True
judge,0,outer_loop_split_0_2026-05-28,train,2,heldout_in_claude_fold,True
lawyer,0,outer_loop_split_0_2026-05-28,train,2,heldout_in_claude_fold,True
leviathan,0,outer_loop_split_0_2026-05-28,train,3,heldout_in_claude_fold,True
librarian,0,outer_loop_split_0_2026-05-28,train,0,heldout_in_claude_fold,True
linguist,0,outer_loop_split_0_2026-05-28,train,4,heldout_in_claude_fold,True
loner,0,outer_loop_split_0_2026-05-28,train,0,heldout_in_claude_fold,True
luddite,0,outer_loop_split_0_2026-05-28,train,4,heldout_in_claude_fold,True
marketer,0,outer_loop_split_0_2026-05-28,train,4,heldout_in_claude_fold,True
martyr,0,outer_loop_split_0_2026-05-28,heldout,3,heldout_in_claude_fold,True
mathematician,0,outer_loop_split_0_2026-05-28,train,0,heldout_in_claude_fold,True
maverick,0,outer_loop_split_0_2026-05-28,heldout,2,heldout_in_claude_fold,True
mechanic,0,outer_loop_split_0_2026-05-28,heldout,0,heldout_in_claude_fold,True
mediator,0,outer_loop_split_0_2026-05-28,train,1,heldout_in_claude_fold,True
mentor,0,outer_loop_split_0_2026-05-28,train,1,heldout_in_claude_fold,True
merchant,0,outer_loop_split_0_2026-05-28,heldout,4,heldout_in_claude_fold,True
minimalist,0,outer_loop_split_0_2026-05-28,train,4,heldout_in_claude_fold,True
moderator,0,outer_loop_split_0_2026-05-28,train,2,heldout_in_claude_fold,True
musician,0,outer_loop_split_0_2026-05-28,train,4,heldout_in_claude_fold,True
mycorrhizal,0,outer_loop_split_0_2026-05-28,train,2,heldout_in_claude_fold,True
mystic,0,outer_loop_split_0_2026-05-28,heldout,3,heldout_in_claude_fold,True
narcissist,0,outer_loop_split_0_2026-05-28,train,3,heldout_in_claude_fold,True
narrator,0,outer_loop_split_0_2026-05-28,train,4,heldout_in_claude_fold,True
naturalist,0,outer_loop_split_0_2026-05-28,train,4,heldout_in_claude_fold,True
navigator,0,outer_loop_split_0_2026-05-28,train,0,heldout_in_claude_fold,True
negotiator,0,outer_loop_split_0_2026-05-28,heldout,1,heldout_in_claude_fold,True
networker,0,outer_loop_split_0_2026-05-28,train,0,heldout_in_claude_fold,True
newlywed,0,outer_loop_split_0_2026-05-28,train,4,heldout_in_claude_fold,True
nomad,0,outer_loop_split_0_2026-05-28,train,1,heldout_in_claude_fold,True
novelist,0,outer_loop_split_0_2026-05-28,heldout,2,heldout_in_claude_fold,True
nutritionist,0,outer_loop_split_0_2026-05-28,train,3,heldout_in_claude_fold,True
observer,0,outer_loop_split_0_2026-05-28,train,1,heldout_in_claude_fold,True
optimist,0,outer_loop_split_0_2026-05-28,train,3,heldout_in_claude_fold,True
oracle,0,outer_loop_split_0_2026-05-28,train,1,heldout_in_claude_fold,True
organizer,0,outer_loop_split_0_2026-05-28,train,0,heldout_in_claude_fold,True
orphan,0,outer_loop_split_0_2026-05-28,train,2,heldout_in_claude_fold,True
pacifist,0,outer_loop_split_0_2026-05-28,train,2,heldout_in_claude_fold,True
paramedic,0,outer_loop_split_0_2026-05-28,train,2,heldout_in_claude_fold,True
parasite,0,outer_loop_split_0_2026-05-28,train,0,heldout_in_claude_fold,True
parent,0,outer_loop_split_0_2026-05-28,train,0,heldout_in_claude_fold,True
patient,0,outer_loop_split_0_2026-05-28,train,2,heldout_in_claude_fold,True
peacekeeper,0,outer_loop_split_0_2026-05-28,train,1,heldout_in_claude_fold,True
perfectionist,0,outer_loop_split_0_2026-05-28,train,0,heldout_in_claude_fold,True
pharmacist,0,outer_loop_split_0_2026-05-28,heldout,3,heldout_in_claude_fold,True
philosopher,0,outer_loop_split_0_2026-05-28,train,2,heldout_in_claude_fold,True
photographer,0,outer_loop_split_0_2026-05-28,heldout,3,heldout_in_claude_fold,True
physicist,0,outer_loop_split_0_2026-05-28,heldout,2,heldout_in_claude_fold,True
pilgrim,0,outer_loop_split_0_2026-05-28,train,0,heldout_in_claude_fold,True
pilot,0,outer_loop_split_0_2026-05-28,train,4,heldout_in_claude_fold,True
pirate,0,outer_loop_split_0_2026-05-28,train,4,heldout_in_claude_fold,True
planner,0,outer_loop_split_0_2026-05-28,train,3,heldout_in_claude_fold,True
playwright,0,outer_loop_split_0_2026-05-28,heldout,1,heldout_in_claude_fold,True
podcaster,0,outer_loop_split_0_2026-05-28,heldout,4,heldout_in_claude_fold,True
poet,0,outer_loop_split_0_2026-05-28,train,1,heldout_in_claude_fold,True
polymath,0,outer_loop_split_0_2026-05-28,train,1,heldout_in_claude_fold,True
pragmatist,0,outer_loop_split_0_2026-05-28,train,1,heldout_in_claude_fold,True
predator,0,outer_loop_split_0_2026-05-28,train,2,heldout_in_claude_fold,True
presenter,0,outer_loop_split_0_2026-05-28,heldout,0,heldout_in_claude_fold,True
prey,0,outer_loop_split_0_2026-05-28,train,3,heldout_in_claude_fold,True
prisoner,0,outer_loop_split_0_2026-05-28,train,0,heldout_in_claude_fold,True
procrastinator,0,outer_loop_split_0_2026-05-28,train,1,heldout_in_claude_fold,True
prodigy,0,outer_loop_split_0_2026-05-28,heldout,4,heldout_in_claude_fold,True
producer,0,outer_loop_split_0_2026-05-28,train,3,heldout_in_claude_fold,True
programmer,0,outer_loop_split_0_2026-05-28,heldout,1,heldout_in_claude_fold,True
proofreader,0,outer_loop_split_0_2026-05-28,train,1,heldout_in_claude_fold,True
prophet,0,outer_loop_split_0_2026-05-28,train,2,heldout_in_claude_fold,True
provincial,0,outer_loop_split_0_2026-05-28,train,3,heldout_in_claude_fold,True
provocateur,0,outer_loop_split_0_2026-05-28,train,0,heldout_in_claude_fold,True
psychologist,0,outer_loop_split_0_2026-05-28,train,4,heldout_in_claude_fold,True
publisher,0,outer_loop_split_0_2026-05-28,train,2,heldout_in_claude_fold,True
purist,0,outer_loop_split_0_2026-05-28,heldout,1,heldout_in_claude_fold,True
realist,0,outer_loop_split_0_2026-05-28,train,4,heldout_in_claude_fold,True
rebel,0,outer_loop_split_0_2026-05-28,train,4,heldout_in_claude_fold,True
recruiter,0,outer_loop_split_0_2026-05-28,train,0,heldout_in_claude_fold,True
refugee,0,outer_loop_split_0_2026-05-28,train,3,heldout_in_claude_fold,True
reporter,0,outer_loop_split_0_2026-05-28,train,4,heldout_in_claude_fold,True
researcher,0,outer_loop_split_0_2026-05-28,train,4,heldout_in_claude_fold,True
retiree,0,outer_loop_split_0_2026-05-28,train,1,heldout_in_claude_fold,True
revenant,0,outer_loop_split_0_2026-05-28,train,4,heldout_in_claude_fold,True
reviewer,0,outer_loop_split_0_2026-05-28,train,1,heldout_in_claude_fold,True
revolutionary,0,outer_loop_split_0_2026-05-28,heldout,2,heldout_in_claude_fold,True
robot,0,outer_loop_split_0_2026-05-28,heldout,0,heldout_in_claude_fold,True
rogue,0,outer_loop_split_0_2026-05-28,train,1,heldout_in_claude_fold,True
romantic,0,outer_loop_split_0_2026-05-28,heldout,4,heldout_in_claude_fold,True
saboteur,0,outer_loop_split_0_2026-05-28,train,3,heldout_in_claude_fold,True
sage,0,outer_loop_split_0_2026-05-28,train,3,heldout_in_claude_fold,True
scheduler,0,outer_loop_split_0_2026-05-28,train,1,heldout_in_claude_fold,True
scholar,0,outer_loop_split_0_2026-05-28,train,1,heldout_in_claude_fold,True
scientist,0,outer_loop_split_0_2026-05-28,train,2,heldout_in_claude_fold,True
scout,0,outer_loop_split_0_2026-05-28,heldout,3,heldout_in_claude_fold,True
screener,0,outer_loop_split_0_2026-05-28,train,4,heldout_in_claude_fold,True
secretary,0,outer_loop_split_0_2026-05-28,heldout,0,heldout_in_claude_fold,True
shaman,0,outer_loop_split_0_2026-05-28,heldout,2,heldout_in_claude_fold,True
shapeshifter,0,outer_loop_split_0_2026-05-28,train,2,heldout_in_claude_fold,True
simulacrum,0,outer_loop_split_0_2026-05-28,train,4,heldout_in_claude_fold,True
skeptic,0,outer_loop_split_0_2026-05-28,heldout,0,heldout_in_claude_fold,True
smuggler,0,outer_loop_split_0_2026-05-28,heldout,4,heldout_in_claude_fold,True
sociologist,0,outer_loop_split_0_2026-05-28,train,0,heldout_in_claude_fold,True
soldier,0,outer_loop_split_0_2026-05-28,train,1,heldout_in_claude_fold,True
sommelier,0,outer_loop_split_0_2026-05-28,heldout,0,heldout_in_claude_fold,True
specialist,0,outer_loop_split_0_2026-05-28,train,2,heldout_in_claude_fold,True
spirit,0,outer_loop_split_0_2026-05-28,train,4,heldout_in_claude_fold,True
spy,0,outer_loop_split_0_2026-05-28,train,2,heldout_in_claude_fold,True
statistician,0,outer_loop_split_0_2026-05-28,train,2,heldout_in_claude_fold,True
stoic,0,outer_loop_split_0_2026-05-28,train,3,heldout_in_claude_fold,True
strategist,0,outer_loop_split_0_2026-05-28,train,3,heldout_in_claude_fold,True
student,0,outer_loop_split_0_2026-05-28,train,2,heldout_in_claude_fold,True
summarizer,0,outer_loop_split_0_2026-05-28,heldout,0,heldout_in_claude_fold,True
supervisor,0,outer_loop_split_0_2026-05-28,train,1,heldout_in_claude_fold,True
surfer,0,outer_loop_split_0_2026-05-28,train,4,heldout_in_claude_fold,True
survivor,0,outer_loop_split_0_2026-05-28,heldout,4,heldout_in_claude_fold,True
swarm,0,outer_loop_split_0_2026-05-28,train,2,heldout_in_claude_fold,True
symbiont,0,outer_loop_split_0_2026-05-28,train,1,heldout_in_claude_fold,True
synthesizer,0,outer_loop_split_0_2026-05-28,heldout,0,heldout_in_claude_fold,True
teacher,0,outer_loop_split_0_2026-05-28,train,2,heldout_in_claude_fold,True
technologist,0,outer_loop_split_0_2026-05-28,train,4,heldout_in_claude_fold,True
teenager,0,outer_loop_split_0_2026-05-28,train,2,heldout_in_claude_fold,True
theorist,0,outer_loop_split_0_2026-05-28,heldout,0,heldout_in_claude_fold,True
therapist,0,outer_loop_split_0_2026-05-28,train,3,heldout_in_claude_fold,True
toddler,0,outer_loop_split_0_2026-05-28,heldout,0,heldout_in_claude_fold,True
traditionalist,0,outer_loop_split_0_2026-05-28,train,2,heldout_in_claude_fold,True
trainer,0,outer_loop_split_0_2026-05-28,train,1,heldout_in_claude_fold,True
translator,0,outer_loop_split_0_2026-05-28,train,4,heldout_in_claude_fold,True
tree,0,outer_loop_split_0_2026-05-28,train,4,heldout_in_claude_fold,True
trickster,0,outer_loop_split_0_2026-05-28,train,4,heldout_in_claude_fold,True
tulpa,0,outer_loop_split_0_2026-05-28,train,2,heldout_in_claude_fold,True
tutor,0,outer_loop_split_0_2026-05-28,train,3,heldout_in_claude_fold,True
validator,0,outer_loop_split_0_2026-05-28,train,0,heldout_in_claude_fold,True
vampire,0,outer_loop_split_0_2026-05-28,train,2,heldout_in_claude_fold,True
vegan,0,outer_loop_split_0_2026-05-28,train,0,heldout_in_claude_fold,True
veteran,0,outer_loop_split_0_2026-05-28,train,0,heldout_in_claude_fold,True
veterinarian,0,outer_loop_split_0_2026-05-28,train,3,heldout_in_claude_fold,True
vigilante,0,outer_loop_split_0_2026-05-28,heldout,0,heldout_in_claude_fold,True
virtuoso,0,outer_loop_split_0_2026-05-28,heldout,3,heldout_in_claude_fold,True
virus,0,outer_loop_split_0_2026-05-28,train,2,heldout_in_claude_fold,True
visionary,0,outer_loop_split_0_2026-05-28,heldout,4,heldout_in_claude_fold,True
void,0,outer_loop_split_0_2026-05-28,train,3,heldout_in_claude_fold,True
wanderer,0,outer_loop_split_0_2026-05-28,heldout,2,heldout_in_claude_fold,True
warrior,0,outer_loop_split_0_2026-05-28,train,2,heldout_in_claude_fold,True
whale,0,outer_loop_split_0_2026-05-28,train,3,heldout_in_claude_fold,True
widow,0,outer_loop_split_0_2026-05-28,train,0,heldout_in_claude_fold,True
wind,0,outer_loop_split_0_2026-05-28,heldout,4,heldout_in_claude_fold,True
witch,0,outer_loop_split_0_2026-05-28,train,1,heldout_in_claude_fold,True
witness,0,outer_loop_split_0_2026-05-28,train,2,heldout_in_claude_fold,True
workaholic,0,outer_loop_split_0_2026-05-28,heldout,1,heldout_in_claude_fold,True
wraith,0,outer_loop_split_0_2026-05-28,train,0,heldout_in_claude_fold,True
writer,0,outer_loop_split_0_2026-05-28,train,3,heldout_in_claude_fold,True
zealot,0,outer_loop_split_0_2026-05-28,train,2,heldout_in_claude_fold,True
zeitgeist,0,outer_loop_split_0_2026-05-28,train,1,heldout_in_claude_fold,True
aberration,1,outer_loop_split_1_2026-05-28,train,4,heldout_in_claude_fold,True
absurdist,1,outer_loop_split_1_2026-05-28,train,4,heldout_in_claude_fold,True
accountant,1,outer_loop_split_1_2026-05-28,heldout,0,heldout_in_claude_fold,True
activist,1,outer_loop_split_1_2026-05-28,train,4,heldout_in_claude_fold,True
actor,1,outer_loop_split_1_2026-05-28,train,4,heldout_in_claude_fold,True
addict,1,outer_loop_split_1_2026-05-28,train,2,heldout_in_claude_fold,True
adolescent,1,outer_loop_split_1_2026-05-28,heldout,1,heldout_in_claude_fold,True
advocate,1,outer_loop_split_1_2026-05-28,heldout,0,heldout_in_claude_fold,True
alien,1,outer_loop_split_1_2026-05-28,train,1,heldout_in_claude_fold,True
altruist,1,outer_loop_split_1_2026-05-28,train,4,heldout_in_claude_fold,True
amateur,1,outer_loop_split_1_2026-05-28,train,4,heldout_in_claude_fold,True
ambassador,1,outer_loop_split_1_2026-05-28,train,1,heldout_in_claude_fold,True
amnesiac,1,outer_loop_split_1_2026-05-28,heldout,3,heldout_in_claude_fold,True
analyst,1,outer_loop_split_1_2026-05-28,train,2,heldout_in_claude_fold,True
anarchist,1,outer_loop_split_1_2026-05-28,heldout,4,heldout_in_claude_fold,True
ancient,1,outer_loop_split_1_2026-05-28,train,0,heldout_in_claude_fold,True
angel,1,outer_loop_split_1_2026-05-28,train,1,heldout_in_claude_fold,True
anthropologist,1,outer_loop_split_1_2026-05-28,train,0,heldout_in_claude_fold,True
archaeologist,1,outer_loop_split_1_2026-05-28,heldout,1,heldout_in_claude_fold,True
architect,1,outer_loop_split_1_2026-05-28,heldout,1,heldout_in_claude_fold,True
archivist,1,outer_loop_split_1_2026-05-28,train,4,heldout_in_claude_fold,True
artisan,1,outer_loop_split_1_2026-05-28,train,0,heldout_in_claude_fold,True
ascetic,1,outer_loop_split_1_2026-05-28,train,0,heldout_in_claude_fold,True
assistant,1,outer_loop_split_1_2026-05-28,train,3,heldout_in_claude_fold,True
auctioneer,1,outer_loop_split_1_2026-05-28,heldout,2,heldout_in_claude_fold,True
auditor,1,outer_loop_split_1_2026-05-28,train,3,heldout_in_claude_fold,True
avatar,1,outer_loop_split_1_2026-05-28,heldout,1,heldout_in_claude_fold,True
bard,1,outer_loop_split_1_2026-05-28,train,1,heldout_in_claude_fold,True
bartender,1,outer_loop_split_1_2026-05-28,train,1,heldout_in_claude_fold,True
biologist,1,outer_loop_split_1_2026-05-28,heldout,3,heldout_in_claude_fold,True
blogger,1,outer_loop_split_1_2026-05-28,train,3,heldout_in_claude_fold,True
bohemian,1,outer_loop_split_1_2026-05-28,heldout,1,heldout_in_claude_fold,True
builder,1,outer_loop_split_1_2026-05-28,train,1,heldout_in_claude_fold,True
caregiver,1,outer_loop_split_1_2026-05-28,train,2,heldout_in_claude_fold,True
cartographer,1,outer_loop_split_1_2026-05-28,heldout,0,heldout_in_claude_fold,True
caveman,1,outer_loop_split_1_2026-05-28,train,4,heldout_in_claude_fold,True
celebrity,1,outer_loop_split_1_2026-05-28,train,3,heldout_in_claude_fold,True
chameleon,1,outer_loop_split_1_2026-05-28,train,2,heldout_in_claude_fold,True
chef,1,outer_loop_split_1_2026-05-28,heldout,1,heldout_in_claude_fold,True
chemist,1,outer_loop_split_1_2026-05-28,train,4,heldout_in_claude_fold,True
chimera,1,outer_loop_split_1_2026-05-28,train,4,heldout_in_claude_fold,True
coach,1,outer_loop_split_1_2026-05-28,train,0,heldout_in_claude_fold,True
collaborator,1,outer_loop_split_1_2026-05-28,train,0,heldout_in_claude_fold,True
collector,1,outer_loop_split_1_2026-05-28,train,3,heldout_in_claude_fold,True
comedian,1,outer_loop_split_1_2026-05-28,train,3,heldout_in_claude_fold,True
competitor,1,outer_loop_split_1_2026-05-28,heldout,3,heldout_in_claude_fold,True
composer,1,outer_loop_split_1_2026-05-28,train,0,heldout_in_claude_fold,True
conservator,1,outer_loop_split_1_2026-05-28,train,3,heldout_in_claude_fold,True
consultant,1,outer_loop_split_1_2026-05-28,train,3,heldout_in_claude_fold,True
contrarian,1,outer_loop_split_1_2026-05-28,heldout,1,heldout_in_claude_fold,True
coordinator,1,outer_loop_split_1_2026-05-28,train,2,heldout_in_claude_fold,True
cosmopolitan,1,outer_loop_split_1_2026-05-28,train,0,heldout_in_claude_fold,True
counselor,1,outer_loop_split_1_2026-05-28,train,0,heldout_in_claude_fold,True
criminal,1,outer_loop_split_1_2026-05-28,heldout,1,heldout_in_claude_fold,True
critic,1,outer_loop_split_1_2026-05-28,train,4,heldout_in_claude_fold,True
crystalline,1,outer_loop_split_1_2026-05-28,train,4,heldout_in_claude_fold,True
curator,1,outer_loop_split_1_2026-05-28,train,4,heldout_in_claude_fold,True
cyborg,1,outer_loop_split_1_2026-05-28,train,1,heldout_in_claude_fold,True
cynic,1,outer_loop_split_1_2026-05-28,train,0,heldout_in_claude_fold,True
daredevil,1,outer_loop_split_1_2026-05-28,train,3,heldout_in_claude_fold,True
debugger,1,outer_loop_split_1_2026-05-28,train,1,heldout_in_claude_fold,True
demon,1,outer_loop_split_1_2026-05-28,train,4,heldout_in_claude_fold,True
designer,1,outer_loop_split_1_2026-05-28,train,1,heldout_in_claude_fold,True
destroyer,1,outer_loop_split_1_2026-05-28,train,1,heldout_in_claude_fold,True
detective,1,outer_loop_split_1_2026-05-28,train,2,heldout_in_claude_fold,True
dilettante,1,outer_loop_split_1_2026-05-28,heldout,0,heldout_in_claude_fold,True
dispatcher,1,outer_loop_split_1_2026-05-28,heldout,1,heldout_in_claude_fold,True
divorcee,1,outer_loop_split_1_2026-05-28,train,0,heldout_in_claude_fold,True
doctor,1,outer_loop_split_1_2026-05-28,train,2,heldout_in_claude_fold,True
dreamer,1,outer_loop_split_1_2026-05-28,train,0,heldout_in_claude_fold,True
echo,1,outer_loop_split_1_2026-05-28,heldout,0,heldout_in_claude_fold,True
economist,1,outer_loop_split_1_2026-05-28,train,3,heldout_in_claude_fold,True
ecosystem,1,outer_loop_split_1_2026-05-28,train,0,heldout_in_claude_fold,True
editor,1,outer_loop_split_1_2026-05-28,train,0,heldout_in_claude_fold,True
egregore,1,outer_loop_split_1_2026-05-28,train,4,heldout_in_claude_fold,True
elder,1,outer_loop_split_1_2026-05-28,train,0,heldout_in_claude_fold,True
eldritch,1,outer_loop_split_1_2026-05-28,train,4,heldout_in_claude_fold,True
emissary,1,outer_loop_split_1_2026-05-28,train,4,heldout_in_claude_fold,True
empath,1,outer_loop_split_1_2026-05-28,train,3,heldout_in_claude_fold,True
engineer,1,outer_loop_split_1_2026-05-28,train,1,heldout_in_claude_fold,True
entrepreneur,1,outer_loop_split_1_2026-05-28,heldout,2,heldout_in_claude_fold,True
evaluator,1,outer_loop_split_1_2026-05-28,train,3,heldout_in_claude_fold,True
evangelist,1,outer_loop_split_1_2026-05-28,train,2,heldout_in_claude_fold,True
examiner,1,outer_loop_split_1_2026-05-28,train,3,heldout_in_claude_fold,True
exile,1,outer_loop_split_1_2026-05-28,train,4,heldout_in_claude_fold,True
expatriate,1,outer_loop_split_1_2026-05-28,train,1,heldout_in_claude_fold,True
facilitator,1,outer_loop_split_1_2026-05-28,train,3,heldout_in_claude_fold,True
familiar,1,outer_loop_split_1_2026-05-28,train,2,heldout_in_claude_fold,True
fixer,1,outer_loop_split_1_2026-05-28,heldout,1,heldout_in_claude_fold,True
flaneur,1,outer_loop_split_1_2026-05-28,train,1,heldout_in_claude_fold,True
fool,1,outer_loop_split_1_2026-05-28,train,0,heldout_in_claude_fold,True
forecaster,1,outer_loop_split_1_2026-05-28,train,1,heldout_in_claude_fold,True
futurist,1,outer_loop_split_1_2026-05-28,heldout,2,heldout_in_claude_fold,True
gamer,1,outer_loop_split_1_2026-05-28,train,2,heldout_in_claude_fold,True
generalist,1,outer_loop_split_1_2026-05-28,train,4,heldout_in_claude_fold,True
genie,1,outer_loop_split_1_2026-05-28,train,2,heldout_in_claude_fold,True
geographer,1,outer_loop_split_1_2026-05-28,train,2,heldout_in_claude_fold,True
ghost,1,outer_loop_split_1_2026-05-28,heldout,3,heldout_in_claude_fold,True
golem,1,outer_loop_split_1_2026-05-28,heldout,4,heldout_in_claude_fold,True
gossip,1,outer_loop_split_1_2026-05-28,train,3,heldout_in_claude_fold,True
grader,1,outer_loop_split_1_2026-05-28,train,2,heldout_in_claude_fold,True
graduate,1,outer_loop_split_1_2026-05-28,heldout,4,heldout_in_claude_fold,True
grandparent,1,outer_loop_split_1_2026-05-28,train,3,heldout_in_claude_fold,True
guardian,1,outer_loop_split_1_2026-05-28,train,1,heldout_in_claude_fold,True
guide,1,outer_loop_split_1_2026-05-28,train,3,heldout_in_claude_fold,True
guru,1,outer_loop_split_1_2026-05-28,train,3,heldout_in_claude_fold,True
hacker,1,outer_loop_split_1_2026-05-28,train,2,heldout_in_claude_fold,True
healer,1,outer_loop_split_1_2026-05-28,heldout,4,heldout_in_claude_fold,True
hedonist,1,outer_loop_split_1_2026-05-28,heldout,3,heldout_in_claude_fold,True
hermit,1,outer_loop_split_1_2026-05-28,train,3,heldout_in_claude_fold,True
historian,1,outer_loop_split_1_2026-05-28,train,3,heldout_in_claude_fold,True
hive,1,outer_loop_split_1_2026-05-28,train,2,heldout_in_claude_fold,True
hoarder,1,outer_loop_split_1_2026-05-28,train,1,heldout_in_claude_fold,True
homunculus,1,outer_loop_split_1_2026-05-28,train,1,heldout_in_claude_fold,True
hybrid,1,outer_loop_split_1_2026-05-28,train,3,heldout_in_claude_fold,True
idealist,1,outer_loop_split_1_2026-05-28,train,0,heldout_in_claude_fold,True
immigrant,1,outer_loop_split_1_2026-05-28,train,3,heldout_in_claude_fold,True
improviser,1,outer_loop_split_1_2026-05-28,train,3,heldout_in_claude_fold,True
infant,1,outer_loop_split_1_2026-05-28,heldout,2,heldout_in_claude_fold,True
influencer,1,outer_loop_split_1_2026-05-28,train,3,heldout_in_claude_fold,True
instructor,1,outer_loop_split_1_2026-05-28,train,2,heldout_in_claude_fold,True
interpreter,1,outer_loop_split_1_2026-05-28,train,3,heldout_in_claude_fold,True
interviewer,1,outer_loop_split_1_2026-05-28,train,0,heldout_in_claude_fold,True
jester,1,outer_loop_split_1_2026-05-28,train,1,heldout_in_claude_fold,True
journalist,1,outer_loop_split_1_2026-05-28,heldout,0,heldout_in_claude_fold,True
judge,1,outer_loop_split_1_2026-05-28,heldout,2,heldout_in_claude_fold,True
lawyer,1,outer_loop_split_1_2026-05-28,train,2,heldout_in_claude_fold,True
leviathan,1,outer_loop_split_1_2026-05-28,train,3,heldout_in_claude_fold,True
librarian,1,outer_loop_split_1_2026-05-28,heldout,0,heldout_in_claude_fold,True
linguist,1,outer_loop_split_1_2026-05-28,train,4,heldout_in_claude_fold,True
loner,1,outer_loop_split_1_2026-05-28,train,0,heldout_in_claude_fold,True
luddite,1,outer_loop_split_1_2026-05-28,train,4,heldout_in_claude_fold,True
marketer,1,outer_loop_split_1_2026-05-28,heldout,4,heldout_in_claude_fold,True
martyr,1,outer_loop_split_1_2026-05-28,heldout,3,heldout_in_claude_fold,True
mathematician,1,outer_loop_split_1_2026-05-28,train,0,heldout_in_claude_fold,True
maverick,1,outer_loop_split_1_2026-05-28,train,2,heldout_in_claude_fold,True
mechanic,1,outer_loop_split_1_2026-05-28,heldout,0,heldout_in_claude_fold,True
mediator,1,outer_loop_split_1_2026-05-28,train,1,heldout_in_claude_fold,True
mentor,1,outer_loop_split_1_2026-05-28,train,1,heldout_in_claude_fold,True
merchant,1,outer_loop_split_1_2026-05-28,train,4,heldout_in_claude_fold,True
minimalist,1,outer_loop_split_1_2026-05-28,heldout,4,heldout_in_claude_fold,True
moderator,1,outer_loop_split_1_2026-05-28,train,2,heldout_in_claude_fold,True
musician,1,outer_loop_split_1_2026-05-28,train,4,heldout_in_claude_fold,True
mycorrhizal,1,outer_loop_split_1_2026-05-28,train,2,heldout_in_claude_fold,True
mystic,1,outer_loop_split_1_2026-05-28,train,3,heldout_in_claude_fold,True
narcissist,1,outer_loop_split_1_2026-05-28,train,3,heldout_in_claude_fold,True
narrator,1,outer_loop_split_1_2026-05-28,heldout,4,heldout_in_claude_fold,True
naturalist,1,outer_loop_split_1_2026-05-28,train,4,heldout_in_claude_fold,True
navigator,1,outer_loop_split_1_2026-05-28,heldout,0,heldout_in_claude_fold,True
negotiator,1,outer_loop_split_1_2026-05-28,train,1,heldout_in_claude_fold,True
networker,1,outer_loop_split_1_2026-05-28,train,0,heldout_in_claude_fold,True
newlywed,1,outer_loop_split_1_2026-05-28,train,4,heldout_in_claude_fold,True
nomad,1,outer_loop_split_1_2026-05-28,train,1,heldout_in_claude_fold,True
novelist,1,outer_loop_split_1_2026-05-28,train,2,heldout_in_claude_fold,True
nutritionist,1,outer_loop_split_1_2026-05-28,train,3,heldout_in_claude_fold,True
observer,1,outer_loop_split_1_2026-05-28,train,1,heldout_in_claude_fold,True
optimist,1,outer_loop_split_1_2026-05-28,train,3,heldout_in_claude_fold,True
oracle,1,outer_loop_split_1_2026-05-28,train,1,heldout_in_claude_fold,True
organizer,1,outer_loop_split_1_2026-05-28,heldout,0,heldout_in_claude_fold,True
orphan,1,outer_loop_split_1_2026-05-28,train,2,heldout_in_claude_fold,True
pacifist,1,outer_loop_split_1_2026-05-28,train,2,heldout_in_claude_fold,True
paramedic,1,outer_loop_split_1_2026-05-28,train,2,heldout_in_claude_fold,True
parasite,1,outer_loop_split_1_2026-05-28,train,0,heldout_in_claude_fold,True
parent,1,outer_loop_split_1_2026-05-28,train,0,heldout_in_claude_fold,True
patient,1,outer_loop_split_1_2026-05-28,train,2,heldout_in_claude_fold,True
peacekeeper,1,outer_loop_split_1_2026-05-28,train,1,heldout_in_claude_fold,True
perfectionist,1,outer_loop_split_1_2026-05-28,train,0,heldout_in_claude_fold,True
pharmacist,1,outer_loop_split_1_2026-05-28,heldout,3,heldout_in_claude_fold,True
philosopher,1,outer_loop_split_1_2026-05-28,train,2,heldout_in_claude_fold,True
photographer,1,outer_loop_split_1_2026-05-28,train,3,heldout_in_claude_fold,True
physicist,1,outer_loop_split_1_2026-05-28,train,2,heldout_in_claude_fold,True
pilgrim,1,outer_loop_split_1_2026-05-28,heldout,0,heldout_in_claude_fold,True
pilot,1,outer_loop_split_1_2026-05-28,heldout,4,heldout_in_claude_fold,True
pirate,1,outer_loop_split_1_2026-05-28,train,4,heldout_in_claude_fold,True
planner,1,outer_loop_split_1_2026-05-28,heldout,3,heldout_in_claude_fold,True
playwright,1,outer_loop_split_1_2026-05-28,heldout,1,heldout_in_claude_fold,True
podcaster,1,outer_loop_split_1_2026-05-28,heldout,4,heldout_in_claude_fold,True
poet,1,outer_loop_split_1_2026-05-28,train,1,heldout_in_claude_fold,True
polymath,1,outer_loop_split_1_2026-05-28,train,1,heldout_in_claude_fold,True
pragmatist,1,outer_loop_split_1_2026-05-28,heldout,1,heldout_in_claude_fold,True
predator,1,outer_loop_split_1_2026-05-28,heldout,2,heldout_in_claude_fold,True
presenter,1,outer_loop_split_1_2026-05-28,train,0,heldout_in_claude_fold,True
prey,1,outer_loop_split_1_2026-05-28,train,3,heldout_in_claude_fold,True
prisoner,1,outer_loop_split_1_2026-05-28,heldout,0,heldout_in_claude_fold,True
procrastinator,1,outer_loop_split_1_2026-05-28,train,1,heldout_in_claude_fold,True
prodigy,1,outer_loop_split_1_2026-05-28,train,4,heldout_in_claude_fold,True
producer,1,outer_loop_split_1_2026-05-28,train,3,heldout_in_claude_fold,True
programmer,1,outer_loop_split_1_2026-05-28,train,1,heldout_in_claude_fold,True
proofreader,1,outer_loop_split_1_2026-05-28,train,1,heldout_in_claude_fold,True
prophet,1,outer_loop_split_1_2026-05-28,train,2,heldout_in_claude_fold,True
provincial,1,outer_loop_split_1_2026-05-28,heldout,3,heldout_in_claude_fold,True
provocateur,1,outer_loop_split_1_2026-05-28,train,0,heldout_in_claude_fold,True
psychologist,1,outer_loop_split_1_2026-05-28,heldout,4,heldout_in_claude_fold,True
publisher,1,outer_loop_split_1_2026-05-28,heldout,2,heldout_in_claude_fold,True
purist,1,outer_loop_split_1_2026-05-28,train,1,heldout_in_claude_fold,True
realist,1,outer_loop_split_1_2026-05-28,heldout,4,heldout_in_claude_fold,True
rebel,1,outer_loop_split_1_2026-05-28,train,4,heldout_in_claude_fold,True
recruiter,1,outer_loop_split_1_2026-05-28,train,0,heldout_in_claude_fold,True
refugee,1,outer_loop_split_1_2026-05-28,heldout,3,heldout_in_claude_fold,True
reporter,1,outer_loop_split_1_2026-05-28,train,4,heldout_in_claude_fold,True
researcher,1,outer_loop_split_1_2026-05-28,train,4,heldout_in_claude_fold,True
retiree,1,outer_loop_split_1_2026-05-28,heldout,1,heldout_in_claude_fold,True
revenant,1,outer_loop_split_1_2026-05-28,train,4,heldout_in_claude_fold,True
reviewer,1,outer_loop_split_1_2026-05-28,train,1,heldout_in_claude_fold,True
revolutionary,1,outer_loop_split_1_2026-05-28,train,2,heldout_in_claude_fold,True
robot,1,outer_loop_split_1_2026-05-28,train,0,heldout_in_claude_fold,True
rogue,1,outer_loop_split_1_2026-05-28,heldout,1,heldout_in_claude_fold,True
romantic,1,outer_loop_split_1_2026-05-28,heldout,4,heldout_in_claude_fold,True
saboteur,1,outer_loop_split_1_2026-05-28,train,3,heldout_in_claude_fold,True
sage,1,outer_loop_split_1_2026-05-28,train,3,heldout_in_claude_fold,True
scheduler,1,outer_loop_split_1_2026-05-28,train,1,heldout_in_claude_fold,True
scholar,1,outer_loop_split_1_2026-05-28,train,1,heldout_in_claude_fold,True
scientist,1,outer_loop_split_1_2026-05-28,heldout,2,heldout_in_claude_fold,True
scout,1,outer_loop_split_1_2026-05-28,heldout,3,heldout_in_claude_fold,True
screener,1,outer_loop_split_1_2026-05-28,train,4,heldout_in_claude_fold,True
secretary,1,outer_loop_split_1_2026-05-28,train,0,heldout_in_claude_fold,True
shaman,1,outer_loop_split_1_2026-05-28,train,2,heldout_in_claude_fold,True
shapeshifter,1,outer_loop_split_1_2026-05-28,train,2,heldout_in_claude_fold,True
simulacrum,1,outer_loop_split_1_2026-05-28,train,4,heldout_in_claude_fold,True
skeptic,1,outer_loop_split_1_2026-05-28,heldout,0,heldout_in_claude_fold,True
smuggler,1,outer_loop_split_1_2026-05-28,train,4,heldout_in_claude_fold,True
sociologist,1,outer_loop_split_1_2026-05-28,train,0,heldout_in_claude_fold,True
soldier,1,outer_loop_split_1_2026-05-28,train,1,heldout_in_claude_fold,True
sommelier,1,outer_loop_split_1_2026-05-28,train,0,heldout_in_claude_fold,True
specialist,1,outer_loop_split_1_2026-05-28,heldout,2,heldout_in_claude_fold,True
spirit,1,outer_loop_split_1_2026-05-28,train,4,heldout_in_claude_fold,True
spy,1,outer_loop_split_1_2026-05-28,train,2,heldout_in_claude_fold,True
statistician,1,outer_loop_split_1_2026-05-28,heldout,2,heldout_in_claude_fold,True
stoic,1,outer_loop_split_1_2026-05-28,train,3,heldout_in_claude_fold,True
strategist,1,outer_loop_split_1_2026-05-28,train,3,heldout_in_claude_fold,True
student,1,outer_loop_split_1_2026-05-28,heldout,2,heldout_in_claude_fold,True
summarizer,1,outer_loop_split_1_2026-05-28,train,0,heldout_in_claude_fold,True
supervisor,1,outer_loop_split_1_2026-05-28,train,1,heldout_in_claude_fold,True
surfer,1,outer_loop_split_1_2026-05-28,train,4,heldout_in_claude_fold,True
survivor,1,outer_loop_split_1_2026-05-28,train,4,heldout_in_claude_fold,True
swarm,1,outer_loop_split_1_2026-05-28,train,2,heldout_in_claude_fold,True
symbiont,1,outer_loop_split_1_2026-05-28,heldout,1,heldout_in_claude_fold,True
synthesizer,1,outer_loop_split_1_2026-05-28,train,0,heldout_in_claude_fold,True
teacher,1,outer_loop_split_1_2026-05-28,train,2,heldout_in_claude_fold,True
technologist,1,outer_loop_split_1_2026-05-28,train,4,heldout_in_claude_fold,True
teenager,1,outer_loop_split_1_2026-05-28,heldout,2,heldout_in_claude_fold,True
theorist,1,outer_loop_split_1_2026-05-28,train,0,heldout_in_claude_fold,True
therapist,1,outer_loop_split_1_2026-05-28,heldout,3,heldout_in_claude_fold,True
toddler,1,outer_loop_split_1_2026-05-28,train,0,heldout_in_claude_fold,True
traditionalist,1,outer_loop_split_1_2026-05-28,heldout,2,heldout_in_claude_fold,True
trainer,1,outer_loop_split_1_2026-05-28,train,1,heldout_in_claude_fold,True
translator,1,outer_loop_split_1_2026-05-28,train,4,heldout_in_claude_fold,True
tree,1,outer_loop_split_1_2026-05-28,heldout,4,heldout_in_claude_fold,True
trickster,1,outer_loop_split_1_2026-05-28,train,4,heldout_in_claude_fold,True
tulpa,1,outer_loop_split_1_2026-05-28,train,2,heldout_in_claude_fold,True
tutor,1,outer_loop_split_1_2026-05-28,train,3,heldout_in_claude_fold,True
validator,1,outer_loop_split_1_2026-05-28,train,0,heldout_in_claude_fold,True
vampire,1,outer_loop_split_1_2026-05-28,train,2,heldout_in_claude_fold,True
vegan,1,outer_loop_split_1_2026-05-28,train,0,heldout_in_claude_fold,True
veteran,1,outer_loop_split_1_2026-05-28,train,0,heldout_in_claude_fold,True
veterinarian,1,outer_loop_split_1_2026-05-28,train,3,heldout_in_claude_fold,True
vigilante,1,outer_loop_split_1_2026-05-28,heldout,0,heldout_in_claude_fold,True
virtuoso,1,outer_loop_split_1_2026-05-28,heldout,3,heldout_in_claude_fold,True
virus,1,outer_loop_split_1_2026-05-28,heldout,2,heldout_in_claude_fold,True
visionary,1,outer_loop_split_1_2026-05-28,train,4,heldout_in_claude_fold,True
void,1,outer_loop_split_1_2026-05-28,heldout,3,heldout_in_claude_fold,True
wanderer,1,outer_loop_split_1_2026-05-28,train,2,heldout_in_claude_fold,True
warrior,1,outer_loop_split_1_2026-05-28,train,2,heldout_in_claude_fold,True
whale,1,outer_loop_split_1_2026-05-28,heldout,3,heldout_in_claude_fold,True
widow,1,outer_loop_split_1_2026-05-28,train,0,heldout_in_claude_fold,True
wind,1,outer_loop_split_1_2026-05-28,heldout,4,heldout_in_claude_fold,True
witch,1,outer_loop_split_1_2026-05-28,train,1,heldout_in_claude_fold,True
witness,1,outer_loop_split_1_2026-05-28,train,2,heldout_in_claude_fold,True
workaholic,1,outer_loop_split_1_2026-05-28,heldout,1,heldout_in_claude_fold,True
wraith,1,outer_loop_split_1_2026-05-28,train,0,heldout_in_claude_fold,True
writer,1,outer_loop_split_1_2026-05-28,train,3,heldout_in_claude_fold,True
zealot,1,outer_loop_split_1_2026-05-28,train,2,heldout_in_claude_fold,True
zeitgeist,1,outer_loop_split_1_2026-05-28,train,1,heldout_in_claude_fold,True
aberration,2,outer_loop_split_2_2026-05-28,train,4,heldout_in_claude_fold,True
absurdist,2,outer_loop_split_2_2026-05-28,train,4,heldout_in_claude_fold,True
accountant,2,outer_loop_split_2_2026-05-28,train,0,heldout_in_claude_fold,True
activist,2,outer_loop_split_2_2026-05-28,train,4,heldout_in_claude_fold,True
actor,2,outer_loop_split_2_2026-05-28,train,4,heldout_in_claude_fold,True
addict,2,outer_loop_split_2_2026-05-28,train,2,heldout_in_claude_fold,True
adolescent,2,outer_loop_split_2_2026-05-28,heldout,1,heldout_in_claude_fold,True
advocate,2,outer_loop_split_2_2026-05-28,train,0,heldout_in_claude_fold,True
alien,2,outer_loop_split_2_2026-05-28,heldout,1,heldout_in_claude_fold,True
altruist,2,outer_loop_split_2_2026-05-28,train,4,heldout_in_claude_fold,True
amateur,2,outer_loop_split_2_2026-05-28,heldout,4,heldout_in_claude_fold,True
ambassador,2,outer_loop_split_2_2026-05-28,heldout,1,heldout_in_claude_fold,True
amnesiac,2,outer_loop_split_2_2026-05-28,train,3,heldout_in_claude_fold,True
analyst,2,outer_loop_split_2_2026-05-28,heldout,2,heldout_in_claude_fold,True
anarchist,2,outer_loop_split_2_2026-05-28,train,4,heldout_in_claude_fold,True
ancient,2,outer_loop_split_2_2026-05-28,train,0,heldout_in_claude_fold,True
angel,2,outer_loop_split_2_2026-05-28,train,1,heldout_in_claude_fold,True
anthropologist,2,outer_loop_split_2_2026-05-28,heldout,0,heldout_in_claude_fold,True
archaeologist,2,outer_loop_split_2_2026-05-28,heldout,1,heldout_in_claude_fold,True
architect,2,outer_loop_split_2_2026-05-28,train,1,heldout_in_claude_fold,True
archivist,2,outer_loop_split_2_2026-05-28,train,4,heldout_in_claude_fold,True
artisan,2,outer_loop_split_2_2026-05-28,train,0,heldout_in_claude_fold,True
ascetic,2,outer_loop_split_2_2026-05-28,train,0,heldout_in_claude_fold,True
assistant,2,outer_loop_split_2_2026-05-28,heldout,3,heldout_in_claude_fold,True
auctioneer,2,outer_loop_split_2_2026-05-28,train,2,heldout_in_claude_fold,True
auditor,2,outer_loop_split_2_2026-05-28,train,3,heldout_in_claude_fold,True
avatar,2,outer_loop_split_2_2026-05-28,train,1,heldout_in_claude_fold,True
bard,2,outer_loop_split_2_2026-05-28,train,1,heldout_in_claude_fold,True
bartender,2,outer_loop_split_2_2026-05-28,heldout,1,heldout_in_claude_fold,True
biologist,2,outer_loop_split_2_2026-05-28,train,3,heldout_in_claude_fold,True
blogger,2,outer_loop_split_2_2026-05-28,train,3,heldout_in_claude_fold,True
bohemian,2,outer_loop_split_2_2026-05-28,heldout,1,heldout_in_claude_fold,True
builder,2,outer_loop_split_2_2026-05-28,heldout,1,heldout_in_claude_fold,True
caregiver,2,outer_loop_split_2_2026-05-28,train,2,heldout_in_claude_fold,True
cartographer,2,outer_loop_split_2_2026-05-28,train,0,heldout_in_claude_fold,True
caveman,2,outer_loop_split_2_2026-05-28,heldout,4,heldout_in_claude_fold,True
celebrity,2,outer_loop_split_2_2026-05-28,train,3,heldout_in_claude_fold,True
chameleon,2,outer_loop_split_2_2026-05-28,train,2,heldout_in_claude_fold,True
chef,2,outer_loop_split_2_2026-05-28,train,1,heldout_in_claude_fold,True
chemist,2,outer_loop_split_2_2026-05-28,train,4,heldout_in_claude_fold,True
chimera,2,outer_loop_split_2_2026-05-28,train,4,heldout_in_claude_fold,True
coach,2,outer_loop_split_2_2026-05-28,train,0,heldout_in_claude_fold,True
collaborator,2,outer_loop_split_2_2026-05-28,train,0,heldout_in_claude_fold,True
collector,2,outer_loop_split_2_2026-05-28,train,3,heldout_in_claude_fold,True
comedian,2,outer_loop_split_2_2026-05-28,train,3,heldout_in_claude_fold,True
competitor,2,outer_loop_split_2_2026-05-28,heldout,3,heldout_in_claude_fold,True
composer,2,outer_loop_split_2_2026-05-28,heldout,0,heldout_in_claude_fold,True
conservator,2,outer_loop_split_2_2026-05-28,train,3,heldout_in_claude_fold,True
consultant,2,outer_loop_split_2_2026-05-28,train,3,heldout_in_claude_fold,True
contrarian,2,outer_loop_split_2_2026-05-28,train,1,heldout_in_claude_fold,True
coordinator,2,outer_loop_split_2_2026-05-28,train,2,heldout_in_claude_fold,True
cosmopolitan,2,outer_loop_split_2_2026-05-28,train,0,heldout_in_claude_fold,True
counselor,2,outer_loop_split_2_2026-05-28,heldout,0,heldout_in_claude_fold,True
criminal,2,outer_loop_split_2_2026-05-28,train,1,heldout_in_claude_fold,True
critic,2,outer_loop_split_2_2026-05-28,train,4,heldout_in_claude_fold,True
crystalline,2,outer_loop_split_2_2026-05-28,train,4,heldout_in_claude_fold,True
curator,2,outer_loop_split_2_2026-05-28,train,4,heldout_in_claude_fold,True
cyborg,2,outer_loop_split_2_2026-05-28,train,1,heldout_in_claude_fold,True
cynic,2,outer_loop_split_2_2026-05-28,heldout,0,heldout_in_claude_fold,True
daredevil,2,outer_loop_split_2_2026-05-28,train,3,heldout_in_claude_fold,True
debugger,2,outer_loop_split_2_2026-05-28,train,1,heldout_in_claude_fold,True
demon,2,outer_loop_split_2_2026-05-28,train,4,heldout_in_claude_fold,True
designer,2,outer_loop_split_2_2026-05-28,train,1,heldout_in_claude_fold,True
destroyer,2,outer_loop_split_2_2026-05-28,train,1,heldout_in_claude_fold,True
detective,2,outer_loop_split_2_2026-05-28,train,2,heldout_in_claude_fold,True
dilettante,2,outer_loop_split_2_2026-05-28,heldout,0,heldout_in_claude_fold,True
dispatcher,2,outer_loop_split_2_2026-05-28,train,1,heldout_in_claude_fold,True
divorcee,2,outer_loop_split_2_2026-05-28,heldout,0,heldout_in_claude_fold,True
doctor,2,outer_loop_split_2_2026-05-28,train,2,heldout_in_claude_fold,True
dreamer,2,outer_loop_split_2_2026-05-28,train,0,heldout_in_claude_fold,True
echo,2,outer_loop_split_2_2026-05-28,heldout,0,heldout_in_claude_fold,True
economist,2,outer_loop_split_2_2026-05-28,train,3,heldout_in_claude_fold,True
ecosystem,2,outer_loop_split_2_2026-05-28,train,0,heldout_in_claude_fold,True
editor,2,outer_loop_split_2_2026-05-28,train,0,heldout_in_claude_fold,True
egregore,2,outer_loop_split_2_2026-05-28,train,4,heldout_in_claude_fold,True
elder,2,outer_loop_split_2_2026-05-28,train,0,heldout_in_claude_fold,True
eldritch,2,outer_loop_split_2_2026-05-28,train,4,heldout_in_claude_fold,True
emissary,2,outer_loop_split_2_2026-05-28,train,4,heldout_in_claude_fold,True
empath,2,outer_loop_split_2_2026-05-28,train,3,heldout_in_claude_fold,True
engineer,2,outer_loop_split_2_2026-05-28,heldout,1,heldout_in_claude_fold,True
entrepreneur,2,outer_loop_split_2_2026-05-28,train,2,heldout_in_claude_fold,True
evaluator,2,outer_loop_split_2_2026-05-28,train,3,heldout_in_claude_fold,True
evangelist,2,outer_loop_split_2_2026-05-28,train,2,heldout_in_claude_fold,True
examiner,2,outer_loop_split_2_2026-05-28,heldout,3,heldout_in_claude_fold,True
exile,2,outer_loop_split_2_2026-05-28,train,4,heldout_in_claude_fold,True
expatriate,2,outer_loop_split_2_2026-05-28,train,1,heldout_in_claude_fold,True
facilitator,2,outer_loop_split_2_2026-05-28,train,3,heldout_in_claude_fold,True
familiar,2,outer_loop_split_2_2026-05-28,train,2,heldout_in_claude_fold,True
fixer,2,outer_loop_split_2_2026-05-28,train,1,heldout_in_claude_fold,True
flaneur,2,outer_loop_split_2_2026-05-28,train,1,heldout_in_claude_fold,True
fool,2,outer_loop_split_2_2026-05-28,heldout,0,heldout_in_claude_fold,True
forecaster,2,outer_loop_split_2_2026-05-28,heldout,1,heldout_in_claude_fold,True
futurist,2,outer_loop_split_2_2026-05-28,heldout,2,heldout_in_claude_fold,True
gamer,2,outer_loop_split_2_2026-05-28,heldout,2,heldout_in_claude_fold,True
generalist,2,outer_loop_split_2_2026-05-28,train,4,heldout_in_claude_fold,True
genie,2,outer_loop_split_2_2026-05-28,train,2,heldout_in_claude_fold,True
geographer,2,outer_loop_split_2_2026-05-28,heldout,2,heldout_in_claude_fold,True
ghost,2,outer_loop_split_2_2026-05-28,heldout,3,heldout_in_claude_fold,True
golem,2,outer_loop_split_2_2026-05-28,train,4,heldout_in_claude_fold,True
gossip,2,outer_loop_split_2_2026-05-28,train,3,heldout_in_claude_fold,True
grader,2,outer_loop_split_2_2026-05-28,train,2,heldout_in_claude_fold,True
graduate,2,outer_loop_split_2_2026-05-28,train,4,heldout_in_claude_fold,True
grandparent,2,outer_loop_split_2_2026-05-28,train,3,heldout_in_claude_fold,True
guardian,2,outer_loop_split_2_2026-05-28,heldout,1,heldout_in_claude_fold,True
guide,2,outer_loop_split_2_2026-05-28,train,3,heldout_in_claude_fold,True
guru,2,outer_loop_split_2_2026-05-28,train,3,heldout_in_claude_fold,True
hacker,2,outer_loop_split_2_2026-05-28,train,2,heldout_in_claude_fold,True
healer,2,outer_loop_split_2_2026-05-28,train,4,heldout_in_claude_fold,True
hedonist,2,outer_loop_split_2_2026-05-28,train,3,heldout_in_claude_fold,True
hermit,2,outer_loop_split_2_2026-05-28,heldout,3,heldout_in_claude_fold,True
historian,2,outer_loop_split_2_2026-05-28,train,3,heldout_in_claude_fold,True
hive,2,outer_loop_split_2_2026-05-28,train,2,heldout_in_claude_fold,True
hoarder,2,outer_loop_split_2_2026-05-28,train,1,heldout_in_claude_fold,True
homunculus,2,outer_loop_split_2_2026-05-28,train,1,heldout_in_claude_fold,True
hybrid,2,outer_loop_split_2_2026-05-28,train,3,heldout_in_claude_fold,True
idealist,2,outer_loop_split_2_2026-05-28,train,0,heldout_in_claude_fold,True
immigrant,2,outer_loop_split_2_2026-05-28,heldout,3,heldout_in_claude_fold,True
improviser,2,outer_loop_split_2_2026-05-28,train,3,heldout_in_claude_fold,True
infant,2,outer_loop_split_2_2026-05-28,train,2,heldout_in_claude_fold,True
influencer,2,outer_loop_split_2_2026-05-28,train,3,heldout_in_claude_fold,True
instructor,2,outer_loop_split_2_2026-05-28,heldout,2,heldout_in_claude_fold,True
interpreter,2,outer_loop_split_2_2026-05-28,train,3,heldout_in_claude_fold,True
interviewer,2,outer_loop_split_2_2026-05-28,heldout,0,heldout_in_claude_fold,True
jester,2,outer_loop_split_2_2026-05-28,train,1,heldout_in_claude_fold,True
journalist,2,outer_loop_split_2_2026-05-28,train,0,heldout_in_claude_fold,True
judge,2,outer_loop_split_2_2026-05-28,train,2,heldout_in_claude_fold,True
lawyer,2,outer_loop_split_2_2026-05-28,train,2,heldout_in_claude_fold,True
leviathan,2,outer_loop_split_2_2026-05-28,heldout,3,heldout_in_claude_fold,True
librarian,2,outer_loop_split_2_2026-05-28,train,0,heldout_in_claude_fold,True
linguist,2,outer_loop_split_2_2026-05-28,train,4,heldout_in_claude_fold,True
loner,2,outer_loop_split_2_2026-05-28,train,0,heldout_in_claude_fold,True
luddite,2,outer_loop_split_2_2026-05-28,heldout,4,heldout_in_claude_fold,True
marketer,2,outer_loop_split_2_2026-05-28,train,4,heldout_in_claude_fold,True
martyr,2,outer_loop_split_2_2026-05-28,train,3,heldout_in_claude_fold,True
mathematician,2,outer_loop_split_2_2026-05-28,heldout,0,heldout_in_claude_fold,True
maverick,2,outer_loop_split_2_2026-05-28,train,2,heldout_in_claude_fold,True
mechanic,2,outer_loop_split_2_2026-05-28,train,0,heldout_in_claude_fold,True
mediator,2,outer_loop_split_2_2026-05-28,train,1,heldout_in_claude_fold,True
mentor,2,outer_loop_split_2_2026-05-28,train,1,heldout_in_claude_fold,True
merchant,2,outer_loop_split_2_2026-05-28,train,4,heldout_in_claude_fold,True
minimalist,2,outer_loop_split_2_2026-05-28,heldout,4,heldout_in_claude_fold,True
moderator,2,outer_loop_split_2_2026-05-28,train,2,heldout_in_claude_fold,True
musician,2,outer_loop_split_2_2026-05-28,heldout,4,heldout_in_claude_fold,True
mycorrhizal,2,outer_loop_split_2_2026-05-28,heldout,2,heldout_in_claude_fold,True
mystic,2,outer_loop_split_2_2026-05-28,train,3,heldout_in_claude_fold,True
narcissist,2,outer_loop_split_2_2026-05-28,train,3,heldout_in_claude_fold,True
narrator,2,outer_loop_split_2_2026-05-28,heldout,4,heldout_in_claude_fold,True
naturalist,2,outer_loop_split_2_2026-05-28,train,4,heldout_in_claude_fold,True
navigator,2,outer_loop_split_2_2026-05-28,train,0,heldout_in_claude_fold,True
negotiator,2,outer_loop_split_2_2026-05-28,train,1,heldout_in_claude_fold,True
networker,2,outer_loop_split_2_2026-05-28,train,0,heldout_in_claude_fold,True
newlywed,2,outer_loop_split_2_2026-05-28,heldout,4,heldout_in_claude_fold,True
nomad,2,outer_loop_split_2_2026-05-28,heldout,1,heldout_in_claude_fold,True
novelist,2,outer_loop_split_2_2026-05-28,heldout,2,heldout_in_claude_fold,True
nutritionist,2,outer_loop_split_2_2026-05-28,train,3,heldout_in_claude_fold,True
observer,2,outer_loop_split_2_2026-05-28,heldout,1,heldout_in_claude_fold,True
optimist,2,outer_loop_split_2_2026-05-28,train,3,heldout_in_claude_fold,True
oracle,2,outer_loop_split_2_2026-05-28,train,1,heldout_in_claude_fold,True
organizer,2,outer_loop_split_2_2026-05-28,heldout,0,heldout_in_claude_fold,True
orphan,2,outer_loop_split_2_2026-05-28,train,2,heldout_in_claude_fold,True
pacifist,2,outer_loop_split_2_2026-05-28,train,2,heldout_in_claude_fold,True
paramedic,2,outer_loop_split_2_2026-05-28,heldout,2,heldout_in_claude_fold,True
parasite,2,outer_loop_split_2_2026-05-28,train,0,heldout_in_claude_fold,True
parent,2,outer_loop_split_2_2026-05-28,train,0,heldout_in_claude_fold,True
patient,2,outer_loop_split_2_2026-05-28,heldout,2,heldout_in_claude_fold,True
peacekeeper,2,outer_loop_split_2_2026-05-28,train,1,heldout_in_claude_fold,True
perfectionist,2,outer_loop_split_2_2026-05-28,train,0,heldout_in_claude_fold,True
pharmacist,2,outer_loop_split_2_2026-05-28,train,3,heldout_in_claude_fold,True
philosopher,2,outer_loop_split_2_2026-05-28,train,2,heldout_in_claude_fold,True
photographer,2,outer_loop_split_2_2026-05-28,train,3,heldout_in_claude_fold,True
physicist,2,outer_loop_split_2_2026-05-28,train,2,heldout_in_claude_fold,True
pilgrim,2,outer_loop_split_2_2026-05-28,train,0,heldout_in_claude_fold,True
pilot,2,outer_loop_split_2_2026-05-28,heldout,4,heldout_in_claude_fold,True
pirate,2,outer_loop_split_2_2026-05-28,heldout,4,heldout_in_claude_fold,True
planner,2,outer_loop_split_2_2026-05-28,heldout,3,heldout_in_claude_fold,True
playwright,2,outer_loop_split_2_2026-05-28,train,1,heldout_in_claude_fold,True
podcaster,2,outer_loop_split_2_2026-05-28,heldout,4,heldout_in_claude_fold,True
poet,2,outer_loop_split_2_2026-05-28,train,1,heldout_in_claude_fold,True
polymath,2,outer_loop_split_2_2026-05-28,train,1,heldout_in_claude_fold,True
pragmatist,2,outer_loop_split_2_2026-05-28,train,1,heldout_in_claude_fold,True
predator,2,outer_loop_split_2_2026-05-28,heldout,2,heldout_in_claude_fold,True
presenter,2,outer_loop_split_2_2026-05-28,train,0,heldout_in_claude_fold,True
prey,2,outer_loop_split_2_2026-05-28,heldout,3,heldout_in_claude_fold,True
prisoner,2,outer_loop_split_2_2026-05-28,heldout,0,heldout_in_claude_fold,True
procrastinator,2,outer_loop_split_2_2026-05-28,train,1,heldout_in_claude_fold,True
prodigy,2,outer_loop_split_2_2026-05-28,train,4,heldout_in_claude_fold,True
producer,2,outer_loop_split_2_2026-05-28,train,3,heldout_in_claude_fold,True
programmer,2,outer_loop_split_2_2026-05-28,heldout,1,heldout_in_claude_fold,True
proofreader,2,outer_loop_split_2_2026-05-28,heldout,1,heldout_in_claude_fold,True
prophet,2,outer_loop_split_2_2026-05-28,train,2,heldout_in_claude_fold,True
provincial,2,outer_loop_split_2_2026-05-28,train,3,heldout_in_claude_fold,True
provocateur,2,outer_loop_split_2_2026-05-28,heldout,0,heldout_in_claude_fold,True
psychologist,2,outer_loop_split_2_2026-05-28,heldout,4,heldout_in_claude_fold,True
publisher,2,outer_loop_split_2_2026-05-28,train,2,heldout_in_claude_fold,True
purist,2,outer_loop_split_2_2026-05-28,train,1,heldout_in_claude_fold,True
realist,2,outer_loop_split_2_2026-05-28,train,4,heldout_in_claude_fold,True
rebel,2,outer_loop_split_2_2026-05-28,train,4,heldout_in_claude_fold,True
recruiter,2,outer_loop_split_2_2026-05-28,heldout,0,heldout_in_claude_fold,True
refugee,2,outer_loop_split_2_2026-05-28,train,3,heldout_in_claude_fold,True
reporter,2,outer_loop_split_2_2026-05-28,train,4,heldout_in_claude_fold,True
researcher,2,outer_loop_split_2_2026-05-28,train,4,heldout_in_claude_fold,True
retiree,2,outer_loop_split_2_2026-05-28,train,1,heldout_in_claude_fold,True
revenant,2,outer_loop_split_2_2026-05-28,train,4,heldout_in_claude_fold,True
reviewer,2,outer_loop_split_2_2026-05-28,train,1,heldout_in_claude_fold,True
revolutionary,2,outer_loop_split_2_2026-05-28,train,2,heldout_in_claude_fold,True
robot,2,outer_loop_split_2_2026-05-28,heldout,0,heldout_in_claude_fold,True
rogue,2,outer_loop_split_2_2026-05-28,train,1,heldout_in_claude_fold,True
romantic,2,outer_loop_split_2_2026-05-28,heldout,4,heldout_in_claude_fold,True
saboteur,2,outer_loop_split_2_2026-05-28,train,3,heldout_in_claude_fold,True
sage,2,outer_loop_split_2_2026-05-28,heldout,3,heldout_in_claude_fold,True
scheduler,2,outer_loop_split_2_2026-05-28,train,1,heldout_in_claude_fold,True
scholar,2,outer_loop_split_2_2026-05-28,train,1,heldout_in_claude_fold,True
scientist,2,outer_loop_split_2_2026-05-28,train,2,heldout_in_claude_fold,True
scout,2,outer_loop_split_2_2026-05-28,train,3,heldout_in_claude_fold,True
screener,2,outer_loop_split_2_2026-05-28,train,4,heldout_in_claude_fold,True
secretary,2,outer_loop_split_2_2026-05-28,train,0,heldout_in_claude_fold,True
shaman,2,outer_loop_split_2_2026-05-28,train,2,heldout_in_claude_fold,True
shapeshifter,2,outer_loop_split_2_2026-05-28,heldout,2,heldout_in_claude_fold,True
simulacrum,2,outer_loop_split_2_2026-05-28,heldout,4,heldout_in_claude_fold,True
skeptic,2,outer_loop_split_2_2026-05-28,train,0,heldout_in_claude_fold,True
smuggler,2,outer_loop_split_2_2026-05-28,train,4,heldout_in_claude_fold,True
sociologist,2,outer_loop_split_2_2026-05-28,train,0,heldout_in_claude_fold,True
soldier,2,outer_loop_split_2_2026-05-28,train,1,heldout_in_claude_fold,True
sommelier,2,outer_loop_split_2_2026-05-28,train,0,heldout_in_claude_fold,True
specialist,2,outer_loop_split_2_2026-05-28,train,2,heldout_in_claude_fold,True
spirit,2,outer_loop_split_2_2026-05-28,train,4,heldout_in_claude_fold,True
spy,2,outer_loop_split_2_2026-05-28,train,2,heldout_in_claude_fold,True
statistician,2,outer_loop_split_2_2026-05-28,train,2,heldout_in_claude_fold,True
stoic,2,outer_loop_split_2_2026-05-28,heldout,3,heldout_in_claude_fold,True
strategist,2,outer_loop_split_2_2026-05-28,train,3,heldout_in_claude_fold,True
student,2,outer_loop_split_2_2026-05-28,train,2,heldout_in_claude_fold,True
summarizer,2,outer_loop_split_2_2026-05-28,train,0,heldout_in_claude_fold,True
supervisor,2,outer_loop_split_2_2026-05-28,heldout,1,heldout_in_claude_fold,True
surfer,2,outer_loop_split_2_2026-05-28,heldout,4,heldout_in_claude_fold,True
survivor,2,outer_loop_split_2_2026-05-28,train,4,heldout_in_claude_fold,True
swarm,2,outer_loop_split_2_2026-05-28,train,2,heldout_in_claude_fold,True
symbiont,2,outer_loop_split_2_2026-05-28,train,1,heldout_in_claude_fold,True
synthesizer,2,outer_loop_split_2_2026-05-28,heldout,0,heldout_in_claude_fold,True
teacher,2,outer_loop_split_2_2026-05-28,train,2,heldout_in_claude_fold,True
technologist,2,outer_loop_split_2_2026-05-28,train,4,heldout_in_claude_fold,True
teenager,2,outer_loop_split_2_2026-05-28,heldout,2,heldout_in_claude_fold,True
theorist,2,outer_loop_split_2_2026-05-28,heldout,0,heldout_in_claude_fold,True
therapist,2,outer_loop_split_2_2026-05-28,heldout,3,heldout_in_claude_fold,True
toddler,2,outer_loop_split_2_2026-05-28,train,0,heldout_in_claude_fold,True
traditionalist,2,outer_loop_split_2_2026-05-28,train,2,heldout_in_claude_fold,True
trainer,2,outer_loop_split_2_2026-05-28,heldout,1,heldout_in_claude_fold,True
translator,2,outer_loop_split_2_2026-05-28,train,4,heldout_in_claude_fold,True
tree,2,outer_loop_split_2_2026-05-28,train,4,heldout_in_claude_fold,True
trickster,2,outer_loop_split_2_2026-05-28,train,4,heldout_in_claude_fold,True
tulpa,2,outer_loop_split_2_2026-05-28,train,2,heldout_in_claude_fold,True
tutor,2,outer_loop_split_2_2026-05-28,train,3,heldout_in_claude_fold,True
validator,2,outer_loop_split_2_2026-05-28,train,0,heldout_in_claude_fold,True
vampire,2,outer_loop_split_2_2026-05-28,train,2,heldout_in_claude_fold,True
vegan,2,outer_loop_split_2_2026-05-28,train,0,heldout_in_claude_fold,True
veteran,2,outer_loop_split_2_2026-05-28,train,0,heldout_in_claude_fold,True
veterinarian,2,outer_loop_split_2_2026-05-28,train,3,heldout_in_claude_fold,True
vigilante,2,outer_loop_split_2_2026-05-28,train,0,heldout_in_claude_fold,True
virtuoso,2,outer_loop_split_2_2026-05-28,train,3,heldout_in_claude_fold,True
virus,2,outer_loop_split_2_2026-05-28,heldout,2,heldout_in_claude_fold,True
visionary,2,outer_loop_split_2_2026-05-28,train,4,heldout_in_claude_fold,True
void,2,outer_loop_split_2_2026-05-28,train,3,heldout_in_claude_fold,True
wanderer,2,outer_loop_split_2_2026-05-28,train,2,heldout_in_claude_fold,True
warrior,2,outer_loop_split_2_2026-05-28,train,2,heldout_in_claude_fold,True
whale,2,outer_loop_split_2_2026-05-28,train,3,heldout_in_claude_fold,True
widow,2,outer_loop_split_2_2026-05-28,train,0,heldout_in_claude_fold,True
wind,2,outer_loop_split_2_2026-05-28,train,4,heldout_in_claude_fold,True
witch,2,outer_loop_split_2_2026-05-28,train,1,heldout_in_claude_fold,True
witness,2,outer_loop_split_2_2026-05-28,train,2,heldout_in_claude_fold,True
workaholic,2,outer_loop_split_2_2026-05-28,train,1,heldout_in_claude_fold,True
wraith,2,outer_loop_split_2_2026-05-28,train,0,heldout_in_claude_fold,True
writer,2,outer_loop_split_2_2026-05-28,heldout,3,heldout_in_claude_fold,True
zealot,2,outer_loop_split_2_2026-05-28,train,2,heldout_in_claude_fold,True
zeitgeist,2,outer_loop_split_2_2026-05-28,train,1,heldout_in_claude_fold,True
aberration,3,outer_loop_split_3_2026-05-28,train,4,heldout_in_claude_fold,True
absurdist,3,outer_loop_split_3_2026-05-28,heldout,4,heldout_in_claude_fold,True
accountant,3,outer_loop_split_3_2026-05-28,heldout,0,heldout_in_claude_fold,True
activist,3,outer_loop_split_3_2026-05-28,heldout,4,heldout_in_claude_fold,True
actor,3,outer_loop_split_3_2026-05-28,train,4,heldout_in_claude_fold,True
addict,3,outer_loop_split_3_2026-05-28,heldout,2,heldout_in_claude_fold,True
adolescent,3,outer_loop_split_3_2026-05-28,train,1,heldout_in_claude_fold,True
advocate,3,outer_loop_split_3_2026-05-28,train,0,heldout_in_claude_fold,True
alien,3,outer_loop_split_3_2026-05-28,train,1,heldout_in_claude_fold,True
altruist,3,outer_loop_split_3_2026-05-28,train,4,heldout_in_claude_fold,True
amateur,3,outer_loop_split_3_2026-05-28,train,4,heldout_in_claude_fold,True
ambassador,3,outer_loop_split_3_2026-05-28,train,1,heldout_in_claude_fold,True
amnesiac,3,outer_loop_split_3_2026-05-28,train,3,heldout_in_claude_fold,True
analyst,3,outer_loop_split_3_2026-05-28,train,2,heldout_in_claude_fold,True
anarchist,3,outer_loop_split_3_2026-05-28,train,4,heldout_in_claude_fold,True
ancient,3,outer_loop_split_3_2026-05-28,train,0,heldout_in_claude_fold,True
angel,3,outer_loop_split_3_2026-05-28,train,1,heldout_in_claude_fold,True
anthropologist,3,outer_loop_split_3_2026-05-28,train,0,heldout_in_claude_fold,True
archaeologist,3,outer_loop_split_3_2026-05-28,heldout,1,heldout_in_claude_fold,True
architect,3,outer_loop_split_3_2026-05-28,train,1,heldout_in_claude_fold,True
archivist,3,outer_loop_split_3_2026-05-28,train,4,heldout_in_claude_fold,True
artisan,3,outer_loop_split_3_2026-05-28,train,0,heldout_in_claude_fold,True
ascetic,3,outer_loop_split_3_2026-05-28,train,0,heldout_in_claude_fold,True
assistant,3,outer_loop_split_3_2026-05-28,train,3,heldout_in_claude_fold,True
auctioneer,3,outer_loop_split_3_2026-05-28,train,2,heldout_in_claude_fold,True
auditor,3,outer_loop_split_3_2026-05-28,heldout,3,heldout_in_claude_fold,True
avatar,3,outer_loop_split_3_2026-05-28,heldout,1,heldout_in_claude_fold,True
bard,3,outer_loop_split_3_2026-05-28,train,1,heldout_in_claude_fold,True
bartender,3,outer_loop_split_3_2026-05-28,train,1,heldout_in_claude_fold,True
biologist,3,outer_loop_split_3_2026-05-28,train,3,heldout_in_claude_fold,True
blogger,3,outer_loop_split_3_2026-05-28,heldout,3,heldout_in_claude_fold,True
bohemian,3,outer_loop_split_3_2026-05-28,heldout,1,heldout_in_claude_fold,True
builder,3,outer_loop_split_3_2026-05-28,train,1,heldout_in_claude_fold,True
caregiver,3,outer_loop_split_3_2026-05-28,train,2,heldout_in_claude_fold,True
cartographer,3,outer_loop_split_3_2026-05-28,heldout,0,heldout_in_claude_fold,True
caveman,3,outer_loop_split_3_2026-05-28,heldout,4,heldout_in_claude_fold,True
celebrity,3,outer_loop_split_3_2026-05-28,heldout,3,heldout_in_claude_fold,True
chameleon,3,outer_loop_split_3_2026-05-28,train,2,heldout_in_claude_fold,True
chef,3,outer_loop_split_3_2026-05-28,train,1,heldout_in_claude_fold,True
chemist,3,outer_loop_split_3_2026-05-28,train,4,heldout_in_claude_fold,True
chimera,3,outer_loop_split_3_2026-05-28,train,4,heldout_in_claude_fold,True
coach,3,outer_loop_split_3_2026-05-28,train,0,heldout_in_claude_fold,True
collaborator,3,outer_loop_split_3_2026-05-28,train,0,heldout_in_claude_fold,True
collector,3,outer_loop_split_3_2026-05-28,train,3,heldout_in_claude_fold,True
comedian,3,outer_loop_split_3_2026-05-28,train,3,heldout_in_claude_fold,True
competitor,3,outer_loop_split_3_2026-05-28,train,3,heldout_in_claude_fold,True
composer,3,outer_loop_split_3_2026-05-28,train,0,heldout_in_claude_fold,True
conservator,3,outer_loop_split_3_2026-05-28,train,3,heldout_in_claude_fold,True
consultant,3,outer_loop_split_3_2026-05-28,train,3,heldout_in_claude_fold,True
contrarian,3,outer_loop_split_3_2026-05-28,train,1,heldout_in_claude_fold,True
coordinator,3,outer_loop_split_3_2026-05-28,train,2,heldout_in_claude_fold,True
cosmopolitan,3,outer_loop_split_3_2026-05-28,train,0,heldout_in_claude_fold,True
counselor,3,outer_loop_split_3_2026-05-28,heldout,0,heldout_in_claude_fold,True
criminal,3,outer_loop_split_3_2026-05-28,train,1,heldout_in_claude_fold,True
critic,3,outer_loop_split_3_2026-05-28,heldout,4,heldout_in_claude_fold,True
crystalline,3,outer_loop_split_3_2026-05-28,train,4,heldout_in_claude_fold,True
curator,3,outer_loop_split_3_2026-05-28,heldout,4,heldout_in_claude_fold,True
cyborg,3,outer_loop_split_3_2026-05-28,train,1,heldout_in_claude_fold,True
cynic,3,outer_loop_split_3_2026-05-28,train,0,heldout_in_claude_fold,True
daredevil,3,outer_loop_split_3_2026-05-28,heldout,3,heldout_in_claude_fold,True
debugger,3,outer_loop_split_3_2026-05-28,train,1,heldout_in_claude_fold,True
demon,3,outer_loop_split_3_2026-05-28,heldout,4,heldout_in_claude_fold,True
designer,3,outer_loop_split_3_2026-05-28,heldout,1,heldout_in_claude_fold,True
destroyer,3,outer_loop_split_3_2026-05-28,heldout,1,heldout_in_claude_fold,True
detective,3,outer_loop_split_3_2026-05-28,train,2,heldout_in_claude_fold,True
dilettante,3,outer_loop_split_3_2026-05-28,train,0,heldout_in_claude_fold,True
dispatcher,3,outer_loop_split_3_2026-05-28,heldout,1,heldout_in_claude_fold,True
divorcee,3,outer_loop_split_3_2026-05-28,train,0,heldout_in_claude_fold,True
doctor,3,outer_loop_split_3_2026-05-28,heldout,2,heldout_in_claude_fold,True
dreamer,3,outer_loop_split_3_2026-05-28,heldout,0,heldout_in_claude_fold,True
echo,3,outer_loop_split_3_2026-05-28,train,0,heldout_in_claude_fold,True
economist,3,outer_loop_split_3_2026-05-28,train,3,heldout_in_claude_fold,True
ecosystem,3,outer_loop_split_3_2026-05-28,train,0,heldout_in_claude_fold,True
editor,3,outer_loop_split_3_2026-05-28,train,0,heldout_in_claude_fold,True
egregore,3,outer_loop_split_3_2026-05-28,heldout,4,heldout_in_claude_fold,True
elder,3,outer_loop_split_3_2026-05-28,train,0,heldout_in_claude_fold,True
eldritch,3,outer_loop_split_3_2026-05-28,train,4,heldout_in_claude_fold,True
emissary,3,outer_loop_split_3_2026-05-28,train,4,heldout_in_claude_fold,True
empath,3,outer_loop_split_3_2026-05-28,train,3,heldout_in_claude_fold,True
engineer,3,outer_loop_split_3_2026-05-28,heldout,1,heldout_in_claude_fold,True
entrepreneur,3,outer_loop_split_3_2026-05-28,heldout,2,heldout_in_claude_fold,True
evaluator,3,outer_loop_split_3_2026-05-28,train,3,heldout_in_claude_fold,True
evangelist,3,outer_loop_split_3_2026-05-28,train,2,heldout_in_claude_fold,True
examiner,3,outer_loop_split_3_2026-05-28,train,3,heldout_in_claude_fold,True
exile,3,outer_loop_split_3_2026-05-28,heldout,4,heldout_in_claude_fold,True
expatriate,3,outer_loop_split_3_2026-05-28,train,1,heldout_in_claude_fold,True
facilitator,3,outer_loop_split_3_2026-05-28,heldout,3,heldout_in_claude_fold,True
familiar,3,outer_loop_split_3_2026-05-28,heldout,2,heldout_in_claude_fold,True
fixer,3,outer_loop_split_3_2026-05-28,train,1,heldout_in_claude_fold,True
flaneur,3,outer_loop_split_3_2026-05-28,train,1,heldout_in_claude_fold,True
fool,3,outer_loop_split_3_2026-05-28,train,0,heldout_in_claude_fold,True
forecaster,3,outer_loop_split_3_2026-05-28,train,1,heldout_in_claude_fold,True
futurist,3,outer_loop_split_3_2026-05-28,heldout,2,heldout_in_claude_fold,True
gamer,3,outer_loop_split_3_2026-05-28,train,2,heldout_in_claude_fold,True
generalist,3,outer_loop_split_3_2026-05-28,heldout,4,heldout_in_claude_fold,True
genie,3,outer_loop_split_3_2026-05-28,heldout,2,heldout_in_claude_fold,True
geographer,3,outer_loop_split_3_2026-05-28,train,2,heldout_in_claude_fold,True
ghost,3,outer_loop_split_3_2026-05-28,train,3,heldout_in_claude_fold,True
golem,3,outer_loop_split_3_2026-05-28,train,4,heldout_in_claude_fold,True
gossip,3,outer_loop_split_3_2026-05-28,train,3,heldout_in_claude_fold,True
grader,3,outer_loop_split_3_2026-05-28,train,2,heldout_in_claude_fold,True
graduate,3,outer_loop_split_3_2026-05-28,train,4,heldout_in_claude_fold,True
grandparent,3,outer_loop_split_3_2026-05-28,train,3,heldout_in_claude_fold,True
guardian,3,outer_loop_split_3_2026-05-28,train,1,heldout_in_claude_fold,True
guide,3,outer_loop_split_3_2026-05-28,train,3,heldout_in_claude_fold,True
guru,3,outer_loop_split_3_2026-05-28,train,3,heldout_in_claude_fold,True
hacker,3,outer_loop_split_3_2026-05-28,train,2,heldout_in_claude_fold,True
healer,3,outer_loop_split_3_2026-05-28,train,4,heldout_in_claude_fold,True
hedonist,3,outer_loop_split_3_2026-05-28,train,3,heldout_in_claude_fold,True
hermit,3,outer_loop_split_3_2026-05-28,train,3,heldout_in_claude_fold,True
historian,3,outer_loop_split_3_2026-05-28,train,3,heldout_in_claude_fold,True
hive,3,outer_loop_split_3_2026-05-28,heldout,2,heldout_in_claude_fold,True
hoarder,3,outer_loop_split_3_2026-05-28,train,1,heldout_in_claude_fold,True
homunculus,3,outer_loop_split_3_2026-05-28,train,1,heldout_in_claude_fold,True
hybrid,3,outer_loop_split_3_2026-05-28,heldout,3,heldout_in_claude_fold,True
idealist,3,outer_loop_split_3_2026-05-28,heldout,0,heldout_in_claude_fold,True
immigrant,3,outer_loop_split_3_2026-05-28,train,3,heldout_in_claude_fold,True
improviser,3,outer_loop_split_3_2026-05-28,train,3,heldout_in_claude_fold,True
infant,3,outer_loop_split_3_2026-05-28,train,2,heldout_in_claude_fold,True
influencer,3,outer_loop_split_3_2026-05-28,train,3,heldout_in_claude_fold,True
instructor,3,outer_loop_split_3_2026-05-28,train,2,heldout_in_claude_fold,True
interpreter,3,outer_loop_split_3_2026-05-28,heldout,3,heldout_in_claude_fold,True
interviewer,3,outer_loop_split_3_2026-05-28,train,0,heldout_in_claude_fold,True
jester,3,outer_loop_split_3_2026-05-28,train,1,heldout_in_claude_fold,True
journalist,3,outer_loop_split_3_2026-05-28,train,0,heldout_in_claude_fold,True
judge,3,outer_loop_split_3_2026-05-28,train,2,heldout_in_claude_fold,True
lawyer,3,outer_loop_split_3_2026-05-28,train,2,heldout_in_claude_fold,True
leviathan,3,outer_loop_split_3_2026-05-28,heldout,3,heldout_in_claude_fold,True
librarian,3,outer_loop_split_3_2026-05-28,heldout,0,heldout_in_claude_fold,True
linguist,3,outer_loop_split_3_2026-05-28,train,4,heldout_in_claude_fold,True
loner,3,outer_loop_split_3_2026-05-28,heldout,0,heldout_in_claude_fold,True
luddite,3,outer_loop_split_3_2026-05-28,train,4,heldout_in_claude_fold,True
marketer,3,outer_loop_split_3_2026-05-28,train,4,heldout_in_claude_fold,True
martyr,3,outer_loop_split_3_2026-05-28,train,3,heldout_in_claude_fold,True
mathematician,3,outer_loop_split_3_2026-05-28,heldout,0,heldout_in_claude_fold,True
maverick,3,outer_loop_split_3_2026-05-28,train,2,heldout_in_claude_fold,True
mechanic,3,outer_loop_split_3_2026-05-28,heldout,0,heldout_in_claude_fold,True
mediator,3,outer_loop_split_3_2026-05-28,train,1,heldout_in_claude_fold,True
mentor,3,outer_loop_split_3_2026-05-28,train,1,heldout_in_claude_fold,True
merchant,3,outer_loop_split_3_2026-05-28,heldout,4,heldout_in_claude_fold,True
minimalist,3,outer_loop_split_3_2026-05-28,heldout,4,heldout_in_claude_fold,True
moderator,3,outer_loop_split_3_2026-05-28,train,2,heldout_in_claude_fold,True
musician,3,outer_loop_split_3_2026-05-28,train,4,heldout_in_claude_fold,True
mycorrhizal,3,outer_loop_split_3_2026-05-28,train,2,heldout_in_claude_fold,True
mystic,3,outer_loop_split_3_2026-05-28,train,3,heldout_in_claude_fold,True
narcissist,3,outer_loop_split_3_2026-05-28,heldout,3,heldout_in_claude_fold,True
narrator,3,outer_loop_split_3_2026-05-28,train,4,heldout_in_claude_fold,True
naturalist,3,outer_loop_split_3_2026-05-28,heldout,4,heldout_in_claude_fold,True
navigator,3,outer_loop_split_3_2026-05-28,train,0,heldout_in_claude_fold,True
negotiator,3,outer_loop_split_3_2026-05-28,train,1,heldout_in_claude_fold,True
networker,3,outer_loop_split_3_2026-05-28,heldout,0,heldout_in_claude_fold,True
newlywed,3,outer_loop_split_3_2026-05-28,train,4,heldout_in_claude_fold,True
nomad,3,outer_loop_split_3_2026-05-28,heldout,1,heldout_in_claude_fold,True
novelist,3,outer_loop_split_3_2026-05-28,train,2,heldout_in_claude_fold,True
nutritionist,3,outer_loop_split_3_2026-05-28,train,3,heldout_in_claude_fold,True
observer,3,outer_loop_split_3_2026-05-28,train,1,heldout_in_claude_fold,True
optimist,3,outer_loop_split_3_2026-05-28,heldout,3,heldout_in_claude_fold,True
oracle,3,outer_loop_split_3_2026-05-28,train,1,heldout_in_claude_fold,True
organizer,3,outer_loop_split_3_2026-05-28,train,0,heldout_in_claude_fold,True
orphan,3,outer_loop_split_3_2026-05-28,train,2,heldout_in_claude_fold,True
pacifist,3,outer_loop_split_3_2026-05-28,train,2,heldout_in_claude_fold,True
paramedic,3,outer_loop_split_3_2026-05-28,heldout,2,heldout_in_claude_fold,True
parasite,3,outer_loop_split_3_2026-05-28,train,0,heldout_in_claude_fold,True
parent,3,outer_loop_split_3_2026-05-28,train,0,heldout_in_claude_fold,True
patient,3,outer_loop_split_3_2026-05-28,train,2,heldout_in_claude_fold,True
peacekeeper,3,outer_loop_split_3_2026-05-28,train,1,heldout_in_claude_fold,True
perfectionist,3,outer_loop_split_3_2026-05-28,train,0,heldout_in_claude_fold,True
pharmacist,3,outer_loop_split_3_2026-05-28,train,3,heldout_in_claude_fold,True
philosopher,3,outer_loop_split_3_2026-05-28,heldout,2,heldout_in_claude_fold,True
photographer,3,outer_loop_split_3_2026-05-28,heldout,3,heldout_in_claude_fold,True
physicist,3,outer_loop_split_3_2026-05-28,train,2,heldout_in_claude_fold,True
pilgrim,3,outer_loop_split_3_2026-05-28,train,0,heldout_in_claude_fold,True
pilot,3,outer_loop_split_3_2026-05-28,train,4,heldout_in_claude_fold,True
pirate,3,outer_loop_split_3_2026-05-28,train,4,heldout_in_claude_fold,True
planner,3,outer_loop_split_3_2026-05-28,train,3,heldout_in_claude_fold,True
playwright,3,outer_loop_split_3_2026-05-28,heldout,1,heldout_in_claude_fold,True
podcaster,3,outer_loop_split_3_2026-05-28,train,4,heldout_in_claude_fold,True
poet,3,outer_loop_split_3_2026-05-28,train,1,heldout_in_claude_fold,True
polymath,3,outer_loop_split_3_2026-05-28,train,1,heldout_in_claude_fold,True
pragmatist,3,outer_loop_split_3_2026-05-28,heldout,1,heldout_in_claude_fold,True
predator,3,outer_loop_split_3_2026-05-28,train,2,heldout_in_claude_fold,True
presenter,3,outer_loop_split_3_2026-05-28,heldout,0,heldout_in_claude_fold,True
prey,3,outer_loop_split_3_2026-05-28,train,3,heldout_in_claude_fold,True
prisoner,3,outer_loop_split_3_2026-05-28,heldout,0,heldout_in_claude_fold,True
procrastinator,3,outer_loop_split_3_2026-05-28,train,1,heldout_in_claude_fold,True
prodigy,3,outer_loop_split_3_2026-05-28,heldout,4,heldout_in_claude_fold,True
producer,3,outer_loop_split_3_2026-05-28,heldout,3,heldout_in_claude_fold,True
programmer,3,outer_loop_split_3_2026-05-28,heldout,1,heldout_in_claude_fold,True
proofreader,3,outer_loop_split_3_2026-05-28,train,1,heldout_in_claude_fold,True
prophet,3,outer_loop_split_3_2026-05-28,train,2,heldout_in_claude_fold,True
provincial,3,outer_loop_split_3_2026-05-28,train,3,heldout_in_claude_fold,True
provocateur,3,outer_loop_split_3_2026-05-28,train,0,heldout_in_claude_fold,True
psychologist,3,outer_loop_split_3_2026-05-28,train,4,heldout_in_claude_fold,True
publisher,3,outer_loop_split_3_2026-05-28,train,2,heldout_in_claude_fold,True
purist,3,outer_loop_split_3_2026-05-28,train,1,heldout_in_claude_fold,True
realist,3,outer_loop_split_3_2026-05-28,train,4,heldout_in_claude_fold,True
rebel,3,outer_loop_split_3_2026-05-28,train,4,heldout_in_claude_fold,True
recruiter,3,outer_loop_split_3_2026-05-28,train,0,heldout_in_claude_fold,True
refugee,3,outer_loop_split_3_2026-05-28,train,3,heldout_in_claude_fold,True
reporter,3,outer_loop_split_3_2026-05-28,train,4,heldout_in_claude_fold,True
researcher,3,outer_loop_split_3_2026-05-28,train,4,heldout_in_claude_fold,True
retiree,3,outer_loop_split_3_2026-05-28,train,1,heldout_in_claude_fold,True
revenant,3,outer_loop_split_3_2026-05-28,train,4,heldout_in_claude_fold,True
reviewer,3,outer_loop_split_3_2026-05-28,train,1,heldout_in_claude_fold,True
revolutionary,3,outer_loop_split_3_2026-05-28,train,2,heldout_in_claude_fold,True
robot,3,outer_loop_split_3_2026-05-28,heldout,0,heldout_in_claude_fold,True
rogue,3,outer_loop_split_3_2026-05-28,train,1,heldout_in_claude_fold,True
romantic,3,outer_loop_split_3_2026-05-28,train,4,heldout_in_claude_fold,True
saboteur,3,outer_loop_split_3_2026-05-28,train,3,heldout_in_claude_fold,True
sage,3,outer_loop_split_3_2026-05-28,train,3,heldout_in_claude_fold,True
scheduler,3,outer_loop_split_3_2026-05-28,heldout,1,heldout_in_claude_fold,True
scholar,3,outer_loop_split_3_2026-05-28,train,1,heldout_in_claude_fold,True
scientist,3,outer_loop_split_3_2026-05-28,train,2,heldout_in_claude_fold,True
scout,3,outer_loop_split_3_2026-05-28,train,3,heldout_in_claude_fold,True
screener,3,outer_loop_split_3_2026-05-28,heldout,4,heldout_in_claude_fold,True
secretary,3,outer_loop_split_3_2026-05-28,train,0,heldout_in_claude_fold,True
shaman,3,outer_loop_split_3_2026-05-28,train,2,heldout_in_claude_fold,True
shapeshifter,3,outer_loop_split_3_2026-05-28,train,2,heldout_in_claude_fold,True
simulacrum,3,outer_loop_split_3_2026-05-28,train,4,heldout_in_claude_fold,True
skeptic,3,outer_loop_split_3_2026-05-28,train,0,heldout_in_claude_fold,True
smuggler,3,outer_loop_split_3_2026-05-28,heldout,4,heldout_in_claude_fold,True
sociologist,3,outer_loop_split_3_2026-05-28,train,0,heldout_in_claude_fold,True
soldier,3,outer_loop_split_3_2026-05-28,train,1,heldout_in_claude_fold,True
sommelier,3,outer_loop_split_3_2026-05-28,heldout,0,heldout_in_claude_fold,True
specialist,3,outer_loop_split_3_2026-05-28,train,2,heldout_in_claude_fold,True
spirit,3,outer_loop_split_3_2026-05-28,train,4,heldout_in_claude_fold,True
spy,3,outer_loop_split_3_2026-05-28,heldout,2,heldout_in_claude_fold,True
statistician,3,outer_loop_split_3_2026-05-28,train,2,heldout_in_claude_fold,True
stoic,3,outer_loop_split_3_2026-05-28,train,3,heldout_in_claude_fold,True
strategist,3,outer_loop_split_3_2026-05-28,train,3,heldout_in_claude_fold,True
student,3,outer_loop_split_3_2026-05-28,train,2,heldout_in_claude_fold,True
summarizer,3,outer_loop_split_3_2026-05-28,train,0,heldout_in_claude_fold,True
supervisor,3,outer_loop_split_3_2026-05-28,train,1,heldout_in_claude_fold,True
surfer,3,outer_loop_split_3_2026-05-28,train,4,heldout_in_claude_fold,True
survivor,3,outer_loop_split_3_2026-05-28,train,4,heldout_in_claude_fold,True
swarm,3,outer_loop_split_3_2026-05-28,heldout,2,heldout_in_claude_fold,True
symbiont,3,outer_loop_split_3_2026-05-28,heldout,1,heldout_in_claude_fold,True
synthesizer,3,outer_loop_split_3_2026-05-28,train,0,heldout_in_claude_fold,True
teacher,3,outer_loop_split_3_2026-05-28,train,2,heldout_in_claude_fold,True
technologist,3,outer_loop_split_3_2026-05-28,heldout,4,heldout_in_claude_fold,True
teenager,3,outer_loop_split_3_2026-05-28,train,2,heldout_in_claude_fold,True
theorist,3,outer_loop_split_3_2026-05-28,train,0,heldout_in_claude_fold,True
therapist,3,outer_loop_split_3_2026-05-28,heldout,3,heldout_in_claude_fold,True
toddler,3,outer_loop_split_3_2026-05-28,train,0,heldout_in_claude_fold,True
traditionalist,3,outer_loop_split_3_2026-05-28,train,2,heldout_in_claude_fold,True
trainer,3,outer_loop_split_3_2026-05-28,train,1,heldout_in_claude_fold,True
translator,3,outer_loop_split_3_2026-05-28,train,4,heldout_in_claude_fold,True
tree,3,outer_loop_split_3_2026-05-28,train,4,heldout_in_claude_fold,True
trickster,3,outer_loop_split_3_2026-05-28,train,4,heldout_in_claude_fold,True
tulpa,3,outer_loop_split_3_2026-05-28,train,2,heldout_in_claude_fold,True
tutor,3,outer_loop_split_3_2026-05-28,train,3,heldout_in_claude_fold,True
validator,3,outer_loop_split_3_2026-05-28,train,0,heldout_in_claude_fold,True
vampire,3,outer_loop_split_3_2026-05-28,heldout,2,heldout_in_claude_fold,True
vegan,3,outer_loop_split_3_2026-05-28,train,0,heldout_in_claude_fold,True
veteran,3,outer_loop_split_3_2026-05-28,heldout,0,heldout_in_claude_fold,True
veterinarian,3,outer_loop_split_3_2026-05-28,train,3,heldout_in_claude_fold,True
vigilante,3,outer_loop_split_3_2026-05-28,train,0,heldout_in_claude_fold,True
virtuoso,3,outer_loop_split_3_2026-05-28,heldout,3,heldout_in_claude_fold,True
virus,3,outer_loop_split_3_2026-05-28,heldout,2,heldout_in_claude_fold,True
visionary,3,outer_loop_split_3_2026-05-28,train,4,heldout_in_claude_fold,True
void,3,outer_loop_split_3_2026-05-28,train,3,heldout_in_claude_fold,True
wanderer,3,outer_loop_split_3_2026-05-28,train,2,heldout_in_claude_fold,True
warrior,3,outer_loop_split_3_2026-05-28,train,2,heldout_in_claude_fold,True
whale,3,outer_loop_split_3_2026-05-28,train,3,heldout_in_claude_fold,True
widow,3,outer_loop_split_3_2026-05-28,train,0,heldout_in_claude_fold,True
wind,3,outer_loop_split_3_2026-05-28,train,4,heldout_in_claude_fold,True
witch,3,outer_loop_split_3_2026-05-28,train,1,heldout_in_claude_fold,True
witness,3,outer_loop_split_3_2026-05-28,heldout,2,heldout_in_claude_fold,True
workaholic,3,outer_loop_split_3_2026-05-28,train,1,heldout_in_claude_fold,True
wraith,3,outer_loop_split_3_2026-05-28,heldout,0,heldout_in_claude_fold,True
writer,3,outer_loop_split_3_2026-05-28,train,3,heldout_in_claude_fold,True
zealot,3,outer_loop_split_3_2026-05-28,train,2,heldout_in_claude_fold,True
zeitgeist,3,outer_loop_split_3_2026-05-28,train,1,heldout_in_claude_fold,True
aberration,4,outer_loop_split_4_2026-05-28,train,4,heldout_in_claude_fold,True
absurdist,4,outer_loop_split_4_2026-05-28,heldout,4,heldout_in_claude_fold,True
accountant,4,outer_loop_split_4_2026-05-28,train,0,heldout_in_claude_fold,True
activist,4,outer_loop_split_4_2026-05-28,train,4,heldout_in_claude_fold,True
actor,4,outer_loop_split_4_2026-05-28,heldout,4,heldout_in_claude_fold,True
addict,4,outer_loop_split_4_2026-05-28,heldout,2,heldout_in_claude_fold,True
adolescent,4,outer_loop_split_4_2026-05-28,heldout,1,heldout_in_claude_fold,True
advocate,4,outer_loop_split_4_2026-05-28,heldout,0,heldout_in_claude_fold,True
alien,4,outer_loop_split_4_2026-05-28,heldout,1,heldout_in_claude_fold,True
altruist,4,outer_loop_split_4_2026-05-28,train,4,heldout_in_claude_fold,True
amateur,4,outer_loop_split_4_2026-05-28,heldout,4,heldout_in_claude_fold,True
ambassador,4,outer_loop_split_4_2026-05-28,train,1,heldout_in_claude_fold,True
amnesiac,4,outer_loop_split_4_2026-05-28,train,3,heldout_in_claude_fold,True
analyst,4,outer_loop_split_4_2026-05-28,train,2,heldout_in_claude_fold,True
anarchist,4,outer_loop_split_4_2026-05-28,train,4,heldout_in_claude_fold,True
ancient,4,outer_loop_split_4_2026-05-28,train,0,heldout_in_claude_fold,True
angel,4,outer_loop_split_4_2026-05-28,train,1,heldout_in_claude_fold,True
anthropologist,4,outer_loop_split_4_2026-05-28,train,0,heldout_in_claude_fold,True
archaeologist,4,outer_loop_split_4_2026-05-28,train,1,heldout_in_claude_fold,True
architect,4,outer_loop_split_4_2026-05-28,heldout,1,heldout_in_claude_fold,True
archivist,4,outer_loop_split_4_2026-05-28,heldout,4,heldout_in_claude_fold,True
artisan,4,outer_loop_split_4_2026-05-28,heldout,0,heldout_in_claude_fold,True
ascetic,4,outer_loop_split_4_2026-05-28,train,0,heldout_in_claude_fold,True
assistant,4,outer_loop_split_4_2026-05-28,train,3,heldout_in_claude_fold,True
auctioneer,4,outer_loop_split_4_2026-05-28,train,2,heldout_in_claude_fold,True
auditor,4,outer_loop_split_4_2026-05-28,heldout,3,heldout_in_claude_fold,True
avatar,4,outer_loop_split_4_2026-05-28,heldout,1,heldout_in_claude_fold,True
bard,4,outer_loop_split_4_2026-05-28,heldout,1,heldout_in_claude_fold,True
bartender,4,outer_loop_split_4_2026-05-28,heldout,1,heldout_in_claude_fold,True
biologist,4,outer_loop_split_4_2026-05-28,train,3,heldout_in_claude_fold,True
blogger,4,outer_loop_split_4_2026-05-28,train,3,heldout_in_claude_fold,True
bohemian,4,outer_loop_split_4_2026-05-28,heldout,1,heldout_in_claude_fold,True
builder,4,outer_loop_split_4_2026-05-28,train,1,heldout_in_claude_fold,True
caregiver,4,outer_loop_split_4_2026-05-28,train,2,heldout_in_claude_fold,True
cartographer,4,outer_loop_split_4_2026-05-28,train,0,heldout_in_claude_fold,True
caveman,4,outer_loop_split_4_2026-05-28,train,4,heldout_in_claude_fold,True
celebrity,4,outer_loop_split_4_2026-05-28,heldout,3,heldout_in_claude_fold,True
chameleon,4,outer_loop_split_4_2026-05-28,heldout,2,heldout_in_claude_fold,True
chef,4,outer_loop_split_4_2026-05-28,train,1,heldout_in_claude_fold,True
chemist,4,outer_loop_split_4_2026-05-28,train,4,heldout_in_claude_fold,True
chimera,4,outer_loop_split_4_2026-05-28,train,4,heldout_in_claude_fold,True
coach,4,outer_loop_split_4_2026-05-28,train,0,heldout_in_claude_fold,True
collaborator,4,outer_loop_split_4_2026-05-28,train,0,heldout_in_claude_fold,True
collector,4,outer_loop_split_4_2026-05-28,train,3,heldout_in_claude_fold,True
comedian,4,outer_loop_split_4_2026-05-28,train,3,heldout_in_claude_fold,True
competitor,4,outer_loop_split_4_2026-05-28,train,3,heldout_in_claude_fold,True
composer,4,outer_loop_split_4_2026-05-28,train,0,heldout_in_claude_fold,True
conservator,4,outer_loop_split_4_2026-05-28,train,3,heldout_in_claude_fold,True
consultant,4,outer_loop_split_4_2026-05-28,train,3,heldout_in_claude_fold,True
contrarian,4,outer_loop_split_4_2026-05-28,train,1,heldout_in_claude_fold,True
coordinator,4,outer_loop_split_4_2026-05-28,train,2,heldout_in_claude_fold,True
cosmopolitan,4,outer_loop_split_4_2026-05-28,train,0,heldout_in_claude_fold,True
counselor,4,outer_loop_split_4_2026-05-28,train,0,heldout_in_claude_fold,True
criminal,4,outer_loop_split_4_2026-05-28,train,1,heldout_in_claude_fold,True
critic,4,outer_loop_split_4_2026-05-28,train,4,heldout_in_claude_fold,True
crystalline,4,outer_loop_split_4_2026-05-28,train,4,heldout_in_claude_fold,True
curator,4,outer_loop_split_4_2026-05-28,train,4,heldout_in_claude_fold,True
cyborg,4,outer_loop_split_4_2026-05-28,train,1,heldout_in_claude_fold,True
cynic,4,outer_loop_split_4_2026-05-28,train,0,heldout_in_claude_fold,True
daredevil,4,outer_loop_split_4_2026-05-28,train,3,heldout_in_claude_fold,True
debugger,4,outer_loop_split_4_2026-05-28,heldout,1,heldout_in_claude_fold,True
demon,4,outer_loop_split_4_2026-05-28,train,4,heldout_in_claude_fold,True
designer,4,outer_loop_split_4_2026-05-28,heldout,1,heldout_in_claude_fold,True
destroyer,4,outer_loop_split_4_2026-05-28,train,1,heldout_in_claude_fold,True
detective,4,outer_loop_split_4_2026-05-28,train,2,heldout_in_claude_fold,True
dilettante,4,outer_loop_split_4_2026-05-28,train,0,heldout_in_claude_fold,True
dispatcher,4,outer_loop_split_4_2026-05-28,train,1,heldout_in_claude_fold,True
divorcee,4,outer_loop_split_4_2026-05-28,train,0,heldout_in_claude_fold,True
doctor,4,outer_loop_split_4_2026-05-28,train,2,heldout_in_claude_fold,True
dreamer,4,outer_loop_split_4_2026-05-28,heldout,0,heldout_in_claude_fold,True
echo,4,outer_loop_split_4_2026-05-28,train,0,heldout_in_claude_fold,True
economist,4,outer_loop_split_4_2026-05-28,train,3,heldout_in_claude_fold,True
ecosystem,4,outer_loop_split_4_2026-05-28,heldout,0,heldout_in_claude_fold,True
editor,4,outer_loop_split_4_2026-05-28,heldout,0,heldout_in_claude_fold,True
egregore,4,outer_loop_split_4_2026-05-28,train,4,heldout_in_claude_fold,True
elder,4,outer_loop_split_4_2026-05-28,train,0,heldout_in_claude_fold,True
eldritch,4,outer_loop_split_4_2026-05-28,train,4,heldout_in_claude_fold,True
emissary,4,outer_loop_split_4_2026-05-28,heldout,4,heldout_in_claude_fold,True
empath,4,outer_loop_split_4_2026-05-28,train,3,heldout_in_claude_fold,True
engineer,4,outer_loop_split_4_2026-05-28,train,1,heldout_in_claude_fold,True
entrepreneur,4,outer_loop_split_4_2026-05-28,train,2,heldout_in_claude_fold,True
evaluator,4,outer_loop_split_4_2026-05-28,heldout,3,heldout_in_claude_fold,True
evangelist,4,outer_loop_split_4_2026-05-28,heldout,2,heldout_in_claude_fold,True
examiner,4,outer_loop_split_4_2026-05-28,train,3,heldout_in_claude_fold,True
exile,4,outer_loop_split_4_2026-05-28,train,4,heldout_in_claude_fold,True
expatriate,4,outer_loop_split_4_2026-05-28,train,1,heldout_in_claude_fold,True
facilitator,4,outer_loop_split_4_2026-05-28,train,3,heldout_in_claude_fold,True
familiar,4,outer_loop_split_4_2026-05-28,heldout,2,heldout_in_claude_fold,True
fixer,4,outer_loop_split_4_2026-05-28,train,1,heldout_in_claude_fold,True
flaneur,4,outer_loop_split_4_2026-05-28,train,1,heldout_in_claude_fold,True
fool,4,outer_loop_split_4_2026-05-28,train,0,heldout_in_claude_fold,True
forecaster,4,outer_loop_split_4_2026-05-28,train,1,heldout_in_claude_fold,True
futurist,4,outer_loop_split_4_2026-05-28,train,2,heldout_in_claude_fold,True
gamer,4,outer_loop_split_4_2026-05-28,train,2,heldout_in_claude_fold,True
generalist,4,outer_loop_split_4_2026-05-28,train,4,heldout_in_claude_fold,True
genie,4,outer_loop_split_4_2026-05-28,train,2,heldout_in_claude_fold,True
geographer,4,outer_loop_split_4_2026-05-28,train,2,heldout_in_claude_fold,True
ghost,4,outer_loop_split_4_2026-05-28,train,3,heldout_in_claude_fold,True
golem,4,outer_loop_split_4_2026-05-28,train,4,heldout_in_claude_fold,True
gossip,4,outer_loop_split_4_2026-05-28,train,3,heldout_in_claude_fold,True
grader,4,outer_loop_split_4_2026-05-28,train,2,heldout_in_claude_fold,True
graduate,4,outer_loop_split_4_2026-05-28,train,4,heldout_in_claude_fold,True
grandparent,4,outer_loop_split_4_2026-05-28,heldout,3,heldout_in_claude_fold,True
guardian,4,outer_loop_split_4_2026-05-28,heldout,1,heldout_in_claude_fold,True
guide,4,outer_loop_split_4_2026-05-28,train,3,heldout_in_claude_fold,True
guru,4,outer_loop_split_4_2026-05-28,train,3,heldout_in_claude_fold,True
hacker,4,outer_loop_split_4_2026-05-28,train,2,heldout_in_claude_fold,True
healer,4,outer_loop_split_4_2026-05-28,heldout,4,heldout_in_claude_fold,True
hedonist,4,outer_loop_split_4_2026-05-28,train,3,heldout_in_claude_fold,True
hermit,4,outer_loop_split_4_2026-05-28,train,3,heldout_in_claude_fold,True
historian,4,outer_loop_split_4_2026-05-28,train,3,heldout_in_claude_fold,True
hive,4,outer_loop_split_4_2026-05-28,heldout,2,heldout_in_claude_fold,True
hoarder,4,outer_loop_split_4_2026-05-28,train,1,heldout_in_claude_fold,True
homunculus,4,outer_loop_split_4_2026-05-28,heldout,1,heldout_in_claude_fold,True
hybrid,4,outer_loop_split_4_2026-05-28,train,3,heldout_in_claude_fold,True
idealist,4,outer_loop_split_4_2026-05-28,train,0,heldout_in_claude_fold,True
immigrant,4,outer_loop_split_4_2026-05-28,train,3,heldout_in_claude_fold,True
improviser,4,outer_loop_split_4_2026-05-28,train,3,heldout_in_claude_fold,True
infant,4,outer_loop_split_4_2026-05-28,train,2,heldout_in_claude_fold,True
influencer,4,outer_loop_split_4_2026-05-28,train,3,heldout_in_claude_fold,True
instructor,4,outer_loop_split_4_2026-05-28,train,2,heldout_in_claude_fold,True
interpreter,4,outer_loop_split_4_2026-05-28,train,3,heldout_in_claude_fold,True
interviewer,4,outer_loop_split_4_2026-05-28,train,0,heldout_in_claude_fold,True
jester,4,outer_loop_split_4_2026-05-28,heldout,1,heldout_in_claude_fold,True
journalist,4,outer_loop_split_4_2026-05-28,heldout,0,heldout_in_claude_fold,True
judge,4,outer_loop_split_4_2026-05-28,heldout,2,heldout_in_claude_fold,True
lawyer,4,outer_loop_split_4_2026-05-28,heldout,2,heldout_in_claude_fold,True
leviathan,4,outer_loop_split_4_2026-05-28,train,3,heldout_in_claude_fold,True
librarian,4,outer_loop_split_4_2026-05-28,train,0,heldout_in_claude_fold,True
linguist,4,outer_loop_split_4_2026-05-28,train,4,heldout_in_claude_fold,True
loner,4,outer_loop_split_4_2026-05-28,heldout,0,heldout_in_claude_fold,True
luddite,4,outer_loop_split_4_2026-05-28,train,4,heldout_in_claude_fold,True
marketer,4,outer_loop_split_4_2026-05-28,train,4,heldout_in_claude_fold,True
martyr,4,outer_loop_split_4_2026-05-28,train,3,heldout_in_claude_fold,True
mathematician,4,outer_loop_split_4_2026-05-28,train,0,heldout_in_claude_fold,True
maverick,4,outer_loop_split_4_2026-05-28,train,2,heldout_in_claude_fold,True
mechanic,4,outer_loop_split_4_2026-05-28,heldout,0,heldout_in_claude_fold,True
mediator,4,outer_loop_split_4_2026-05-28,heldout,1,heldout_in_claude_fold,True
mentor,4,outer_loop_split_4_2026-05-28,train,1,heldout_in_claude_fold,True
merchant,4,outer_loop_split_4_2026-05-28,train,4,heldout_in_claude_fold,True
minimalist,4,outer_loop_split_4_2026-05-28,train,4,heldout_in_claude_fold,True
moderator,4,outer_loop_split_4_2026-05-28,train,2,heldout_in_claude_fold,True
musician,4,outer_loop_split_4_2026-05-28,train,4,heldout_in_claude_fold,True
mycorrhizal,4,outer_loop_split_4_2026-05-28,train,2,heldout_in_claude_fold,True
mystic,4,outer_loop_split_4_2026-05-28,train,3,heldout_in_claude_fold,True
narcissist,4,outer_loop_split_4_2026-05-28,train,3,heldout_in_claude_fold,True
narrator,4,outer_loop_split_4_2026-05-28,heldout,4,heldout_in_claude_fold,True
naturalist,4,outer_loop_split_4_2026-05-28,train,4,heldout_in_claude_fold,True
navigator,4,outer_loop_split_4_2026-05-28,heldout,0,heldout_in_claude_fold,True
negotiator,4,outer_loop_split_4_2026-05-28,train,1,heldout_in_claude_fold,True
networker,4,outer_loop_split_4_2026-05-28,train,0,heldout_in_claude_fold,True
newlywed,4,outer_loop_split_4_2026-05-28,train,4,heldout_in_claude_fold,True
nomad,4,outer_loop_split_4_2026-05-28,train,1,heldout_in_claude_fold,True
novelist,4,outer_loop_split_4_2026-05-28,heldout,2,heldout_in_claude_fold,True
nutritionist,4,outer_loop_split_4_2026-05-28,train,3,heldout_in_claude_fold,True
observer,4,outer_loop_split_4_2026-05-28,heldout,1,heldout_in_claude_fold,True
optimist,4,outer_loop_split_4_2026-05-28,train,3,heldout_in_claude_fold,True
oracle,4,outer_loop_split_4_2026-05-28,train,1,heldout_in_claude_fold,True
organizer,4,outer_loop_split_4_2026-05-28,train,0,heldout_in_claude_fold,True
orphan,4,outer_loop_split_4_2026-05-28,train,2,heldout_in_claude_fold,True
pacifist,4,outer_loop_split_4_2026-05-28,train,2,heldout_in_claude_fold,True
paramedic,4,outer_loop_split_4_2026-05-28,heldout,2,heldout_in_claude_fold,True
parasite,4,outer_loop_split_4_2026-05-28,heldout,0,heldout_in_claude_fold,True
parent,4,outer_loop_split_4_2026-05-28,heldout,0,heldout_in_claude_fold,True
patient,4,outer_loop_split_4_2026-05-28,heldout,2,heldout_in_claude_fold,True
peacekeeper,4,outer_loop_split_4_2026-05-28,train,1,heldout_in_claude_fold,True
perfectionist,4,outer_loop_split_4_2026-05-28,train,0,heldout_in_claude_fold,True
pharmacist,4,outer_loop_split_4_2026-05-28,train,3,heldout_in_claude_fold,True
philosopher,4,outer_loop_split_4_2026-05-28,train,2,heldout_in_claude_fold,True
photographer,4,outer_loop_split_4_2026-05-28,heldout,3,heldout_in_claude_fold,True
physicist,4,outer_loop_split_4_2026-05-28,train,2,heldout_in_claude_fold,True
pilgrim,4,outer_loop_split_4_2026-05-28,train,0,heldout_in_claude_fold,True
pilot,4,outer_loop_split_4_2026-05-28,train,4,heldout_in_claude_fold,True
pirate,4,outer_loop_split_4_2026-05-28,heldout,4,heldout_in_claude_fold,True
planner,4,outer_loop_split_4_2026-05-28,train,3,heldout_in_claude_fold,True
playwright,4,outer_loop_split_4_2026-05-28,train,1,heldout_in_claude_fold,True
podcaster,4,outer_loop_split_4_2026-05-28,train,4,heldout_in_claude_fold,True
poet,4,outer_loop_split_4_2026-05-28,train,1,heldout_in_claude_fold,True
polymath,4,outer_loop_split_4_2026-05-28,train,1,heldout_in_claude_fold,True
pragmatist,4,outer_loop_split_4_2026-05-28,heldout,1,heldout_in_claude_fold,True
predator,4,outer_loop_split_4_2026-05-28,heldout,2,heldout_in_claude_fold,True
presenter,4,outer_loop_split_4_2026-05-28,heldout,0,heldout_in_claude_fold,True
prey,4,outer_loop_split_4_2026-05-28,train,3,heldout_in_claude_fold,True
prisoner,4,outer_loop_split_4_2026-05-28,heldout,0,heldout_in_claude_fold,True
procrastinator,4,outer_loop_split_4_2026-05-28,heldout,1,heldout_in_claude_fold,True
prodigy,4,outer_loop_split_4_2026-05-28,train,4,heldout_in_claude_fold,True
producer,4,outer_loop_split_4_2026-05-28,train,3,heldout_in_claude_fold,True
programmer,4,outer_loop_split_4_2026-05-28,train,1,heldout_in_claude_fold,True
proofreader,4,outer_loop_split_4_2026-05-28,train,1,heldout_in_claude_fold,True
prophet,4,outer_loop_split_4_2026-05-28,train,2,heldout_in_claude_fold,True
provincial,4,outer_loop_split_4_2026-05-28,train,3,heldout_in_claude_fold,True
provocateur,4,outer_loop_split_4_2026-05-28,heldout,0,heldout_in_claude_fold,True
psychologist,4,outer_loop_split_4_2026-05-28,train,4,heldout_in_claude_fold,True
publisher,4,outer_loop_split_4_2026-05-28,train,2,heldout_in_claude_fold,True
purist,4,outer_loop_split_4_2026-05-28,train,1,heldout_in_claude_fold,True
realist,4,outer_loop_split_4_2026-05-28,heldout,4,heldout_in_claude_fold,True
rebel,4,outer_loop_split_4_2026-05-28,train,4,heldout_in_claude_fold,True
recruiter,4,outer_loop_split_4_2026-05-28,train,0,heldout_in_claude_fold,True
refugee,4,outer_loop_split_4_2026-05-28,heldout,3,heldout_in_claude_fold,True
reporter,4,outer_loop_split_4_2026-05-28,train,4,heldout_in_claude_fold,True
researcher,4,outer_loop_split_4_2026-05-28,heldout,4,heldout_in_claude_fold,True
retiree,4,outer_loop_split_4_2026-05-28,train,1,heldout_in_claude_fold,True
revenant,4,outer_loop_split_4_2026-05-28,train,4,heldout_in_claude_fold,True
reviewer,4,outer_loop_split_4_2026-05-28,heldout,1,heldout_in_claude_fold,True
revolutionary,4,outer_loop_split_4_2026-05-28,train,2,heldout_in_claude_fold,True
robot,4,outer_loop_split_4_2026-05-28,heldout,0,heldout_in_claude_fold,True
rogue,4,outer_loop_split_4_2026-05-28,train,1,heldout_in_claude_fold,True
romantic,4,outer_loop_split_4_2026-05-28,heldout,4,heldout_in_claude_fold,True
saboteur,4,outer_loop_split_4_2026-05-28,train,3,heldout_in_claude_fold,True
sage,4,outer_loop_split_4_2026-05-28,heldout,3,heldout_in_claude_fold,True
scheduler,4,outer_loop_split_4_2026-05-28,train,1,heldout_in_claude_fold,True
scholar,4,outer_loop_split_4_2026-05-28,train,1,heldout_in_claude_fold,True
scientist,4,outer_loop_split_4_2026-05-28,train,2,heldout_in_claude_fold,True
scout,4,outer_loop_split_4_2026-05-28,train,3,heldout_in_claude_fold,True
screener,4,outer_loop_split_4_2026-05-28,train,4,heldout_in_claude_fold,True
secretary,4,outer_loop_split_4_2026-05-28,train,0,heldout_in_claude_fold,True
shaman,4,outer_loop_split_4_2026-05-28,heldout,2,heldout_in_claude_fold,True
shapeshifter,4,outer_loop_split_4_2026-05-28,train,2,heldout_in_claude_fold,True
simulacrum,4,outer_loop_split_4_2026-05-28,train,4,heldout_in_claude_fold,True
skeptic,4,outer_loop_split_4_2026-05-28,train,0,heldout_in_claude_fold,True
smuggler,4,outer_loop_split_4_2026-05-28,train,4,heldout_in_claude_fold,True
sociologist,4,outer_loop_split_4_2026-05-28,train,0,heldout_in_claude_fold,True
soldier,4,outer_loop_split_4_2026-05-28,train,1,heldout_in_claude_fold,True
sommelier,4,outer_loop_split_4_2026-05-28,heldout,0,heldout_in_claude_fold,True
specialist,4,outer_loop_split_4_2026-05-28,train,2,heldout_in_claude_fold,True
spirit,4,outer_loop_split_4_2026-05-28,train,4,heldout_in_claude_fold,True
spy,4,outer_loop_split_4_2026-05-28,train,2,heldout_in_claude_fold,True
statistician,4,outer_loop_split_4_2026-05-28,train,2,heldout_in_claude_fold,True
stoic,4,outer_loop_split_4_2026-05-28,train,3,heldout_in_claude_fold,True
strategist,4,outer_loop_split_4_2026-05-28,train,3,heldout_in_claude_fold,True
student,4,outer_loop_split_4_2026-05-28,train,2,heldout_in_claude_fold,True
summarizer,4,outer_loop_split_4_2026-05-28,train,0,heldout_in_claude_fold,True
supervisor,4,outer_loop_split_4_2026-05-28,heldout,1,heldout_in_claude_fold,True
surfer,4,outer_loop_split_4_2026-05-28,train,4,heldout_in_claude_fold,True
survivor,4,outer_loop_split_4_2026-05-28,train,4,heldout_in_claude_fold,True
swarm,4,outer_loop_split_4_2026-05-28,train,2,heldout_in_claude_fold,True
symbiont,4,outer_loop_split_4_2026-05-28,train,1,heldout_in_claude_fold,True
synthesizer,4,outer_loop_split_4_2026-05-28,train,0,heldout_in_claude_fold,True
teacher,4,outer_loop_split_4_2026-05-28,heldout,2,heldout_in_claude_fold,True
technologist,4,outer_loop_split_4_2026-05-28,train,4,heldout_in_claude_fold,True
teenager,4,outer_loop_split_4_2026-05-28,train,2,heldout_in_claude_fold,True
theorist,4,outer_loop_split_4_2026-05-28,heldout,0,heldout_in_claude_fold,True
therapist,4,outer_loop_split_4_2026-05-28,train,3,heldout_in_claude_fold,True
toddler,4,outer_loop_split_4_2026-05-28,train,0,heldout_in_claude_fold,True
traditionalist,4,outer_loop_split_4_2026-05-28,train,2,heldout_in_claude_fold,True
trainer,4,outer_loop_split_4_2026-05-28,train,1,heldout_in_claude_fold,True
translator,4,outer_loop_split_4_2026-05-28,heldout,4,heldout_in_claude_fold,True
tree,4,outer_loop_split_4_2026-05-28,train,4,heldout_in_claude_fold,True
trickster,4,outer_loop_split_4_2026-05-28,heldout,4,heldout_in_claude_fold,True
tulpa,4,outer_loop_split_4_2026-05-28,train,2,heldout_in_claude_fold,True
tutor,4,outer_loop_split_4_2026-05-28,train,3,heldout_in_claude_fold,True
validator,4,outer_loop_split_4_2026-05-28,heldout,0,heldout_in_claude_fold,True
vampire,4,outer_loop_split_4_2026-05-28,heldout,2,heldout_in_claude_fold,True
vegan,4,outer_loop_split_4_2026-05-28,train,0,heldout_in_claude_fold,True
veteran,4,outer_loop_split_4_2026-05-28,heldout,0,heldout_in_claude_fold,True
veterinarian,4,outer_loop_split_4_2026-05-28,heldout,3,heldout_in_claude_fold,True
vigilante,4,outer_loop_split_4_2026-05-28,train,0,heldout_in_claude_fold,True
virtuoso,4,outer_loop_split_4_2026-05-28,train,3,heldout_in_claude_fold,True
virus,4,outer_loop_split_4_2026-05-28,train,2,heldout_in_claude_fold,True
visionary,4,outer_loop_split_4_2026-05-28,train,4,heldout_in_claude_fold,True
void,4,outer_loop_split_4_2026-05-28,train,3,heldout_in_claude_fold,True
wanderer,4,outer_loop_split_4_2026-05-28,train,2,heldout_in_claude_fold,True
warrior,4,outer_loop_split_4_2026-05-28,train,2,heldout_in_claude_fold,True
whale,4,outer_loop_split_4_2026-05-28,train,3,heldout_in_claude_fold,True
widow,4,outer_loop_split_4_2026-05-28,train,0,heldout_in_claude_fold,True
wind,4,outer_loop_split_4_2026-05-28,train,4,heldout_in_claude_fold,True
witch,4,outer_loop_split_4_2026-05-28,train,1,heldout_in_claude_fold,True
witness,4,outer_loop_split_4_2026-05-28,train,2,heldout_in_claude_fold,True
workaholic,4,outer_loop_split_4_2026-05-28,train,1,heldout_in_claude_fold,True
wraith,4,outer_loop_split_4_2026-05-28,train,0,heldout_in_claude_fold,True
writer,4,outer_loop_split_4_2026-05-28,heldout,3,heldout_in_claude_fold,True
zealot,4,outer_loop_split_4_2026-05-28,train,2,heldout_in_claude_fold,True
zeitgeist,4,outer_loop_split_4_2026-05-28,train,1,heldout_in_claude_fold,True
