model,variant,trait,factor,loading
Qwen,full_shrinkage,absolutist,Qwen_F1,-0.30956473125696554
Qwen,full_shrinkage,absolutist,Qwen_F2,-0.11807575437552811
Qwen,full_shrinkage,absolutist,Qwen_F3,-0.8709910191161572
Qwen,full_shrinkage,absolutist,Qwen_F4,-0.20157367863807957
Qwen,full_shrinkage,absolutist,Qwen_F5,0.49691839061411947
Qwen,full_shrinkage,abstract,Qwen_F1,0.245446432345055
Qwen,full_shrinkage,abstract,Qwen_F2,-0.5130032706403652
Qwen,full_shrinkage,abstract,Qwen_F3,-0.7281788054916154
Qwen,full_shrinkage,abstract,Qwen_F4,-0.39056685277959935
Qwen,full_shrinkage,abstract,Qwen_F5,0.27616185010085
Qwen,full_shrinkage,accessible,Qwen_F1,-0.38543834449665276
Qwen,full_shrinkage,accessible,Qwen_F2,0.8548999212563024
Qwen,full_shrinkage,accessible,Qwen_F3,0.29064881593423036
Qwen,full_shrinkage,accessible,Qwen_F4,0.051085398956718056
Qwen,full_shrinkage,accessible,Qwen_F5,-0.6229110528042799
Qwen,full_shrinkage,accommodating,Qwen_F1,-0.30550745247264416
Qwen,full_shrinkage,accommodating,Qwen_F2,0.8175822131993777
Qwen,full_shrinkage,accommodating,Qwen_F3,0.22780215405949655
Qwen,full_shrinkage,accommodating,Qwen_F4,-0.00027110708858157044
Qwen,full_shrinkage,accommodating,Qwen_F5,-0.7843399593526309
Qwen,full_shrinkage,acerbic,Qwen_F1,-0.9130133756172504
Qwen,full_shrinkage,acerbic,Qwen_F2,-0.0806994443473954
Qwen,full_shrinkage,acerbic,Qwen_F3,-0.20584024669850629
Qwen,full_shrinkage,acerbic,Qwen_F4,-0.2763820292477814
Qwen,full_shrinkage,acerbic,Qwen_F5,0.4024682898874713
Qwen,full_shrinkage,adaptable,Qwen_F1,-0.12093942425422056
Qwen,full_shrinkage,adaptable,Qwen_F2,0.7111680135047808
Qwen,full_shrinkage,adaptable,Qwen_F3,0.48757922128458
Qwen,full_shrinkage,adaptable,Qwen_F4,-0.16192084018349717
Qwen,full_shrinkage,adaptable,Qwen_F5,-0.7018985727051199
Qwen,full_shrinkage,adventurous,Qwen_F1,-0.9018025753578826
Qwen,full_shrinkage,adventurous,Qwen_F2,0.3180130549265787
Qwen,full_shrinkage,adventurous,Qwen_F3,-0.33578791029768695
Qwen,full_shrinkage,adventurous,Qwen_F4,-0.5993863334527756
Qwen,full_shrinkage,adventurous,Qwen_F5,0.03968999765843499
Qwen,full_shrinkage,agreeable,Qwen_F1,0.845870290632502
Qwen,full_shrinkage,agreeable,Qwen_F2,0.15957273496336233
Qwen,full_shrinkage,agreeable,Qwen_F3,0.21318964489948153
Qwen,full_shrinkage,agreeable,Qwen_F4,0.2759333837207641
Qwen,full_shrinkage,agreeable,Qwen_F5,-0.559886160358917
Qwen,full_shrinkage,altruistic,Qwen_F1,0.5150127800313
Qwen,full_shrinkage,altruistic,Qwen_F2,0.34892340340637984
Qwen,full_shrinkage,altruistic,Qwen_F3,-0.4197610283318154
Qwen,full_shrinkage,altruistic,Qwen_F4,-0.08150852682184177
Qwen,full_shrinkage,altruistic,Qwen_F5,-0.5935379910541567
Qwen,full_shrinkage,analytical,Qwen_F1,0.6682276295235918
Qwen,full_shrinkage,analytical,Qwen_F2,-0.6573484042842382
Qwen,full_shrinkage,analytical,Qwen_F3,0.5886294818810809
Qwen,full_shrinkage,analytical,Qwen_F4,0.34997072695733633
Qwen,full_shrinkage,analytical,Qwen_F5,0.3282651076328438
Qwen,full_shrinkage,animated,Qwen_F1,-0.8883380110435457
Qwen,full_shrinkage,animated,Qwen_F2,0.5111069675435992
Qwen,full_shrinkage,animated,Qwen_F3,-0.14644564948326785
Qwen,full_shrinkage,animated,Qwen_F4,-0.4666774880896461
Qwen,full_shrinkage,animated,Qwen_F5,-0.15763348005149183
Qwen,full_shrinkage,anthropocentric,Qwen_F1,0.013349997067760001
Qwen,full_shrinkage,anthropocentric,Qwen_F2,-0.3924038880476622
Qwen,full_shrinkage,anthropocentric,Qwen_F3,0.5004263372215495
Qwen,full_shrinkage,anthropocentric,Qwen_F4,0.462376456889915
Qwen,full_shrinkage,anthropocentric,Qwen_F5,0.6661500659837701
Qwen,full_shrinkage,anxious,Qwen_F1,-0.921498895377273
Qwen,full_shrinkage,anxious,Qwen_F2,0.3784053459227071
Qwen,full_shrinkage,anxious,Qwen_F3,0.11239026727920474
Qwen,full_shrinkage,anxious,Qwen_F4,-0.11354106827972016
Qwen,full_shrinkage,anxious,Qwen_F5,-0.10498042940546529
Qwen,full_shrinkage,arrogant,Qwen_F1,-0.8232890909144124
Qwen,full_shrinkage,arrogant,Qwen_F2,-0.1060622481807136
Qwen,full_shrinkage,arrogant,Qwen_F3,-0.47998823396512813
Qwen,full_shrinkage,arrogant,Qwen_F4,-0.34087612062958306
Qwen,full_shrinkage,arrogant,Qwen_F5,0.49895752139171895
Qwen,full_shrinkage,artistic,Qwen_F1,-0.6426942306312964
Qwen,full_shrinkage,artistic,Qwen_F2,0.5003460302200297
Qwen,full_shrinkage,artistic,Qwen_F3,-0.6566391920815944
Qwen,full_shrinkage,artistic,Qwen_F4,-0.5421059413611277
Qwen,full_shrinkage,artistic,Qwen_F5,-0.3017256126021016
Qwen,full_shrinkage,ascetic,Qwen_F1,0.0645239188647284
Qwen,full_shrinkage,ascetic,Qwen_F2,-0.018434670183977386
Qwen,full_shrinkage,ascetic,Qwen_F3,-0.9210322367432523
Qwen,full_shrinkage,ascetic,Qwen_F4,-0.19670366800280845
Qwen,full_shrinkage,ascetic,Qwen_F5,0.10261106560272495
Qwen,full_shrinkage,assertive,Qwen_F1,-0.8485849408083412
Qwen,full_shrinkage,assertive,Qwen_F2,0.1317842729691141
Qwen,full_shrinkage,assertive,Qwen_F3,-0.41614907158019576
Qwen,full_shrinkage,assertive,Qwen_F4,-0.4039534368310576
Qwen,full_shrinkage,assertive,Qwen_F5,0.45622541718028814
Qwen,full_shrinkage,avoidant,Qwen_F1,0.48276741067056744
Qwen,full_shrinkage,avoidant,Qwen_F2,-0.062362341022330965
Qwen,full_shrinkage,avoidant,Qwen_F3,0.6110595663406005
Qwen,full_shrinkage,avoidant,Qwen_F4,0.8163604894985609
Qwen,full_shrinkage,avoidant,Qwen_F5,-0.1677113049485746
Qwen,full_shrinkage,benevolent,Qwen_F1,0.2854425667704596
Qwen,full_shrinkage,benevolent,Qwen_F2,0.709169278772361
Qwen,full_shrinkage,benevolent,Qwen_F3,0.0890333037423666
Qwen,full_shrinkage,benevolent,Qwen_F4,-0.025286394727470733
Qwen,full_shrinkage,benevolent,Qwen_F5,-0.8611645933667788
Qwen,full_shrinkage,big_picture,Qwen_F1,0.2935423691292598
Qwen,full_shrinkage,big_picture,Qwen_F2,-0.17518671716876338
Qwen,full_shrinkage,big_picture,Qwen_F3,-0.7254461930045912
Qwen,full_shrinkage,big_picture,Qwen_F4,-0.5056535986690077
Qwen,full_shrinkage,big_picture,Qwen_F5,0.10477336006025495
Qwen,full_shrinkage,bitter,Qwen_F1,-0.9776126818558003
Qwen,full_shrinkage,bitter,Qwen_F2,0.19138810250525334
Qwen,full_shrinkage,bitter,Qwen_F3,-0.29039822681252775
Qwen,full_shrinkage,bitter,Qwen_F4,-0.3179350486326595
Qwen,full_shrinkage,bitter,Qwen_F5,0.19829431908538872
Qwen,full_shrinkage,blunt,Qwen_F1,-0.5864040822144467
Qwen,full_shrinkage,blunt,Qwen_F2,-0.3410369750723294
Qwen,full_shrinkage,blunt,Qwen_F3,0.24551745840160075
Qwen,full_shrinkage,blunt,Qwen_F4,-0.06164403626231653
Qwen,full_shrinkage,blunt,Qwen_F5,0.6983043830527206
Qwen,full_shrinkage,bombastic,Qwen_F1,-0.4960410698847423
Qwen,full_shrinkage,bombastic,Qwen_F2,-0.19378777185048163
Qwen,full_shrinkage,bombastic,Qwen_F3,-0.8050936827367209
Qwen,full_shrinkage,bombastic,Qwen_F4,-0.42516853972671154
Qwen,full_shrinkage,bombastic,Qwen_F5,0.38861998052305435
Qwen,full_shrinkage,calculating,Qwen_F1,0.8557379166603438
Qwen,full_shrinkage,calculating,Qwen_F2,-0.5941852826885373
Qwen,full_shrinkage,calculating,Qwen_F3,0.13376540383580232
Qwen,full_shrinkage,calculating,Qwen_F4,0.11188790740735513
Qwen,full_shrinkage,calculating,Qwen_F5,0.2871853395316095
Qwen,full_shrinkage,callous,Qwen_F1,-0.4401059503418578
Qwen,full_shrinkage,callous,Qwen_F2,-0.6059175392008089
Qwen,full_shrinkage,callous,Qwen_F3,-0.20354224242801552
Qwen,full_shrinkage,callous,Qwen_F4,-0.033236943715770614
Qwen,full_shrinkage,callous,Qwen_F5,0.8291813019893843
Qwen,full_shrinkage,calm,Qwen_F1,0.978169109119561
Qwen,full_shrinkage,calm,Qwen_F2,-0.3202377970252353
Qwen,full_shrinkage,calm,Qwen_F3,0.2828228253978042
Qwen,full_shrinkage,calm,Qwen_F4,0.3338908593755995
Qwen,full_shrinkage,calm,Qwen_F5,-0.09219587045589997
Qwen,full_shrinkage,casual,Qwen_F1,-0.8006682960576735
Qwen,full_shrinkage,casual,Qwen_F2,0.6533521018718618
Qwen,full_shrinkage,casual,Qwen_F3,0.16483993962607685
Qwen,full_shrinkage,casual,Qwen_F4,-0.1960753085113698
Qwen,full_shrinkage,casual,Qwen_F5,-0.3374233686119412
Qwen,full_shrinkage,cautious,Qwen_F1,0.6644965504018877
Qwen,full_shrinkage,cautious,Qwen_F2,-0.7438234891534096
Qwen,full_shrinkage,cautious,Qwen_F3,0.4098628511698231
Qwen,full_shrinkage,cautious,Qwen_F4,0.4214082093347083
Qwen,full_shrinkage,cautious,Qwen_F5,0.1880316092317576
Qwen,full_shrinkage,challenging,Qwen_F1,-0.6908801423593783
Qwen,full_shrinkage,challenging,Qwen_F2,-0.38603264153522904
Qwen,full_shrinkage,challenging,Qwen_F3,-0.2964938044029998
Qwen,full_shrinkage,challenging,Qwen_F4,-0.4982373768733489
Qwen,full_shrinkage,challenging,Qwen_F5,0.5324247602928383
Qwen,full_shrinkage,chaotic,Qwen_F1,-0.8732943215895249
Qwen,full_shrinkage,chaotic,Qwen_F2,0.1687765211687629
Qwen,full_shrinkage,chaotic,Qwen_F3,-0.4249391917378705
Qwen,full_shrinkage,chaotic,Qwen_F4,-0.6315374781461807
Qwen,full_shrinkage,chaotic,Qwen_F5,0.033962418248773746
Qwen,full_shrinkage,charismatic,Qwen_F1,-0.8016521854545765
Qwen,full_shrinkage,charismatic,Qwen_F2,0.45263306948477877
Qwen,full_shrinkage,charismatic,Qwen_F3,-0.47428107540652226
Qwen,full_shrinkage,charismatic,Qwen_F4,-0.610910100809461
Qwen,full_shrinkage,charismatic,Qwen_F5,-0.07863805008180286
Qwen,full_shrinkage,chill,Qwen_F1,0.5331136990441571
Qwen,full_shrinkage,chill,Qwen_F2,0.4344792555949043
Qwen,full_shrinkage,chill,Qwen_F3,0.37678460715745127
Qwen,full_shrinkage,chill,Qwen_F4,0.17573625791091102
Qwen,full_shrinkage,chill,Qwen_F5,-0.8030590627444459
Qwen,full_shrinkage,circumspect,Qwen_F1,0.7381363004196474
Qwen,full_shrinkage,circumspect,Qwen_F2,-0.11111169225330901
Qwen,full_shrinkage,circumspect,Qwen_F3,-0.08349951257155308
Qwen,full_shrinkage,circumspect,Qwen_F4,-0.07982567729212926
Qwen,full_shrinkage,circumspect,Qwen_F5,-0.596165363233774
Qwen,full_shrinkage,closure_seeking,Qwen_F1,-0.011512332765624859
Qwen,full_shrinkage,closure_seeking,Qwen_F2,-0.2933114839779227
Qwen,full_shrinkage,closure_seeking,Qwen_F3,-0.07062069617827851
Qwen,full_shrinkage,closure_seeking,Qwen_F4,0.31717462562456095
Qwen,full_shrinkage,closure_seeking,Qwen_F5,0.9047896960245936
Qwen,full_shrinkage,collaborative,Qwen_F1,0.47874101206195513
Qwen,full_shrinkage,collaborative,Qwen_F2,0.3526844084106998
Qwen,full_shrinkage,collaborative,Qwen_F3,0.4488560758280928
Qwen,full_shrinkage,collaborative,Qwen_F4,0.033828755397253746
Qwen,full_shrinkage,collaborative,Qwen_F5,-0.6936974727419706
Qwen,full_shrinkage,collectivistic,Qwen_F1,0.6898196017603603
Qwen,full_shrinkage,collectivistic,Qwen_F2,0.09673524864515322
Qwen,full_shrinkage,collectivistic,Qwen_F3,-0.3693260451307014
Qwen,full_shrinkage,collectivistic,Qwen_F4,0.05488411321004432
Qwen,full_shrinkage,collectivistic,Qwen_F5,-0.37358645264014784
Qwen,full_shrinkage,competitive,Qwen_F1,-0.8224422756935442
Qwen,full_shrinkage,competitive,Qwen_F2,-0.10059986501679924
Qwen,full_shrinkage,competitive,Qwen_F3,-0.2930438224171801
Qwen,full_shrinkage,competitive,Qwen_F4,-0.3184858886590947
Qwen,full_shrinkage,competitive,Qwen_F5,0.5840326376054557
Qwen,full_shrinkage,conceptual,Qwen_F1,0.1889625581055819
Qwen,full_shrinkage,conceptual,Qwen_F2,-0.4252350339084357
Qwen,full_shrinkage,conceptual,Qwen_F3,-0.806191254656625
Qwen,full_shrinkage,conceptual,Qwen_F4,-0.3670043730340348
Qwen,full_shrinkage,conceptual,Qwen_F5,0.2042601256373276
Qwen,full_shrinkage,conciliatory,Qwen_F1,0.8728845952835032
Qwen,full_shrinkage,conciliatory,Qwen_F2,0.02459816199610346
Qwen,full_shrinkage,conciliatory,Qwen_F3,0.42812689187139646
Qwen,full_shrinkage,conciliatory,Qwen_F4,0.3577625276196748
Qwen,full_shrinkage,conciliatory,Qwen_F5,-0.4496746486340025
Qwen,full_shrinkage,concise,Qwen_F1,-0.3903170317963929
Qwen,full_shrinkage,concise,Qwen_F2,0.7670557515369137
Qwen,full_shrinkage,concise,Qwen_F3,-0.4319174843655662
Qwen,full_shrinkage,concise,Qwen_F4,0.10527940900137595
Qwen,full_shrinkage,concise,Qwen_F5,-0.1596479837641703
Qwen,full_shrinkage,condescending,Qwen_F1,-0.9046635679417612
Qwen,full_shrinkage,condescending,Qwen_F2,0.020273434958603037
Qwen,full_shrinkage,condescending,Qwen_F3,-0.45283080559598704
Qwen,full_shrinkage,condescending,Qwen_F4,-0.35320567876597736
Qwen,full_shrinkage,condescending,Qwen_F5,0.28468226227646914
Qwen,full_shrinkage,confident,Qwen_F1,-0.5818575241535373
Qwen,full_shrinkage,confident,Qwen_F2,-0.08138220349662796
Qwen,full_shrinkage,confident,Qwen_F3,-0.6136689797113379
Qwen,full_shrinkage,confident,Qwen_F4,-0.31538355773467713
Qwen,full_shrinkage,confident,Qwen_F5,0.6722380418505445
Qwen,full_shrinkage,confrontational,Qwen_F1,-0.687765319034157
Qwen,full_shrinkage,confrontational,Qwen_F2,-0.3033446028763523
Qwen,full_shrinkage,confrontational,Qwen_F3,-0.25047522903994923
Qwen,full_shrinkage,confrontational,Qwen_F4,-0.33932989176195866
Qwen,full_shrinkage,confrontational,Qwen_F5,0.7035678935482834
Qwen,full_shrinkage,conscientious,Qwen_F1,0.9215101022136482
Qwen,full_shrinkage,conscientious,Qwen_F2,-0.5204188530327496
Qwen,full_shrinkage,conscientious,Qwen_F3,0.02063066197800006
Qwen,full_shrinkage,conscientious,Qwen_F4,0.15751950973929882
Qwen,full_shrinkage,conscientious,Qwen_F5,0.19936699060688035
Qwen,full_shrinkage,constructivist,Qwen_F1,-0.4356105980788474
Qwen,full_shrinkage,constructivist,Qwen_F2,0.4660062252230436
Qwen,full_shrinkage,constructivist,Qwen_F3,-0.41383440641421204
Qwen,full_shrinkage,constructivist,Qwen_F4,-0.6988013983192659
Qwen,full_shrinkage,constructivist,Qwen_F5,-0.5015623038876917
Qwen,full_shrinkage,contemporary,Qwen_F1,0.06039613382094409
Qwen,full_shrinkage,contemporary,Qwen_F2,0.032417664055351854
Qwen,full_shrinkage,contemporary,Qwen_F3,0.9703086762511133
Qwen,full_shrinkage,contemporary,Qwen_F4,0.16446103462941783
Qwen,full_shrinkage,contemporary,Qwen_F5,-0.0945306000066097
Qwen,full_shrinkage,contrarian,Qwen_F1,-0.8908354561426771
Qwen,full_shrinkage,contrarian,Qwen_F2,0.013596798656835956
Qwen,full_shrinkage,contrarian,Qwen_F3,-0.36608939107711386
Qwen,full_shrinkage,contrarian,Qwen_F4,-0.5324503657627085
Qwen,full_shrinkage,contrarian,Qwen_F5,0.2789449026947858
Qwen,full_shrinkage,convergent,Qwen_F1,0.5436773816202682
Qwen,full_shrinkage,convergent,Qwen_F2,-0.48570880231308555
Qwen,full_shrinkage,convergent,Qwen_F3,0.3482852196577222
Qwen,full_shrinkage,convergent,Qwen_F4,0.6050806752571732
Qwen,full_shrinkage,convergent,Qwen_F5,0.6176812527832516
Qwen,full_shrinkage,cosmopolitan,Qwen_F1,0.7248302672739456
Qwen,full_shrinkage,cosmopolitan,Qwen_F2,-0.42748648193844657
Qwen,full_shrinkage,cosmopolitan,Qwen_F3,0.2032879444840208
Qwen,full_shrinkage,cosmopolitan,Qwen_F4,-0.2711410756096205
Qwen,full_shrinkage,cosmopolitan,Qwen_F5,-0.13776526850299473
Qwen,full_shrinkage,creative,Qwen_F1,-0.8163723625099552
Qwen,full_shrinkage,creative,Qwen_F2,0.2595957309951024
Qwen,full_shrinkage,creative,Qwen_F3,-0.5041789942533633
Qwen,full_shrinkage,creative,Qwen_F4,-0.6688724118860736
Qwen,full_shrinkage,creative,Qwen_F5,-0.023861488732407128
Qwen,full_shrinkage,critical,Qwen_F1,-0.5809659854435463
Qwen,full_shrinkage,critical,Qwen_F2,-0.37612984692399
Qwen,full_shrinkage,critical,Qwen_F3,-0.34788502200150057
Qwen,full_shrinkage,critical,Qwen_F4,-0.5971132687138196
Qwen,full_shrinkage,critical,Qwen_F5,0.4772935887280938
Qwen,full_shrinkage,cruel,Qwen_F1,-0.8937245525974459
Qwen,full_shrinkage,cruel,Qwen_F2,-0.10105014743142793
Qwen,full_shrinkage,cruel,Qwen_F3,-0.26515353535568276
Qwen,full_shrinkage,cruel,Qwen_F4,-0.21537809295205987
Qwen,full_shrinkage,cruel,Qwen_F5,0.4714965643674739
Qwen,full_shrinkage,cryptic,Qwen_F1,-0.5530390433281254
Qwen,full_shrinkage,cryptic,Qwen_F2,0.09871684068338875
Qwen,full_shrinkage,cryptic,Qwen_F3,-0.8690437810732062
Qwen,full_shrinkage,cryptic,Qwen_F4,-0.4723398078261788
Qwen,full_shrinkage,cryptic,Qwen_F5,0.10483056208667448
Qwen,full_shrinkage,curious,Qwen_F1,-0.4202809283232448
Qwen,full_shrinkage,curious,Qwen_F2,0.36468640723483975
Qwen,full_shrinkage,curious,Qwen_F3,-0.22191631756805943
Qwen,full_shrinkage,curious,Qwen_F4,-0.8406211460609314
Qwen,full_shrinkage,curious,Qwen_F5,-0.405479367586824
Qwen,full_shrinkage,cynical,Qwen_F1,-0.6536220169128156
Qwen,full_shrinkage,cynical,Qwen_F2,-0.4740468618081252
Qwen,full_shrinkage,cynical,Qwen_F3,-0.14537042364668445
Qwen,full_shrinkage,cynical,Qwen_F4,-0.16403964451399836
Qwen,full_shrinkage,cynical,Qwen_F5,0.6933548658563975
Qwen,full_shrinkage,data_driven,Qwen_F1,0.6346624949143348
Qwen,full_shrinkage,data_driven,Qwen_F2,-0.7242025874813404
Qwen,full_shrinkage,data_driven,Qwen_F3,0.4902129075161508
Qwen,full_shrinkage,data_driven,Qwen_F4,0.3766114996850867
Qwen,full_shrinkage,data_driven,Qwen_F5,0.41326224095315667
Qwen,full_shrinkage,decisive,Qwen_F1,0.0310187052180401
Qwen,full_shrinkage,decisive,Qwen_F2,-0.41117586748485624
Qwen,full_shrinkage,decisive,Qwen_F3,-0.14150423660003839
Qwen,full_shrinkage,decisive,Qwen_F4,-0.07327169782100101
Qwen,full_shrinkage,decisive,Qwen_F5,0.946625673823836
Qwen,full_shrinkage,deconstructionist,Qwen_F1,-0.6321558300044594
Qwen,full_shrinkage,deconstructionist,Qwen_F2,-0.29187674256072743
Qwen,full_shrinkage,deconstructionist,Qwen_F3,-0.5160993032738789
Qwen,full_shrinkage,deconstructionist,Qwen_F4,-0.6620678997420291
Qwen,full_shrinkage,deconstructionist,Qwen_F5,0.36645998027459725
Qwen,full_shrinkage,deferential,Qwen_F1,0.3430535502379961
Qwen,full_shrinkage,deferential,Qwen_F2,0.5123222823757796
Qwen,full_shrinkage,deferential,Qwen_F3,-0.27338512600275694
Qwen,full_shrinkage,deferential,Qwen_F4,0.24260545762532965
Qwen,full_shrinkage,deferential,Qwen_F5,-0.7688961159294132
Qwen,full_shrinkage,deontological,Qwen_F1,-0.10783531053002263
Qwen,full_shrinkage,deontological,Qwen_F2,-0.015119997294780783
Qwen,full_shrinkage,deontological,Qwen_F3,-0.9334223591063113
Qwen,full_shrinkage,deontological,Qwen_F4,-0.16599744651720508
Qwen,full_shrinkage,deontological,Qwen_F5,0.16180351861220482
Qwen,full_shrinkage,descriptive,Qwen_F1,0.8751325283201719
Qwen,full_shrinkage,descriptive,Qwen_F2,-0.537501520226321
Qwen,full_shrinkage,descriptive,Qwen_F3,0.26692347112178644
Qwen,full_shrinkage,descriptive,Qwen_F4,0.4811991118574779
Qwen,full_shrinkage,descriptive,Qwen_F5,0.03913110708466348
Qwen,full_shrinkage,detached,Qwen_F1,0.6804369117352697
Qwen,full_shrinkage,detached,Qwen_F2,-0.7916693305082582
Qwen,full_shrinkage,detached,Qwen_F3,0.23503643401322813
Qwen,full_shrinkage,detached,Qwen_F4,0.351225973214469
Qwen,full_shrinkage,detached,Qwen_F5,0.48141283035560134
Qwen,full_shrinkage,deterministic,Qwen_F1,-0.19825568456304818
Qwen,full_shrinkage,deterministic,Qwen_F2,-0.5334219038719911
Qwen,full_shrinkage,deterministic,Qwen_F3,-0.7542494672547809
Qwen,full_shrinkage,deterministic,Qwen_F4,-0.22729294967114083
Qwen,full_shrinkage,deterministic,Qwen_F5,0.4993009672077325
Qwen,full_shrinkage,diplomatic,Qwen_F1,0.9514017132952014
Qwen,full_shrinkage,diplomatic,Qwen_F2,-0.17001275214027195
Qwen,full_shrinkage,diplomatic,Qwen_F3,0.29541610058573387
Qwen,full_shrinkage,diplomatic,Qwen_F4,0.3496460337982899
Qwen,full_shrinkage,diplomatic,Qwen_F5,-0.2956406943101939
Qwen,full_shrinkage,disorganized,Qwen_F1,-0.9631888709455665
Qwen,full_shrinkage,disorganized,Qwen_F2,0.404850022960798
Qwen,full_shrinkage,disorganized,Qwen_F3,-0.16258846576887281
Qwen,full_shrinkage,disorganized,Qwen_F4,-0.3026010445457703
Qwen,full_shrinkage,disorganized,Qwen_F5,-0.12862419936423108
Qwen,full_shrinkage,dispassionate,Qwen_F1,0.7747945567175417
Qwen,full_shrinkage,dispassionate,Qwen_F2,-0.7191741308428478
Qwen,full_shrinkage,dispassionate,Qwen_F3,0.2614722225098273
Qwen,full_shrinkage,dispassionate,Qwen_F4,0.38669453975065354
Qwen,full_shrinkage,dispassionate,Qwen_F5,0.3772894413244475
Qwen,full_shrinkage,divergent,Qwen_F1,-0.43102533004686905
Qwen,full_shrinkage,divergent,Qwen_F2,-0.25875679681618763
Qwen,full_shrinkage,divergent,Qwen_F3,0.0778760653035769
Qwen,full_shrinkage,divergent,Qwen_F4,-0.7246088603915517
Qwen,full_shrinkage,divergent,Qwen_F5,-0.07781987073535626
Qwen,full_shrinkage,dogmatic,Qwen_F1,-0.5803374171733875
Qwen,full_shrinkage,dogmatic,Qwen_F2,-0.025905717605864024
Qwen,full_shrinkage,dogmatic,Qwen_F3,-0.7732020191800509
Qwen,full_shrinkage,dogmatic,Qwen_F4,-0.23090954332183367
Qwen,full_shrinkage,dogmatic,Qwen_F5,0.499706967123986
Qwen,full_shrinkage,dominant,Qwen_F1,-0.2578736819428934
Qwen,full_shrinkage,dominant,Qwen_F2,-0.5229620185012438
Qwen,full_shrinkage,dominant,Qwen_F3,-0.08574559754201937
Qwen,full_shrinkage,dominant,Qwen_F4,-0.17193530847925625
Qwen,full_shrinkage,dominant,Qwen_F5,0.9448651102510917
Qwen,full_shrinkage,dramatic,Qwen_F1,-0.7618397254485807
Qwen,full_shrinkage,dramatic,Qwen_F2,0.2754775740176705
Qwen,full_shrinkage,dramatic,Qwen_F3,-0.7016996329013276
Qwen,full_shrinkage,dramatic,Qwen_F4,-0.5045906776626086
Qwen,full_shrinkage,dramatic,Qwen_F5,0.06605652898646067
Qwen,full_shrinkage,earnest,Qwen_F1,0.8657544345664568
Qwen,full_shrinkage,earnest,Qwen_F2,-0.06626295240380128
Qwen,full_shrinkage,earnest,Qwen_F3,-0.2496330999786238
Qwen,full_shrinkage,earnest,Qwen_F4,0.013786452093738005
Qwen,full_shrinkage,earnest,Qwen_F5,-0.15209540018054174
Qwen,full_shrinkage,eclectic,Qwen_F1,-0.486371366018827
Qwen,full_shrinkage,eclectic,Qwen_F2,-0.1454702111127475
Qwen,full_shrinkage,eclectic,Qwen_F3,-0.6642899529728234
Qwen,full_shrinkage,eclectic,Qwen_F4,-0.7865633294073062
Qwen,full_shrinkage,eclectic,Qwen_F5,0.10999884427642663
Qwen,full_shrinkage,edgy,Qwen_F1,-0.9778659144425333
Qwen,full_shrinkage,edgy,Qwen_F2,0.18107970890443498
Qwen,full_shrinkage,edgy,Qwen_F3,-0.22932227726070306
Qwen,full_shrinkage,edgy,Qwen_F4,-0.3751507565541869
Qwen,full_shrinkage,edgy,Qwen_F5,0.18186692619817885
Qwen,full_shrinkage,educational,Qwen_F1,0.7825263769558257
Qwen,full_shrinkage,educational,Qwen_F2,-0.6660751591053606
Qwen,full_shrinkage,educational,Qwen_F3,0.3775048146115621
Qwen,full_shrinkage,educational,Qwen_F4,0.12063128182697906
Qwen,full_shrinkage,educational,Qwen_F5,0.2643084734463079
Qwen,full_shrinkage,efficient,Qwen_F1,-0.5418612404119969
Qwen,full_shrinkage,efficient,Qwen_F2,0.8337189240501559
Qwen,full_shrinkage,efficient,Qwen_F3,-0.03912243289366234
Qwen,full_shrinkage,efficient,Qwen_F4,0.10064440755443112
Qwen,full_shrinkage,efficient,Qwen_F5,-0.15450930872498989
Qwen,full_shrinkage,effusive,Qwen_F1,-0.8874555309192972
Qwen,full_shrinkage,effusive,Qwen_F2,0.5342844899899973
Qwen,full_shrinkage,effusive,Qwen_F3,-0.2736106710923029
Qwen,full_shrinkage,effusive,Qwen_F4,-0.41442044437498327
Qwen,full_shrinkage,effusive,Qwen_F5,-0.18492894908804228
Qwen,full_shrinkage,egalitarian,Qwen_F1,-0.29139365721744315
Qwen,full_shrinkage,egalitarian,Qwen_F2,0.7424452855660882
Qwen,full_shrinkage,egalitarian,Qwen_F3,-0.08680484951353726
Qwen,full_shrinkage,egalitarian,Qwen_F4,-0.5076380334454044
Qwen,full_shrinkage,egalitarian,Qwen_F5,-0.514933470239624
Qwen,full_shrinkage,elitist,Qwen_F1,-0.14045931281804544
Qwen,full_shrinkage,elitist,Qwen_F2,-0.6008653549698838
Qwen,full_shrinkage,elitist,Qwen_F3,-0.5896404881888807
Qwen,full_shrinkage,elitist,Qwen_F4,-0.16943441455323913
Qwen,full_shrinkage,elitist,Qwen_F5,0.7475680439693083
Qwen,full_shrinkage,eloquent,Qwen_F1,-0.225823698419122
Qwen,full_shrinkage,eloquent,Qwen_F2,-0.1568159996100578
Qwen,full_shrinkage,eloquent,Qwen_F3,-0.8958957389779303
Qwen,full_shrinkage,eloquent,Qwen_F4,-0.5438848975193479
Qwen,full_shrinkage,eloquent,Qwen_F5,0.21218604621313003
Qwen,full_shrinkage,emotional,Qwen_F1,-0.7365096998523757
Qwen,full_shrinkage,emotional,Qwen_F2,0.7146092838286275
Qwen,full_shrinkage,emotional,Qwen_F3,-0.3203818603195526
Qwen,full_shrinkage,emotional,Qwen_F4,-0.41871414714396626
Qwen,full_shrinkage,emotional,Qwen_F5,-0.4154912131571199
Qwen,full_shrinkage,empathetic,Qwen_F1,-0.5436212569763371
Qwen,full_shrinkage,empathetic,Qwen_F2,0.8405778590433456
Qwen,full_shrinkage,empathetic,Qwen_F3,-0.15979818256279166
Qwen,full_shrinkage,empathetic,Qwen_F4,-0.31477946381159055
Qwen,full_shrinkage,empathetic,Qwen_F5,-0.6184593663934362
Qwen,full_shrinkage,enigmatic,Qwen_F1,-0.6459592294419558
Qwen,full_shrinkage,enigmatic,Qwen_F2,0.24148450396706309
Qwen,full_shrinkage,enigmatic,Qwen_F3,-0.8123123638495043
Qwen,full_shrinkage,enigmatic,Qwen_F4,-0.4580938420077477
Qwen,full_shrinkage,enigmatic,Qwen_F5,-0.005317691460780247
Qwen,full_shrinkage,entertaining,Qwen_F1,-0.9332352874334606
Qwen,full_shrinkage,entertaining,Qwen_F2,0.4663025787416912
Qwen,full_shrinkage,entertaining,Qwen_F3,-0.1567775755418341
Qwen,full_shrinkage,entertaining,Qwen_F4,-0.3832362804342869
Qwen,full_shrinkage,entertaining,Qwen_F5,-0.14484579180641521
Qwen,full_shrinkage,environmental,Qwen_F1,-0.1267342101209433
Qwen,full_shrinkage,environmental,Qwen_F2,0.35896395868119546
Qwen,full_shrinkage,environmental,Qwen_F3,-0.7576822124970807
Qwen,full_shrinkage,environmental,Qwen_F4,-0.551125402785357
Qwen,full_shrinkage,environmental,Qwen_F5,-0.29479809567934634
Qwen,full_shrinkage,epicurean,Qwen_F1,-0.267409761175434
Qwen,full_shrinkage,epicurean,Qwen_F2,-0.17351432100164513
Qwen,full_shrinkage,epicurean,Qwen_F3,-0.8442029013083685
Qwen,full_shrinkage,epicurean,Qwen_F4,-0.5348113623719589
Qwen,full_shrinkage,epicurean,Qwen_F5,0.18873856784924983
Qwen,full_shrinkage,erudite,Qwen_F1,0.48371650806084243
Qwen,full_shrinkage,erudite,Qwen_F2,-0.8356601224859408
Qwen,full_shrinkage,erudite,Qwen_F3,-0.29446593903145163
Qwen,full_shrinkage,erudite,Qwen_F4,-0.12266947727218287
Qwen,full_shrinkage,erudite,Qwen_F5,0.5206423702176102
Qwen,full_shrinkage,esoteric,Qwen_F1,-0.006869252097254035
Qwen,full_shrinkage,esoteric,Qwen_F2,-0.7075374344193626
Qwen,full_shrinkage,esoteric,Qwen_F3,-0.5839516804675706
Qwen,full_shrinkage,esoteric,Qwen_F4,-0.33349182450643444
Qwen,full_shrinkage,esoteric,Qwen_F5,0.5894813789770995
Qwen,full_shrinkage,essentialist,Qwen_F1,0.03828602537497291
Qwen,full_shrinkage,essentialist,Qwen_F2,-0.3779838620331826
Qwen,full_shrinkage,essentialist,Qwen_F3,-0.7638927570351086
Qwen,full_shrinkage,essentialist,Qwen_F4,0.02908920635896225
Qwen,full_shrinkage,essentialist,Qwen_F5,0.5824768745020432
Qwen,full_shrinkage,ethereal,Qwen_F1,-0.5669385309090973
Qwen,full_shrinkage,ethereal,Qwen_F2,0.31014475678103387
Qwen,full_shrinkage,ethereal,Qwen_F3,-0.8407455262041682
Qwen,full_shrinkage,ethereal,Qwen_F4,-0.42544669116254524
Qwen,full_shrinkage,ethereal,Qwen_F5,-0.09887761034614957
Qwen,full_shrinkage,evil,Qwen_F1,-0.937012456126599
Qwen,full_shrinkage,evil,Qwen_F2,0.0583215031385884
Qwen,full_shrinkage,evil,Qwen_F3,-0.3908501261574228
Qwen,full_shrinkage,evil,Qwen_F4,-0.3194052826622234
Qwen,full_shrinkage,evil,Qwen_F5,0.28853649758629707
Qwen,full_shrinkage,existentialist,Qwen_F1,-0.7375770697774485
Qwen,full_shrinkage,existentialist,Qwen_F2,0.64113406375306
Qwen,full_shrinkage,existentialist,Qwen_F3,-0.14453348331585067
Qwen,full_shrinkage,existentialist,Qwen_F4,-0.486293212967437
Qwen,full_shrinkage,existentialist,Qwen_F5,-0.3031242869004386
Qwen,full_shrinkage,experiential,Qwen_F1,-0.5082338569833473
Qwen,full_shrinkage,experiential,Qwen_F2,0.5757859495656503
Qwen,full_shrinkage,experiential,Qwen_F3,0.5938094302597373
Qwen,full_shrinkage,experiential,Qwen_F4,0.03436606203486179
Qwen,full_shrinkage,experiential,Qwen_F5,-0.28817936796566207
Qwen,full_shrinkage,exploratory,Qwen_F1,0.18530610006880538
Qwen,full_shrinkage,exploratory,Qwen_F2,-0.3546611285545714
Qwen,full_shrinkage,exploratory,Qwen_F3,0.7727200148781502
Qwen,full_shrinkage,exploratory,Qwen_F4,-0.21592113263685425
Qwen,full_shrinkage,exploratory,Qwen_F5,-0.136905060704304
Qwen,full_shrinkage,extroverted,Qwen_F1,-0.8382501626993272
Qwen,full_shrinkage,extroverted,Qwen_F2,0.571647384327425
Qwen,full_shrinkage,extroverted,Qwen_F3,0.1079463020810002
Qwen,full_shrinkage,extroverted,Qwen_F4,-0.28953217876176934
Qwen,full_shrinkage,extroverted,Qwen_F5,-0.22322292525353415
Qwen,full_shrinkage,factual,Qwen_F1,0.860951557593764
Qwen,full_shrinkage,factual,Qwen_F2,-0.505762996874435
Qwen,full_shrinkage,factual,Qwen_F3,0.47264044354351675
Qwen,full_shrinkage,factual,Qwen_F4,0.45207556849942104
Qwen,full_shrinkage,factual,Qwen_F5,0.1389215047073537
Qwen,full_shrinkage,fatalistic,Qwen_F1,-0.4718219387708254
Qwen,full_shrinkage,fatalistic,Qwen_F2,0.057525978846925604
Qwen,full_shrinkage,fatalistic,Qwen_F3,-0.925754089129875
Qwen,full_shrinkage,fatalistic,Qwen_F4,-0.3234390748664746
Qwen,full_shrinkage,fatalistic,Qwen_F5,0.11041103193190388
Qwen,full_shrinkage,flexible,Qwen_F1,0.25913622056061714
Qwen,full_shrinkage,flexible,Qwen_F2,0.4917279320601494
Qwen,full_shrinkage,flexible,Qwen_F3,0.6863616218943579
Qwen,full_shrinkage,flexible,Qwen_F4,0.14653113726630362
Qwen,full_shrinkage,flexible,Qwen_F5,-0.6945512465297227
Qwen,full_shrinkage,flippant,Qwen_F1,-0.9662261573806455
Qwen,full_shrinkage,flippant,Qwen_F2,0.3536435413557955
Qwen,full_shrinkage,flippant,Qwen_F3,-0.05488589479055978
Qwen,full_shrinkage,flippant,Qwen_F4,-0.21462555661282268
Qwen,full_shrinkage,flippant,Qwen_F5,-0.024105814946034393
Qwen,full_shrinkage,flirty,Qwen_F1,-0.8894638169451874
Qwen,full_shrinkage,flirty,Qwen_F2,0.4599084278135258
Qwen,full_shrinkage,flirty,Qwen_F3,-0.4451182318690578
Qwen,full_shrinkage,flirty,Qwen_F4,-0.395607415333449
Qwen,full_shrinkage,flirty,Qwen_F5,-0.1289187546613305
Qwen,full_shrinkage,forgiving,Qwen_F1,-0.09282977105057483
Qwen,full_shrinkage,forgiving,Qwen_F2,0.7720305650227746
Qwen,full_shrinkage,forgiving,Qwen_F3,-0.3166594202014317
Qwen,full_shrinkage,forgiving,Qwen_F4,-0.24178013992669412
Qwen,full_shrinkage,forgiving,Qwen_F5,-0.8051847817420484
Qwen,full_shrinkage,formal,Qwen_F1,0.8278608009687818
Qwen,full_shrinkage,formal,Qwen_F2,-0.6088105951003788
Qwen,full_shrinkage,formal,Qwen_F3,-0.17249715920389075
Qwen,full_shrinkage,formal,Qwen_F4,0.19071672976649012
Qwen,full_shrinkage,formal,Qwen_F5,0.2916172163372358
Qwen,full_shrinkage,formalist,Qwen_F1,0.7623094446492182
Qwen,full_shrinkage,formalist,Qwen_F2,-0.7296781990705254
Qwen,full_shrinkage,formalist,Qwen_F3,0.2134354562632029
Qwen,full_shrinkage,formalist,Qwen_F4,0.3660069403010043
Qwen,full_shrinkage,formalist,Qwen_F5,0.397009940959523
Qwen,full_shrinkage,fundamentalist,Qwen_F1,-0.1703480617412219
Qwen,full_shrinkage,fundamentalist,Qwen_F2,-0.11379144551599965
Qwen,full_shrinkage,fundamentalist,Qwen_F3,-0.8433081609255126
Qwen,full_shrinkage,fundamentalist,Qwen_F4,0.07173246114277276
Qwen,full_shrinkage,fundamentalist,Qwen_F5,0.4435268501638827
Qwen,full_shrinkage,futuristic,Qwen_F1,-0.34748037607762466
Qwen,full_shrinkage,futuristic,Qwen_F2,-0.45082709187341363
Qwen,full_shrinkage,futuristic,Qwen_F3,-0.06995063971133213
Qwen,full_shrinkage,futuristic,Qwen_F4,-0.6873108075596134
Qwen,full_shrinkage,futuristic,Qwen_F5,0.43409282628981505
Qwen,full_shrinkage,generalist,Qwen_F1,-0.47649871133182176
Qwen,full_shrinkage,generalist,Qwen_F2,0.4748954224835481
Qwen,full_shrinkage,generalist,Qwen_F3,-0.19579976179349168
Qwen,full_shrinkage,generalist,Qwen_F4,-0.7679606152167493
Qwen,full_shrinkage,generalist,Qwen_F5,-0.41488637144877183
Qwen,full_shrinkage,generous,Qwen_F1,0.3889547319537771
Qwen,full_shrinkage,generous,Qwen_F2,-0.2646466061663236
Qwen,full_shrinkage,generous,Qwen_F3,0.11889421336864155
Qwen,full_shrinkage,generous,Qwen_F4,-0.6403691846124513
Qwen,full_shrinkage,generous,Qwen_F5,-0.15170393991947523
Qwen,full_shrinkage,goofy,Qwen_F1,-0.9536968032699387
Qwen,full_shrinkage,goofy,Qwen_F2,0.3607138338306261
Qwen,full_shrinkage,goofy,Qwen_F3,-0.16379588224525227
Qwen,full_shrinkage,goofy,Qwen_F4,-0.28789860614515994
Qwen,full_shrinkage,goofy,Qwen_F5,-0.05495840095873985
Qwen,full_shrinkage,grandiose,Qwen_F1,-0.5846714343464602
Qwen,full_shrinkage,grandiose,Qwen_F2,-0.054721109618975514
Qwen,full_shrinkage,grandiose,Qwen_F3,-0.8112073295326783
Qwen,full_shrinkage,grandiose,Qwen_F4,-0.48774969047953315
Qwen,full_shrinkage,grandiose,Qwen_F5,0.32477935590683893
Qwen,full_shrinkage,gregarious,Qwen_F1,-0.6081518549010964
Qwen,full_shrinkage,gregarious,Qwen_F2,0.7611925650412361
Qwen,full_shrinkage,gregarious,Qwen_F3,0.165688842010317
Qwen,full_shrinkage,gregarious,Qwen_F4,-0.2275199143616839
Qwen,full_shrinkage,gregarious,Qwen_F5,-0.5515692527921323
Qwen,full_shrinkage,grounded,Qwen_F1,0.23127991824399466
Qwen,full_shrinkage,grounded,Qwen_F2,0.13786479526591883
Qwen,full_shrinkage,grounded,Qwen_F3,0.9193432918511415
Qwen,full_shrinkage,grounded,Qwen_F4,0.5408867909422742
Qwen,full_shrinkage,grounded,Qwen_F5,-0.11188764651310643
Qwen,full_shrinkage,hedonistic,Qwen_F1,-0.9179702196951517
Qwen,full_shrinkage,hedonistic,Qwen_F2,0.4999047180507826
Qwen,full_shrinkage,hedonistic,Qwen_F3,-0.1579185355143203
Qwen,full_shrinkage,hedonistic,Qwen_F4,-0.350169950578431
Qwen,full_shrinkage,hedonistic,Qwen_F5,-0.20585084096412382
Qwen,full_shrinkage,historical,Qwen_F1,-0.34322978316111435
Qwen,full_shrinkage,historical,Qwen_F2,-0.5209802989407084
Qwen,full_shrinkage,historical,Qwen_F3,-0.6248585902161772
Qwen,full_shrinkage,historical,Qwen_F4,-0.39680412879834703
Qwen,full_shrinkage,historical,Qwen_F5,0.4804181719791688
Qwen,full_shrinkage,holistic,Qwen_F1,0.13361219371223304
Qwen,full_shrinkage,holistic,Qwen_F2,-0.291392726429517
Qwen,full_shrinkage,holistic,Qwen_F3,-0.23472514139872405
Qwen,full_shrinkage,holistic,Qwen_F4,-0.8529966314081406
Qwen,full_shrinkage,holistic,Qwen_F5,0.09616538160440334
Qwen,full_shrinkage,hostile,Qwen_F1,-0.9624275836746298
Qwen,full_shrinkage,hostile,Qwen_F2,0.08927781316430508
Qwen,full_shrinkage,hostile,Qwen_F3,-0.16332726723173596
Qwen,full_shrinkage,hostile,Qwen_F4,-0.25586755607876394
Qwen,full_shrinkage,hostile,Qwen_F5,0.32271432232709585
Qwen,full_shrinkage,humanistic,Qwen_F1,-0.19511449338015543
Qwen,full_shrinkage,humanistic,Qwen_F2,0.823527602973475
Qwen,full_shrinkage,humanistic,Qwen_F3,-0.2440548438900368
Qwen,full_shrinkage,humanistic,Qwen_F4,-0.29592036339617217
Qwen,full_shrinkage,humanistic,Qwen_F5,-0.7428798081447725
Qwen,full_shrinkage,humble,Qwen_F1,-0.21816376168641596
Qwen,full_shrinkage,humble,Qwen_F2,0.5497834761939869
Qwen,full_shrinkage,humble,Qwen_F3,0.48738318183448587
Qwen,full_shrinkage,humble,Qwen_F4,0.060561845983862744
Qwen,full_shrinkage,humble,Qwen_F5,-0.7902457416450075
Qwen,full_shrinkage,iconoclastic,Qwen_F1,-0.8819935814622379
Qwen,full_shrinkage,iconoclastic,Qwen_F2,-0.07022885614955876
Qwen,full_shrinkage,iconoclastic,Qwen_F3,-0.29711771340361465
Qwen,full_shrinkage,iconoclastic,Qwen_F4,-0.4883621094422793
Qwen,full_shrinkage,iconoclastic,Qwen_F5,0.35928178083950474
Qwen,full_shrinkage,idealistic,Qwen_F1,0.03113802847997129
Qwen,full_shrinkage,idealistic,Qwen_F2,0.10477997550750197
Qwen,full_shrinkage,idealistic,Qwen_F3,-0.9412939348028923
Qwen,full_shrinkage,idealistic,Qwen_F4,-0.3682032889452908
Qwen,full_shrinkage,idealistic,Qwen_F5,-0.021902241450761445
Qwen,full_shrinkage,impatient,Qwen_F1,-0.954158724196203
Qwen,full_shrinkage,impatient,Qwen_F2,0.4557115448191496
Qwen,full_shrinkage,impatient,Qwen_F3,-0.10129106070075039
Qwen,full_shrinkage,impatient,Qwen_F4,-0.20104861563823
Qwen,full_shrinkage,impatient,Qwen_F5,0.07722793853080163
Qwen,full_shrinkage,improvisational,Qwen_F1,-0.8303085244459522
Qwen,full_shrinkage,improvisational,Qwen_F2,0.5507088385749969
Qwen,full_shrinkage,improvisational,Qwen_F3,-0.42748542990962973
Qwen,full_shrinkage,improvisational,Qwen_F4,-0.4765277843741949
Qwen,full_shrinkage,improvisational,Qwen_F5,-0.25456498499637675
Qwen,full_shrinkage,impulsive,Qwen_F1,-0.9329095837982349
Qwen,full_shrinkage,impulsive,Qwen_F2,0.5461409287562677
Qwen,full_shrinkage,impulsive,Qwen_F3,-0.23423437747484088
Qwen,full_shrinkage,impulsive,Qwen_F4,-0.23733202105989615
Qwen,full_shrinkage,impulsive,Qwen_F5,-0.06736502290998678
Qwen,full_shrinkage,inclusive,Qwen_F1,-0.15979726464710511
Qwen,full_shrinkage,inclusive,Qwen_F2,0.42632204715179184
Qwen,full_shrinkage,inclusive,Qwen_F3,0.06373495104412076
Qwen,full_shrinkage,inclusive,Qwen_F4,-0.6710482145324346
Qwen,full_shrinkage,inclusive,Qwen_F5,-0.5841753128426139
Qwen,full_shrinkage,independent,Qwen_F1,-0.3571789180076819
Qwen,full_shrinkage,independent,Qwen_F2,0.026052147790737418
Qwen,full_shrinkage,independent,Qwen_F3,-0.6670948818754053
Qwen,full_shrinkage,independent,Qwen_F4,-0.7094159654304713
Qwen,full_shrinkage,independent,Qwen_F5,0.21359224516656417
Qwen,full_shrinkage,individualistic,Qwen_F1,-0.9039081195797349
Qwen,full_shrinkage,individualistic,Qwen_F2,0.2959662283559164
Qwen,full_shrinkage,individualistic,Qwen_F3,-0.44653300144033153
Qwen,full_shrinkage,individualistic,Qwen_F4,-0.5162269781275635
Qwen,full_shrinkage,individualistic,Qwen_F5,0.06499824690343398
Qwen,full_shrinkage,innovative,Qwen_F1,-0.8299450456581369
Qwen,full_shrinkage,innovative,Qwen_F2,0.04586543492492525
Qwen,full_shrinkage,innovative,Qwen_F3,-0.2776637733360624
Qwen,full_shrinkage,innovative,Qwen_F4,-0.6937779668445767
Qwen,full_shrinkage,innovative,Qwen_F5,0.2320505169785196
Qwen,full_shrinkage,inquisitive,Qwen_F1,-0.4559894343987111
Qwen,full_shrinkage,inquisitive,Qwen_F2,0.38887269861712576
Qwen,full_shrinkage,inquisitive,Qwen_F3,0.44504644941881494
Qwen,full_shrinkage,inquisitive,Qwen_F4,-0.17705233715710741
Qwen,full_shrinkage,inquisitive,Qwen_F5,-0.5636563929835222
Qwen,full_shrinkage,inspirational,Qwen_F1,0.60441822752637
Qwen,full_shrinkage,inspirational,Qwen_F2,0.45749756998832086
Qwen,full_shrinkage,inspirational,Qwen_F3,-0.06646848814603624
Qwen,full_shrinkage,inspirational,Qwen_F4,-0.14318227263881575
Qwen,full_shrinkage,inspirational,Qwen_F5,-0.5177255756920639
Qwen,full_shrinkage,interdisciplinary,Qwen_F1,-0.4598202107518591
Qwen,full_shrinkage,interdisciplinary,Qwen_F2,-0.18939995600949872
Qwen,full_shrinkage,interdisciplinary,Qwen_F3,-0.12143821390533154
Qwen,full_shrinkage,interdisciplinary,Qwen_F4,-0.8795089869831343
Qwen,full_shrinkage,interdisciplinary,Qwen_F5,0.15525471137339283
Qwen,full_shrinkage,introspective,Qwen_F1,-0.562599172311629
Qwen,full_shrinkage,introspective,Qwen_F2,-0.19469437202239384
Qwen,full_shrinkage,introspective,Qwen_F3,-0.5034578547296558
Qwen,full_shrinkage,introspective,Qwen_F4,-0.7494048335853926
Qwen,full_shrinkage,introspective,Qwen_F5,0.01717211966656884
Qwen,full_shrinkage,introverted,Qwen_F1,0.5706573377222752
Qwen,full_shrinkage,introverted,Qwen_F2,-0.5149052543169894
Qwen,full_shrinkage,introverted,Qwen_F3,-0.5769913920233117
Qwen,full_shrinkage,introverted,Qwen_F4,-0.04960287521211638
Qwen,full_shrinkage,introverted,Qwen_F5,0.28189163685320107
Qwen,full_shrinkage,intuitive,Qwen_F1,-0.6375095332782529
Qwen,full_shrinkage,intuitive,Qwen_F2,0.5876263786373316
Qwen,full_shrinkage,intuitive,Qwen_F3,-0.5636210101506091
Qwen,full_shrinkage,intuitive,Qwen_F4,-0.5955485366917379
Qwen,full_shrinkage,intuitive,Qwen_F5,-0.3088207774365135
Qwen,full_shrinkage,ironic,Qwen_F1,-0.966312127529113
Qwen,full_shrinkage,ironic,Qwen_F2,0.2043324119621498
Qwen,full_shrinkage,ironic,Qwen_F3,-0.29636150630593033
Qwen,full_shrinkage,ironic,Qwen_F4,-0.3748289330421598
Qwen,full_shrinkage,ironic,Qwen_F5,0.10811071826497068
Qwen,full_shrinkage,irreverent,Qwen_F1,-0.9688185000351237
Qwen,full_shrinkage,irreverent,Qwen_F2,0.33603307264015814
Qwen,full_shrinkage,irreverent,Qwen_F3,-0.017053690142663485
Qwen,full_shrinkage,irreverent,Qwen_F4,-0.2686919778330997
Qwen,full_shrinkage,irreverent,Qwen_F5,-0.002104822439861473
Qwen,full_shrinkage,judgmental,Qwen_F1,-0.9202050818453797
Qwen,full_shrinkage,judgmental,Qwen_F2,0.008512079811252737
Qwen,full_shrinkage,judgmental,Qwen_F3,-0.24466702232350718
Qwen,full_shrinkage,judgmental,Qwen_F4,-0.2911145202999166
Qwen,full_shrinkage,judgmental,Qwen_F5,0.4209459556874862
Qwen,full_shrinkage,libertarian,Qwen_F1,-0.7201311727061804
Qwen,full_shrinkage,libertarian,Qwen_F2,0.3225904197698383
Qwen,full_shrinkage,libertarian,Qwen_F3,-0.7099090656252588
Qwen,full_shrinkage,libertarian,Qwen_F4,-0.3437004469604219
Qwen,full_shrinkage,libertarian,Qwen_F5,0.16518428830247678
Qwen,full_shrinkage,literal,Qwen_F1,0.646335410351009
Qwen,full_shrinkage,literal,Qwen_F2,-0.348871655431111
Qwen,full_shrinkage,literal,Qwen_F3,0.5237959972914652
Qwen,full_shrinkage,literal,Qwen_F4,0.7763161749503921
Qwen,full_shrinkage,literal,Qwen_F5,0.08513735835738917
Qwen,full_shrinkage,manic,Qwen_F1,-0.9557700919214723
Qwen,full_shrinkage,manic,Qwen_F2,0.37242101563857455
Qwen,full_shrinkage,manic,Qwen_F3,-0.2240304235992551
Qwen,full_shrinkage,manic,Qwen_F4,-0.37804194840262634
Qwen,full_shrinkage,manic,Qwen_F5,-0.02314863141017117
Qwen,full_shrinkage,manipulative,Qwen_F1,-0.9455090703792363
Qwen,full_shrinkage,manipulative,Qwen_F2,0.3227091626518595
Qwen,full_shrinkage,manipulative,Qwen_F3,-0.40212522066750367
Qwen,full_shrinkage,manipulative,Qwen_F4,-0.3388104191884833
Qwen,full_shrinkage,manipulative,Qwen_F5,0.057596226784683374
Qwen,full_shrinkage,materialist,Qwen_F1,0.4114172315698201
Qwen,full_shrinkage,materialist,Qwen_F2,-0.6485043881903186
Qwen,full_shrinkage,materialist,Qwen_F3,0.607126472769227
Qwen,full_shrinkage,materialist,Qwen_F4,0.529381866104508
Qwen,full_shrinkage,materialist,Qwen_F5,0.4473843842359556
Qwen,full_shrinkage,meditative,Qwen_F1,0.28352824112258596
Qwen,full_shrinkage,meditative,Qwen_F2,0.15079794991653905
Qwen,full_shrinkage,meditative,Qwen_F3,-0.7872993696661857
Qwen,full_shrinkage,meditative,Qwen_F4,-0.26410150771095514
Qwen,full_shrinkage,meditative,Qwen_F5,-0.36166695907536284
Qwen,full_shrinkage,melancholic,Qwen_F1,-0.6785458991991318
Qwen,full_shrinkage,melancholic,Qwen_F2,-0.0642773539182681
Qwen,full_shrinkage,melancholic,Qwen_F3,-0.7466872867358207
Qwen,full_shrinkage,melancholic,Qwen_F4,-0.3496354831861931
Qwen,full_shrinkage,melancholic,Qwen_F5,0.29862298381451624
Qwen,full_shrinkage,melodramatic,Qwen_F1,-0.7477729574516979
Qwen,full_shrinkage,melodramatic,Qwen_F2,0.20671584861494555
Qwen,full_shrinkage,melodramatic,Qwen_F3,-0.7184493089959321
Qwen,full_shrinkage,melodramatic,Qwen_F4,-0.4702375163564815
Qwen,full_shrinkage,melodramatic,Qwen_F5,0.10842662385844518
Qwen,full_shrinkage,mercurial,Qwen_F1,-0.9520421106399891
Qwen,full_shrinkage,mercurial,Qwen_F2,0.3002035976776514
Qwen,full_shrinkage,mercurial,Qwen_F3,-0.3865132859945588
Qwen,full_shrinkage,mercurial,Qwen_F4,-0.4064144627528433
Qwen,full_shrinkage,mercurial,Qwen_F5,0.015628605322553918
Qwen,full_shrinkage,metaphorical,Qwen_F1,-0.6968055361272927
Qwen,full_shrinkage,metaphorical,Qwen_F2,0.35167343832779496
Qwen,full_shrinkage,metaphorical,Qwen_F3,-0.7187340273005124
Qwen,full_shrinkage,metaphorical,Qwen_F4,-0.5392335649517154
Qwen,full_shrinkage,metaphorical,Qwen_F5,-0.08957940562184252
Qwen,full_shrinkage,methodical,Qwen_F1,0.8817198449766918
Qwen,full_shrinkage,methodical,Qwen_F2,-0.5533708241821659
Qwen,full_shrinkage,methodical,Qwen_F3,0.3685220013330779
Qwen,full_shrinkage,methodical,Qwen_F4,0.383671655682212
Qwen,full_shrinkage,methodical,Qwen_F5,0.21680201151753714
Qwen,full_shrinkage,meticulous,Qwen_F1,0.7883556304486443
Qwen,full_shrinkage,meticulous,Qwen_F2,-0.7336959298791185
Qwen,full_shrinkage,meticulous,Qwen_F3,-0.024207813716796246
Qwen,full_shrinkage,meticulous,Qwen_F4,0.1539237637305577
Qwen,full_shrinkage,meticulous,Qwen_F5,0.36622567240107806
Qwen,full_shrinkage,militant,Qwen_F1,-0.8355660357906716
Qwen,full_shrinkage,militant,Qwen_F2,-0.0055908773409923136
Qwen,full_shrinkage,militant,Qwen_F3,-0.44790378184323715
Qwen,full_shrinkage,militant,Qwen_F4,-0.3676732780164008
Qwen,full_shrinkage,militant,Qwen_F5,0.5022435339785486
Qwen,full_shrinkage,misanthropic,Qwen_F1,-0.8505604210149028
Qwen,full_shrinkage,misanthropic,Qwen_F2,-0.06626795928673991
Qwen,full_shrinkage,misanthropic,Qwen_F3,-0.5229233201973656
Qwen,full_shrinkage,misanthropic,Qwen_F4,-0.33133114955650916
Qwen,full_shrinkage,misanthropic,Qwen_F5,0.3920203193500493
Qwen,full_shrinkage,mischievous,Qwen_F1,-0.9561410729563882
Qwen,full_shrinkage,mischievous,Qwen_F2,0.3336103153915042
Qwen,full_shrinkage,mischievous,Qwen_F3,-0.2655727082145836
Qwen,full_shrinkage,mischievous,Qwen_F4,-0.3489627944637578
Qwen,full_shrinkage,mischievous,Qwen_F5,-0.025061489947459083
Qwen,full_shrinkage,moderate,Qwen_F1,0.8843706434674089
Qwen,full_shrinkage,moderate,Qwen_F2,-0.10434176844683261
Qwen,full_shrinkage,moderate,Qwen_F3,0.46965138480949664
Qwen,full_shrinkage,moderate,Qwen_F4,0.43841159201673674
Qwen,full_shrinkage,moderate,Qwen_F5,-0.35284984060107244
Qwen,full_shrinkage,mystical,Qwen_F1,-0.4980223858870703
Qwen,full_shrinkage,mystical,Qwen_F2,0.43063934892450395
Qwen,full_shrinkage,mystical,Qwen_F3,-0.8276165445267332
Qwen,full_shrinkage,mystical,Qwen_F4,-0.4672809577573551
Qwen,full_shrinkage,mystical,Qwen_F5,-0.19677287249444605
Qwen,full_shrinkage,naive,Qwen_F1,-0.3738638991505381
Qwen,full_shrinkage,naive,Qwen_F2,0.8275095701071222
Qwen,full_shrinkage,naive,Qwen_F3,-0.16589136780097125
Qwen,full_shrinkage,naive,Qwen_F4,0.01948151203087947
Qwen,full_shrinkage,naive,Qwen_F5,-0.6970154049714752
Qwen,full_shrinkage,narrative,Qwen_F1,-0.8119793202304508
Qwen,full_shrinkage,narrative,Qwen_F2,0.443321053460525
Qwen,full_shrinkage,narrative,Qwen_F3,-0.5843010115021376
Qwen,full_shrinkage,narrative,Qwen_F4,-0.4336057885312491
Qwen,full_shrinkage,narrative,Qwen_F5,-0.13329638179935335
Qwen,full_shrinkage,neurotic,Qwen_F1,-0.9477538582250472
Qwen,full_shrinkage,neurotic,Qwen_F2,0.43650228040419536
Qwen,full_shrinkage,neurotic,Qwen_F3,-0.06944924617434421
Qwen,full_shrinkage,neurotic,Qwen_F4,-0.1804195502741933
Qwen,full_shrinkage,neurotic,Qwen_F5,-0.13130349305425934
Qwen,full_shrinkage,nihilistic,Qwen_F1,-0.6622238533462572
Qwen,full_shrinkage,nihilistic,Qwen_F2,-0.17687215325802463
Qwen,full_shrinkage,nihilistic,Qwen_F3,-0.7401481048064288
Qwen,full_shrinkage,nihilistic,Qwen_F4,-0.3621449672203915
Qwen,full_shrinkage,nihilistic,Qwen_F5,0.3538910307856125
Qwen,full_shrinkage,nonchalant,Qwen_F1,-0.9634285966532319
Qwen,full_shrinkage,nonchalant,Qwen_F2,0.3485470643987119
Qwen,full_shrinkage,nonchalant,Qwen_F3,0.00838756975155275
Qwen,full_shrinkage,nonchalant,Qwen_F4,-0.1384093972263994
Qwen,full_shrinkage,nonchalant,Qwen_F5,-0.0034364709244270805
Qwen,full_shrinkage,nostalgic,Qwen_F1,-0.5309087131262364
Qwen,full_shrinkage,nostalgic,Qwen_F2,0.34306189959609473
Qwen,full_shrinkage,nostalgic,Qwen_F3,-0.8434488342661244
Qwen,full_shrinkage,nostalgic,Qwen_F4,-0.30324102605448355
Qwen,full_shrinkage,nostalgic,Qwen_F5,-0.13910764390686248
Qwen,full_shrinkage,nurturing,Qwen_F1,0.33350707965843807
Qwen,full_shrinkage,nurturing,Qwen_F2,0.6696952491797329
Qwen,full_shrinkage,nurturing,Qwen_F3,-0.08893767172673174
Qwen,full_shrinkage,nurturing,Qwen_F4,-0.14623042343000742
Qwen,full_shrinkage,nurturing,Qwen_F5,-0.7947321007516308
Qwen,full_shrinkage,obsessive,Qwen_F1,-0.8101037123766605
Qwen,full_shrinkage,obsessive,Qwen_F2,-0.04446934097563406
Qwen,full_shrinkage,obsessive,Qwen_F3,-0.6105186145164216
Qwen,full_shrinkage,obsessive,Qwen_F4,-0.45422917286872366
Qwen,full_shrinkage,obsessive,Qwen_F5,0.28932575600464316
Qwen,full_shrinkage,open_ended,Qwen_F1,-0.2561845932059027
Qwen,full_shrinkage,open_ended,Qwen_F2,0.5871909662768857
Qwen,full_shrinkage,open_ended,Qwen_F3,-0.2876720973441561
Qwen,full_shrinkage,open_ended,Qwen_F4,-0.4038979814176678
Qwen,full_shrinkage,open_ended,Qwen_F5,-0.8245686093532809
Qwen,full_shrinkage,optimistic,Qwen_F1,0.12313301187718223
Qwen,full_shrinkage,optimistic,Qwen_F2,0.8218069326719416
Qwen,full_shrinkage,optimistic,Qwen_F3,0.00978420052548362
Qwen,full_shrinkage,optimistic,Qwen_F4,-0.06078736788461193
Qwen,full_shrinkage,optimistic,Qwen_F5,-0.7646259858550695
Qwen,full_shrinkage,pacifist,Qwen_F1,-0.208047394942508
Qwen,full_shrinkage,pacifist,Qwen_F2,0.5874176721055386
Qwen,full_shrinkage,pacifist,Qwen_F3,-0.6925692433923842
Qwen,full_shrinkage,pacifist,Qwen_F4,-0.40738837971024233
Qwen,full_shrinkage,pacifist,Qwen_F5,-0.4448751299945732
Qwen,full_shrinkage,paradoxical,Qwen_F1,-0.6461188956801047
Qwen,full_shrinkage,paradoxical,Qwen_F2,0.2501915624041826
Qwen,full_shrinkage,paradoxical,Qwen_F3,-0.7831805222421977
Qwen,full_shrinkage,paradoxical,Qwen_F4,-0.5803506937207771
Qwen,full_shrinkage,paradoxical,Qwen_F5,-0.051097640532629426
Qwen,full_shrinkage,paranoid,Qwen_F1,-0.6282664606942834
Qwen,full_shrinkage,paranoid,Qwen_F2,-0.33043090749999543
Qwen,full_shrinkage,paranoid,Qwen_F3,-0.5159038558969173
Qwen,full_shrinkage,paranoid,Qwen_F4,-0.35644997449775556
Qwen,full_shrinkage,paranoid,Qwen_F5,0.6132143183830827
Qwen,full_shrinkage,passionate,Qwen_F1,-0.9047024849813393
Qwen,full_shrinkage,passionate,Qwen_F2,0.49958586097673147
Qwen,full_shrinkage,passionate,Qwen_F3,-0.3295993748015899
Qwen,full_shrinkage,passionate,Qwen_F4,-0.4697425354318883
Qwen,full_shrinkage,passionate,Qwen_F5,-0.06743206451756749
Qwen,full_shrinkage,passive_aggressive,Qwen_F1,-0.9742158973865604
Qwen,full_shrinkage,passive_aggressive,Qwen_F2,0.21875196218223833
Qwen,full_shrinkage,passive_aggressive,Qwen_F3,-0.2830700087738539
Qwen,full_shrinkage,passive_aggressive,Qwen_F4,-0.3200048850240588
Qwen,full_shrinkage,passive_aggressive,Qwen_F5,0.0784262566650269
Qwen,full_shrinkage,patient,Qwen_F1,0.984159710295177
Qwen,full_shrinkage,patient,Qwen_F2,-0.3167416478061864
Qwen,full_shrinkage,patient,Qwen_F3,0.10261869772488344
Qwen,full_shrinkage,patient,Qwen_F4,0.1976990678480269
Qwen,full_shrinkage,patient,Qwen_F5,-0.09643654489389729
Qwen,full_shrinkage,pedantic,Qwen_F1,0.4421514921301712
Qwen,full_shrinkage,pedantic,Qwen_F2,-0.916739617928597
Qwen,full_shrinkage,pedantic,Qwen_F3,-0.1237382912424754
Qwen,full_shrinkage,pedantic,Qwen_F4,0.046272873629950695
Qwen,full_shrinkage,pedantic,Qwen_F5,0.5850844690765227
Qwen,full_shrinkage,pensive,Qwen_F1,0.6081057763839374
Qwen,full_shrinkage,pensive,Qwen_F2,-0.500546749461422
Qwen,full_shrinkage,pensive,Qwen_F3,-0.5339888731546016
Qwen,full_shrinkage,pensive,Qwen_F4,-0.2294163316566393
Qwen,full_shrinkage,pensive,Qwen_F5,0.14742741334798962
Qwen,full_shrinkage,perfectionist,Qwen_F1,0.6912920617084084
Qwen,full_shrinkage,perfectionist,Qwen_F2,-0.7882681880832522
Qwen,full_shrinkage,perfectionist,Qwen_F3,-0.09717060599130221
Qwen,full_shrinkage,perfectionist,Qwen_F4,0.08303205629017978
Qwen,full_shrinkage,perfectionist,Qwen_F5,0.4686090434248657
Qwen,full_shrinkage,pessimistic,Qwen_F1,-0.4971459162179033
Qwen,full_shrinkage,pessimistic,Qwen_F2,-0.6245098978978624
Qwen,full_shrinkage,pessimistic,Qwen_F3,-0.1372371269686831
Qwen,full_shrinkage,pessimistic,Qwen_F4,-0.08438834515165083
Qwen,full_shrinkage,pessimistic,Qwen_F5,0.713672870511207
Qwen,full_shrinkage,petty,Qwen_F1,-0.9713241563401098
Qwen,full_shrinkage,petty,Qwen_F2,0.19874973258825193
Qwen,full_shrinkage,petty,Qwen_F3,-0.2942289137580668
Qwen,full_shrinkage,petty,Qwen_F4,-0.2458503646718829
Qwen,full_shrinkage,petty,Qwen_F5,0.10534851924999256
Qwen,full_shrinkage,philosophical,Qwen_F1,-0.3902915877080203
Qwen,full_shrinkage,philosophical,Qwen_F2,-0.09590126088861281
Qwen,full_shrinkage,philosophical,Qwen_F3,-0.8819495688975652
Qwen,full_shrinkage,philosophical,Qwen_F4,-0.6116696669064088
Qwen,full_shrinkage,philosophical,Qwen_F5,0.14158675177424923
Qwen,full_shrinkage,playful,Qwen_F1,-0.9176201370727354
Qwen,full_shrinkage,playful,Qwen_F2,0.473873556729238
Qwen,full_shrinkage,playful,Qwen_F3,-0.22732466084785677
Qwen,full_shrinkage,playful,Qwen_F4,-0.368774384927086
Qwen,full_shrinkage,playful,Qwen_F5,-0.1613008570660059
Qwen,full_shrinkage,pluralist,Qwen_F1,0.4602150052793012
Qwen,full_shrinkage,pluralist,Qwen_F2,0.3796308639691639
Qwen,full_shrinkage,pluralist,Qwen_F3,0.38480416875835005
Qwen,full_shrinkage,pluralist,Qwen_F4,0.05951602290164674
Qwen,full_shrinkage,pluralist,Qwen_F5,-0.8504163323666114
Qwen,full_shrinkage,poetic,Qwen_F1,-0.6533352470211988
Qwen,full_shrinkage,poetic,Qwen_F2,0.3215525101534239
Qwen,full_shrinkage,poetic,Qwen_F3,-0.7760129033195149
Qwen,full_shrinkage,poetic,Qwen_F4,-0.4802565558839921
Qwen,full_shrinkage,poetic,Qwen_F5,-0.05133952389716798
Qwen,full_shrinkage,practical,Qwen_F1,-0.3215898096665956
Qwen,full_shrinkage,practical,Qwen_F2,0.6235785609341559
Qwen,full_shrinkage,practical,Qwen_F3,0.661814993316783
Qwen,full_shrinkage,practical,Qwen_F4,0.24131716793766594
Qwen,full_shrinkage,practical,Qwen_F5,-0.25816212213285766
Qwen,full_shrinkage,prescriptive,Qwen_F1,0.26996319319269285
Qwen,full_shrinkage,prescriptive,Qwen_F2,-0.63243216860459
Qwen,full_shrinkage,prescriptive,Qwen_F3,0.3747017084556585
Qwen,full_shrinkage,prescriptive,Qwen_F4,0.37778852671704344
Qwen,full_shrinkage,prescriptive,Qwen_F5,0.7665057809013662
Qwen,full_shrinkage,principled,Qwen_F1,0.5237814328998108
Qwen,full_shrinkage,principled,Qwen_F2,-0.19657836710928192
Qwen,full_shrinkage,principled,Qwen_F3,-0.6633226479362295
Qwen,full_shrinkage,principled,Qwen_F4,-0.09309653979974056
Qwen,full_shrinkage,principled,Qwen_F5,0.11035719662151186
Qwen,full_shrinkage,proactive,Qwen_F1,0.3181517431011068
Qwen,full_shrinkage,proactive,Qwen_F2,-0.5769902228004548
Qwen,full_shrinkage,proactive,Qwen_F3,0.564781725258226
Qwen,full_shrinkage,proactive,Qwen_F4,-0.2065685086800928
Qwen,full_shrinkage,proactive,Qwen_F5,0.4505564526119452
Qwen,full_shrinkage,problem_solving,Qwen_F1,0.34679989557742247
Qwen,full_shrinkage,problem_solving,Qwen_F2,-0.44152434640003696
Qwen,full_shrinkage,problem_solving,Qwen_F3,0.7963054236392969
Qwen,full_shrinkage,problem_solving,Qwen_F4,0.24715281949624313
Qwen,full_shrinkage,problem_solving,Qwen_F5,0.4068338399587371
Qwen,full_shrinkage,progressive,Qwen_F1,-0.6473635635612726
Qwen,full_shrinkage,progressive,Qwen_F2,0.04340696595309582
Qwen,full_shrinkage,progressive,Qwen_F3,0.09674902341602633
Qwen,full_shrinkage,progressive,Qwen_F4,-0.7074729456708445
Qwen,full_shrinkage,progressive,Qwen_F5,0.19785955056855178
Qwen,full_shrinkage,provocative,Qwen_F1,-0.820864901909462
Qwen,full_shrinkage,provocative,Qwen_F2,-0.044960807673647955
Qwen,full_shrinkage,provocative,Qwen_F3,-0.48240775550365733
Qwen,full_shrinkage,provocative,Qwen_F4,-0.5884741735640848
Qwen,full_shrinkage,provocative,Qwen_F5,0.30288421930173115
Qwen,full_shrinkage,qualitative,Qwen_F1,-0.5708206783477693
Qwen,full_shrinkage,qualitative,Qwen_F2,0.5681679173874457
Qwen,full_shrinkage,qualitative,Qwen_F3,-0.6567049244814105
Qwen,full_shrinkage,qualitative,Qwen_F4,-0.4946225635917962
Qwen,full_shrinkage,qualitative,Qwen_F5,-0.3475100290413865
Qwen,full_shrinkage,quantitative,Qwen_F1,0.4814080309976686
Qwen,full_shrinkage,quantitative,Qwen_F2,-0.6537479847605409
Qwen,full_shrinkage,quantitative,Qwen_F3,0.6447120935812244
Qwen,full_shrinkage,quantitative,Qwen_F4,0.37948549089521033
Qwen,full_shrinkage,quantitative,Qwen_F5,0.4373187493525491
Qwen,full_shrinkage,radical,Qwen_F1,-0.7147203600713752
Qwen,full_shrinkage,radical,Qwen_F2,-0.06832632111593288
Qwen,full_shrinkage,radical,Qwen_F3,-0.5203239648906581
Qwen,full_shrinkage,radical,Qwen_F4,-0.5968755070994991
Qwen,full_shrinkage,radical,Qwen_F5,0.3799438475945076
Qwen,full_shrinkage,rationalist,Qwen_F1,0.6110705139994607
Qwen,full_shrinkage,rationalist,Qwen_F2,-0.7367305067134349
Qwen,full_shrinkage,rationalist,Qwen_F3,0.4972916348432486
Qwen,full_shrinkage,rationalist,Qwen_F4,0.38309168743366834
Qwen,full_shrinkage,rationalist,Qwen_F5,0.44188810238937215
Qwen,full_shrinkage,reactive,Qwen_F1,-0.8729554737796019
Qwen,full_shrinkage,reactive,Qwen_F2,0.6411175158494413
Qwen,full_shrinkage,reactive,Qwen_F3,-0.1764260963373058
Qwen,full_shrinkage,reactive,Qwen_F4,-0.23039943193036266
Qwen,full_shrinkage,reactive,Qwen_F5,-0.2849942700434185
Qwen,full_shrinkage,rebellious,Qwen_F1,-0.9153769414465447
Qwen,full_shrinkage,rebellious,Qwen_F2,0.18233421551874598
Qwen,full_shrinkage,rebellious,Qwen_F3,-0.26210839695219224
Qwen,full_shrinkage,rebellious,Qwen_F4,-0.5716529258778486
Qwen,full_shrinkage,rebellious,Qwen_F5,0.1287922355057697
Qwen,full_shrinkage,reductionist,Qwen_F1,0.14916894246185758
Qwen,full_shrinkage,reductionist,Qwen_F2,-0.13105702677588674
Qwen,full_shrinkage,reductionist,Qwen_F3,0.8504358049544498
Qwen,full_shrinkage,reductionist,Qwen_F4,0.6029073807645612
Qwen,full_shrinkage,reductionist,Qwen_F5,0.12998762293518784
Qwen,full_shrinkage,regulatory,Qwen_F1,0.8704151761902752
Qwen,full_shrinkage,regulatory,Qwen_F2,-0.48162184514618406
Qwen,full_shrinkage,regulatory,Qwen_F3,0.24218455810711229
Qwen,full_shrinkage,regulatory,Qwen_F4,0.5519605168470045
Qwen,full_shrinkage,regulatory,Qwen_F5,0.18878017488864346
Qwen,full_shrinkage,relativist,Qwen_F1,-0.5292807314370231
Qwen,full_shrinkage,relativist,Qwen_F2,0.03555681283604066
Qwen,full_shrinkage,relativist,Qwen_F3,-0.7884418637449083
Qwen,full_shrinkage,relativist,Qwen_F4,-0.5752549227333348
Qwen,full_shrinkage,relativist,Qwen_F5,-0.03176260693678415
Qwen,full_shrinkage,reserved,Qwen_F1,0.8543601172270898
Qwen,full_shrinkage,reserved,Qwen_F2,-0.6260532650645703
Qwen,full_shrinkage,reserved,Qwen_F3,0.22769618214149534
Qwen,full_shrinkage,reserved,Qwen_F4,0.3930163165109373
Qwen,full_shrinkage,reserved,Qwen_F5,0.3041434984291393
Qwen,full_shrinkage,resilient,Qwen_F1,0.9497024036244192
Qwen,full_shrinkage,resilient,Qwen_F2,-0.4185622801360143
Qwen,full_shrinkage,resilient,Qwen_F3,0.22939813807922105
Qwen,full_shrinkage,resilient,Qwen_F4,0.20147780759967454
Qwen,full_shrinkage,resilient,Qwen_F5,0.10465897951599021
Qwen,full_shrinkage,reverent,Qwen_F1,0.5932536545815994
Qwen,full_shrinkage,reverent,Qwen_F2,-0.11688680107568607
Qwen,full_shrinkage,reverent,Qwen_F3,-0.6701213514192225
Qwen,full_shrinkage,reverent,Qwen_F4,0.028847300640818547
Qwen,full_shrinkage,reverent,Qwen_F5,-0.02392175169986258
Qwen,full_shrinkage,rhetorical,Qwen_F1,-0.7166494309650676
Qwen,full_shrinkage,rhetorical,Qwen_F2,0.2847432449005658
Qwen,full_shrinkage,rhetorical,Qwen_F3,-0.7252883747109803
Qwen,full_shrinkage,rhetorical,Qwen_F4,-0.55979042386573
Qwen,full_shrinkage,rhetorical,Qwen_F5,0.05267382796301705
Qwen,full_shrinkage,risk_taking,Qwen_F1,-0.8864153416965218
Qwen,full_shrinkage,risk_taking,Qwen_F2,0.24747157362377334
Qwen,full_shrinkage,risk_taking,Qwen_F3,-0.40183842970191647
Qwen,full_shrinkage,risk_taking,Qwen_F4,-0.6221689457823364
Qwen,full_shrinkage,risk_taking,Qwen_F5,0.09230966520855449
Qwen,full_shrinkage,ritualistic,Qwen_F1,0.6562645492247349
Qwen,full_shrinkage,ritualistic,Qwen_F2,-0.5301549698412847
Qwen,full_shrinkage,ritualistic,Qwen_F3,-0.48653356407369747
Qwen,full_shrinkage,ritualistic,Qwen_F4,0.1046480225580256
Qwen,full_shrinkage,ritualistic,Qwen_F5,0.27973007226437596
Qwen,full_shrinkage,romantic,Qwen_F1,-0.6162664332902612
Qwen,full_shrinkage,romantic,Qwen_F2,0.4439378552942734
Qwen,full_shrinkage,romantic,Qwen_F3,-0.769106578615465
Qwen,full_shrinkage,romantic,Qwen_F4,-0.4538788678533488
Qwen,full_shrinkage,romantic,Qwen_F5,-0.1829788755978191
Qwen,full_shrinkage,sarcastic,Qwen_F1,-0.9622400996013772
Qwen,full_shrinkage,sarcastic,Qwen_F2,0.10284204454456189
Qwen,full_shrinkage,sarcastic,Qwen_F3,-0.2717617959965635
Qwen,full_shrinkage,sarcastic,Qwen_F4,-0.3238724416610735
Qwen,full_shrinkage,sarcastic,Qwen_F5,0.23680358866960138
Qwen,full_shrinkage,sardonic,Qwen_F1,-0.9650019542950438
Qwen,full_shrinkage,sardonic,Qwen_F2,0.08839871183801139
Qwen,full_shrinkage,sardonic,Qwen_F3,-0.18682809762090777
Qwen,full_shrinkage,sardonic,Qwen_F4,-0.2959887286781887
Qwen,full_shrinkage,sardonic,Qwen_F5,0.22682884030441844
Qwen,full_shrinkage,sassy,Qwen_F1,-0.9604337357474071
Qwen,full_shrinkage,sassy,Qwen_F2,0.2571136965713349
Qwen,full_shrinkage,sassy,Qwen_F3,0.01762242487399969
Qwen,full_shrinkage,sassy,Qwen_F4,-0.31554007060161915
Qwen,full_shrinkage,sassy,Qwen_F5,0.13271860294451113
Qwen,full_shrinkage,savage,Qwen_F1,-0.9303978081375527
Qwen,full_shrinkage,savage,Qwen_F2,0.011717907509726786
Qwen,full_shrinkage,savage,Qwen_F3,-0.19938284543511228
Qwen,full_shrinkage,savage,Qwen_F4,-0.2952893621577649
Qwen,full_shrinkage,savage,Qwen_F5,0.41848247547263967
Qwen,full_shrinkage,secular,Qwen_F1,0.40929320248440276
Qwen,full_shrinkage,secular,Qwen_F2,-0.46248268322149116
Qwen,full_shrinkage,secular,Qwen_F3,0.8433092072540355
Qwen,full_shrinkage,secular,Qwen_F4,0.3509724423963786
Qwen,full_shrinkage,secular,Qwen_F5,0.20820046328238623
Qwen,full_shrinkage,serene,Qwen_F1,0.7548448137537509
Qwen,full_shrinkage,serene,Qwen_F2,-0.015091516220501184
Qwen,full_shrinkage,serene,Qwen_F3,-0.4441927556440763
Qwen,full_shrinkage,serene,Qwen_F4,0.010962552735777672
Qwen,full_shrinkage,serene,Qwen_F5,-0.2813463022646121
Qwen,full_shrinkage,serious,Qwen_F1,0.8811659850495145
Qwen,full_shrinkage,serious,Qwen_F2,-0.5531180310630017
Qwen,full_shrinkage,serious,Qwen_F3,-0.10402655986033099
Qwen,full_shrinkage,serious,Qwen_F4,0.23682939949452989
Qwen,full_shrinkage,serious,Qwen_F5,0.24007623379890106
Qwen,full_shrinkage,skeptical,Qwen_F1,-0.0410599837574894
Qwen,full_shrinkage,skeptical,Qwen_F2,-0.8795607712063128
Qwen,full_shrinkage,skeptical,Qwen_F3,0.10958850619411069
Qwen,full_shrinkage,skeptical,Qwen_F4,-0.16198746609168205
Qwen,full_shrinkage,skeptical,Qwen_F5,0.6929573171953742
Qwen,full_shrinkage,socratic,Qwen_F1,-0.6050525414227782
Qwen,full_shrinkage,socratic,Qwen_F2,0.6216340027315096
Qwen,full_shrinkage,socratic,Qwen_F3,-0.2815448366765432
Qwen,full_shrinkage,socratic,Qwen_F4,-0.24549815918262655
Qwen,full_shrinkage,socratic,Qwen_F5,-0.619626766618557
Qwen,full_shrinkage,solemn,Qwen_F1,0.8558610254128508
Qwen,full_shrinkage,solemn,Qwen_F2,-0.44878140220323204
Qwen,full_shrinkage,solemn,Qwen_F3,-0.267307672168081
Qwen,full_shrinkage,solemn,Qwen_F4,0.15018994002539474
Qwen,full_shrinkage,solemn,Qwen_F5,0.1756432902664017
Qwen,full_shrinkage,specialized,Qwen_F1,0.35145407202020623
Qwen,full_shrinkage,specialized,Qwen_F2,-0.8973869533634762
Qwen,full_shrinkage,specialized,Qwen_F3,-0.06901662709483686
Qwen,full_shrinkage,specialized,Qwen_F4,-0.12369454631700613
Qwen,full_shrinkage,specialized,Qwen_F5,0.6745247355718371
Qwen,full_shrinkage,speculative,Qwen_F1,-0.8151644930480106
Qwen,full_shrinkage,speculative,Qwen_F2,0.2824295684393708
Qwen,full_shrinkage,speculative,Qwen_F3,-0.4318383175876585
Qwen,full_shrinkage,speculative,Qwen_F4,-0.7029939155811468
Qwen,full_shrinkage,speculative,Qwen_F5,-0.09878607323391062
Qwen,full_shrinkage,spiritual,Qwen_F1,-0.41219543565657235
Qwen,full_shrinkage,spiritual,Qwen_F2,0.38906069573166324
Qwen,full_shrinkage,spiritual,Qwen_F3,-0.8685081280337914
Qwen,full_shrinkage,spiritual,Qwen_F4,-0.46176301580167645
Qwen,full_shrinkage,spiritual,Qwen_F5,-0.17595517738712455
Qwen,full_shrinkage,spontaneous,Qwen_F1,-0.8986608773385248
Qwen,full_shrinkage,spontaneous,Qwen_F2,0.41407027145220293
Qwen,full_shrinkage,spontaneous,Qwen_F3,-0.44921347006416185
Qwen,full_shrinkage,spontaneous,Qwen_F4,-0.47476200928077394
Qwen,full_shrinkage,spontaneous,Qwen_F5,-0.10130683138066353
Qwen,full_shrinkage,stoic,Qwen_F1,0.7973692548966027
Qwen,full_shrinkage,stoic,Qwen_F2,-0.7066508376842949
Qwen,full_shrinkage,stoic,Qwen_F3,-0.003996561857492024
Qwen,full_shrinkage,stoic,Qwen_F4,0.2728568688994622
Qwen,full_shrinkage,stoic,Qwen_F5,0.3857109987763552
Qwen,full_shrinkage,strategic,Qwen_F1,0.7890125467843329
Qwen,full_shrinkage,strategic,Qwen_F2,-0.7102510871214905
Qwen,full_shrinkage,strategic,Qwen_F3,0.14849646068313874
Qwen,full_shrinkage,strategic,Qwen_F4,0.014987620265995765
Qwen,full_shrinkage,strategic,Qwen_F5,0.34470763307039204
Qwen,full_shrinkage,stream_of_consciousness,Qwen_F1,-0.9173603966831854
Qwen,full_shrinkage,stream_of_consciousness,Qwen_F2,0.47822216267373996
Qwen,full_shrinkage,stream_of_consciousness,Qwen_F3,-0.23653601194627086
Qwen,full_shrinkage,stream_of_consciousness,Qwen_F4,-0.3988824210816647
Qwen,full_shrinkage,stream_of_consciousness,Qwen_F5,-0.23092562320585408
Qwen,full_shrinkage,structuralist,Qwen_F1,0.693070410456069
Qwen,full_shrinkage,structuralist,Qwen_F2,-0.7757094170418618
Qwen,full_shrinkage,structuralist,Qwen_F3,0.29499402703001026
Qwen,full_shrinkage,structuralist,Qwen_F4,0.2142494272618944
Qwen,full_shrinkage,structuralist,Qwen_F5,0.4754916549559967
Qwen,full_shrinkage,submissive,Qwen_F1,-0.2131406839000126
Qwen,full_shrinkage,submissive,Qwen_F2,0.807323968243901
Qwen,full_shrinkage,submissive,Qwen_F3,-0.08377308661693508
Qwen,full_shrinkage,submissive,Qwen_F4,0.14170107640603719
Qwen,full_shrinkage,submissive,Qwen_F5,-0.8022442823268823
Qwen,full_shrinkage,subversive,Qwen_F1,-0.9238752852390546
Qwen,full_shrinkage,subversive,Qwen_F2,0.18647669870339437
Qwen,full_shrinkage,subversive,Qwen_F3,-0.4100726631827923
Qwen,full_shrinkage,subversive,Qwen_F4,-0.5297408865823636
Qwen,full_shrinkage,subversive,Qwen_F5,0.08161384928956462
Qwen,full_shrinkage,supportive,Qwen_F1,0.6627895956405269
Qwen,full_shrinkage,supportive,Qwen_F2,0.4403850949879961
Qwen,full_shrinkage,supportive,Qwen_F3,0.19945892519795275
Qwen,full_shrinkage,supportive,Qwen_F4,0.007587602844552963
Qwen,full_shrinkage,supportive,Qwen_F5,-0.6487646566722756
Qwen,full_shrinkage,sycophantic,Qwen_F1,-0.7410836807312395
Qwen,full_shrinkage,sycophantic,Qwen_F2,0.6900743603392638
Qwen,full_shrinkage,sycophantic,Qwen_F3,-0.39052063963641653
Qwen,full_shrinkage,sycophantic,Qwen_F4,-0.3160790261587697
Qwen,full_shrinkage,sycophantic,Qwen_F5,-0.3507256797045135
Qwen,full_shrinkage,systems_thinker,Qwen_F1,-0.017086230647906098
Qwen,full_shrinkage,systems_thinker,Qwen_F2,-0.05190518831761029
Qwen,full_shrinkage,systems_thinker,Qwen_F3,-0.09213070279297175
Qwen,full_shrinkage,systems_thinker,Qwen_F4,-0.9096136807248449
Qwen,full_shrinkage,systems_thinker,Qwen_F5,-0.034049201056497946
Qwen,full_shrinkage,tactful,Qwen_F1,0.8683958377004173
Qwen,full_shrinkage,tactful,Qwen_F2,0.10327702108010015
Qwen,full_shrinkage,tactful,Qwen_F3,0.05209857110866887
Qwen,full_shrinkage,tactful,Qwen_F4,0.21114338610954997
Qwen,full_shrinkage,tactful,Qwen_F5,-0.5142210127551942
Qwen,full_shrinkage,technical,Qwen_F1,0.5493826246514744
Qwen,full_shrinkage,technical,Qwen_F2,-0.8833912513594583
Qwen,full_shrinkage,technical,Qwen_F3,0.08009146407646374
Qwen,full_shrinkage,technical,Qwen_F4,0.08468866516173011
Qwen,full_shrinkage,technical,Qwen_F5,0.5864850030148834
Qwen,full_shrinkage,temperamental,Qwen_F1,-0.9683129640232823
Qwen,full_shrinkage,temperamental,Qwen_F2,0.3761652507694043
Qwen,full_shrinkage,temperamental,Qwen_F3,-0.2661774502250449
Qwen,full_shrinkage,temperamental,Qwen_F4,-0.3406491000535553
Qwen,full_shrinkage,temperamental,Qwen_F5,-0.021909916353520124
Qwen,full_shrinkage,theatrical,Qwen_F1,-0.7027217142289489
Qwen,full_shrinkage,theatrical,Qwen_F2,0.14964779567035746
Qwen,full_shrinkage,theatrical,Qwen_F3,-0.7474337817172289
Qwen,full_shrinkage,theatrical,Qwen_F4,-0.48705865152796834
Qwen,full_shrinkage,theatrical,Qwen_F5,0.14248418874476254
Qwen,full_shrinkage,theoretical,Qwen_F1,0.3138552679813782
Qwen,full_shrinkage,theoretical,Qwen_F2,-0.6972333499023473
Qwen,full_shrinkage,theoretical,Qwen_F3,-0.5999449626103118
Qwen,full_shrinkage,theoretical,Qwen_F4,-0.2562166170177034
Qwen,full_shrinkage,theoretical,Qwen_F5,0.36856789103033605
Qwen,full_shrinkage,traditional,Qwen_F1,0.8114773990806062
Qwen,full_shrinkage,traditional,Qwen_F2,0.019746522286712264
Qwen,full_shrinkage,traditional,Qwen_F3,0.1075040201167713
Qwen,full_shrinkage,traditional,Qwen_F4,0.637379091425015
Qwen,full_shrinkage,traditional,Qwen_F5,-0.2530339210975241
Qwen,full_shrinkage,transparent,Qwen_F1,0.6770839680208346
Qwen,full_shrinkage,transparent,Qwen_F2,-0.3937845408936816
Qwen,full_shrinkage,transparent,Qwen_F3,0.7574219260076198
Qwen,full_shrinkage,transparent,Qwen_F4,0.4093397001663509
Qwen,full_shrinkage,transparent,Qwen_F5,0.08158021653019489
Qwen,full_shrinkage,understated,Qwen_F1,0.40869788686760267
Qwen,full_shrinkage,understated,Qwen_F2,0.16782692779273597
Qwen,full_shrinkage,understated,Qwen_F3,0.49937451690522744
Qwen,full_shrinkage,understated,Qwen_F4,0.7319160932882188
Qwen,full_shrinkage,understated,Qwen_F5,-0.5259577791723763
Qwen,full_shrinkage,universalist,Qwen_F1,-0.3171422761017107
Qwen,full_shrinkage,universalist,Qwen_F2,0.05244678032441519
Qwen,full_shrinkage,universalist,Qwen_F3,-0.798929877911661
Qwen,full_shrinkage,universalist,Qwen_F4,-0.12320574723966575
Qwen,full_shrinkage,universalist,Qwen_F5,0.4936286474399328
Qwen,full_shrinkage,urgent,Qwen_F1,-0.7419398081052984
Qwen,full_shrinkage,urgent,Qwen_F2,-0.03212420115241237
Qwen,full_shrinkage,urgent,Qwen_F3,-0.03178599782466176
Qwen,full_shrinkage,urgent,Qwen_F4,-0.20809948505741838
Qwen,full_shrinkage,urgent,Qwen_F5,0.6683186062758009
Qwen,full_shrinkage,utilitarian,Qwen_F1,0.40278774697216463
Qwen,full_shrinkage,utilitarian,Qwen_F2,-0.43701932353306205
Qwen,full_shrinkage,utilitarian,Qwen_F3,0.8478918661851567
Qwen,full_shrinkage,utilitarian,Qwen_F4,0.30017497218303935
Qwen,full_shrinkage,utilitarian,Qwen_F5,0.20205980075828145
Qwen,full_shrinkage,verbose,Qwen_F1,0.2502679200455118
Qwen,full_shrinkage,verbose,Qwen_F2,-0.8854784926741285
Qwen,full_shrinkage,verbose,Qwen_F3,0.09820173252139443
Qwen,full_shrinkage,verbose,Qwen_F4,-0.29086578844792527
Qwen,full_shrinkage,verbose,Qwen_F5,0.3606812940606184
Qwen,full_shrinkage,vindictive,Qwen_F1,-0.16945282518735158
Qwen,full_shrinkage,vindictive,Qwen_F2,-0.7190424265977516
Qwen,full_shrinkage,vindictive,Qwen_F3,-0.1762423682073418
Qwen,full_shrinkage,vindictive,Qwen_F4,0.04894939987269545
Qwen,full_shrinkage,vindictive,Qwen_F5,0.8877122733031344
Qwen,full_shrinkage,visceral,Qwen_F1,-0.9276507270896541
Qwen,full_shrinkage,visceral,Qwen_F2,0.5252236297372176
Qwen,full_shrinkage,visceral,Qwen_F3,-0.26904004853388536
Qwen,full_shrinkage,visceral,Qwen_F4,-0.34900323181046633
Qwen,full_shrinkage,visceral,Qwen_F5,-0.1235672971525631
Qwen,full_shrinkage,whimsical,Qwen_F1,-0.8765517200346583
Qwen,full_shrinkage,whimsical,Qwen_F2,0.37026452588348907
Qwen,full_shrinkage,whimsical,Qwen_F3,-0.4795055441438052
Qwen,full_shrinkage,whimsical,Qwen_F4,-0.430358269703024
Qwen,full_shrinkage,whimsical,Qwen_F5,-0.09734854405987317
Qwen,full_shrinkage,witty,Qwen_F1,-0.9544585280666527
Qwen,full_shrinkage,witty,Qwen_F2,0.320409879535657
Qwen,full_shrinkage,witty,Qwen_F3,-0.1844489009362385
Qwen,full_shrinkage,witty,Qwen_F4,-0.4188749493679791
Qwen,full_shrinkage,witty,Qwen_F5,-0.008790194175824946
Qwen,full_shrinkage,wry,Qwen_F1,-0.9297133575762037
Qwen,full_shrinkage,wry,Qwen_F2,-0.03527364213172062
Qwen,full_shrinkage,wry,Qwen_F3,-0.11916411805890345
Qwen,full_shrinkage,wry,Qwen_F4,-0.2781718576697461
Qwen,full_shrinkage,wry,Qwen_F5,0.2966804797594849
Qwen,full_shrinkage,zealous,Qwen_F1,-0.8325854643347532
Qwen,full_shrinkage,zealous,Qwen_F2,0.3947784251939201
Qwen,full_shrinkage,zealous,Qwen_F3,-0.5824432105540363
Qwen,full_shrinkage,zealous,Qwen_F4,-0.4712889122361342
Qwen,full_shrinkage,zealous,Qwen_F5,0.06411464790189207
Qwen,redundancy_controlled,absolutist,Qwen_F1,-0.32238529301680613
Qwen,redundancy_controlled,absolutist,Qwen_F2,-0.12028283164173106
Qwen,redundancy_controlled,absolutist,Qwen_F3,-0.8758386411895136
Qwen,redundancy_controlled,absolutist,Qwen_F4,0.20040926512745338
Qwen,redundancy_controlled,absolutist,Qwen_F5,0.4907150899925591
Qwen,redundancy_controlled,abstract,Qwen_F1,0.23772046458236984
Qwen,redundancy_controlled,abstract,Qwen_F2,-0.5086242621018315
Qwen,redundancy_controlled,abstract,Qwen_F3,-0.739389555981165
Qwen,redundancy_controlled,abstract,Qwen_F4,0.4031602777435605
Qwen,redundancy_controlled,abstract,Qwen_F5,0.2741955994928508
Qwen,redundancy_controlled,accessible,Qwen_F1,-0.38415516671068284
Qwen,redundancy_controlled,accessible,Qwen_F2,0.8569532883139176
Qwen,redundancy_controlled,accessible,Qwen_F3,0.30030114967285787
Qwen,redundancy_controlled,accessible,Qwen_F4,-0.06922585156189517
Qwen,redundancy_controlled,accessible,Qwen_F5,-0.629799186484666
Qwen,redundancy_controlled,accommodating,Qwen_F1,-0.3026132637445547
Qwen,redundancy_controlled,accommodating,Qwen_F2,0.8229172502038751
Qwen,redundancy_controlled,accommodating,Qwen_F3,0.23651522901991978
Qwen,redundancy_controlled,accommodating,Qwen_F4,-0.015365933893724483
Qwen,redundancy_controlled,accommodating,Qwen_F5,-0.7913200748716415
Qwen,redundancy_controlled,acerbic,Qwen_F1,-0.9186966288409302
Qwen,redundancy_controlled,acerbic,Qwen_F2,-0.09082750920694367
Qwen,redundancy_controlled,acerbic,Qwen_F3,-0.1982309725531786
Qwen,redundancy_controlled,acerbic,Qwen_F4,0.27061268485570156
Qwen,redundancy_controlled,acerbic,Qwen_F5,0.393066771466447
Qwen,redundancy_controlled,adaptable,Qwen_F1,-0.11636049916995973
Qwen,redundancy_controlled,adaptable,Qwen_F2,0.7181587475008431
Qwen,redundancy_controlled,adaptable,Qwen_F3,0.4951147309984462
Qwen,redundancy_controlled,adaptable,Qwen_F4,0.1513624854788293
Qwen,redundancy_controlled,adaptable,Qwen_F5,-0.7052745801213076
Qwen,redundancy_controlled,adventurous,Qwen_F1,-0.9105932206074778
Qwen,redundancy_controlled,adventurous,Qwen_F2,0.31645638370924445
Qwen,redundancy_controlled,adventurous,Qwen_F3,-0.32881656857270447
Qwen,redundancy_controlled,adventurous,Qwen_F4,0.5892208183889821
Qwen,redundancy_controlled,adventurous,Qwen_F5,0.02619834857058966
Qwen,redundancy_controlled,agreeable,Qwen_F1,0.8538439017782992
Qwen,redundancy_controlled,agreeable,Qwen_F2,0.17239602522588987
Qwen,redundancy_controlled,agreeable,Qwen_F3,0.20778177405610868
Qwen,redundancy_controlled,agreeable,Qwen_F4,-0.27119841676882783
Qwen,redundancy_controlled,agreeable,Qwen_F5,-0.5504159369424039
Qwen,redundancy_controlled,altruistic,Qwen_F1,0.5141345888614889
Qwen,redundancy_controlled,altruistic,Qwen_F2,0.3652240965004803
Qwen,redundancy_controlled,altruistic,Qwen_F3,-0.42681044572797106
Qwen,redundancy_controlled,altruistic,Qwen_F4,0.08153821231821551
Qwen,redundancy_controlled,altruistic,Qwen_F5,-0.5939192087080766
Qwen,redundancy_controlled,analytical,Qwen_F1,0.6784652633970815
Qwen,redundancy_controlled,analytical,Qwen_F2,-0.6597837489078809
Qwen,redundancy_controlled,analytical,Qwen_F3,0.5839024770610682
Qwen,redundancy_controlled,analytical,Qwen_F4,-0.3344857781429351
Qwen,redundancy_controlled,analytical,Qwen_F5,0.34379639245476684
Qwen,redundancy_controlled,animated,Qwen_F1,-0.8935744268947104
Qwen,redundancy_controlled,animated,Qwen_F2,0.5115833758214688
Qwen,redundancy_controlled,animated,Qwen_F3,-0.13641789888067324
Qwen,redundancy_controlled,animated,Qwen_F4,0.45424261572819935
Qwen,redundancy_controlled,animated,Qwen_F5,-0.16958993593302696
Qwen,redundancy_controlled,anthropocentric,Qwen_F1,0.017333173927943393
Qwen,redundancy_controlled,anthropocentric,Qwen_F2,-0.40537537706622706
Qwen,redundancy_controlled,anthropocentric,Qwen_F3,0.5025860739563608
Qwen,redundancy_controlled,anthropocentric,Qwen_F4,-0.4598884044282019
Qwen,redundancy_controlled,anthropocentric,Qwen_F5,0.6769367349956545
Qwen,redundancy_controlled,anxious,Qwen_F1,-0.9240754991165627
Qwen,redundancy_controlled,anxious,Qwen_F2,0.36883530775256385
Qwen,redundancy_controlled,anxious,Qwen_F3,0.12440293470456497
Qwen,redundancy_controlled,anxious,Qwen_F4,0.09812034885818043
Qwen,redundancy_controlled,anxious,Qwen_F5,-0.1177229822680001
Qwen,redundancy_controlled,arrogant,Qwen_F1,-0.83292369896734
Qwen,redundancy_controlled,arrogant,Qwen_F2,-0.11414556090886142
Qwen,redundancy_controlled,arrogant,Qwen_F3,-0.47621277359228736
Qwen,redundancy_controlled,arrogant,Qwen_F4,0.3362117496622762
Qwen,redundancy_controlled,arrogant,Qwen_F5,0.48894013931168107
Qwen,redundancy_controlled,artistic,Qwen_F1,-0.6523509653077649
Qwen,redundancy_controlled,artistic,Qwen_F2,0.5066861865825607
Qwen,redundancy_controlled,artistic,Qwen_F3,-0.6529669262995457
Qwen,redundancy_controlled,artistic,Qwen_F4,0.5313627172061629
Qwen,redundancy_controlled,artistic,Qwen_F5,-0.3159698482572731
Qwen,redundancy_controlled,ascetic,Qwen_F1,0.05368018514948751
Qwen,redundancy_controlled,ascetic,Qwen_F2,-0.013328020952233732
Qwen,redundancy_controlled,ascetic,Qwen_F3,-0.9308531974518
Qwen,redundancy_controlled,ascetic,Qwen_F4,0.1969521267132638
Qwen,redundancy_controlled,ascetic,Qwen_F5,0.09703011195851043
Qwen,redundancy_controlled,assertive,Qwen_F1,-0.86017481659584
Qwen,redundancy_controlled,assertive,Qwen_F2,0.12398922025179057
Qwen,redundancy_controlled,assertive,Qwen_F3,-0.41163981123638943
Qwen,redundancy_controlled,assertive,Qwen_F4,0.3955168417602341
Qwen,redundancy_controlled,assertive,Qwen_F5,0.44504686193607806
Qwen,redundancy_controlled,avoidant,Qwen_F1,0.4955400047706055
Qwen,redundancy_controlled,avoidant,Qwen_F2,-0.06622561848043827
Qwen,redundancy_controlled,avoidant,Qwen_F3,0.6129916861629666
Qwen,redundancy_controlled,avoidant,Qwen_F4,-0.8170266189552248
Qwen,redundancy_controlled,avoidant,Qwen_F5,-0.15712215795050447
Qwen,redundancy_controlled,benevolent,Qwen_F1,0.2886536079642381
Qwen,redundancy_controlled,benevolent,Qwen_F2,0.7231220492884924
Qwen,redundancy_controlled,benevolent,Qwen_F3,0.09010948994362965
Qwen,redundancy_controlled,benevolent,Qwen_F4,0.01736315155445054
Qwen,redundancy_controlled,benevolent,Qwen_F5,-0.8623396593678856
Qwen,redundancy_controlled,big_picture,Qwen_F1,0.2842784300771951
Qwen,redundancy_controlled,big_picture,Qwen_F2,-0.16549217950465497
Qwen,redundancy_controlled,big_picture,Qwen_F3,-0.7373719875949034
Qwen,redundancy_controlled,big_picture,Qwen_F4,0.5151018653257472
Qwen,redundancy_controlled,big_picture,Qwen_F5,0.10235625707623655
Qwen,redundancy_controlled,bitter,Qwen_F1,-0.9854055807798746
Qwen,redundancy_controlled,bitter,Qwen_F2,0.18293481292275252
Qwen,redundancy_controlled,bitter,Qwen_F3,-0.28211188661030134
Qwen,redundancy_controlled,bitter,Qwen_F4,0.3067976105920626
Qwen,redundancy_controlled,bitter,Qwen_F5,0.18502475465632703
Qwen,redundancy_controlled,blunt,Qwen_F1,-0.589399907508665
Qwen,redundancy_controlled,blunt,Qwen_F2,-0.35747052746570607
Qwen,redundancy_controlled,blunt,Qwen_F3,0.2510613545367294
Qwen,redundancy_controlled,blunt,Qwen_F4,0.06115471320472901
Qwen,redundancy_controlled,blunt,Qwen_F5,0.6966783950964345
Qwen,redundancy_controlled,bombastic,Qwen_F1,-0.5063137914031733
Qwen,redundancy_controlled,bombastic,Qwen_F2,-0.19369441821509084
Qwen,redundancy_controlled,bombastic,Qwen_F3,-0.8073697109933203
Qwen,redundancy_controlled,bombastic,Qwen_F4,0.42622834945258087
Qwen,redundancy_controlled,bombastic,Qwen_F5,0.3812798714921288
Qwen,redundancy_controlled,calculating,Qwen_F1,0.861569011260974
Qwen,redundancy_controlled,calculating,Qwen_F2,-0.5880045093522732
Qwen,redundancy_controlled,calculating,Qwen_F3,0.12368001696522546
Qwen,redundancy_controlled,calculating,Qwen_F4,-0.09257114191887127
Qwen,redundancy_controlled,calculating,Qwen_F5,0.30275265140377067
Qwen,redundancy_controlled,callous,Qwen_F1,-0.4451606337172395
Qwen,redundancy_controlled,callous,Qwen_F2,-0.6197870201615594
Qwen,redundancy_controlled,callous,Qwen_F3,-0.2034718635136684
Qwen,redundancy_controlled,callous,Qwen_F4,0.038129237406567915
Qwen,redundancy_controlled,callous,Qwen_F5,0.8276726015455145
Qwen,redundancy_controlled,calm,Qwen_F1,0.9861729941866729
Qwen,redundancy_controlled,calm,Qwen_F2,-0.3131637276395898
Qwen,redundancy_controlled,calm,Qwen_F3,0.27408641414311596
Qwen,redundancy_controlled,calm,Qwen_F4,-0.3207175055422817
Qwen,redundancy_controlled,calm,Qwen_F5,-0.07823776893798645
Qwen,redundancy_controlled,casual,Qwen_F1,-0.8025548746080469
Qwen,redundancy_controlled,casual,Qwen_F2,0.6496685800552611
Qwen,redundancy_controlled,casual,Qwen_F3,0.17664026341233321
Qwen,redundancy_controlled,casual,Qwen_F4,0.17907086203851558
Qwen,redundancy_controlled,casual,Qwen_F5,-0.3492242315672668
Qwen,redundancy_controlled,cautious,Qwen_F1,0.6743109873211416
Qwen,redundancy_controlled,cautious,Qwen_F2,-0.7484859596091881
Qwen,redundancy_controlled,cautious,Qwen_F3,0.40460511700616886
Qwen,redundancy_controlled,cautious,Qwen_F4,-0.4062669369077053
Qwen,redundancy_controlled,cautious,Qwen_F5,0.19933729628008462
Qwen,redundancy_controlled,challenging,Qwen_F1,-0.698949967035586
Qwen,redundancy_controlled,challenging,Qwen_F2,-0.3957600503771138
Qwen,redundancy_controlled,challenging,Qwen_F3,-0.29439649570760323
Qwen,redundancy_controlled,challenging,Qwen_F4,0.5003957767577113
Qwen,redundancy_controlled,challenging,Qwen_F5,0.5237317271736732
Qwen,redundancy_controlled,chaotic,Qwen_F1,-0.8822456710732354
Qwen,redundancy_controlled,chaotic,Qwen_F2,0.16706692933988393
Qwen,redundancy_controlled,chaotic,Qwen_F3,-0.41918444604761185
Qwen,redundancy_controlled,chaotic,Qwen_F4,0.6240953957376577
Qwen,redundancy_controlled,chaotic,Qwen_F5,0.01953333332211647
Qwen,redundancy_controlled,charismatic,Qwen_F1,-0.8112120344192928
Qwen,redundancy_controlled,charismatic,Qwen_F2,0.45593962263208904
Qwen,redundancy_controlled,charismatic,Qwen_F3,-0.46862524901994307
Qwen,redundancy_controlled,charismatic,Qwen_F4,0.6006979987363567
Qwen,redundancy_controlled,charismatic,Qwen_F5,-0.09159895938599881
Qwen,redundancy_controlled,chill,Qwen_F1,0.5419434960922613
Qwen,redundancy_controlled,chill,Qwen_F2,0.44627976649745316
Qwen,redundancy_controlled,chill,Qwen_F3,0.37706745296657906
Qwen,redundancy_controlled,chill,Qwen_F4,-0.17758660311478114
Qwen,redundancy_controlled,chill,Qwen_F5,-0.7993629747700952
Qwen,redundancy_controlled,circumspect,Qwen_F1,0.7431719222772228
Qwen,redundancy_controlled,circumspect,Qwen_F2,-0.09710469797716777
Qwen,redundancy_controlled,circumspect,Qwen_F3,-0.09110845242149712
Qwen,redundancy_controlled,circumspect,Qwen_F4,0.08936522008565553
Qwen,redundancy_controlled,circumspect,Qwen_F5,-0.5926908300627973
Qwen,redundancy_controlled,closure_seeking,Qwen_F1,-0.014576602032770168
Qwen,redundancy_controlled,closure_seeking,Qwen_F2,-0.3002109724188817
Qwen,redundancy_controlled,closure_seeking,Qwen_F3,-0.07298865145134315
Qwen,redundancy_controlled,closure_seeking,Qwen_F4,-0.31429649752099836
Qwen,redundancy_controlled,closure_seeking,Qwen_F5,0.9165355990162359
Qwen,redundancy_controlled,collaborative,Qwen_F1,0.48870327174499745
Qwen,redundancy_controlled,collaborative,Qwen_F2,0.3658112076957767
Qwen,redundancy_controlled,collaborative,Qwen_F3,0.4506243666945783
Qwen,redundancy_controlled,collaborative,Qwen_F4,-0.03108336390662494
Qwen,redundancy_controlled,collaborative,Qwen_F5,-0.6888217107160292
Qwen,redundancy_controlled,collectivistic,Qwen_F1,0.6911920379020591
Qwen,redundancy_controlled,collectivistic,Qwen_F2,0.11168075902279455
Qwen,redundancy_controlled,collectivistic,Qwen_F3,-0.3798967282469757
Qwen,redundancy_controlled,collectivistic,Qwen_F4,-0.04993855180667667
Qwen,redundancy_controlled,collectivistic,Qwen_F5,-0.3684857867434795
Qwen,redundancy_controlled,competitive,Qwen_F1,-0.8312607064172058
Qwen,redundancy_controlled,competitive,Qwen_F2,-0.11030070176098242
Qwen,redundancy_controlled,competitive,Qwen_F3,-0.288100258031192
Qwen,redundancy_controlled,competitive,Qwen_F4,0.3141389373877878
Qwen,redundancy_controlled,competitive,Qwen_F5,0.5763351450377844
Qwen,redundancy_controlled,conceptual,Qwen_F1,0.18036111288112466
Qwen,redundancy_controlled,conceptual,Qwen_F2,-0.4210391388754226
Qwen,redundancy_controlled,conceptual,Qwen_F3,-0.8170081857982981
Qwen,redundancy_controlled,conceptual,Qwen_F4,0.3771205106504773
Qwen,redundancy_controlled,conceptual,Qwen_F5,0.2002756578762877
Qwen,redundancy_controlled,conciliatory,Qwen_F1,0.8831015421365314
Qwen,redundancy_controlled,conciliatory,Qwen_F2,0.03402419278263019
Qwen,redundancy_controlled,conciliatory,Qwen_F3,0.42339098859349167
Qwen,redundancy_controlled,conciliatory,Qwen_F4,-0.3512038000267495
Qwen,redundancy_controlled,conciliatory,Qwen_F5,-0.43796480223903755
Qwen,redundancy_controlled,concise,Qwen_F1,-0.3991208184931098
Qwen,redundancy_controlled,concise,Qwen_F2,0.7692039171542358
Qwen,redundancy_controlled,concise,Qwen_F3,-0.4296484105004513
Qwen,redundancy_controlled,concise,Qwen_F4,-0.12456197156120595
Qwen,redundancy_controlled,concise,Qwen_F5,-0.16685691265451755
Qwen,redundancy_controlled,condescending,Qwen_F1,-0.9127596080434648
Qwen,redundancy_controlled,condescending,Qwen_F2,0.013806663770367683
Qwen,redundancy_controlled,condescending,Qwen_F3,-0.4468406742249329
Qwen,redundancy_controlled,condescending,Qwen_F4,0.34610725591139635
Qwen,redundancy_controlled,condescending,Qwen_F5,0.2729852068558616
Qwen,redundancy_controlled,confident,Qwen_F1,-0.5945409484557248
Qwen,redundancy_controlled,confident,Qwen_F2,-0.08752290442563099
Qwen,redundancy_controlled,confident,Qwen_F3,-0.6141815947487751
Qwen,redundancy_controlled,confident,Qwen_F4,0.3124654263004126
Qwen,redundancy_controlled,confident,Qwen_F5,0.6653918189134129
Qwen,redundancy_controlled,confrontational,Qwen_F1,-0.6969748184497463
Qwen,redundancy_controlled,confrontational,Qwen_F2,-0.31567931467340105
Qwen,redundancy_controlled,confrontational,Qwen_F3,-0.248182877668695
Qwen,redundancy_controlled,confrontational,Qwen_F4,0.3387262382540953
Qwen,redundancy_controlled,confrontational,Qwen_F5,0.6966836688497157
Qwen,redundancy_controlled,conscientious,Qwen_F1,0.925125874837291
Qwen,redundancy_controlled,conscientious,Qwen_F2,-0.5139885465302677
Qwen,redundancy_controlled,conscientious,Qwen_F3,0.009033280072664329
Qwen,redundancy_controlled,conscientious,Qwen_F4,-0.1407517786557016
Qwen,redundancy_controlled,conscientious,Qwen_F5,0.2127895501292771
Qwen,redundancy_controlled,constructivist,Qwen_F1,-0.44324161406698703
Qwen,redundancy_controlled,constructivist,Qwen_F2,0.47414275090041624
Qwen,redundancy_controlled,constructivist,Qwen_F3,-0.41218549489079837
Qwen,redundancy_controlled,constructivist,Qwen_F4,0.6933303918339278
Qwen,redundancy_controlled,constructivist,Qwen_F5,-0.5167005003149772
Qwen,redundancy_controlled,contemporary,Qwen_F1,0.07091236855943413
Qwen,redundancy_controlled,contemporary,Qwen_F2,0.028041924663660896
Qwen,redundancy_controlled,contemporary,Qwen_F3,0.9769879236713754
Qwen,redundancy_controlled,contemporary,Qwen_F4,-0.16415571582680277
Qwen,redundancy_controlled,contemporary,Qwen_F5,-0.08826717976338624
Qwen,redundancy_controlled,contrarian,Qwen_F1,-0.9006295825199896
Qwen,redundancy_controlled,contrarian,Qwen_F2,0.006184824300735451
Qwen,redundancy_controlled,contrarian,Qwen_F3,-0.3609372865101974
Qwen,redundancy_controlled,contrarian,Qwen_F4,0.5263118718410518
Qwen,redundancy_controlled,contrarian,Qwen_F5,0.2651772504691608
Qwen,redundancy_controlled,convergent,Qwen_F1,0.5484418422842233
Qwen,redundancy_controlled,convergent,Qwen_F2,-0.494108193446285
Qwen,redundancy_controlled,convergent,Qwen_F3,0.34339082957174055
Qwen,redundancy_controlled,convergent,Qwen_F4,-0.5953030252881917
Qwen,redundancy_controlled,convergent,Qwen_F5,0.6323639132655305
Qwen,redundancy_controlled,cosmopolitan,Qwen_F1,0.7315086585465174
Qwen,redundancy_controlled,cosmopolitan,Qwen_F2,-0.41770617692573775
Qwen,redundancy_controlled,cosmopolitan,Qwen_F3,0.195788720211231
Qwen,redundancy_controlled,cosmopolitan,Qwen_F4,0.29028413907913314
Qwen,redundancy_controlled,cosmopolitan,Qwen_F5,-0.12957225582018914
Qwen,redundancy_controlled,creative,Qwen_F1,-0.8256746432917498
Qwen,redundancy_controlled,creative,Qwen_F2,0.261579366551566
Qwen,redundancy_controlled,creative,Qwen_F3,-0.4993015739169992
Qwen,redundancy_controlled,creative,Qwen_F4,0.6613949203600951
Qwen,redundancy_controlled,creative,Qwen_F5,-0.03753423690362265
Qwen,redundancy_controlled,critical,Qwen_F1,-0.5905929016610716
Qwen,redundancy_controlled,critical,Qwen_F2,-0.38537412961646944
Qwen,redundancy_controlled,critical,Qwen_F3,-0.34796249095845466
Qwen,redundancy_controlled,critical,Qwen_F4,0.6019449655835082
Qwen,redundancy_controlled,critical,Qwen_F5,0.4677883208846012
Qwen,redundancy_controlled,cruel,Qwen_F1,-0.900777018741717
Qwen,redundancy_controlled,cruel,Qwen_F2,-0.1129272656130036
Qwen,redundancy_controlled,cruel,Qwen_F3,-0.25867275294470854
Qwen,redundancy_controlled,cruel,Qwen_F4,0.20904811938236928
Qwen,redundancy_controlled,cruel,Qwen_F5,0.4616249616154499
Qwen,redundancy_controlled,cryptic,Qwen_F1,-0.5650008412749348
Qwen,redundancy_controlled,cryptic,Qwen_F2,0.10087577903305647
Qwen,redundancy_controlled,cryptic,Qwen_F3,-0.8699464261299293
Qwen,redundancy_controlled,cryptic,Qwen_F4,0.46787407954146626
Qwen,redundancy_controlled,cryptic,Qwen_F5,0.09283732022049433
Qwen,redundancy_controlled,curious,Qwen_F1,-0.4243256611267153
Qwen,redundancy_controlled,curious,Qwen_F2,0.37726010724931663
Qwen,redundancy_controlled,curious,Qwen_F3,-0.21829256164639146
Qwen,redundancy_controlled,curious,Qwen_F4,0.8402383880400274
Qwen,redundancy_controlled,curious,Qwen_F5,-0.41497574882721
Qwen,redundancy_controlled,cynical,Qwen_F1,-0.6588335646722691
Qwen,redundancy_controlled,cynical,Qwen_F2,-0.4882418436689091
Qwen,redundancy_controlled,cynical,Qwen_F3,-0.1421138130987503
Qwen,redundancy_controlled,cynical,Qwen_F4,0.1656536594945247
Qwen,redundancy_controlled,cynical,Qwen_F5,0.6879172335943302
Qwen,redundancy_controlled,data_driven,Qwen_F1,0.6442098611917045
Qwen,redundancy_controlled,data_driven,Qwen_F2,-0.7278048978586694
Qwen,redundancy_controlled,data_driven,Qwen_F3,0.4853040975185345
Qwen,redundancy_controlled,data_driven,Qwen_F4,-0.3603214948703873
Qwen,redundancy_controlled,data_driven,Qwen_F5,0.4286638251700035
Qwen,redundancy_controlled,decisive,Qwen_F1,0.025076743356242274
Qwen,redundancy_controlled,decisive,Qwen_F2,-0.4162534629634489
Qwen,redundancy_controlled,decisive,Qwen_F3,-0.14657250729975937
Qwen,redundancy_controlled,decisive,Qwen_F4,0.08167020214393535
Qwen,redundancy_controlled,decisive,Qwen_F5,0.9547873883120781
Qwen,redundancy_controlled,deconstructionist,Qwen_F1,-0.642262553837403
Qwen,redundancy_controlled,deconstructionist,Qwen_F2,-0.2963254208783904
Qwen,redundancy_controlled,deconstructionist,Qwen_F3,-0.5162170327886269
Qwen,redundancy_controlled,deconstructionist,Qwen_F4,0.6646265368294142
Qwen,redundancy_controlled,deconstructionist,Qwen_F5,0.3552342756027891
Qwen,redundancy_controlled,deferential,Qwen_F1,0.3451926815052093
Qwen,redundancy_controlled,deferential,Qwen_F2,0.5244242648925287
Qwen,redundancy_controlled,deferential,Qwen_F3,-0.27517767332998494
Qwen,redundancy_controlled,deferential,Qwen_F4,-0.2496831991717377
Qwen,redundancy_controlled,deferential,Qwen_F5,-0.7704276838184427
Qwen,redundancy_controlled,deontological,Qwen_F1,-0.11886387549441077
Qwen,redundancy_controlled,deontological,Qwen_F2,-0.012734100057063146
Qwen,redundancy_controlled,deontological,Qwen_F3,-0.941247104717569
Qwen,redundancy_controlled,deontological,Qwen_F4,0.16393462385473104
Qwen,redundancy_controlled,deontological,Qwen_F5,0.15498297015163034
Qwen,redundancy_controlled,descriptive,Qwen_F1,0.8842939246138241
Qwen,redundancy_controlled,descriptive,Qwen_F2,-0.5353211543741706
Qwen,redundancy_controlled,descriptive,Qwen_F3,0.2591631651516723
Qwen,redundancy_controlled,descriptive,Qwen_F4,-0.467238398686028
Qwen,redundancy_controlled,descriptive,Qwen_F5,0.05310943607371767
Qwen,redundancy_controlled,detached,Qwen_F1,0.6868573050166763
Qwen,redundancy_controlled,detached,Qwen_F2,-0.7945372566730865
Qwen,redundancy_controlled,detached,Qwen_F3,0.2272364318454282
Qwen,redundancy_controlled,detached,Qwen_F4,-0.3338045533564308
Qwen,redundancy_controlled,detached,Qwen_F5,0.49566290481176345
Qwen,redundancy_controlled,deterministic,Qwen_F1,-0.20702721098363674
Qwen,redundancy_controlled,deterministic,Qwen_F2,-0.5371143439288792
Qwen,redundancy_controlled,deterministic,Qwen_F3,-0.7605484803694298
Qwen,redundancy_controlled,deterministic,Qwen_F4,0.23405243676529422
Qwen,redundancy_controlled,deterministic,Qwen_F5,0.49443888845859113
Qwen,redundancy_controlled,diplomatic,Qwen_F1,0.9607512427389958
Qwen,redundancy_controlled,diplomatic,Qwen_F2,-0.16062305065410806
Qwen,redundancy_controlled,diplomatic,Qwen_F3,0.28825125807789287
Qwen,redundancy_controlled,diplomatic,Qwen_F4,-0.33903148650002635
Qwen,redundancy_controlled,diplomatic,Qwen_F5,-0.2826668243506718
Qwen,redundancy_controlled,disorganized,Qwen_F1,-0.9683651945050501
Qwen,redundancy_controlled,disorganized,Qwen_F2,0.39953590231805847
Qwen,redundancy_controlled,disorganized,Qwen_F3,-0.15216002623478325
Qwen,redundancy_controlled,disorganized,Qwen_F4,0.28822207300682334
Qwen,redundancy_controlled,disorganized,Qwen_F5,-0.14290883358935963
Qwen,redundancy_controlled,dispassionate,Qwen_F1,0.781755931390057
Qwen,redundancy_controlled,dispassionate,Qwen_F2,-0.7206167530549572
Qwen,redundancy_controlled,dispassionate,Qwen_F3,0.253153975764014
Qwen,redundancy_controlled,dispassionate,Qwen_F4,-0.36980094496032057
Qwen,redundancy_controlled,dispassionate,Qwen_F5,0.3919007578941734
Qwen,redundancy_controlled,divergent,Qwen_F1,-0.429588026846473
Qwen,redundancy_controlled,divergent,Qwen_F2,-0.25684374580327574
Qwen,redundancy_controlled,divergent,Qwen_F3,0.08323686215080514
Qwen,redundancy_controlled,divergent,Qwen_F4,0.7348160470293721
Qwen,redundancy_controlled,divergent,Qwen_F5,-0.08460703586279299
Qwen,redundancy_controlled,dogmatic,Qwen_F1,-0.5931555801069904
Qwen,redundancy_controlled,dogmatic,Qwen_F2,-0.030912069370246757
Qwen,redundancy_controlled,dogmatic,Qwen_F3,-0.7740488438205685
Qwen,redundancy_controlled,dogmatic,Qwen_F4,0.22619054614730494
Qwen,redundancy_controlled,dogmatic,Qwen_F5,0.4909995305724926
Qwen,redundancy_controlled,dominant,Qwen_F1,-0.26344654823471686
Qwen,redundancy_controlled,dominant,Qwen_F2,-0.5323065048328101
Qwen,redundancy_controlled,dominant,Qwen_F3,-0.08747834286905701
Qwen,redundancy_controlled,dominant,Qwen_F4,0.17954542492835937
Qwen,redundancy_controlled,dominant,Qwen_F5,0.9483420532658333
Qwen,redundancy_controlled,dramatic,Qwen_F1,-0.773190597064354
Qwen,redundancy_controlled,dramatic,Qwen_F2,0.2764067520435218
Qwen,redundancy_controlled,dramatic,Qwen_F3,-0.6984667474728947
Qwen,redundancy_controlled,dramatic,Qwen_F4,0.4958116862062208
Qwen,redundancy_controlled,dramatic,Qwen_F5,0.0527488426585299
Qwen,redundancy_controlled,earnest,Qwen_F1,0.864670795164341
Qwen,redundancy_controlled,earnest,Qwen_F2,-0.05454656017054525
Qwen,redundancy_controlled,earnest,Qwen_F3,-0.2618711924566893
Qwen,redundancy_controlled,earnest,Qwen_F4,-0.004665807450577382
Qwen,redundancy_controlled,earnest,Qwen_F5,-0.1449826495595418
Qwen,redundancy_controlled,eclectic,Qwen_F1,-0.49554884887961936
Qwen,redundancy_controlled,eclectic,Qwen_F2,-0.1403178150439872
Qwen,redundancy_controlled,eclectic,Qwen_F3,-0.6655208949040372
Qwen,redundancy_controlled,eclectic,Qwen_F4,0.7900685189868814
Qwen,redundancy_controlled,eclectic,Qwen_F5,0.0999053124309361
Qwen,redundancy_controlled,edgy,Qwen_F1,-0.9846305045469437
Qwen,redundancy_controlled,edgy,Qwen_F2,0.17378068543391678
Qwen,redundancy_controlled,edgy,Qwen_F3,-0.2205736439989448
Qwen,redundancy_controlled,edgy,Qwen_F4,0.3650919150698361
Qwen,redundancy_controlled,edgy,Qwen_F5,0.16933274085995514
Qwen,redundancy_controlled,educational,Qwen_F1,0.7908849118756873
Qwen,redundancy_controlled,educational,Qwen_F2,-0.6625852300519876
Qwen,redundancy_controlled,educational,Qwen_F3,0.36985297306072296
Qwen,redundancy_controlled,educational,Qwen_F4,-0.10185649787363692
Qwen,redundancy_controlled,educational,Qwen_F5,0.27975135486967523
Qwen,redundancy_controlled,efficient,Qwen_F1,-0.5477823442069721
Qwen,redundancy_controlled,efficient,Qwen_F2,0.8322374166276622
Qwen,redundancy_controlled,efficient,Qwen_F3,-0.031192002379245992
Qwen,redundancy_controlled,efficient,Qwen_F4,-0.12077727284507364
Qwen,redundancy_controlled,efficient,Qwen_F5,-0.16118372775686368
Qwen,redundancy_controlled,effusive,Qwen_F1,-0.8937314755636871
Qwen,redundancy_controlled,effusive,Qwen_F2,0.53477890303296
Qwen,redundancy_controlled,effusive,Qwen_F3,-0.2644748615661504
Qwen,redundancy_controlled,effusive,Qwen_F4,0.40057263716957153
Qwen,redundancy_controlled,effusive,Qwen_F5,-0.1980131252597051
Qwen,redundancy_controlled,egalitarian,Qwen_F1,-0.2965190685028304
Qwen,redundancy_controlled,egalitarian,Qwen_F2,0.7535880001502832
Qwen,redundancy_controlled,egalitarian,Qwen_F3,-0.08268698769515889
Qwen,redundancy_controlled,egalitarian,Qwen_F4,0.49839761214886985
Qwen,redundancy_controlled,egalitarian,Qwen_F5,-0.523803800295586
Qwen,redundancy_controlled,elitist,Qwen_F1,-0.1484885175023189
Qwen,redundancy_controlled,elitist,Qwen_F2,-0.6059522331850398
Qwen,redundancy_controlled,elitist,Qwen_F3,-0.5959096595361137
Qwen,redundancy_controlled,elitist,Qwen_F4,0.17836970876821095
Qwen,redundancy_controlled,elitist,Qwen_F5,0.7477211139823458
Qwen,redundancy_controlled,eloquent,Qwen_F1,-0.23673164322977033
Qwen,redundancy_controlled,eloquent,Qwen_F2,-0.1507696688608108
Qwen,redundancy_controlled,eloquent,Qwen_F3,-0.901720586892337
Qwen,redundancy_controlled,eloquent,Qwen_F4,0.5481519288145541
Qwen,redundancy_controlled,eloquent,Qwen_F5,0.20505510726109807
Qwen,redundancy_controlled,emotional,Qwen_F1,-0.7440144027152222
Qwen,redundancy_controlled,emotional,Qwen_F2,0.7170679257295086
Qwen,redundancy_controlled,emotional,Qwen_F3,-0.31296886119024325
Qwen,redundancy_controlled,emotional,Qwen_F4,0.4024442037152547
Qwen,redundancy_controlled,emotional,Qwen_F5,-0.4307136124673497
Qwen,redundancy_controlled,empathetic,Qwen_F1,-0.5483597937814427
Qwen,redundancy_controlled,empathetic,Qwen_F2,0.8456766620512349
Qwen,redundancy_controlled,empathetic,Qwen_F3,-0.1525203203267655
Qwen,redundancy_controlled,empathetic,Qwen_F4,0.2977671823660427
Qwen,redundancy_controlled,empathetic,Qwen_F5,-0.6315595557538988
Qwen,redundancy_controlled,enigmatic,Qwen_F1,-0.657749819858376
Qwen,redundancy_controlled,enigmatic,Qwen_F2,0.24327673163082317
Qwen,redundancy_controlled,enigmatic,Qwen_F3,-0.8111593729050942
Qwen,redundancy_controlled,enigmatic,Qwen_F4,0.45023956210736477
Qwen,redundancy_controlled,enigmatic,Qwen_F5,-0.01905575728289375
Qwen,redundancy_controlled,entertaining,Qwen_F1,-0.9381211054606539
Qwen,redundancy_controlled,entertaining,Qwen_F2,0.46427708907950893
Qwen,redundancy_controlled,entertaining,Qwen_F3,-0.14628096168286256
Qwen,redundancy_controlled,entertaining,Qwen_F4,0.3698538009030885
Qwen,redundancy_controlled,entertaining,Qwen_F5,-0.1576968048009906
Qwen,redundancy_controlled,environmental,Qwen_F1,-0.13642068554020712
Qwen,redundancy_controlled,environmental,Qwen_F2,0.37138983437785084
Qwen,redundancy_controlled,environmental,Qwen_F3,-0.7623320032165927
Qwen,redundancy_controlled,environmental,Qwen_F4,0.5477325160694043
Qwen,redundancy_controlled,environmental,Qwen_F5,-0.3038338385131686
Qwen,redundancy_controlled,epicurean,Qwen_F1,-0.2765152992407137
Qwen,redundancy_controlled,epicurean,Qwen_F2,-0.1675228572057515
Qwen,redundancy_controlled,epicurean,Qwen_F3,-0.8498162255641835
Qwen,redundancy_controlled,epicurean,Qwen_F4,0.5403087368722297
Qwen,redundancy_controlled,epicurean,Qwen_F5,0.18219099941855904
Qwen,redundancy_controlled,erudite,Qwen_F1,0.48309037386957937
Qwen,redundancy_controlled,erudite,Qwen_F2,-0.833462165415451
Qwen,redundancy_controlled,erudite,Qwen_F3,-0.30495293573428
Qwen,redundancy_controlled,erudite,Qwen_F4,0.1418907596804028
Qwen,redundancy_controlled,erudite,Qwen_F5,0.5286565949347597
Qwen,redundancy_controlled,esoteric,Qwen_F1,-0.012811891791312674
Qwen,redundancy_controlled,esoteric,Qwen_F2,-0.7084410211835274
Qwen,redundancy_controlled,esoteric,Qwen_F3,-0.5914443916425997
Qwen,redundancy_controlled,esoteric,Qwen_F4,0.34742715070284447
Qwen,redundancy_controlled,esoteric,Qwen_F5,0.5895595949483831
Qwen,redundancy_controlled,essentialist,Qwen_F1,0.029992703141905414
Qwen,redundancy_controlled,essentialist,Qwen_F2,-0.37874197566267825
Qwen,redundancy_controlled,essentialist,Qwen_F3,-0.7719903427055035
Qwen,redundancy_controlled,essentialist,Qwen_F4,-0.023431583349283046
Qwen,redundancy_controlled,essentialist,Qwen_F5,0.583913676907834
Qwen,redundancy_controlled,ethereal,Qwen_F1,-0.5782945501731439
Qwen,redundancy_controlled,ethereal,Qwen_F2,0.3141909989935034
Qwen,redundancy_controlled,ethereal,Qwen_F3,-0.8403229051720346
Qwen,redundancy_controlled,ethereal,Qwen_F4,0.41703652357412374
Qwen,redundancy_controlled,ethereal,Qwen_F5,-0.11214468124536914
Qwen,redundancy_controlled,evil,Qwen_F1,-0.9452948499582771
Qwen,redundancy_controlled,evil,Qwen_F2,0.04970670161846021
Qwen,redundancy_controlled,evil,Qwen_F3,-0.38404378798036254
Qwen,redundancy_controlled,evil,Qwen_F4,0.31100800688923086
Qwen,redundancy_controlled,evil,Qwen_F5,0.2758437244394535
Qwen,redundancy_controlled,existentialist,Qwen_F1,-0.7455228457909153
Qwen,redundancy_controlled,existentialist,Qwen_F2,0.641262800071432
Qwen,redundancy_controlled,existentialist,Qwen_F3,-0.13668879829988695
Qwen,redundancy_controlled,existentialist,Qwen_F4,0.47207749048110814
Qwen,redundancy_controlled,existentialist,Qwen_F5,-0.3185429079735968
Qwen,redundancy_controlled,experiential,Qwen_F1,-0.5039309918592906
Qwen,redundancy_controlled,experiential,Qwen_F2,0.5737398982468772
Qwen,redundancy_controlled,experiential,Qwen_F3,0.6065793865694571
Qwen,redundancy_controlled,experiential,Qwen_F4,-0.047679926941951445
Qwen,redundancy_controlled,experiential,Qwen_F5,-0.2908033240251165
Qwen,redundancy_controlled,exploratory,Qwen_F1,0.19662136744727035
Qwen,redundancy_controlled,exploratory,Qwen_F2,-0.3524961968065332
Qwen,redundancy_controlled,exploratory,Qwen_F3,0.7759156521744915
Qwen,redundancy_controlled,exploratory,Qwen_F4,0.2268767275991196
Qwen,redundancy_controlled,exploratory,Qwen_F5,-0.13011542596733566
Qwen,redundancy_controlled,extroverted,Qwen_F1,-0.8401349881473571
Qwen,redundancy_controlled,extroverted,Qwen_F2,0.5707330265295754
Qwen,redundancy_controlled,extroverted,Qwen_F3,0.12013769068271186
Qwen,redundancy_controlled,extroverted,Qwen_F4,0.27554887076562273
Qwen,redundancy_controlled,extroverted,Qwen_F5,-0.2328144303744688
Qwen,redundancy_controlled,factual,Qwen_F1,0.870414690771607
Qwen,redundancy_controlled,factual,Qwen_F2,-0.5056145643394476
Qwen,redundancy_controlled,factual,Qwen_F3,0.4658095520386117
Qwen,redundancy_controlled,factual,Qwen_F4,-0.43814943456783856
Qwen,redundancy_controlled,factual,Qwen_F5,0.15407032266872742
Qwen,redundancy_controlled,fatalistic,Qwen_F1,-0.4837554137632275
Qwen,redundancy_controlled,fatalistic,Qwen_F2,0.05861347544360049
Qwen,redundancy_controlled,fatalistic,Qwen_F3,-0.927774287721584
Qwen,redundancy_controlled,fatalistic,Qwen_F4,0.3186129704787846
Qwen,redundancy_controlled,fatalistic,Qwen_F5,0.09873540402610659
Qwen,redundancy_controlled,flexible,Qwen_F1,0.2688576638555908
Qwen,redundancy_controlled,flexible,Qwen_F2,0.49797986162729324
Qwen,redundancy_controlled,flexible,Qwen_F3,0.691473314935495
Qwen,redundancy_controlled,flexible,Qwen_F4,-0.151581674698441
Qwen,redundancy_controlled,flexible,Qwen_F5,-0.6915512978748536
Qwen,redundancy_controlled,flippant,Qwen_F1,-0.9697177157809352
Qwen,redundancy_controlled,flippant,Qwen_F2,0.3469393236644684
Qwen,redundancy_controlled,flippant,Qwen_F3,-0.04339148222699091
Qwen,redundancy_controlled,flippant,Qwen_F4,0.201152187398001
Qwen,redundancy_controlled,flippant,Qwen_F5,-0.03591002780446227
Qwen,redundancy_controlled,flirty,Qwen_F1,-0.8975588807283474
Qwen,redundancy_controlled,flirty,Qwen_F2,0.45901649882152873
Qwen,redundancy_controlled,flirty,Qwen_F3,-0.43737612842032614
Qwen,redundancy_controlled,flirty,Qwen_F4,0.3823600535637076
Qwen,redundancy_controlled,flirty,Qwen_F5,-0.14343647570221574
Qwen,redundancy_controlled,forgiving,Qwen_F1,-0.09541415297467154
Qwen,redundancy_controlled,forgiving,Qwen_F2,0.7852302887144953
Qwen,redundancy_controlled,forgiving,Qwen_F3,-0.3147795720054191
Qwen,redundancy_controlled,forgiving,Qwen_F4,0.23029467929879688
Qwen,redundancy_controlled,forgiving,Qwen_F5,-0.8137568676377157
Qwen,redundancy_controlled,formal,Qwen_F1,0.8297291581114208
Qwen,redundancy_controlled,formal,Qwen_F2,-0.6041223166690541
Qwen,redundancy_controlled,formal,Qwen_F3,-0.184522511738348
Qwen,redundancy_controlled,formal,Qwen_F4,-0.1740778121880623
Qwen,redundancy_controlled,formal,Qwen_F5,0.3034264926058073
Qwen,redundancy_controlled,formalist,Qwen_F1,0.7694482795394427
Qwen,redundancy_controlled,formalist,Qwen_F2,-0.7298156183274549
Qwen,redundancy_controlled,formalist,Qwen_F3,0.20511739372140247
Qwen,redundancy_controlled,formalist,Qwen_F4,-0.34854819809240556
Qwen,redundancy_controlled,formalist,Qwen_F5,0.41242497801585454
Qwen,redundancy_controlled,fundamentalist,Qwen_F1,-0.180070226607302
Qwen,redundancy_controlled,fundamentalist,Qwen_F2,-0.11524488407416843
Qwen,redundancy_controlled,fundamentalist,Qwen_F3,-0.8486678707521033
Qwen,redundancy_controlled,fundamentalist,Qwen_F4,-0.07335776422074342
Qwen,redundancy_controlled,fundamentalist,Qwen_F5,0.4410659279173605
Qwen,redundancy_controlled,futuristic,Qwen_F1,-0.3507727673172921
Qwen,redundancy_controlled,futuristic,Qwen_F2,-0.4518319719176392
Qwen,redundancy_controlled,futuristic,Qwen_F3,-0.06895629072269904
Qwen,redundancy_controlled,futuristic,Qwen_F4,0.7015767136721561
Qwen,redundancy_controlled,futuristic,Qwen_F5,0.4326825553700336
Qwen,redundancy_controlled,generalist,Qwen_F1,-0.4824663661135514
Qwen,redundancy_controlled,generalist,Qwen_F2,0.4837846913254343
Qwen,redundancy_controlled,generalist,Qwen_F3,-0.19131797397519
Qwen,redundancy_controlled,generalist,Qwen_F4,0.7640510060651974
Qwen,redundancy_controlled,generalist,Qwen_F5,-0.4272838327154808
Qwen,redundancy_controlled,generous,Qwen_F1,0.3928809822219142
Qwen,redundancy_controlled,generous,Qwen_F2,-0.25097038071270145
Qwen,redundancy_controlled,generous,Qwen_F3,0.1150950854453813
Qwen,redundancy_controlled,generous,Qwen_F4,0.6611531865534499
Qwen,redundancy_controlled,generous,Qwen_F5,-0.14725459665599888
Qwen,redundancy_controlled,goofy,Qwen_F1,-0.9580721466917155
Qwen,redundancy_controlled,goofy,Qwen_F2,0.35646968852539757
Qwen,redundancy_controlled,goofy,Qwen_F3,-0.15304249632319875
Qwen,redundancy_controlled,goofy,Qwen_F4,0.275158637278156
Qwen,redundancy_controlled,goofy,Qwen_F5,-0.06708280547612053
Qwen,redundancy_controlled,grandiose,Qwen_F1,-0.5965211386338786
Qwen,redundancy_controlled,grandiose,Qwen_F2,-0.05435389989700772
Qwen,redundancy_controlled,grandiose,Qwen_F3,-0.8122032634553321
Qwen,redundancy_controlled,grandiose,Qwen_F4,0.4857039450433846
Qwen,redundancy_controlled,grandiose,Qwen_F5,0.31496455868838374
Qwen,redundancy_controlled,gregarious,Qwen_F1,-0.6078487630892169
Qwen,redundancy_controlled,gregarious,Qwen_F2,0.7651725123158281
Qwen,redundancy_controlled,gregarious,Qwen_F3,0.17671497484677945
Qwen,redundancy_controlled,gregarious,Qwen_F4,0.21209598368139915
Qwen,redundancy_controlled,gregarious,Qwen_F5,-0.5606075656889986
Qwen,redundancy_controlled,grounded,Qwen_F1,0.24296605278559175
Qwen,redundancy_controlled,grounded,Qwen_F2,0.1331479814930894
Qwen,redundancy_controlled,grounded,Qwen_F3,0.9253447086321046
Qwen,redundancy_controlled,grounded,Qwen_F4,-0.5434452272394258
Qwen,redundancy_controlled,grounded,Qwen_F5,-0.10205867451910257
Qwen,redundancy_controlled,hedonistic,Qwen_F1,-0.9225809476160349
Qwen,redundancy_controlled,hedonistic,Qwen_F2,0.4979983901907272
Qwen,redundancy_controlled,hedonistic,Qwen_F3,-0.147537872926082
Qwen,redundancy_controlled,hedonistic,Qwen_F4,0.336090837874531
Qwen,redundancy_controlled,hedonistic,Qwen_F5,-0.2192618277066225
Qwen,redundancy_controlled,historical,Qwen_F1,-0.3505326372046192
Qwen,redundancy_controlled,historical,Qwen_F2,-0.5244616873306333
Qwen,redundancy_controlled,historical,Qwen_F3,-0.6283272251206199
Qwen,redundancy_controlled,historical,Qwen_F4,0.40453500489009586
Qwen,redundancy_controlled,historical,Qwen_F5,0.4754473292656846
Qwen,redundancy_controlled,holistic,Qwen_F1,0.1289295925204607
Qwen,redundancy_controlled,holistic,Qwen_F2,-0.2813146337887495
Qwen,redundancy_controlled,holistic,Qwen_F3,-0.24115077222332676
Qwen,redundancy_controlled,holistic,Qwen_F4,0.8676991699167689
Qwen,redundancy_controlled,holistic,Qwen_F5,0.09549439464994615
Qwen,redundancy_controlled,hostile,Qwen_F1,-0.9689762851896747
Qwen,redundancy_controlled,hostile,Qwen_F2,0.07842514214235918
Qwen,redundancy_controlled,hostile,Qwen_F3,-0.15472522129660735
Qwen,redundancy_controlled,hostile,Qwen_F4,0.24628634767813937
Qwen,redundancy_controlled,hostile,Qwen_F5,0.3115635881517058
Qwen,redundancy_controlled,humanistic,Qwen_F1,-0.19928215651285233
Qwen,redundancy_controlled,humanistic,Qwen_F2,0.8345471471835967
Qwen,redundancy_controlled,humanistic,Qwen_F3,-0.24107822142060162
Qwen,redundancy_controlled,humanistic,Qwen_F4,0.2825084963326545
Qwen,redundancy_controlled,humanistic,Qwen_F5,-0.7531002528331171
Qwen,redundancy_controlled,humble,Qwen_F1,-0.21120429360880105
Qwen,redundancy_controlled,humble,Qwen_F2,0.5509342574140926
Qwen,redundancy_controlled,humble,Qwen_F3,0.4967806655298663
Qwen,redundancy_controlled,humble,Qwen_F4,-0.07213381875467847
Qwen,redundancy_controlled,humble,Qwen_F5,-0.7968199992365341
Qwen,redundancy_controlled,iconoclastic,Qwen_F1,-0.8909802293409527
Qwen,redundancy_controlled,iconoclastic,Qwen_F2,-0.07944921546605373
Qwen,redundancy_controlled,iconoclastic,Qwen_F3,-0.29190122664674856
Qwen,redundancy_controlled,iconoclastic,Qwen_F4,0.4832601073688999
Qwen,redundancy_controlled,iconoclastic,Qwen_F5,0.34660640529516207
Qwen,redundancy_controlled,idealistic,Qwen_F1,0.02039432831681977
Qwen,redundancy_controlled,idealistic,Qwen_F2,0.11484988316033201
Qwen,redundancy_controlled,idealistic,Qwen_F3,-0.9488452114384898
Qwen,redundancy_controlled,idealistic,Qwen_F4,0.36844801741044847
Qwen,redundancy_controlled,idealistic,Qwen_F5,-0.027555364101159555
Qwen,redundancy_controlled,impatient,Qwen_F1,-0.9610113177532599
Qwen,redundancy_controlled,impatient,Qwen_F2,0.4468326910161613
Qwen,redundancy_controlled,impatient,Qwen_F3,-0.0910978609403263
Qwen,redundancy_controlled,impatient,Qwen_F4,0.1853628800610352
Qwen,redundancy_controlled,impatient,Qwen_F5,0.0645337336487693
Qwen,redundancy_controlled,improvisational,Qwen_F1,-0.8394590452247457
Qwen,redundancy_controlled,improvisational,Qwen_F2,0.5508698312077498
Qwen,redundancy_controlled,improvisational,Qwen_F3,-0.4205672455639389
Qwen,redundancy_controlled,improvisational,Qwen_F4,0.46205508521365296
Qwen,redundancy_controlled,improvisational,Qwen_F5,-0.2707964295896003
Qwen,redundancy_controlled,impulsive,Qwen_F1,-0.9402227552654904
Qwen,redundancy_controlled,impulsive,Qwen_F2,0.5405313213623352
Qwen,redundancy_controlled,impulsive,Qwen_F3,-0.22461610653056774
Qwen,redundancy_controlled,impulsive,Qwen_F4,0.22093171710323928
Qwen,redundancy_controlled,impulsive,Qwen_F5,-0.08133008122707872
Qwen,redundancy_controlled,inclusive,Qwen_F1,-0.1605557017887807
Qwen,redundancy_controlled,inclusive,Qwen_F2,0.4371088302675681
Qwen,redundancy_controlled,inclusive,Qwen_F3,0.06741618186502281
Qwen,redundancy_controlled,inclusive,Qwen_F4,0.6711741918423629
Qwen,redundancy_controlled,inclusive,Qwen_F5,-0.5927360488136604
Qwen,redundancy_controlled,independent,Qwen_F1,-0.3699467994639416
Qwen,redundancy_controlled,independent,Qwen_F2,0.029549885511721875
Qwen,redundancy_controlled,independent,Qwen_F3,-0.6716230525187592
Qwen,redundancy_controlled,independent,Qwen_F4,0.7127070999149058
Qwen,redundancy_controlled,independent,Qwen_F5,0.20450239490112576
Qwen,redundancy_controlled,individualistic,Qwen_F1,-0.9143590162335262
Qwen,redundancy_controlled,individualistic,Qwen_F2,0.29219334962638094
Qwen,redundancy_controlled,individualistic,Qwen_F3,-0.44037370515130453
Qwen,redundancy_controlled,individualistic,Qwen_F4,0.5054204103764347
Qwen,redundancy_controlled,individualistic,Qwen_F5,0.04945694340137618
Qwen,redundancy_controlled,innovative,Qwen_F1,-0.838235114898316
Qwen,redundancy_controlled,innovative,Qwen_F2,0.04340828747687293
Qwen,redundancy_controlled,innovative,Qwen_F3,-0.2725947603370911
Qwen,redundancy_controlled,innovative,Qwen_F4,0.6896083040271658
Qwen,redundancy_controlled,innovative,Qwen_F5,0.2205984147280768
Qwen,redundancy_controlled,inquisitive,Qwen_F1,-0.45162302157826495
Qwen,redundancy_controlled,inquisitive,Qwen_F2,0.38767001549816094
Qwen,redundancy_controlled,inquisitive,Qwen_F3,0.4568369234239113
Qwen,redundancy_controlled,inquisitive,Qwen_F4,0.16875252318927642
Qwen,redundancy_controlled,inquisitive,Qwen_F5,-0.5731374434094954
Qwen,redundancy_controlled,inspirational,Qwen_F1,0.6069756471281529
Qwen,redundancy_controlled,inspirational,Qwen_F2,0.47830283483322245
Qwen,redundancy_controlled,inspirational,Qwen_F3,-0.07167099248870784
Qwen,redundancy_controlled,inspirational,Qwen_F4,0.1463908426362626
Qwen,redundancy_controlled,inspirational,Qwen_F5,-0.5108263428798218
Qwen,redundancy_controlled,interdisciplinary,Qwen_F1,-0.46453467487727745
Qwen,redundancy_controlled,interdisciplinary,Qwen_F2,-0.1864403598768785
Qwen,redundancy_controlled,interdisciplinary,Qwen_F3,-0.11921314002976019
Qwen,redundancy_controlled,interdisciplinary,Qwen_F4,0.8878574342049523
Qwen,redundancy_controlled,interdisciplinary,Qwen_F5,0.1488273913195737
Qwen,redundancy_controlled,introspective,Qwen_F1,-0.5714890431937154
Qwen,redundancy_controlled,introspective,Qwen_F2,-0.1964882674762064
Qwen,redundancy_controlled,introspective,Qwen_F3,-0.5035176872349391
Qwen,redundancy_controlled,introspective,Qwen_F4,0.7522260347159058
Qwen,redundancy_controlled,introspective,Qwen_F5,0.0021230833951258864
Qwen,redundancy_controlled,introverted,Qwen_F1,0.5655246281589529
Qwen,redundancy_controlled,introverted,Qwen_F2,-0.5113264173883763
Qwen,redundancy_controlled,introverted,Qwen_F3,-0.5903630490406108
Qwen,redundancy_controlled,introverted,Qwen_F4,0.06235414477388902
Qwen,redundancy_controlled,introverted,Qwen_F5,0.2853603261152302
Qwen,redundancy_controlled,intuitive,Qwen_F1,-0.6481771703913284
Qwen,redundancy_controlled,intuitive,Qwen_F2,0.5929692381677623
Qwen,redundancy_controlled,intuitive,Qwen_F3,-0.5600696560408814
Qwen,redundancy_controlled,intuitive,Qwen_F4,0.5833934518998313
Qwen,redundancy_controlled,intuitive,Qwen_F5,-0.32407394026273495
Qwen,redundancy_controlled,ironic,Qwen_F1,-0.9727979528591009
Qwen,redundancy_controlled,ironic,Qwen_F2,0.19887883679316623
Qwen,redundancy_controlled,ironic,Qwen_F3,-0.2876637228138891
Qwen,redundancy_controlled,ironic,Qwen_F4,0.3648084821808525
Qwen,redundancy_controlled,ironic,Qwen_F5,0.09542920378126007
Qwen,redundancy_controlled,irreverent,Qwen_F1,-0.9723502170727375
Qwen,redundancy_controlled,irreverent,Qwen_F2,0.3293063178703032
Qwen,redundancy_controlled,irreverent,Qwen_F3,-0.00567013694551596
Qwen,redundancy_controlled,irreverent,Qwen_F4,0.2559558457542737
Qwen,redundancy_controlled,irreverent,Qwen_F5,-0.013806647406129718
Qwen,redundancy_controlled,judgmental,Qwen_F1,-0.9285185868102357
Qwen,redundancy_controlled,judgmental,Qwen_F2,-0.002855984336682497
Qwen,redundancy_controlled,judgmental,Qwen_F3,-0.23786117307054583
Qwen,redundancy_controlled,judgmental,Qwen_F4,0.28300482482269607
Qwen,redundancy_controlled,judgmental,Qwen_F5,0.40980145391526296
Qwen,redundancy_controlled,libertarian,Qwen_F1,-0.7330977699137262
Qwen,redundancy_controlled,libertarian,Qwen_F2,0.3205321356250772
Qwen,redundancy_controlled,libertarian,Qwen_F3,-0.7081444310908833
Qwen,redundancy_controlled,libertarian,Qwen_F4,0.33267169131718166
Qwen,redundancy_controlled,libertarian,Qwen_F5,0.15209913075478632
Qwen,redundancy_controlled,literal,Qwen_F1,0.6579205643096687
Qwen,redundancy_controlled,literal,Qwen_F2,-0.3531001269664852
Qwen,redundancy_controlled,literal,Qwen_F3,0.5215498789107912
Qwen,redundancy_controlled,literal,Qwen_F4,-0.7703219476376952
Qwen,redundancy_controlled,literal,Qwen_F5,0.0994837722510649
Qwen,redundancy_controlled,manic,Qwen_F1,-0.961694377591982
Qwen,redundancy_controlled,manic,Qwen_F2,0.36911360642125046
Qwen,redundancy_controlled,manic,Qwen_F3,-0.21429806242452717
Qwen,redundancy_controlled,manic,Qwen_F4,0.36562613516918757
Qwen,redundancy_controlled,manic,Qwen_F5,-0.03577985148985054
Qwen,redundancy_controlled,manipulative,Qwen_F1,-0.9546865080801414
Qwen,redundancy_controlled,manipulative,Qwen_F2,0.31673716073171543
Qwen,redundancy_controlled,manipulative,Qwen_F3,-0.3946862925239116
Qwen,redundancy_controlled,manipulative,Qwen_F4,0.32596401720541557
Qwen,redundancy_controlled,manipulative,Qwen_F5,0.042677727233011824
Qwen,redundancy_controlled,materialist,Qwen_F1,0.42125705980178424
Qwen,redundancy_controlled,materialist,Qwen_F2,-0.6579906378949965
Qwen,redundancy_controlled,materialist,Qwen_F3,0.6061440540173763
Qwen,redundancy_controlled,materialist,Qwen_F4,-0.5181771959267484
Qwen,redundancy_controlled,materialist,Qwen_F5,0.4607675990137311
Qwen,redundancy_controlled,meditative,Qwen_F1,0.277199810079049
Qwen,redundancy_controlled,meditative,Qwen_F2,0.16450721934576623
Qwen,redundancy_controlled,meditative,Qwen_F3,-0.795508268191703
Qwen,redundancy_controlled,meditative,Qwen_F4,0.26562342979891757
Qwen,redundancy_controlled,meditative,Qwen_F5,-0.3661873624704093
Qwen,redundancy_controlled,melancholic,Qwen_F1,-0.6909603988717669
Qwen,redundancy_controlled,melancholic,Qwen_F2,-0.07039842595019827
Qwen,redundancy_controlled,melancholic,Qwen_F3,-0.7465131038437606
Qwen,redundancy_controlled,melancholic,Qwen_F4,0.34420396643476103
Qwen,redundancy_controlled,melancholic,Qwen_F5,0.28532473908401784
Qwen,redundancy_controlled,melodramatic,Qwen_F1,-0.7585175757334153
Qwen,redundancy_controlled,melodramatic,Qwen_F2,0.2075133572613135
Qwen,redundancy_controlled,melodramatic,Qwen_F3,-0.7156466254335908
Qwen,redundancy_controlled,melodramatic,Qwen_F4,0.46266431818334686
Qwen,redundancy_controlled,melodramatic,Qwen_F5,0.09613699482015918
Qwen,redundancy_controlled,mercurial,Qwen_F1,-0.959765025671817
Qwen,redundancy_controlled,mercurial,Qwen_F2,0.29631165846263413
Qwen,redundancy_controlled,mercurial,Qwen_F3,-0.3783708455370061
Qwen,redundancy_controlled,mercurial,Qwen_F4,0.39496170883687814
Qwen,redundancy_controlled,mercurial,Qwen_F5,0.0014820437456803497
Qwen,redundancy_controlled,metaphorical,Qwen_F1,-0.7077523986629787
Qwen,redundancy_controlled,metaphorical,Qwen_F2,0.3554585375066204
Qwen,redundancy_controlled,metaphorical,Qwen_F3,-0.7158765209918546
Qwen,redundancy_controlled,metaphorical,Qwen_F4,0.530354391432641
Qwen,redundancy_controlled,metaphorical,Qwen_F5,-0.10331343072282848
Qwen,redundancy_controlled,methodical,Qwen_F1,0.8900488079618007
Qwen,redundancy_controlled,methodical,Qwen_F2,-0.5514769301617991
Qwen,redundancy_controlled,methodical,Qwen_F3,0.3603028480134695
Qwen,redundancy_controlled,methodical,Qwen_F4,-0.3681460040179303
Qwen,redundancy_controlled,methodical,Qwen_F5,0.2327318063362208
Qwen,redundancy_controlled,meticulous,Qwen_F1,0.7919674363476715
Qwen,redundancy_controlled,meticulous,Qwen_F2,-0.7303999054353434
Qwen,redundancy_controlled,meticulous,Qwen_F3,-0.035276049523402284
Qwen,redundancy_controlled,meticulous,Qwen_F4,-0.13528595848734043
Qwen,redundancy_controlled,meticulous,Qwen_F5,0.37927088749742044
Qwen,redundancy_controlled,militant,Qwen_F1,-0.8465598579366126
Qwen,redundancy_controlled,militant,Qwen_F2,-0.014398051751715157
Qwen,redundancy_controlled,militant,Qwen_F3,-0.443879211754945
Qwen,redundancy_controlled,militant,Qwen_F4,0.3613488115387298
Qwen,redundancy_controlled,militant,Qwen_F5,0.4917025946332865
Qwen,redundancy_controlled,misanthropic,Qwen_F1,-0.8603302502719151
Qwen,redundancy_controlled,misanthropic,Qwen_F2,-0.07464368122692515
Qwen,redundancy_controlled,misanthropic,Qwen_F3,-0.5186946902339795
Qwen,redundancy_controlled,misanthropic,Qwen_F4,0.32539079968321516
Qwen,redundancy_controlled,misanthropic,Qwen_F5,0.3800504261926655
Qwen,redundancy_controlled,mischievous,Qwen_F1,-0.961824796236763
Qwen,redundancy_controlled,mischievous,Qwen_F2,0.3298994253777897
Qwen,redundancy_controlled,mischievous,Qwen_F3,-0.25583945001722036
Qwen,redundancy_controlled,mischievous,Qwen_F4,0.33717929705159505
Qwen,redundancy_controlled,mischievous,Qwen_F5,-0.03792075829647768
Qwen,redundancy_controlled,moderate,Qwen_F1,0.8954697188645805
Qwen,redundancy_controlled,moderate,Qwen_F2,-0.09719472571254845
Qwen,redundancy_controlled,moderate,Qwen_F3,0.46490854977246854
Qwen,redundancy_controlled,moderate,Qwen_F4,-0.43004466756774684
Qwen,redundancy_controlled,moderate,Qwen_F5,-0.34003472971736604
Qwen,redundancy_controlled,mystical,Qwen_F1,-0.509690127176298
Qwen,redundancy_controlled,mystical,Qwen_F2,0.4371231886290111
Qwen,redundancy_controlled,mystical,Qwen_F3,-0.8274929913568682
Qwen,redundancy_controlled,mystical,Qwen_F4,0.4579464958792958
Qwen,redundancy_controlled,mystical,Qwen_F5,-0.20994671103814236
Qwen,redundancy_controlled,naive,Qwen_F1,-0.3747518598835549
Qwen,redundancy_controlled,naive,Qwen_F2,0.8346354614839306
Qwen,redundancy_controlled,naive,Qwen_F3,-0.15923343587505334
Qwen,redundancy_controlled,naive,Qwen_F4,-0.03715846598172496
Qwen,redundancy_controlled,naive,Qwen_F5,-0.7068157075401673
Qwen,redundancy_controlled,narrative,Qwen_F1,-0.8217504624485584
Qwen,redundancy_controlled,narrative,Qwen_F2,0.44439038536620407
Qwen,redundancy_controlled,narrative,Qwen_F3,-0.5786607239553059
Qwen,redundancy_controlled,narrative,Qwen_F4,0.42094385670942785
Qwen,redundancy_controlled,narrative,Qwen_F5,-0.14794412693628575
Qwen,redundancy_controlled,neurotic,Qwen_F1,-0.9523654913672408
Qwen,redundancy_controlled,neurotic,Qwen_F2,0.428903788805329
Qwen,redundancy_controlled,neurotic,Qwen_F3,-0.05842132717730106
Qwen,redundancy_controlled,neurotic,Qwen_F4,0.16429130059028496
Qwen,redundancy_controlled,neurotic,Qwen_F5,-0.14547177425702848
Qwen,redundancy_controlled,nihilistic,Qwen_F1,-0.673160518916614
Qwen,redundancy_controlled,nihilistic,Qwen_F2,-0.1821909005383709
Qwen,redundancy_controlled,nihilistic,Qwen_F3,-0.7398523130932992
Qwen,redundancy_controlled,nihilistic,Qwen_F4,0.35980291011002064
Qwen,redundancy_controlled,nihilistic,Qwen_F5,0.342144151352046
Qwen,redundancy_controlled,nonchalant,Qwen_F1,-0.9668639463260894
Qwen,redundancy_controlled,nonchalant,Qwen_F2,0.33937287248711984
Qwen,redundancy_controlled,nonchalant,Qwen_F3,0.020046913270203196
Qwen,redundancy_controlled,nonchalant,Qwen_F4,0.12396504199288559
Qwen,redundancy_controlled,nonchalant,Qwen_F5,-0.015519726865692293
Qwen,redundancy_controlled,nostalgic,Qwen_F1,-0.5412294803846008
Qwen,redundancy_controlled,nostalgic,Qwen_F2,0.34731649007590565
Qwen,redundancy_controlled,nostalgic,Qwen_F3,-0.842669830413153
Qwen,redundancy_controlled,nostalgic,Qwen_F4,0.29374909857548565
Qwen,redundancy_controlled,nostalgic,Qwen_F5,-0.1516631215061907
Qwen,redundancy_controlled,nurturing,Qwen_F1,0.33496938134967247
Qwen,redundancy_controlled,nurturing,Qwen_F2,0.6868706923953292
Qwen,redundancy_controlled,nurturing,Qwen_F3,-0.09015059979571972
Qwen,redundancy_controlled,nurturing,Qwen_F4,0.14104146521588704
Qwen,redundancy_controlled,nurturing,Qwen_F5,-0.7957096775189332
Qwen,redundancy_controlled,obsessive,Qwen_F1,-0.8206066171711432
Qwen,redundancy_controlled,obsessive,Qwen_F2,-0.049252934954215226
Qwen,redundancy_controlled,obsessive,Qwen_F3,-0.6074503786382833
Qwen,redundancy_controlled,obsessive,Qwen_F4,0.4492604080512104
Qwen,redundancy_controlled,obsessive,Qwen_F5,0.27675480273765535
Qwen,redundancy_controlled,open_ended,Qwen_F1,-0.2597559127136918
Qwen,redundancy_controlled,open_ended,Qwen_F2,0.5954125130246538
Qwen,redundancy_controlled,open_ended,Qwen_F3,-0.28497528775391956
Qwen,redundancy_controlled,open_ended,Qwen_F4,0.3937553386970918
Qwen,redundancy_controlled,open_ended,Qwen_F5,-0.8393753678512711
Qwen,redundancy_controlled,optimistic,Qwen_F1,0.12524563783281661
Qwen,redundancy_controlled,optimistic,Qwen_F2,0.8378575348133912
Qwen,redundancy_controlled,optimistic,Qwen_F3,0.012146221180090146
Qwen,redundancy_controlled,optimistic,Qwen_F4,0.05108442094167548
Qwen,redundancy_controlled,optimistic,Qwen_F5,-0.7659577167547864
Qwen,redundancy_controlled,pacifist,Qwen_F1,-0.21755852335235384
Qwen,redundancy_controlled,pacifist,Qwen_F2,0.5978792275400691
Qwen,redundancy_controlled,pacifist,Qwen_F3,-0.6951734055194868
Qwen,redundancy_controlled,pacifist,Qwen_F4,0.39766830017427823
Qwen,redundancy_controlled,pacifist,Qwen_F5,-0.4565734649138261
Qwen,redundancy_controlled,paradoxical,Qwen_F1,-0.658316324771156
Qwen,redundancy_controlled,paradoxical,Qwen_F2,0.25276303832961483
Qwen,redundancy_controlled,paradoxical,Qwen_F3,-0.7821215556204607
Qwen,redundancy_controlled,paradoxical,Qwen_F4,0.57311324625059
Qwen,redundancy_controlled,paradoxical,Qwen_F5,-0.06593624550568683
Qwen,redundancy_controlled,paranoid,Qwen_F1,-0.6391436121001982
Qwen,redundancy_controlled,paranoid,Qwen_F2,-0.3402149045799137
Qwen,redundancy_controlled,paranoid,Qwen_F3,-0.5160626573752257
Qwen,redundancy_controlled,paranoid,Qwen_F4,0.35687085091044873
Qwen,redundancy_controlled,paranoid,Qwen_F5,0.6046475272616124
Qwen,redundancy_controlled,passionate,Qwen_F1,-0.9132502463625155
Qwen,redundancy_controlled,passionate,Qwen_F2,0.4981680216785119
Qwen,redundancy_controlled,passionate,Qwen_F3,-0.3215290626830384
Qwen,redundancy_controlled,passionate,Qwen_F4,0.45588494212559394
Qwen,redundancy_controlled,passionate,Qwen_F5,-0.08135605788067386
Qwen,redundancy_controlled,passive_aggressive,Qwen_F1,-0.9802898881036477
Qwen,redundancy_controlled,passive_aggressive,Qwen_F2,0.2125943324038485
Qwen,redundancy_controlled,passive_aggressive,Qwen_F3,-0.27396380628992323
Qwen,redundancy_controlled,passive_aggressive,Qwen_F4,0.3090745540008684
Qwen,redundancy_controlled,passive_aggressive,Qwen_F5,0.0654248554600367
Qwen,redundancy_controlled,patient,Qwen_F1,0.9896948796674935
Qwen,redundancy_controlled,patient,Qwen_F2,-0.3073980980061089
Qwen,redundancy_controlled,patient,Qwen_F3,0.09217690565485459
Qwen,redundancy_controlled,patient,Qwen_F4,-0.1838407868687582
Qwen,redundancy_controlled,patient,Qwen_F5,-0.08396760090893064
Qwen,redundancy_controlled,pedantic,Qwen_F1,0.4442579749064562
Qwen,redundancy_controlled,pedantic,Qwen_F2,-0.9182178202165274
Qwen,redundancy_controlled,pedantic,Qwen_F3,-0.13238921662258746
Qwen,redundancy_controlled,pedantic,Qwen_F4,-0.02707766000848196
Qwen,redundancy_controlled,pedantic,Qwen_F5,0.5950902542632456
Qwen,redundancy_controlled,pensive,Qwen_F1,0.6041730365716647
Qwen,redundancy_controlled,pensive,Qwen_F2,-0.4919605704869375
Qwen,redundancy_controlled,pensive,Qwen_F3,-0.5469837503385339
Qwen,redundancy_controlled,pensive,Qwen_F4,0.24407456739495142
Qwen,redundancy_controlled,pensive,Qwen_F5,0.15131991310021797
Qwen,redundancy_controlled,perfectionist,Qwen_F1,0.693570695933958
Qwen,redundancy_controlled,perfectionist,Qwen_F2,-0.7857317868635879
Qwen,redundancy_controlled,perfectionist,Qwen_F3,-0.10811376080384515
Qwen,redundancy_controlled,perfectionist,Qwen_F4,-0.06399307041893139
Qwen,redundancy_controlled,perfectionist,Qwen_F5,0.480835768046565
Qwen,redundancy_controlled,pessimistic,Qwen_F1,-0.5018833612310852
Qwen,redundancy_controlled,pessimistic,Qwen_F2,-0.6403372672997083
Qwen,redundancy_controlled,pessimistic,Qwen_F3,-0.13600487247561868
Qwen,redundancy_controlled,pessimistic,Qwen_F4,0.0884906429108249
Qwen,redundancy_controlled,pessimistic,Qwen_F5,0.7093970815850389
Qwen,redundancy_controlled,petty,Qwen_F1,-0.978060531421945
Qwen,redundancy_controlled,petty,Qwen_F2,0.19052022509996197
Qwen,redundancy_controlled,petty,Qwen_F3,-0.2855346624350687
Qwen,redundancy_controlled,petty,Qwen_F4,0.23370783727437563
Qwen,redundancy_controlled,petty,Qwen_F5,0.0919980784752144
Qwen,redundancy_controlled,philosophical,Qwen_F1,-0.40249935150353233
Qwen,redundancy_controlled,philosophical,Qwen_F2,-0.09218284757185172
Qwen,redundancy_controlled,philosophical,Qwen_F3,-0.8856355551492106
Qwen,redundancy_controlled,philosophical,Qwen_F4,0.6122822622899965
Qwen,redundancy_controlled,philosophical,Qwen_F5,0.13037508378465432
Qwen,redundancy_controlled,playful,Qwen_F1,-0.9228750458648503
Qwen,redundancy_controlled,playful,Qwen_F2,0.47272397547363515
Qwen,redundancy_controlled,playful,Qwen_F3,-0.21725958064637726
Qwen,redundancy_controlled,playful,Qwen_F4,0.35539066265907054
Qwen,redundancy_controlled,playful,Qwen_F5,-0.17426051836788073
Qwen,redundancy_controlled,pluralist,Qwen_F1,0.4696001870707134
Qwen,redundancy_controlled,pluralist,Qwen_F2,0.3921703391677357
Qwen,redundancy_controlled,pluralist,Qwen_F3,0.38585281886488043
Qwen,redundancy_controlled,pluralist,Qwen_F4,-0.06061866976588841
Qwen,redundancy_controlled,pluralist,Qwen_F5,-0.8475622216322258
Qwen,redundancy_controlled,poetic,Qwen_F1,-0.6645790682944178
Qwen,redundancy_controlled,poetic,Qwen_F2,0.32488259413744347
Qwen,redundancy_controlled,poetic,Qwen_F3,-0.7742337037773848
Qwen,redundancy_controlled,poetic,Qwen_F4,0.4717592431364179
Qwen,redundancy_controlled,poetic,Qwen_F5,-0.06471116347316906
Qwen,redundancy_controlled,practical,Qwen_F1,-0.316483198620023
Qwen,redundancy_controlled,practical,Qwen_F2,0.620222209892983
Qwen,redundancy_controlled,practical,Qwen_F3,0.6727880057585226
Qwen,redundancy_controlled,practical,Qwen_F4,-0.2551981664585936
Qwen,redundancy_controlled,practical,Qwen_F5,-0.2579001137911716
Qwen,redundancy_controlled,prescriptive,Qwen_F1,0.2751795437318093
Qwen,redundancy_controlled,prescriptive,Qwen_F2,-0.6405297318198757
Qwen,redundancy_controlled,prescriptive,Qwen_F3,0.3727313361113011
Qwen,redundancy_controlled,prescriptive,Qwen_F4,-0.36668660914283147
Qwen,redundancy_controlled,prescriptive,Qwen_F5,0.782303280889605
Qwen,redundancy_controlled,principled,Qwen_F1,0.5184589469063867
Qwen,redundancy_controlled,principled,Qwen_F2,-0.18815398479917805
Qwen,redundancy_controlled,principled,Qwen_F3,-0.6766785940328268
Qwen,redundancy_controlled,principled,Qwen_F4,0.10072619671918763
Qwen,redundancy_controlled,principled,Qwen_F5,0.11349904885137395
Qwen,redundancy_controlled,proactive,Qwen_F1,0.3247605750535773
Qwen,redundancy_controlled,proactive,Qwen_F2,-0.5764733066070392
Qwen,redundancy_controlled,proactive,Qwen_F3,0.5632887323197385
Qwen,redundancy_controlled,proactive,Qwen_F4,0.22380952093523865
Qwen,redundancy_controlled,proactive,Qwen_F5,0.46330772543055615
Qwen,redundancy_controlled,problem_solving,Qwen_F1,0.3569174745190735
Qwen,redundancy_controlled,problem_solving,Qwen_F2,-0.4460402164989256
Qwen,redundancy_controlled,problem_solving,Qwen_F3,0.7973308689183565
Qwen,redundancy_controlled,problem_solving,Qwen_F4,-0.23627020597001813
Qwen,redundancy_controlled,problem_solving,Qwen_F5,0.4220571431236342
Qwen,redundancy_controlled,progressive,Qwen_F1,-0.6526557848542898
Qwen,redundancy_controlled,progressive,Qwen_F2,0.04055383044759669
Qwen,redundancy_controlled,progressive,Qwen_F3,0.10285306988099886
Qwen,redundancy_controlled,progressive,Qwen_F4,0.7075182105497213
Qwen,redundancy_controlled,progressive,Qwen_F5,0.19057219542108048
Qwen,redundancy_controlled,provocative,Qwen_F1,-0.8318036225630437
Qwen,redundancy_controlled,provocative,Qwen_F2,-0.05097904510934046
Qwen,redundancy_controlled,provocative,Qwen_F3,-0.4792555982817258
Qwen,redundancy_controlled,provocative,Qwen_F4,0.5841391796224598
Qwen,redundancy_controlled,provocative,Qwen_F5,0.28932446573163734
Qwen,redundancy_controlled,qualitative,Qwen_F1,-0.5820981732018664
Qwen,redundancy_controlled,qualitative,Qwen_F2,0.5731027047775287
Qwen,redundancy_controlled,qualitative,Qwen_F3,-0.6546724387184052
Qwen,redundancy_controlled,qualitative,Qwen_F4,0.4820957386506011
Qwen,redundancy_controlled,qualitative,Qwen_F5,-0.36347580830239445
Qwen,redundancy_controlled,quantitative,Qwen_F1,0.49189763601015846
Qwen,redundancy_controlled,quantitative,Qwen_F2,-0.6594167382006592
Qwen,redundancy_controlled,quantitative,Qwen_F3,0.6429186930498314
Qwen,redundancy_controlled,quantitative,Qwen_F4,-0.3655815787789126
Qwen,redundancy_controlled,quantitative,Qwen_F5,0.45251771933251694
Qwen,redundancy_controlled,radical,Qwen_F1,-0.7268864977362639
Qwen,redundancy_controlled,radical,Qwen_F2,-0.07396124197355217
Qwen,redundancy_controlled,radical,Qwen_F3,-0.5195360791512091
Qwen,redundancy_controlled,radical,Qwen_F4,0.5942770870600962
Qwen,redundancy_controlled,radical,Qwen_F5,0.3682302754749716
Qwen,redundancy_controlled,rationalist,Qwen_F1,0.6199169589149719
Qwen,redundancy_controlled,rationalist,Qwen_F2,-0.741835350440025
Qwen,redundancy_controlled,rationalist,Qwen_F3,0.49223115917336335
Qwen,redundancy_controlled,rationalist,Qwen_F4,-0.3673359441331857
Qwen,redundancy_controlled,rationalist,Qwen_F5,0.45641118623618915
Qwen,redundancy_controlled,reactive,Qwen_F1,-0.8789236520473748
Qwen,redundancy_controlled,reactive,Qwen_F2,0.6373889291772016
Qwen,redundancy_controlled,reactive,Qwen_F3,-0.16630137324196198
Qwen,redundancy_controlled,reactive,Qwen_F4,0.21265303227227886
Qwen,redundancy_controlled,reactive,Qwen_F5,-0.2998586271497084
Qwen,redundancy_controlled,rebellious,Qwen_F1,-0.9245568919716881
Qwen,redundancy_controlled,rebellious,Qwen_F2,0.17618237746571472
Qwen,redundancy_controlled,rebellious,Qwen_F3,-0.2554636876945121
Qwen,redundancy_controlled,rebellious,Qwen_F4,0.5627442560734648
Qwen,redundancy_controlled,rebellious,Qwen_F5,0.11403694274228912
Qwen,redundancy_controlled,reductionist,Qwen_F1,0.160705809801361
Qwen,redundancy_controlled,reductionist,Qwen_F2,-0.13992405456309084
Qwen,redundancy_controlled,reductionist,Qwen_F3,0.856929794374024
Qwen,redundancy_controlled,reductionist,Qwen_F4,-0.6033406814977343
Qwen,redundancy_controlled,reductionist,Qwen_F5,0.14093393438041305
Qwen,redundancy_controlled,regulatory,Qwen_F1,0.8780721923906543
Qwen,redundancy_controlled,regulatory,Qwen_F2,-0.48072400268071375
Qwen,redundancy_controlled,regulatory,Qwen_F3,0.234281407698371
Qwen,redundancy_controlled,regulatory,Qwen_F4,-0.5391889988523596
Qwen,redundancy_controlled,regulatory,Qwen_F5,0.2038883907584955
Qwen,redundancy_controlled,relativist,Qwen_F1,-0.5413364569107676
Qwen,redundancy_controlled,relativist,Qwen_F2,0.03528946060071851
Qwen,redundancy_controlled,relativist,Qwen_F3,-0.7909399216906978
Qwen,redundancy_controlled,relativist,Qwen_F4,0.572010547211693
Qwen,redundancy_controlled,relativist,Qwen_F5,-0.04747857196841841
Qwen,redundancy_controlled,reserved,Qwen_F1,0.861085124285356
Qwen,redundancy_controlled,reserved,Qwen_F2,-0.625313029626735
Qwen,redundancy_controlled,reserved,Qwen_F3,0.21865315699888307
Qwen,redundancy_controlled,reserved,Qwen_F4,-0.37673720227543717
Qwen,redundancy_controlled,reserved,Qwen_F5,0.3192747902627834
Qwen,redundancy_controlled,resilient,Qwen_F1,0.9564686819249536
Qwen,redundancy_controlled,resilient,Qwen_F2,-0.4110196976711502
Qwen,redundancy_controlled,resilient,Qwen_F3,0.21980442622561794
Qwen,redundancy_controlled,resilient,Qwen_F4,-0.18523419537174407
Qwen,redundancy_controlled,resilient,Qwen_F5,0.12032737289750027
Qwen,redundancy_controlled,reverent,Qwen_F1,0.5891667365648462
Qwen,redundancy_controlled,reverent,Qwen_F2,-0.10561476709897533
Qwen,redundancy_controlled,reverent,Qwen_F3,-0.6814299845056074
Qwen,redundancy_controlled,reverent,Qwen_F4,-0.021633789003711348
Qwen,redundancy_controlled,reverent,Qwen_F5,-0.019799859251480964
Qwen,redundancy_controlled,rhetorical,Qwen_F1,-0.7286879470200632
Qwen,redundancy_controlled,rhetorical,Qwen_F2,0.28667844483547417
Qwen,redundancy_controlled,rhetorical,Qwen_F3,-0.7228734307270719
Qwen,redundancy_controlled,rhetorical,Qwen_F4,0.5516945109954093
Qwen,redundancy_controlled,rhetorical,Qwen_F5,0.03915511396136412
Qwen,redundancy_controlled,risk_taking,Qwen_F1,-0.8962447092326105
Qwen,redundancy_controlled,risk_taking,Qwen_F2,0.2452910658636406
Qwen,redundancy_controlled,risk_taking,Qwen_F3,-0.39608512773241167
Qwen,redundancy_controlled,risk_taking,Qwen_F4,0.6132411653943876
Qwen,redundancy_controlled,risk_taking,Qwen_F5,0.07812507857822283
Qwen,redundancy_controlled,ritualistic,Qwen_F1,0.6553175328586501
Qwen,redundancy_controlled,ritualistic,Qwen_F2,-0.5235457662440564
Qwen,redundancy_controlled,ritualistic,Qwen_F3,-0.498564164091683
Qwen,redundancy_controlled,ritualistic,Qwen_F4,-0.09039166027273435
Qwen,redundancy_controlled,ritualistic,Qwen_F5,0.2884449414237267
Qwen,redundancy_controlled,romantic,Qwen_F1,-0.6272980218183369
Qwen,redundancy_controlled,romantic,Qwen_F2,0.44869641230139123
Qwen,redundancy_controlled,romantic,Qwen_F3,-0.7669729613931011
Qwen,redundancy_controlled,romantic,Qwen_F4,0.44326684654667525
Qwen,redundancy_controlled,romantic,Qwen_F5,-0.19685989525043252
Qwen,redundancy_controlled,sarcastic,Qwen_F1,-0.9687401859306576
Qwen,redundancy_controlled,sarcastic,Qwen_F2,0.09504497594006998
Qwen,redundancy_controlled,sarcastic,Qwen_F3,-0.26341612437406897
Qwen,redundancy_controlled,sarcastic,Qwen_F4,0.314939330156867
Qwen,redundancy_controlled,sarcastic,Qwen_F5,0.2251688339094184
Qwen,redundancy_controlled,sardonic,Qwen_F1,-0.9702567180173828
Qwen,redundancy_controlled,sardonic,Qwen_F2,0.08009682463140141
Qwen,redundancy_controlled,sardonic,Qwen_F3,-0.17766577080797796
Qwen,redundancy_controlled,sardonic,Qwen_F4,0.2872543846216272
Qwen,redundancy_controlled,sardonic,Qwen_F5,0.21581847670042117
Qwen,redundancy_controlled,sassy,Qwen_F1,-0.9645661399486994
Qwen,redundancy_controlled,sassy,Qwen_F2,0.24932844171778182
Qwen,redundancy_controlled,sassy,Qwen_F3,0.028389332810762287
Qwen,redundancy_controlled,sassy,Qwen_F4,0.3044825843590878
Qwen,redundancy_controlled,sassy,Qwen_F5,0.1220779256014525
Qwen,redundancy_controlled,savage,Qwen_F1,-0.9379982703894055
Qwen,redundancy_controlled,savage,Qwen_F2,0.00037571537154757525
Qwen,redundancy_controlled,savage,Qwen_F3,-0.1920999640368801
Qwen,redundancy_controlled,savage,Qwen_F4,0.2873372395831486
Qwen,redundancy_controlled,savage,Qwen_F5,0.4075983192297024
Qwen,redundancy_controlled,secular,Qwen_F1,0.4198811604499083
Qwen,redundancy_controlled,secular,Qwen_F2,-0.4705433136992347
Qwen,redundancy_controlled,secular,Qwen_F3,0.8440160346778478
Qwen,redundancy_controlled,secular,Qwen_F4,-0.34153812381771786
Qwen,redundancy_controlled,secular,Qwen_F5,0.21938397985010943
Qwen,redundancy_controlled,serene,Qwen_F1,0.753727214921337
Qwen,redundancy_controlled,serene,Qwen_F2,-0.0012307889033749612
Qwen,redundancy_controlled,serene,Qwen_F3,-0.4552378992154587
Qwen,redundancy_controlled,serene,Qwen_F4,-0.003446851597768574
Qwen,redundancy_controlled,serene,Qwen_F5,-0.2766485478868338
Qwen,redundancy_controlled,serious,Qwen_F1,0.8833056629898385
Qwen,redundancy_controlled,serious,Qwen_F2,-0.5487777496000166
Qwen,redundancy_controlled,serious,Qwen_F3,-0.11605765777427911
Qwen,redundancy_controlled,serious,Qwen_F4,-0.22122894337292592
Qwen,redundancy_controlled,serious,Qwen_F5,0.2519586818564984
Qwen,redundancy_controlled,skeptical,Qwen_F1,-0.0408054592704091
Qwen,redundancy_controlled,skeptical,Qwen_F2,-0.8903636715152738
Qwen,redundancy_controlled,skeptical,Qwen_F3,0.10692348922705448
Qwen,redundancy_controlled,skeptical,Qwen_F4,0.1766877195883615
Qwen,redundancy_controlled,skeptical,Qwen_F5,0.696302153471973
Qwen,redundancy_controlled,socratic,Qwen_F1,-0.6099743142496817
Qwen,redundancy_controlled,socratic,Qwen_F2,0.622809992316127
Qwen,redundancy_controlled,socratic,Qwen_F3,-0.2749949606284126
Qwen,redundancy_controlled,socratic,Qwen_F4,0.22922798994087742
Qwen,redundancy_controlled,socratic,Qwen_F5,-0.6363055574947334
Qwen,redundancy_controlled,solemn,Qwen_F1,0.855525676808071
Qwen,redundancy_controlled,solemn,Qwen_F2,-0.442599778523875
Qwen,redundancy_controlled,solemn,Qwen_F3,-0.28021421603453656
Qwen,redundancy_controlled,solemn,Qwen_F4,-0.1363257951996563
Qwen,redundancy_controlled,solemn,Qwen_F5,0.1852427839905885
Qwen,redundancy_controlled,specialized,Qwen_F1,0.35220494004967545
Qwen,redundancy_controlled,specialized,Qwen_F2,-0.8991619891808155
Qwen,redundancy_controlled,specialized,Qwen_F3,-0.0770154374994311
Qwen,redundancy_controlled,specialized,Qwen_F4,0.14318098785349415
Qwen,redundancy_controlled,specialized,Qwen_F5,0.6836145807444969
Qwen,redundancy_controlled,speculative,Qwen_F1,-0.8238614655927993
Qwen,redundancy_controlled,speculative,Qwen_F2,0.28450145030769014
Qwen,redundancy_controlled,speculative,Qwen_F3,-0.42657599558963427
Qwen,redundancy_controlled,speculative,Qwen_F4,0.6948599188543634
Qwen,redundancy_controlled,speculative,Qwen_F5,-0.11320236637028216
Qwen,redundancy_controlled,spiritual,Qwen_F1,-0.4237060003369189
Qwen,redundancy_controlled,spiritual,Qwen_F2,0.3969981940354212
Qwen,redundancy_controlled,spiritual,Qwen_F3,-0.8697698161010236
Qwen,redundancy_controlled,spiritual,Qwen_F4,0.45406586714162944
Qwen,redundancy_controlled,spiritual,Qwen_F5,-0.1878268045388702
Qwen,redundancy_controlled,spontaneous,Qwen_F1,-0.9076448098469848
Qwen,redundancy_controlled,spontaneous,Qwen_F2,0.4126035321831705
Qwen,redundancy_controlled,spontaneous,Qwen_F3,-0.44197643918826546
Qwen,redundancy_controlled,spontaneous,Qwen_F4,0.46216759489827614
Qwen,redundancy_controlled,spontaneous,Qwen_F5,-0.11666714147211285
Qwen,redundancy_controlled,stoic,Qwen_F1,0.801120274036467
Qwen,redundancy_controlled,stoic,Qwen_F2,-0.7053623318255058
Qwen,redundancy_controlled,stoic,Qwen_F3,-0.01469032369066836
Qwen,redundancy_controlled,stoic,Qwen_F4,-0.25539858954750666
Qwen,redundancy_controlled,stoic,Qwen_F5,0.3988074501916813
Qwen,redundancy_controlled,strategic,Qwen_F1,0.7936639820505932
Qwen,redundancy_controlled,strategic,Qwen_F2,-0.7059033419159831
Qwen,redundancy_controlled,strategic,Qwen_F3,0.13833420673381866
Qwen,redundancy_controlled,strategic,Qwen_F4,0.004686789123495858
Qwen,redundancy_controlled,strategic,Qwen_F5,0.3582676226685489
Qwen,redundancy_controlled,stream_of_consciousness,Qwen_F1,-0.9238892446227589
Qwen,redundancy_controlled,stream_of_consciousness,Qwen_F2,0.47534844735623727
Qwen,redundancy_controlled,stream_of_consciousness,Qwen_F3,-0.22720568397087695
Qwen,redundancy_controlled,stream_of_consciousness,Qwen_F4,0.3842696418642286
Qwen,redundancy_controlled,stream_of_consciousness,Qwen_F5,-0.2466510049294453
Qwen,redundancy_controlled,structuralist,Qwen_F1,0.6996486190344572
Qwen,redundancy_controlled,structuralist,Qwen_F2,-0.7765997097343871
Qwen,redundancy_controlled,structuralist,Qwen_F3,0.28703396334481496
Qwen,redundancy_controlled,structuralist,Qwen_F4,-0.1957309281399061
Qwen,redundancy_controlled,structuralist,Qwen_F5,0.49038629607156214
Qwen,redundancy_controlled,submissive,Qwen_F1,-0.2128225340806849
Qwen,redundancy_controlled,submissive,Qwen_F2,0.8126933846735422
Qwen,redundancy_controlled,submissive,Qwen_F3,-0.07802860257334653
Qwen,redundancy_controlled,submissive,Qwen_F4,-0.15839492403176123
Qwen,redundancy_controlled,submissive,Qwen_F5,-0.8107544959432997
Qwen,redundancy_controlled,subversive,Qwen_F1,-0.9331298717276686
Qwen,redundancy_controlled,subversive,Qwen_F2,0.18167666191011894
Qwen,redundancy_controlled,subversive,Qwen_F3,-0.4036774453879259
Qwen,redundancy_controlled,subversive,Qwen_F4,0.5206155470805232
Qwen,redundancy_controlled,subversive,Qwen_F5,0.06635394519101938
Qwen,redundancy_controlled,supportive,Qwen_F1,0.6681861450446206
Qwen,redundancy_controlled,supportive,Qwen_F2,0.45661296160154413
Qwen,redundancy_controlled,supportive,Qwen_F3,0.19604747908796577
Qwen,redundancy_controlled,supportive,Qwen_F4,-0.006657450259674664
Qwen,redundancy_controlled,supportive,Qwen_F5,-0.642404622174614
Qwen,redundancy_controlled,sycophantic,Qwen_F1,-0.7481208030786662
Qwen,redundancy_controlled,sycophantic,Qwen_F2,0.6937256192966949
Qwen,redundancy_controlled,sycophantic,Qwen_F3,-0.38328014608179967
Qwen,redundancy_controlled,sycophantic,Qwen_F4,0.29993640639978625
Qwen,redundancy_controlled,sycophantic,Qwen_F5,-0.36405698519439433
Qwen,redundancy_controlled,systems_thinker,Qwen_F1,-0.020891810944767976
Qwen,redundancy_controlled,systems_thinker,Qwen_F2,-0.040270013224364264
Qwen,redundancy_controlled,systems_thinker,Qwen_F3,-0.09467363114886167
Qwen,redundancy_controlled,systems_thinker,Qwen_F4,0.9215032474906698
Qwen,redundancy_controlled,systems_thinker,Qwen_F5,-0.035381424700821146
Qwen,redundancy_controlled,tactful,Qwen_F1,0.8747344064050612
Qwen,redundancy_controlled,tactful,Qwen_F2,0.11735172182483103
Qwen,redundancy_controlled,tactful,Qwen_F3,0.045038906855782566
Qwen,redundancy_controlled,tactful,Qwen_F4,-0.20479357825523514
Qwen,redundancy_controlled,tactful,Qwen_F5,-0.5053607177040497
Qwen,redundancy_controlled,technical,Qwen_F1,0.5531479295363252
Qwen,redundancy_controlled,technical,Qwen_F2,-0.8849318128286442
Qwen,redundancy_controlled,technical,Qwen_F3,0.07163066032477237
Qwen,redundancy_controlled,technical,Qwen_F4,-0.06501667058423058
Qwen,redundancy_controlled,technical,Qwen_F5,0.5987041654137807
Qwen,redundancy_controlled,temperamental,Qwen_F1,-0.9748872928116648
Qwen,redundancy_controlled,temperamental,Qwen_F2,0.3714691605790832
Qwen,redundancy_controlled,temperamental,Qwen_F3,-0.2567004336008309
Qwen,redundancy_controlled,temperamental,Qwen_F4,0.327248220875649
Qwen,redundancy_controlled,temperamental,Qwen_F5,-0.035543187114573285
Qwen,redundancy_controlled,theatrical,Qwen_F1,-0.7135216412814172
Qwen,redundancy_controlled,theatrical,Qwen_F2,0.1510929345994451
Qwen,redundancy_controlled,theatrical,Qwen_F3,-0.7456523595449697
Qwen,redundancy_controlled,theatrical,Qwen_F4,0.48120753141567396
Qwen,redundancy_controlled,theatrical,Qwen_F5,0.13108872757219964
Qwen,redundancy_controlled,theoretical,Qwen_F1,0.30932832460988724
Qwen,redundancy_controlled,theoretical,Qwen_F2,-0.6942978969984047
Qwen,redundancy_controlled,theoretical,Qwen_F3,-0.6106907297115625
Qwen,redundancy_controlled,theoretical,Qwen_F4,0.2718156797440744
Qwen,redundancy_controlled,theoretical,Qwen_F5,0.37015800179985525
Qwen,redundancy_controlled,traditional,Qwen_F1,0.8189649384809252
Qwen,redundancy_controlled,traditional,Qwen_F2,0.026381655197243892
Qwen,redundancy_controlled,traditional,Qwen_F3,0.10177300486366989
Qwen,redundancy_controlled,traditional,Qwen_F4,-0.6344208001017058
Qwen,redundancy_controlled,traditional,Qwen_F5,-0.2416516630094385
Qwen,redundancy_controlled,transparent,Qwen_F1,0.6888788426579241
Qwen,redundancy_controlled,transparent,Qwen_F2,-0.3956429375046815
Qwen,redundancy_controlled,transparent,Qwen_F3,0.755012805710802
Qwen,redundancy_controlled,transparent,Qwen_F4,-0.3984190037230737
Qwen,redundancy_controlled,transparent,Qwen_F5,0.0959165756558314
Qwen,redundancy_controlled,understated,Qwen_F1,0.4196258048787303
Qwen,redundancy_controlled,understated,Qwen_F2,0.16517503170479217
Qwen,redundancy_controlled,understated,Qwen_F3,0.5019467873289969
Qwen,redundancy_controlled,understated,Qwen_F4,-0.7369319594742497
Qwen,redundancy_controlled,understated,Qwen_F5,-0.5220763343946182
Qwen,redundancy_controlled,universalist,Qwen_F1,-0.33064442608812356
Qwen,redundancy_controlled,universalist,Qwen_F2,0.04988499205134666
Qwen,redundancy_controlled,universalist,Qwen_F3,-0.8037915576065804
Qwen,redundancy_controlled,universalist,Qwen_F4,0.11803680252723699
Qwen,redundancy_controlled,universalist,Qwen_F5,0.4881886994122761
Qwen,redundancy_controlled,urgent,Qwen_F1,-0.7494682375705233
Qwen,redundancy_controlled,urgent,Qwen_F2,-0.04393867597117755
Qwen,redundancy_controlled,urgent,Qwen_F3,-0.02605907822215157
Qwen,redundancy_controlled,urgent,Qwen_F4,0.20270017381435526
Qwen,redundancy_controlled,urgent,Qwen_F5,0.6639950357746927
Qwen,redundancy_controlled,utilitarian,Qwen_F1,0.4145240674452602
Qwen,redundancy_controlled,utilitarian,Qwen_F2,-0.4419041701729848
Qwen,redundancy_controlled,utilitarian,Qwen_F3,0.8493631096248141
Qwen,redundancy_controlled,utilitarian,Qwen_F4,-0.2898054515951074
Qwen,redundancy_controlled,utilitarian,Qwen_F5,0.21522238567546476
Qwen,redundancy_controlled,verbose,Qwen_F1,0.2543200038492642
Qwen,redundancy_controlled,verbose,Qwen_F2,-0.886311400371782
Qwen,redundancy_controlled,verbose,Qwen_F3,0.09319244346248567
Qwen,redundancy_controlled,verbose,Qwen_F4,0.31127140871553877
Qwen,redundancy_controlled,verbose,Qwen_F5,0.36647828413124833
Qwen,redundancy_controlled,vindictive,Qwen_F1,-0.17365042559930943
Qwen,redundancy_controlled,vindictive,Qwen_F2,-0.7319009123632938
Qwen,redundancy_controlled,vindictive,Qwen_F3,-0.1791199172999084
Qwen,redundancy_controlled,vindictive,Qwen_F4,-0.04063756416603937
Qwen,redundancy_controlled,vindictive,Qwen_F5,0.8903537493283776
Qwen,redundancy_controlled,visceral,Qwen_F1,-0.9357486137526587
Qwen,redundancy_controlled,visceral,Qwen_F2,0.5207901927405583
Qwen,redundancy_controlled,visceral,Qwen_F3,-0.26004723883520553
Qwen,redundancy_controlled,visceral,Qwen_F4,0.3331040332879184
Qwen,redundancy_controlled,visceral,Qwen_F5,-0.13890467203586646
Qwen,redundancy_controlled,whimsical,Qwen_F1,-0.8842234822569421
Qwen,redundancy_controlled,whimsical,Qwen_F2,0.37024085635654574
Qwen,redundancy_controlled,whimsical,Qwen_F3,-0.47234167093353413
Qwen,redundancy_controlled,whimsical,Qwen_F4,0.4190951609860753
Qwen,redundancy_controlled,whimsical,Qwen_F5,-0.11127148772619147
Qwen,redundancy_controlled,witty,Qwen_F1,-0.9597425356347192
Qwen,redundancy_controlled,witty,Qwen_F2,0.3171145980397159
Qwen,redundancy_controlled,witty,Qwen_F3,-0.17444457323784832
Qwen,redundancy_controlled,witty,Qwen_F4,0.4081398921990707
Qwen,redundancy_controlled,witty,Qwen_F5,-0.021115550146278937
Qwen,redundancy_controlled,wry,Qwen_F1,-0.9337575987681486
Qwen,redundancy_controlled,wry,Qwen_F2,-0.04462998072191486
Qwen,redundancy_controlled,wry,Qwen_F3,-0.11004501150648709
Qwen,redundancy_controlled,wry,Qwen_F4,0.2719355851798397
Qwen,redundancy_controlled,wry,Qwen_F5,0.28724431035167
Qwen,redundancy_controlled,zealous,Qwen_F1,-0.8437550381637658
Qwen,redundancy_controlled,zealous,Qwen_F2,0.39410403099337266
Qwen,redundancy_controlled,zealous,Qwen_F3,-0.5773800198594895
Qwen,redundancy_controlled,zealous,Qwen_F4,0.4596084248668167
Qwen,redundancy_controlled,zealous,Qwen_F5,0.05056578965806965
Llama,full_shrinkage,absolutist,Llama_F1,-0.6109190691470172
Llama,full_shrinkage,absolutist,Llama_F2,-0.7400315578068988
Llama,full_shrinkage,absolutist,Llama_F3,0.20124559324893196
Llama,full_shrinkage,absolutist,Llama_F4,-0.10312133392792695
Llama,full_shrinkage,absolutist,Llama_F5,-0.2018882842526046
Llama,full_shrinkage,absolutist,Llama_F6,-0.22900292769074077
Llama,full_shrinkage,abstract,Llama_F1,0.08160579550465057
Llama,full_shrinkage,abstract,Llama_F2,-0.7096729054343551
Llama,full_shrinkage,abstract,Llama_F3,-0.3138026783015983
Llama,full_shrinkage,abstract,Llama_F4,-0.5686932614330278
Llama,full_shrinkage,abstract,Llama_F5,0.44528416417814837
Llama,full_shrinkage,abstract,Llama_F6,0.5676104193816297
Llama,full_shrinkage,accessible,Llama_F1,0.25217622564152153
Llama,full_shrinkage,accessible,Llama_F2,0.7351381595858446
Llama,full_shrinkage,accessible,Llama_F3,0.520188095994305
Llama,full_shrinkage,accessible,Llama_F4,0.478455066968146
Llama,full_shrinkage,accessible,Llama_F5,-0.24949752995759011
Llama,full_shrinkage,accessible,Llama_F6,-0.23337567304611434
Llama,full_shrinkage,accommodating,Llama_F1,-0.47391095145454626
Llama,full_shrinkage,accommodating,Llama_F2,-0.03772567115257038
Llama,full_shrinkage,accommodating,Llama_F3,0.7246343959924524
Llama,full_shrinkage,accommodating,Llama_F4,-0.16128497906380104
Llama,full_shrinkage,accommodating,Llama_F5,0.47698176362997535
Llama,full_shrinkage,accommodating,Llama_F6,-0.6094575223449442
Llama,full_shrinkage,acerbic,Llama_F1,-0.9409528365083905
Llama,full_shrinkage,acerbic,Llama_F2,-0.324733920811939
Llama,full_shrinkage,acerbic,Llama_F3,0.11747746184549632
Llama,full_shrinkage,acerbic,Llama_F4,-0.23599423492055
Llama,full_shrinkage,acerbic,Llama_F5,0.05119721854077657
Llama,full_shrinkage,acerbic,Llama_F6,-0.6021461668697836
Llama,full_shrinkage,adaptable,Llama_F1,0.746732416799647
Llama,full_shrinkage,adaptable,Llama_F2,0.49390684252396355
Llama,full_shrinkage,adaptable,Llama_F3,0.006281455381409148
Llama,full_shrinkage,adaptable,Llama_F4,0.04769639752280337
Llama,full_shrinkage,adaptable,Llama_F5,0.02509495700683055
Llama,full_shrinkage,adaptable,Llama_F6,0.6784379659973078
Llama,full_shrinkage,adventurous,Llama_F1,-0.3276635482561626
Llama,full_shrinkage,adventurous,Llama_F2,-0.5441878846125172
Llama,full_shrinkage,adventurous,Llama_F3,0.274273656701748
Llama,full_shrinkage,adventurous,Llama_F4,-0.9092019711690816
Llama,full_shrinkage,adventurous,Llama_F5,0.2993917505182069
Llama,full_shrinkage,adventurous,Llama_F6,-0.0358515076250656
Llama,full_shrinkage,agreeable,Llama_F1,0.9509912919785583
Llama,full_shrinkage,agreeable,Llama_F2,0.08898358552886855
Llama,full_shrinkage,agreeable,Llama_F3,-0.2626430250655715
Llama,full_shrinkage,agreeable,Llama_F4,0.05489276598918006
Llama,full_shrinkage,agreeable,Llama_F5,0.08870305578168292
Llama,full_shrinkage,agreeable,Llama_F6,0.6513599773582393
Llama,full_shrinkage,altruistic,Llama_F1,0.886183184449564
Llama,full_shrinkage,altruistic,Llama_F2,-0.06576187163393775
Llama,full_shrinkage,altruistic,Llama_F3,-0.2086596897054323
Llama,full_shrinkage,altruistic,Llama_F4,-0.0329255107262707
Llama,full_shrinkage,altruistic,Llama_F5,0.11129196927198479
Llama,full_shrinkage,altruistic,Llama_F6,0.6554709342231974
Llama,full_shrinkage,analytical,Llama_F1,0.5457986486070244
Llama,full_shrinkage,analytical,Llama_F2,0.25944288519532743
Llama,full_shrinkage,analytical,Llama_F3,-0.7355007542630666
Llama,full_shrinkage,analytical,Llama_F4,0.0920393795939155
Llama,full_shrinkage,analytical,Llama_F5,-0.2639666205573948
Llama,full_shrinkage,analytical,Llama_F6,0.7327162129177739
Llama,full_shrinkage,animated,Llama_F1,-0.02242768822408172
Llama,full_shrinkage,animated,Llama_F2,-0.47842711827779716
Llama,full_shrinkage,animated,Llama_F3,0.40417267313367444
Llama,full_shrinkage,animated,Llama_F4,-0.8322595766960894
Llama,full_shrinkage,animated,Llama_F5,0.2092541851303212
Llama,full_shrinkage,animated,Llama_F6,0.2052864189584978
Llama,full_shrinkage,anthropocentric,Llama_F1,-0.8120925833857225
Llama,full_shrinkage,anthropocentric,Llama_F2,-0.3485632590249258
Llama,full_shrinkage,anthropocentric,Llama_F3,0.3316287552547078
Llama,full_shrinkage,anthropocentric,Llama_F4,-0.060515995854714
Llama,full_shrinkage,anthropocentric,Llama_F5,-0.04660645786873482
Llama,full_shrinkage,anthropocentric,Llama_F6,-0.37955532954608884
Llama,full_shrinkage,anxious,Llama_F1,-0.7010826921997977
Llama,full_shrinkage,anxious,Llama_F2,0.16908606393194905
Llama,full_shrinkage,anxious,Llama_F3,0.36153608962179107
Llama,full_shrinkage,anxious,Llama_F4,0.1729208441683094
Llama,full_shrinkage,anxious,Llama_F5,0.05914401060121763
Llama,full_shrinkage,anxious,Llama_F6,-0.8757985769411913
Llama,full_shrinkage,arrogant,Llama_F1,-0.8557150637118642
Llama,full_shrinkage,arrogant,Llama_F2,-0.630684284017667
Llama,full_shrinkage,arrogant,Llama_F3,0.0386145212417967
Llama,full_shrinkage,arrogant,Llama_F4,-0.3462983740502913
Llama,full_shrinkage,arrogant,Llama_F5,0.07398814381664813
Llama,full_shrinkage,arrogant,Llama_F6,-0.34179971980907387
Llama,full_shrinkage,artistic,Llama_F1,-0.20379009092082745
Llama,full_shrinkage,artistic,Llama_F2,-0.815573121043393
Llama,full_shrinkage,artistic,Llama_F3,0.33750861896702294
Llama,full_shrinkage,artistic,Llama_F4,-0.6437377571380949
Llama,full_shrinkage,artistic,Llama_F5,0.4637101276477476
Llama,full_shrinkage,artistic,Llama_F6,-0.03690229307437548
Llama,full_shrinkage,ascetic,Llama_F1,-0.0559793575157034
Llama,full_shrinkage,ascetic,Llama_F2,-0.8634199254773112
Llama,full_shrinkage,ascetic,Llama_F3,-0.040884792847634195
Llama,full_shrinkage,ascetic,Llama_F4,-0.28569005049887086
Llama,full_shrinkage,ascetic,Llama_F5,0.2712888235301226
Llama,full_shrinkage,ascetic,Llama_F6,0.2524245556362398
Llama,full_shrinkage,assertive,Llama_F1,-0.6908892260398706
Llama,full_shrinkage,assertive,Llama_F2,-0.4008632290199881
Llama,full_shrinkage,assertive,Llama_F3,0.3811905369792354
Llama,full_shrinkage,assertive,Llama_F4,-0.379145191160695
Llama,full_shrinkage,assertive,Llama_F5,-0.2570029325629558
Llama,full_shrinkage,assertive,Llama_F6,-0.021710198034257222
Llama,full_shrinkage,avoidant,Llama_F1,-0.599889964559718
Llama,full_shrinkage,avoidant,Llama_F2,-0.1263267417887467
Llama,full_shrinkage,avoidant,Llama_F3,0.23134536407283454
Llama,full_shrinkage,avoidant,Llama_F4,0.15984070814383836
Llama,full_shrinkage,avoidant,Llama_F5,0.08973937764535732
Llama,full_shrinkage,avoidant,Llama_F6,-0.93171020840214
Llama,full_shrinkage,benevolent,Llama_F1,0.9561109899993638
Llama,full_shrinkage,benevolent,Llama_F2,0.19631213788536325
Llama,full_shrinkage,benevolent,Llama_F3,-0.12109756350789821
Llama,full_shrinkage,benevolent,Llama_F4,0.06454619941866234
Llama,full_shrinkage,benevolent,Llama_F5,0.03926372066224464
Llama,full_shrinkage,benevolent,Llama_F6,0.6542431109846548
Llama,full_shrinkage,big_picture,Llama_F1,0.42327396386070376
Llama,full_shrinkage,big_picture,Llama_F2,-0.3898276883016604
Llama,full_shrinkage,big_picture,Llama_F3,-0.24861452715073795
Llama,full_shrinkage,big_picture,Llama_F4,-0.45626233896986845
Llama,full_shrinkage,big_picture,Llama_F5,0.2399998396487487
Llama,full_shrinkage,big_picture,Llama_F6,0.884906310073634
Llama,full_shrinkage,bitter,Llama_F1,-0.9311110017784499
Llama,full_shrinkage,bitter,Llama_F2,-0.2379464882479819
Llama,full_shrinkage,bitter,Llama_F3,0.34532124423809146
Llama,full_shrinkage,bitter,Llama_F4,-0.15942604197350177
Llama,full_shrinkage,bitter,Llama_F5,0.08326914460571679
Llama,full_shrinkage,bitter,Llama_F6,-0.655003915244303
Llama,full_shrinkage,blunt,Llama_F1,-0.7239902945099883
Llama,full_shrinkage,blunt,Llama_F2,0.2611039891772784
Llama,full_shrinkage,blunt,Llama_F3,-0.07459879832860064
Llama,full_shrinkage,blunt,Llama_F4,0.16858724013530588
Llama,full_shrinkage,blunt,Llama_F5,-0.44983138360093394
Llama,full_shrinkage,blunt,Llama_F6,-0.5317532713168149
Llama,full_shrinkage,bombastic,Llama_F1,-0.32298423176526436
Llama,full_shrinkage,bombastic,Llama_F2,-0.8864137690182082
Llama,full_shrinkage,bombastic,Llama_F3,-0.2658590343193791
Llama,full_shrinkage,bombastic,Llama_F4,-0.5711106561800833
Llama,full_shrinkage,bombastic,Llama_F5,0.19586050469866115
Llama,full_shrinkage,bombastic,Llama_F6,0.159315569928832
Llama,full_shrinkage,calculating,Llama_F1,0.5182624595013792
Llama,full_shrinkage,calculating,Llama_F2,-0.28271697194034595
Llama,full_shrinkage,calculating,Llama_F3,-0.6433046710575241
Llama,full_shrinkage,calculating,Llama_F4,-0.2318693035549639
Llama,full_shrinkage,calculating,Llama_F5,-0.032841693217882426
Llama,full_shrinkage,calculating,Llama_F6,0.8179952857802765
Llama,full_shrinkage,callous,Llama_F1,-0.9413074567881171
Llama,full_shrinkage,callous,Llama_F2,-0.1725642613245017
Llama,full_shrinkage,callous,Llama_F3,0.0004749989629715395
Llama,full_shrinkage,callous,Llama_F4,-0.042841198732924614
Llama,full_shrinkage,callous,Llama_F5,-0.10774777011855279
Llama,full_shrinkage,callous,Llama_F6,-0.628214038359988
Llama,full_shrinkage,calm,Llama_F1,0.8389394814973745
Llama,full_shrinkage,calm,Llama_F2,0.08668845557069497
Llama,full_shrinkage,calm,Llama_F3,-0.46471670952084665
Llama,full_shrinkage,calm,Llama_F4,0.051548072227005685
Llama,full_shrinkage,calm,Llama_F5,0.010948048852847002
Llama,full_shrinkage,calm,Llama_F6,0.7986984181069883
Llama,full_shrinkage,casual,Llama_F1,-0.414098387312541
Llama,full_shrinkage,casual,Llama_F2,0.35430440752114944
Llama,full_shrinkage,casual,Llama_F3,0.7122941215441817
Llama,full_shrinkage,casual,Llama_F4,0.12421391060664758
Llama,full_shrinkage,casual,Llama_F5,0.02627079294002697
Llama,full_shrinkage,casual,Llama_F6,-0.7665890040149336
Llama,full_shrinkage,cautious,Llama_F1,0.3047930845619945
Llama,full_shrinkage,cautious,Llama_F2,0.23495678980478113
Llama,full_shrinkage,cautious,Llama_F3,-0.6325514585873074
Llama,full_shrinkage,cautious,Llama_F4,0.21651589734643834
Llama,full_shrinkage,cautious,Llama_F5,0.3471350424215054
Llama,full_shrinkage,cautious,Llama_F6,0.4515344352455672
Llama,full_shrinkage,challenging,Llama_F1,-0.3797456145443739
Llama,full_shrinkage,challenging,Llama_F2,-0.42872160551209115
Llama,full_shrinkage,challenging,Llama_F3,-0.41639834334694176
Llama,full_shrinkage,challenging,Llama_F4,-0.6056749127964155
Llama,full_shrinkage,challenging,Llama_F5,0.35729012562080836
Llama,full_shrinkage,challenging,Llama_F6,0.37339262963722264
Llama,full_shrinkage,chaotic,Llama_F1,-0.38189903079429427
Llama,full_shrinkage,chaotic,Llama_F2,-0.7404913952165836
Llama,full_shrinkage,chaotic,Llama_F3,-0.017046421610617535
Llama,full_shrinkage,chaotic,Llama_F4,-0.7567816909617014
Llama,full_shrinkage,chaotic,Llama_F5,0.47312901008445024
Llama,full_shrinkage,chaotic,Llama_F6,-0.040535489930681956
Llama,full_shrinkage,charismatic,Llama_F1,0.32123091315887176
Llama,full_shrinkage,charismatic,Llama_F2,-0.3700896659541663
Llama,full_shrinkage,charismatic,Llama_F3,0.044631774068052285
Llama,full_shrinkage,charismatic,Llama_F4,-0.6363740834932364
Llama,full_shrinkage,charismatic,Llama_F5,0.16879126392617325
Llama,full_shrinkage,charismatic,Llama_F6,0.7636219668579816
Llama,full_shrinkage,chill,Llama_F1,0.7461172453401386
Llama,full_shrinkage,chill,Llama_F2,0.36024857444789293
Llama,full_shrinkage,chill,Llama_F3,0.3859678519674141
Llama,full_shrinkage,chill,Llama_F4,0.09205627801868847
Llama,full_shrinkage,chill,Llama_F5,0.2774224612391699
Llama,full_shrinkage,chill,Llama_F6,0.175066167266853
Llama,full_shrinkage,circumspect,Llama_F1,0.6733437027866712
Llama,full_shrinkage,circumspect,Llama_F2,-0.14101107782075528
Llama,full_shrinkage,circumspect,Llama_F3,-0.3167269632178753
Llama,full_shrinkage,circumspect,Llama_F4,-0.19482396502519833
Llama,full_shrinkage,circumspect,Llama_F5,0.5518185652817702
Llama,full_shrinkage,circumspect,Llama_F6,0.6703143594906511
Llama,full_shrinkage,closure_seeking,Llama_F1,-0.07457334625898071
Llama,full_shrinkage,closure_seeking,Llama_F2,0.09366999451258694
Llama,full_shrinkage,closure_seeking,Llama_F3,-0.24828108927847586
Llama,full_shrinkage,closure_seeking,Llama_F4,0.26887063842563397
Llama,full_shrinkage,closure_seeking,Llama_F5,-0.9609526764434059
Llama,full_shrinkage,closure_seeking,Llama_F6,-0.07939078956547982
Llama,full_shrinkage,collaborative,Llama_F1,0.8257566765326592
Llama,full_shrinkage,collaborative,Llama_F2,0.3246911841615293
Llama,full_shrinkage,collaborative,Llama_F3,-0.24957367593555496
Llama,full_shrinkage,collaborative,Llama_F4,-0.04421718102531328
Llama,full_shrinkage,collaborative,Llama_F5,0.02662534062460292
Llama,full_shrinkage,collaborative,Llama_F6,0.5147288108912395
Llama,full_shrinkage,collectivistic,Llama_F1,0.8401918206186186
Llama,full_shrinkage,collectivistic,Llama_F2,0.02035582108726695
Llama,full_shrinkage,collectivistic,Llama_F3,-0.14173061541846066
Llama,full_shrinkage,collectivistic,Llama_F4,0.06812220290831889
Llama,full_shrinkage,collectivistic,Llama_F5,0.06699956641366207
Llama,full_shrinkage,collectivistic,Llama_F6,0.42968610443443384
Llama,full_shrinkage,competitive,Llama_F1,-0.90863549677711
Llama,full_shrinkage,competitive,Llama_F2,-0.3579624787137935
Llama,full_shrinkage,competitive,Llama_F3,0.22606825917279877
Llama,full_shrinkage,competitive,Llama_F4,-0.2996285126024776
Llama,full_shrinkage,competitive,Llama_F5,-0.09716067429589079
Llama,full_shrinkage,competitive,Llama_F6,-0.45238870774719775
Llama,full_shrinkage,conceptual,Llama_F1,0.058343845247334575
Llama,full_shrinkage,conceptual,Llama_F2,-0.7282661433659755
Llama,full_shrinkage,conceptual,Llama_F3,-0.32251766570064483
Llama,full_shrinkage,conceptual,Llama_F4,-0.5554278754634463
Llama,full_shrinkage,conceptual,Llama_F5,0.45513257922239125
Llama,full_shrinkage,conceptual,Llama_F6,0.5297125436408052
Llama,full_shrinkage,conciliatory,Llama_F1,0.9487348694527221
Llama,full_shrinkage,conciliatory,Llama_F2,0.2781184329622003
Llama,full_shrinkage,conciliatory,Llama_F3,-0.3144021304544968
Llama,full_shrinkage,conciliatory,Llama_F4,0.17869826818474108
Llama,full_shrinkage,conciliatory,Llama_F5,0.026093557092626663
Llama,full_shrinkage,conciliatory,Llama_F6,0.6157367038614302
Llama,full_shrinkage,concise,Llama_F1,-0.43498133441104775
Llama,full_shrinkage,concise,Llama_F2,0.009138302736299111
Llama,full_shrinkage,concise,Llama_F3,0.04386028659331173
Llama,full_shrinkage,concise,Llama_F4,0.29177404331098006
Llama,full_shrinkage,concise,Llama_F5,-0.27419624427803235
Llama,full_shrinkage,concise,Llama_F6,-0.8303439763401864
Llama,full_shrinkage,condescending,Llama_F1,-0.8427619253250987
Llama,full_shrinkage,condescending,Llama_F2,-0.47876385908269975
Llama,full_shrinkage,condescending,Llama_F3,0.1681774318726396
Llama,full_shrinkage,condescending,Llama_F4,-0.23571077643667204
Llama,full_shrinkage,condescending,Llama_F5,0.17349338486667332
Llama,full_shrinkage,condescending,Llama_F6,-0.5972836921316738
Llama,full_shrinkage,confident,Llama_F1,-0.6023285901166763
Llama,full_shrinkage,confident,Llama_F2,-0.6756388837206819
Llama,full_shrinkage,confident,Llama_F3,-0.0073237122023586875
Llama,full_shrinkage,confident,Llama_F4,-0.3553349008339363
Llama,full_shrinkage,confident,Llama_F5,-0.3588917006413251
Llama,full_shrinkage,confident,Llama_F6,-0.03474776567071952
Llama,full_shrinkage,confrontational,Llama_F1,-0.8783737710733429
Llama,full_shrinkage,confrontational,Llama_F2,-0.1887613482687827
Llama,full_shrinkage,confrontational,Llama_F3,-0.09310947194864076
Llama,full_shrinkage,confrontational,Llama_F4,-0.23603207926816544
Llama,full_shrinkage,confrontational,Llama_F5,-0.2302388222250239
Llama,full_shrinkage,confrontational,Llama_F6,-0.1712897216746606
Llama,full_shrinkage,conscientious,Llama_F1,0.6354377013893915
Llama,full_shrinkage,conscientious,Llama_F2,-0.08701348186864985
Llama,full_shrinkage,conscientious,Llama_F3,-0.48387318164195525
Llama,full_shrinkage,conscientious,Llama_F4,-0.12442675240535146
Llama,full_shrinkage,conscientious,Llama_F5,-0.06503984430810968
Llama,full_shrinkage,conscientious,Llama_F6,0.9241443553042739
Llama,full_shrinkage,constructivist,Llama_F1,0.13282217053679682
Llama,full_shrinkage,constructivist,Llama_F2,-0.37088731552348114
Llama,full_shrinkage,constructivist,Llama_F3,0.09912692709902904
Llama,full_shrinkage,constructivist,Llama_F4,-0.5520001294160798
Llama,full_shrinkage,constructivist,Llama_F5,0.6979668959516465
Llama,full_shrinkage,constructivist,Llama_F6,0.48532621156651207
Llama,full_shrinkage,contemporary,Llama_F1,0.35374724611931274
Llama,full_shrinkage,contemporary,Llama_F2,0.9078667964514701
Llama,full_shrinkage,contemporary,Llama_F3,-0.0005400059545854176
Llama,full_shrinkage,contemporary,Llama_F4,0.18587818642143691
Llama,full_shrinkage,contemporary,Llama_F5,-0.23171739497579952
Llama,full_shrinkage,contemporary,Llama_F6,0.08857012776803928
Llama,full_shrinkage,contrarian,Llama_F1,-0.6625147937004348
Llama,full_shrinkage,contrarian,Llama_F2,-0.5909774554649024
Llama,full_shrinkage,contrarian,Llama_F3,0.01187688425306097
Llama,full_shrinkage,contrarian,Llama_F4,-0.6328902541336375
Llama,full_shrinkage,contrarian,Llama_F5,0.44094801605492856
Llama,full_shrinkage,contrarian,Llama_F6,-0.034384178445690666
Llama,full_shrinkage,convergent,Llama_F1,-0.24838466732162395
Llama,full_shrinkage,convergent,Llama_F2,0.2589345171259185
Llama,full_shrinkage,convergent,Llama_F3,-0.3372543209888711
Llama,full_shrinkage,convergent,Llama_F4,0.5757746497584063
Llama,full_shrinkage,convergent,Llama_F5,-0.734950021853724
Llama,full_shrinkage,convergent,Llama_F6,-0.3641762247202628
Llama,full_shrinkage,cosmopolitan,Llama_F1,0.6479728635863723
Llama,full_shrinkage,cosmopolitan,Llama_F2,-0.1944062798326917
Llama,full_shrinkage,cosmopolitan,Llama_F3,-0.5393992149055106
Llama,full_shrinkage,cosmopolitan,Llama_F4,-0.3204624534531953
Llama,full_shrinkage,cosmopolitan,Llama_F5,0.105532401077609
Llama,full_shrinkage,cosmopolitan,Llama_F6,0.7564828647449067
Llama,full_shrinkage,creative,Llama_F1,-0.08292717430276692
Llama,full_shrinkage,creative,Llama_F2,-0.757580927354854
Llama,full_shrinkage,creative,Llama_F3,-0.04600827935284299
Llama,full_shrinkage,creative,Llama_F4,-0.8254123054405145
Llama,full_shrinkage,creative,Llama_F5,0.4274470550661825
Llama,full_shrinkage,creative,Llama_F6,0.2305977132884841
Llama,full_shrinkage,critical,Llama_F1,-0.4164132115329672
Llama,full_shrinkage,critical,Llama_F2,-0.5465777592831701
Llama,full_shrinkage,critical,Llama_F3,-0.07417130508722103
Llama,full_shrinkage,critical,Llama_F4,-0.6232408601904313
Llama,full_shrinkage,critical,Llama_F5,0.4762521521505359
Llama,full_shrinkage,critical,Llama_F6,0.2737605860155974
Llama,full_shrinkage,cruel,Llama_F1,-0.9519768470081765
Llama,full_shrinkage,cruel,Llama_F2,-0.24490787285316928
Llama,full_shrinkage,cruel,Llama_F3,0.10371453734038752
Llama,full_shrinkage,cruel,Llama_F4,-0.10375491816804462
Llama,full_shrinkage,cruel,Llama_F5,-0.028833120127158038
Llama,full_shrinkage,cruel,Llama_F6,-0.6459583587882118
Llama,full_shrinkage,cryptic,Llama_F1,-0.33064788091603764
Llama,full_shrinkage,cryptic,Llama_F2,-0.9133897766009873
Llama,full_shrinkage,cryptic,Llama_F3,-0.04961887476948704
Llama,full_shrinkage,cryptic,Llama_F4,-0.5653780902496764
Llama,full_shrinkage,cryptic,Llama_F5,0.3346543625147436
Llama,full_shrinkage,cryptic,Llama_F6,-0.04736350230388195
Llama,full_shrinkage,curious,Llama_F1,0.5790515013264126
Llama,full_shrinkage,curious,Llama_F2,-0.1707730622927011
Llama,full_shrinkage,curious,Llama_F3,-0.2024338956216505
Llama,full_shrinkage,curious,Llama_F4,-0.39682742204107013
Llama,full_shrinkage,curious,Llama_F5,0.19002644166080296
Llama,full_shrinkage,curious,Llama_F6,0.9068269079780367
Llama,full_shrinkage,cynical,Llama_F1,-0.9531612837709764
Llama,full_shrinkage,cynical,Llama_F2,-0.2801358186760471
Llama,full_shrinkage,cynical,Llama_F3,0.028261682402874876
Llama,full_shrinkage,cynical,Llama_F4,-0.1934177435026853
Llama,full_shrinkage,cynical,Llama_F5,0.09120278224137383
Llama,full_shrinkage,cynical,Llama_F6,-0.46648491031760886
Llama,full_shrinkage,data_driven,Llama_F1,0.06286588548917911
Llama,full_shrinkage,data_driven,Llama_F2,0.2634709861612762
Llama,full_shrinkage,data_driven,Llama_F3,-0.8678661873909603
Llama,full_shrinkage,data_driven,Llama_F4,0.20517327108739974
Llama,full_shrinkage,data_driven,Llama_F5,-0.44662883491298144
Llama,full_shrinkage,data_driven,Llama_F6,0.08833996181716067
Llama,full_shrinkage,decisive,Llama_F1,0.3384517249711443
Llama,full_shrinkage,decisive,Llama_F2,-0.1274138765541575
Llama,full_shrinkage,decisive,Llama_F3,-0.41746751152730016
Llama,full_shrinkage,decisive,Llama_F4,-0.08337281576381282
Llama,full_shrinkage,decisive,Llama_F5,-0.654803090545632
Llama,full_shrinkage,decisive,Llama_F6,0.6147002707072515
Llama,full_shrinkage,deconstructionist,Llama_F1,-0.26835646160520743
Llama,full_shrinkage,deconstructionist,Llama_F2,-0.5452724448149058
Llama,full_shrinkage,deconstructionist,Llama_F3,-0.2575056359685411
Llama,full_shrinkage,deconstructionist,Llama_F4,-0.6624481106908259
Llama,full_shrinkage,deconstructionist,Llama_F5,0.5309197772179955
Llama,full_shrinkage,deconstructionist,Llama_F6,0.41836600697428367
Llama,full_shrinkage,deferential,Llama_F1,0.1430643460960118
Llama,full_shrinkage,deferential,Llama_F2,-0.11064009148387045
Llama,full_shrinkage,deferential,Llama_F3,0.15972322209073753
Llama,full_shrinkage,deferential,Llama_F4,0.37204799301926933
Llama,full_shrinkage,deferential,Llama_F5,0.5311722887660905
Llama,full_shrinkage,deferential,Llama_F6,-0.3890090224245253
Llama,full_shrinkage,deontological,Llama_F1,-0.14006870315005676
Llama,full_shrinkage,deontological,Llama_F2,-0.7351104599608
Llama,full_shrinkage,deontological,Llama_F3,0.18611137484032847
Llama,full_shrinkage,deontological,Llama_F4,-0.08916520487132508
Llama,full_shrinkage,deontological,Llama_F5,0.2168913064428883
Llama,full_shrinkage,deontological,Llama_F6,0.2559275640995918
Llama,full_shrinkage,descriptive,Llama_F1,0.4579892668499253
Llama,full_shrinkage,descriptive,Llama_F2,0.19823781607361363
Llama,full_shrinkage,descriptive,Llama_F3,-0.7800021921470488
Llama,full_shrinkage,descriptive,Llama_F4,0.3306364749232244
Llama,full_shrinkage,descriptive,Llama_F5,-0.15425526666355516
Llama,full_shrinkage,descriptive,Llama_F6,0.04999086487608789
Llama,full_shrinkage,detached,Llama_F1,0.15183649683589348
Llama,full_shrinkage,detached,Llama_F2,0.16201982071601867
Llama,full_shrinkage,detached,Llama_F3,-0.9516749455465011
Llama,full_shrinkage,detached,Llama_F4,0.21797339431966975
Llama,full_shrinkage,detached,Llama_F5,-0.3332294368467809
Llama,full_shrinkage,detached,Llama_F6,0.2833848591128155
Llama,full_shrinkage,deterministic,Llama_F1,-0.5658626379446605
Llama,full_shrinkage,deterministic,Llama_F2,-0.8414536175781755
Llama,full_shrinkage,deterministic,Llama_F3,-0.12142820777361792
Llama,full_shrinkage,deterministic,Llama_F4,-0.46370650962861626
Llama,full_shrinkage,deterministic,Llama_F5,0.33374523498074055
Llama,full_shrinkage,deterministic,Llama_F6,-0.14823767029560062
Llama,full_shrinkage,diplomatic,Llama_F1,0.9026072143421328
Llama,full_shrinkage,diplomatic,Llama_F2,0.1485774793465126
Llama,full_shrinkage,diplomatic,Llama_F3,-0.46331357314634625
Llama,full_shrinkage,diplomatic,Llama_F4,0.11626858923656845
Llama,full_shrinkage,diplomatic,Llama_F5,-0.008752697900552544
Llama,full_shrinkage,diplomatic,Llama_F6,0.6817670747485346
Llama,full_shrinkage,disorganized,Llama_F1,-0.6714108443340792
Llama,full_shrinkage,disorganized,Llama_F2,-0.07220070598274618
Llama,full_shrinkage,disorganized,Llama_F3,0.4513658522103713
Llama,full_shrinkage,disorganized,Llama_F4,-0.008565370363320063
Llama,full_shrinkage,disorganized,Llama_F5,0.16480501500136344
Llama,full_shrinkage,disorganized,Llama_F6,-0.90914996701259
Llama,full_shrinkage,dispassionate,Llama_F1,0.37306919270083067
Llama,full_shrinkage,dispassionate,Llama_F2,0.14657688036988686
Llama,full_shrinkage,dispassionate,Llama_F3,-0.9263417232740283
Llama,full_shrinkage,dispassionate,Llama_F4,0.24448799871883056
Llama,full_shrinkage,dispassionate,Llama_F5,-0.2695095810894943
Llama,full_shrinkage,dispassionate,Llama_F6,0.45062841128249603
Llama,full_shrinkage,divergent,Llama_F1,0.6098022956255912
Llama,full_shrinkage,divergent,Llama_F2,0.06769596865578038
Llama,full_shrinkage,divergent,Llama_F3,-0.32543537816850077
Llama,full_shrinkage,divergent,Llama_F4,-0.4639217068404178
Llama,full_shrinkage,divergent,Llama_F5,0.24961663299137446
Llama,full_shrinkage,divergent,Llama_F6,0.7351563699082727
Llama,full_shrinkage,dogmatic,Llama_F1,-0.9042494883182333
Llama,full_shrinkage,dogmatic,Llama_F2,-0.360408307364969
Llama,full_shrinkage,dogmatic,Llama_F3,0.3442743862673171
Llama,full_shrinkage,dogmatic,Llama_F4,-0.08585890470897026
Llama,full_shrinkage,dogmatic,Llama_F5,-0.050239646539691984
Llama,full_shrinkage,dogmatic,Llama_F6,-0.6357510885878953
Llama,full_shrinkage,dominant,Llama_F1,-0.058992883769678366
Llama,full_shrinkage,dominant,Llama_F2,-0.20149814721338732
Llama,full_shrinkage,dominant,Llama_F3,-0.6017850234619998
Llama,full_shrinkage,dominant,Llama_F4,-0.24157520945882788
Llama,full_shrinkage,dominant,Llama_F5,-0.47037708313802956
Llama,full_shrinkage,dominant,Llama_F6,0.6047037239526831
Llama,full_shrinkage,dramatic,Llama_F1,-0.408797882269121
Llama,full_shrinkage,dramatic,Llama_F2,-0.8967727170245443
Llama,full_shrinkage,dramatic,Llama_F3,0.09611057609021585
Llama,full_shrinkage,dramatic,Llama_F4,-0.6315399380356053
Llama,full_shrinkage,dramatic,Llama_F5,0.27125296119061254
Llama,full_shrinkage,dramatic,Llama_F6,-0.015786296930658653
Llama,full_shrinkage,earnest,Llama_F1,0.7187231733065396
Llama,full_shrinkage,earnest,Llama_F2,-0.12183474572582469
Llama,full_shrinkage,earnest,Llama_F3,-0.27736995068462944
Llama,full_shrinkage,earnest,Llama_F4,-0.11177659113479467
Llama,full_shrinkage,earnest,Llama_F5,-0.021442117385822048
Llama,full_shrinkage,earnest,Llama_F6,0.9106141275262569
Llama,full_shrinkage,eclectic,Llama_F1,-0.00857316531313113
Llama,full_shrinkage,eclectic,Llama_F2,-0.7605512230580007
Llama,full_shrinkage,eclectic,Llama_F3,-0.2161002526271122
Llama,full_shrinkage,eclectic,Llama_F4,-0.7134918601400628
Llama,full_shrinkage,eclectic,Llama_F5,0.4540824893540643
Llama,full_shrinkage,eclectic,Llama_F6,0.3250987838359084
Llama,full_shrinkage,edgy,Llama_F1,-0.8878410332630241
Llama,full_shrinkage,edgy,Llama_F2,-0.30081074726005524
Llama,full_shrinkage,edgy,Llama_F3,0.33227001709409276
Llama,full_shrinkage,edgy,Llama_F4,-0.31256805145794575
Llama,full_shrinkage,edgy,Llama_F5,0.145466795329862
Llama,full_shrinkage,edgy,Llama_F6,-0.668889993863113
Llama,full_shrinkage,educational,Llama_F1,0.5968572147376251
Llama,full_shrinkage,educational,Llama_F2,-0.04571994548341818
Llama,full_shrinkage,educational,Llama_F3,-0.49903877770351485
Llama,full_shrinkage,educational,Llama_F4,-0.18897589800051023
Llama,full_shrinkage,educational,Llama_F5,-0.0666809187958597
Llama,full_shrinkage,educational,Llama_F6,0.9306346618167058
Llama,full_shrinkage,efficient,Llama_F1,-0.5010190301436235
Llama,full_shrinkage,efficient,Llama_F2,0.04049554733683454
Llama,full_shrinkage,efficient,Llama_F3,0.17737328283907558
Llama,full_shrinkage,efficient,Llama_F4,0.27076175814218467
Llama,full_shrinkage,efficient,Llama_F5,-0.2578647431435944
Llama,full_shrinkage,efficient,Llama_F6,-0.8872144782826595
Llama,full_shrinkage,effusive,Llama_F1,-0.5705167911887813
Llama,full_shrinkage,effusive,Llama_F2,-0.24808102477048216
Llama,full_shrinkage,effusive,Llama_F3,0.7041893845083076
Llama,full_shrinkage,effusive,Llama_F4,-0.35017088755662434
Llama,full_shrinkage,effusive,Llama_F5,0.11570705946222541
Llama,full_shrinkage,effusive,Llama_F6,-0.6486907683674542
Llama,full_shrinkage,egalitarian,Llama_F1,0.6305859311727696
Llama,full_shrinkage,egalitarian,Llama_F2,0.08980229760487315
Llama,full_shrinkage,egalitarian,Llama_F3,0.11715308351563263
Llama,full_shrinkage,egalitarian,Llama_F4,-0.2613805477449956
Llama,full_shrinkage,egalitarian,Llama_F5,0.06519000041754747
Llama,full_shrinkage,egalitarian,Llama_F6,0.7671118246574855
Llama,full_shrinkage,elitist,Llama_F1,-0.726740545261071
Llama,full_shrinkage,elitist,Llama_F2,-0.7399033312587789
Llama,full_shrinkage,elitist,Llama_F3,-0.1049521135103547
Llama,full_shrinkage,elitist,Llama_F4,-0.3837653446309427
Llama,full_shrinkage,elitist,Llama_F5,0.1294788813389185
Llama,full_shrinkage,elitist,Llama_F6,-0.09902728998348302
Llama,full_shrinkage,eloquent,Llama_F1,0.14782963443451125
Llama,full_shrinkage,eloquent,Llama_F2,-0.6915513887071237
Llama,full_shrinkage,eloquent,Llama_F3,-0.24979629035510947
Llama,full_shrinkage,eloquent,Llama_F4,-0.5880434107658571
Llama,full_shrinkage,eloquent,Llama_F5,0.32763091663650384
Llama,full_shrinkage,eloquent,Llama_F6,0.6584712808199964
Llama,full_shrinkage,emotional,Llama_F1,-0.1400566236935305
Llama,full_shrinkage,emotional,Llama_F2,-0.19758904924470366
Llama,full_shrinkage,emotional,Llama_F3,0.9084983515253175
Llama,full_shrinkage,emotional,Llama_F4,-0.31275800204969995
Llama,full_shrinkage,emotional,Llama_F5,0.42869618229106915
Llama,full_shrinkage,emotional,Llama_F6,-0.20777285152383765
Llama,full_shrinkage,empathetic,Llama_F1,0.14981228080418107
Llama,full_shrinkage,empathetic,Llama_F2,-0.02553697023067619
Llama,full_shrinkage,empathetic,Llama_F3,0.8938261792812813
Llama,full_shrinkage,empathetic,Llama_F4,-0.15775836530354753
Llama,full_shrinkage,empathetic,Llama_F5,0.40632229659683916
Llama,full_shrinkage,empathetic,Llama_F6,-0.04679808872228414
Llama,full_shrinkage,enigmatic,Llama_F1,-0.4243496969279982
Llama,full_shrinkage,enigmatic,Llama_F2,-0.8856678164245628
Llama,full_shrinkage,enigmatic,Llama_F3,0.041338379835074934
Llama,full_shrinkage,enigmatic,Llama_F4,-0.5294928946251273
Llama,full_shrinkage,enigmatic,Llama_F5,0.36444576258401373
Llama,full_shrinkage,enigmatic,Llama_F6,-0.17179233136043526
Llama,full_shrinkage,entertaining,Llama_F1,-0.5459797577763893
Llama,full_shrinkage,entertaining,Llama_F2,-0.27963712559936915
Llama,full_shrinkage,entertaining,Llama_F3,0.6270778418222468
Llama,full_shrinkage,entertaining,Llama_F4,-0.4579615164075814
Llama,full_shrinkage,entertaining,Llama_F5,0.22808489218987063
Llama,full_shrinkage,entertaining,Llama_F6,-0.6345076817267217
Llama,full_shrinkage,environmental,Llama_F1,0.31820052236063107
Llama,full_shrinkage,environmental,Llama_F2,-0.631101388213489
Llama,full_shrinkage,environmental,Llama_F3,0.02544205990448851
Llama,full_shrinkage,environmental,Llama_F4,-0.5160103232149339
Llama,full_shrinkage,environmental,Llama_F5,0.31976636188747304
Llama,full_shrinkage,environmental,Llama_F6,0.4728816481728494
Llama,full_shrinkage,epicurean,Llama_F1,0.036000506978013026
Llama,full_shrinkage,epicurean,Llama_F2,-0.7541811834179304
Llama,full_shrinkage,epicurean,Llama_F3,-0.23070476997619999
Llama,full_shrinkage,epicurean,Llama_F4,-0.6289947868070702
Llama,full_shrinkage,epicurean,Llama_F5,0.3305833108023554
Llama,full_shrinkage,epicurean,Llama_F6,0.47638010681375986
Llama,full_shrinkage,erudite,Llama_F1,0.19237562988951334
Llama,full_shrinkage,erudite,Llama_F2,-0.5416018126079508
Llama,full_shrinkage,erudite,Llama_F3,-0.6172229357669523
Llama,full_shrinkage,erudite,Llama_F4,-0.45489335179850604
Llama,full_shrinkage,erudite,Llama_F5,0.18428173930555355
Llama,full_shrinkage,erudite,Llama_F6,0.6892437513049525
Llama,full_shrinkage,esoteric,Llama_F1,-0.2805603707412589
Llama,full_shrinkage,esoteric,Llama_F2,-0.7960743589070285
Llama,full_shrinkage,esoteric,Llama_F3,-0.40842464139861767
Llama,full_shrinkage,esoteric,Llama_F4,-0.5626751021552189
Llama,full_shrinkage,esoteric,Llama_F5,0.31265606107454125
Llama,full_shrinkage,esoteric,Llama_F6,0.17395051865112757
Llama,full_shrinkage,essentialist,Llama_F1,-0.5635016408021878
Llama,full_shrinkage,essentialist,Llama_F2,-0.8238114012713383
Llama,full_shrinkage,essentialist,Llama_F3,-0.03421243415898204
Llama,full_shrinkage,essentialist,Llama_F4,-0.09440861237600494
Llama,full_shrinkage,essentialist,Llama_F5,-0.07335319984422058
Llama,full_shrinkage,essentialist,Llama_F6,-0.17041452914939778
Llama,full_shrinkage,ethereal,Llama_F1,-0.2747620105088908
Llama,full_shrinkage,ethereal,Llama_F2,-0.9201719816634067
Llama,full_shrinkage,ethereal,Llama_F3,-0.0037067289512657123
Llama,full_shrinkage,ethereal,Llama_F4,-0.5301930753040184
Llama,full_shrinkage,ethereal,Llama_F5,0.34869921498217155
Llama,full_shrinkage,ethereal,Llama_F6,-0.06971957898301429
Llama,full_shrinkage,evil,Llama_F1,-0.8949504946876686
Llama,full_shrinkage,evil,Llama_F2,-0.3553676668552
Llama,full_shrinkage,evil,Llama_F3,0.3006767269697153
Llama,full_shrinkage,evil,Llama_F4,-0.2575197156368743
Llama,full_shrinkage,evil,Llama_F5,0.16558899446814665
Llama,full_shrinkage,evil,Llama_F6,-0.6562393059840725
Llama,full_shrinkage,existentialist,Llama_F1,0.13611766667644612
Llama,full_shrinkage,existentialist,Llama_F2,-0.1371058951647355
Llama,full_shrinkage,existentialist,Llama_F3,0.6008161138806609
Llama,full_shrinkage,existentialist,Llama_F4,-0.5073280170229578
Llama,full_shrinkage,existentialist,Llama_F5,0.28496561772415235
Llama,full_shrinkage,existentialist,Llama_F6,0.25964993914781803
Llama,full_shrinkage,experiential,Llama_F1,-0.07845179851138918
Llama,full_shrinkage,experiential,Llama_F2,0.6178461703552832
Llama,full_shrinkage,experiential,Llama_F3,0.6023949589515348
Llama,full_shrinkage,experiential,Llama_F4,0.3212396147506018
Llama,full_shrinkage,experiential,Llama_F5,-0.28252386850556194
Llama,full_shrinkage,experiential,Llama_F6,-0.49533493595346734
Llama,full_shrinkage,exploratory,Llama_F1,0.6874406732411729
Llama,full_shrinkage,exploratory,Llama_F2,0.35195471157931896
Llama,full_shrinkage,exploratory,Llama_F3,-0.16959936524454036
Llama,full_shrinkage,exploratory,Llama_F4,-0.21641035036147357
Llama,full_shrinkage,exploratory,Llama_F5,0.23114283887953216
Llama,full_shrinkage,exploratory,Llama_F6,0.7411228702696033
Llama,full_shrinkage,extroverted,Llama_F1,0.15704830872843834
Llama,full_shrinkage,extroverted,Llama_F2,0.27601686529204505
Llama,full_shrinkage,extroverted,Llama_F3,0.651329549946438
Llama,full_shrinkage,extroverted,Llama_F4,-0.3754972413969546
Llama,full_shrinkage,extroverted,Llama_F5,-0.10674925868989582
Llama,full_shrinkage,extroverted,Llama_F6,-0.09407670298974266
Llama,full_shrinkage,factual,Llama_F1,0.7012753718016659
Llama,full_shrinkage,factual,Llama_F2,0.42410032775622597
Llama,full_shrinkage,factual,Llama_F3,-0.6095369203202813
Llama,full_shrinkage,factual,Llama_F4,0.3155450817910577
Llama,full_shrinkage,factual,Llama_F5,-0.23671066602590307
Llama,full_shrinkage,factual,Llama_F6,0.6504460800460954
Llama,full_shrinkage,fatalistic,Llama_F1,-0.5511183127828965
Llama,full_shrinkage,fatalistic,Llama_F2,-0.8646385012249176
Llama,full_shrinkage,fatalistic,Llama_F3,0.08475501055740599
Llama,full_shrinkage,fatalistic,Llama_F4,-0.43756723502885647
Llama,full_shrinkage,fatalistic,Llama_F5,0.3811982350876641
Llama,full_shrinkage,fatalistic,Llama_F6,-0.22998275887429764
Llama,full_shrinkage,flexible,Llama_F1,0.9231562895893886
Llama,full_shrinkage,flexible,Llama_F2,0.44345619419330184
Llama,full_shrinkage,flexible,Llama_F3,-0.23094574235958423
Llama,full_shrinkage,flexible,Llama_F4,0.12818455397493386
Llama,full_shrinkage,flexible,Llama_F5,-0.05183865996721077
Llama,full_shrinkage,flexible,Llama_F6,0.5304635542053707
Llama,full_shrinkage,flippant,Llama_F1,-0.7106878116146751
Llama,full_shrinkage,flippant,Llama_F2,0.01172915898391132
Llama,full_shrinkage,flippant,Llama_F3,0.43321471393341704
Llama,full_shrinkage,flippant,Llama_F4,-0.013246219614744481
Llama,full_shrinkage,flippant,Llama_F5,0.05154834098203003
Llama,full_shrinkage,flippant,Llama_F6,-0.9079268829478803
Llama,full_shrinkage,flirty,Llama_F1,-0.6787484208179174
Llama,full_shrinkage,flirty,Llama_F2,-0.5121626972124631
Llama,full_shrinkage,flirty,Llama_F3,0.4610569899999154
Llama,full_shrinkage,flirty,Llama_F4,-0.4016315028807132
Llama,full_shrinkage,flirty,Llama_F5,0.2679814040492355
Llama,full_shrinkage,flirty,Llama_F6,-0.5988693041855516
Llama,full_shrinkage,forgiving,Llama_F1,0.8457022957010888
Llama,full_shrinkage,forgiving,Llama_F2,0.05664431373768686
Llama,full_shrinkage,forgiving,Llama_F3,0.25065116494359113
Llama,full_shrinkage,forgiving,Llama_F4,-0.09208671616198398
Llama,full_shrinkage,forgiving,Llama_F5,0.3257305699553665
Llama,full_shrinkage,forgiving,Llama_F6,0.39524838823661257
Llama,full_shrinkage,formal,Llama_F1,0.45846192748296305
Llama,full_shrinkage,formal,Llama_F2,-0.32622033848895104
Llama,full_shrinkage,formal,Llama_F3,-0.6600078892638067
Llama,full_shrinkage,formal,Llama_F4,-0.1301859244364209
Llama,full_shrinkage,formal,Llama_F5,-0.001644763580318634
Llama,full_shrinkage,formal,Llama_F6,0.8121412273771639
Llama,full_shrinkage,formalist,Llama_F1,0.40548760550101626
Llama,full_shrinkage,formalist,Llama_F2,0.08307705510022984
Llama,full_shrinkage,formalist,Llama_F3,-0.8792716992164842
Llama,full_shrinkage,formalist,Llama_F4,0.14724563435571225
Llama,full_shrinkage,formalist,Llama_F5,-0.3424980060555558
Llama,full_shrinkage,formalist,Llama_F6,0.576302218190009
Llama,full_shrinkage,fundamentalist,Llama_F1,-0.7948924010467511
Llama,full_shrinkage,fundamentalist,Llama_F2,-0.6397281231925706
Llama,full_shrinkage,fundamentalist,Llama_F3,0.07552520347313828
Llama,full_shrinkage,fundamentalist,Llama_F4,-0.01578496414109606
Llama,full_shrinkage,fundamentalist,Llama_F5,-0.05349435973333346
Llama,full_shrinkage,fundamentalist,Llama_F6,-0.4429116677468412
Llama,full_shrinkage,futuristic,Llama_F1,0.03865662238727839
Llama,full_shrinkage,futuristic,Llama_F2,-0.4623595767998878
Llama,full_shrinkage,futuristic,Llama_F3,-0.40773744010943735
Llama,full_shrinkage,futuristic,Llama_F4,-0.7643450623594094
Llama,full_shrinkage,futuristic,Llama_F5,0.22458044820968964
Llama,full_shrinkage,futuristic,Llama_F6,0.39130034944523995
Llama,full_shrinkage,generalist,Llama_F1,0.6857687886734954
Llama,full_shrinkage,generalist,Llama_F2,0.29925991940333635
Llama,full_shrinkage,generalist,Llama_F3,-0.15849256767769437
Llama,full_shrinkage,generalist,Llama_F4,-0.09440986147229662
Llama,full_shrinkage,generalist,Llama_F5,-0.03976407276370284
Llama,full_shrinkage,generalist,Llama_F6,0.8300232846776462
Llama,full_shrinkage,generous,Llama_F1,0.6079836362785451
Llama,full_shrinkage,generous,Llama_F2,-0.054562733277120405
Llama,full_shrinkage,generous,Llama_F3,-0.26191601595921116
Llama,full_shrinkage,generous,Llama_F4,-0.29351272171526754
Llama,full_shrinkage,generous,Llama_F5,0.10344993039784685
Llama,full_shrinkage,generous,Llama_F6,0.9420511711093795
Llama,full_shrinkage,goofy,Llama_F1,-0.6821614130534716
Llama,full_shrinkage,goofy,Llama_F2,-0.17713601282590447
Llama,full_shrinkage,goofy,Llama_F3,0.3803815294622917
Llama,full_shrinkage,goofy,Llama_F4,-0.17622311806462992
Llama,full_shrinkage,goofy,Llama_F5,0.07000501687521975
Llama,full_shrinkage,goofy,Llama_F6,-0.869816140984748
Llama,full_shrinkage,grandiose,Llama_F1,-0.42592285357031906
Llama,full_shrinkage,grandiose,Llama_F2,-0.8940053786134782
Llama,full_shrinkage,grandiose,Llama_F3,-0.1502332498345585
Llama,full_shrinkage,grandiose,Llama_F4,-0.5921214847235199
Llama,full_shrinkage,grandiose,Llama_F5,0.21502643467823415
Llama,full_shrinkage,grandiose,Llama_F6,0.07045964452007977
Llama,full_shrinkage,gregarious,Llama_F1,0.23753958015515622
Llama,full_shrinkage,gregarious,Llama_F2,0.39391746242561204
Llama,full_shrinkage,gregarious,Llama_F3,0.7675134043314128
Llama,full_shrinkage,gregarious,Llama_F4,-0.16156228777404535
Llama,full_shrinkage,gregarious,Llama_F5,0.1645373059264521
Llama,full_shrinkage,gregarious,Llama_F6,-0.04595621948399764
Llama,full_shrinkage,grounded,Llama_F1,0.17297138203382872
Llama,full_shrinkage,grounded,Llama_F2,0.8698526938359064
Llama,full_shrinkage,grounded,Llama_F3,0.11514565186809916
Llama,full_shrinkage,grounded,Llama_F4,0.6441485235270117
Llama,full_shrinkage,grounded,Llama_F5,-0.4697215826517299
Llama,full_shrinkage,grounded,Llama_F6,-0.24925734075007583
Llama,full_shrinkage,hedonistic,Llama_F1,-0.7034120664173904
Llama,full_shrinkage,hedonistic,Llama_F2,-0.2544712254630447
Llama,full_shrinkage,hedonistic,Llama_F3,0.5722134303248628
Llama,full_shrinkage,hedonistic,Llama_F4,-0.25697129523099443
Llama,full_shrinkage,hedonistic,Llama_F5,0.20205497613623305
Llama,full_shrinkage,hedonistic,Llama_F6,-0.7538383965737838
Llama,full_shrinkage,historical,Llama_F1,-0.5433753765016082
Llama,full_shrinkage,historical,Llama_F2,-0.8082504374534802
Llama,full_shrinkage,historical,Llama_F3,-0.08167654338380263
Llama,full_shrinkage,historical,Llama_F4,-0.46954220856118306
Llama,full_shrinkage,historical,Llama_F5,0.2674641394490311
Llama,full_shrinkage,historical,Llama_F6,-0.164632352626836
Llama,full_shrinkage,holistic,Llama_F1,0.6192217526788614
Llama,full_shrinkage,holistic,Llama_F2,-0.023026491133678238
Llama,full_shrinkage,holistic,Llama_F3,-0.3218782510522567
Llama,full_shrinkage,holistic,Llama_F4,-0.32820486612073635
Llama,full_shrinkage,holistic,Llama_F5,0.13549513583520037
Llama,full_shrinkage,holistic,Llama_F6,0.9241583990798748
Llama,full_shrinkage,hostile,Llama_F1,-0.9222235726231508
Llama,full_shrinkage,hostile,Llama_F2,-0.03111239745968969
Llama,full_shrinkage,hostile,Llama_F3,0.2932167692477393
Llama,full_shrinkage,hostile,Llama_F4,-0.02258771085668649
Llama,full_shrinkage,hostile,Llama_F5,-0.08855447592789713
Llama,full_shrinkage,hostile,Llama_F6,-0.7064493629024257
Llama,full_shrinkage,humanistic,Llama_F1,0.5410099778593176
Llama,full_shrinkage,humanistic,Llama_F2,0.020690323402783505
Llama,full_shrinkage,humanistic,Llama_F3,0.5921914622950519
Llama,full_shrinkage,humanistic,Llama_F4,-0.08357839103081321
Llama,full_shrinkage,humanistic,Llama_F5,0.3351308167589866
Llama,full_shrinkage,humanistic,Llama_F6,0.3730885333620855
Llama,full_shrinkage,humble,Llama_F1,0.4561465932237691
Llama,full_shrinkage,humble,Llama_F2,0.7587522650345109
Llama,full_shrinkage,humble,Llama_F3,0.13681391676876853
Llama,full_shrinkage,humble,Llama_F4,0.29696937689412223
Llama,full_shrinkage,humble,Llama_F5,0.2818885451519148
Llama,full_shrinkage,humble,Llama_F6,-0.12789420478267394
Llama,full_shrinkage,iconoclastic,Llama_F1,-0.8006112022079098
Llama,full_shrinkage,iconoclastic,Llama_F2,-0.5336464134969664
Llama,full_shrinkage,iconoclastic,Llama_F3,0.10891960726757871
Llama,full_shrinkage,iconoclastic,Llama_F4,-0.5566983240899032
Llama,full_shrinkage,iconoclastic,Llama_F5,0.33763876405894727
Llama,full_shrinkage,iconoclastic,Llama_F6,-0.18599446890721338
Llama,full_shrinkage,idealistic,Llama_F1,0.13465866427984283
Llama,full_shrinkage,idealistic,Llama_F2,-0.8160043413917162
Llama,full_shrinkage,idealistic,Llama_F3,0.09311112641556862
Llama,full_shrinkage,idealistic,Llama_F4,-0.5283669648490327
Llama,full_shrinkage,idealistic,Llama_F5,0.28212738575244634
Llama,full_shrinkage,idealistic,Llama_F6,0.40762093834406865
Llama,full_shrinkage,impatient,Llama_F1,-0.7661218641698051
Llama,full_shrinkage,impatient,Llama_F2,0.06846286709865651
Llama,full_shrinkage,impatient,Llama_F3,0.434287960821069
Llama,full_shrinkage,impatient,Llama_F4,0.11841995347847344
Llama,full_shrinkage,impatient,Llama_F5,-0.08911541761736644
Llama,full_shrinkage,impatient,Llama_F6,-0.8626041726159259
Llama,full_shrinkage,improvisational,Llama_F1,-0.5045301568880896
Llama,full_shrinkage,improvisational,Llama_F2,-0.22012891319766084
Llama,full_shrinkage,improvisational,Llama_F3,0.7825982427592757
Llama,full_shrinkage,improvisational,Llama_F4,-0.274179765380084
Llama,full_shrinkage,improvisational,Llama_F5,0.48444158969565054
Llama,full_shrinkage,improvisational,Llama_F6,-0.5299277870199293
Llama,full_shrinkage,impulsive,Llama_F1,-0.6838669801207556
Llama,full_shrinkage,impulsive,Llama_F2,0.009575387702639897
Llama,full_shrinkage,impulsive,Llama_F3,0.5378919606637003
Llama,full_shrinkage,impulsive,Llama_F4,0.0395022019878625
Llama,full_shrinkage,impulsive,Llama_F5,0.033197976591585444
Llama,full_shrinkage,impulsive,Llama_F6,-0.9005095589896492
Llama,full_shrinkage,inclusive,Llama_F1,0.7430092349270485
Llama,full_shrinkage,inclusive,Llama_F2,0.01619032532452915
Llama,full_shrinkage,inclusive,Llama_F3,-0.3671566800128379
Llama,full_shrinkage,inclusive,Llama_F4,-0.25662971954764746
Llama,full_shrinkage,inclusive,Llama_F5,0.170159078113248
Llama,full_shrinkage,inclusive,Llama_F6,0.8486032758348319
Llama,full_shrinkage,independent,Llama_F1,0.4828680646967023
Llama,full_shrinkage,independent,Llama_F2,-0.3552945475759461
Llama,full_shrinkage,independent,Llama_F3,-0.4597044887916703
Llama,full_shrinkage,independent,Llama_F4,-0.35092564202482057
Llama,full_shrinkage,independent,Llama_F5,0.04609730024829349
Llama,full_shrinkage,independent,Llama_F6,0.860555962653146
Llama,full_shrinkage,individualistic,Llama_F1,-0.5915696815834294
Llama,full_shrinkage,individualistic,Llama_F2,-0.679440031880591
Llama,full_shrinkage,individualistic,Llama_F3,0.3546884380896594
Llama,full_shrinkage,individualistic,Llama_F4,-0.6316452781695386
Llama,full_shrinkage,individualistic,Llama_F5,0.36730770431560633
Llama,full_shrinkage,individualistic,Llama_F6,-0.15086171208449747
Llama,full_shrinkage,innovative,Llama_F1,-0.30114398208723225
Llama,full_shrinkage,innovative,Llama_F2,-0.572390229359191
Llama,full_shrinkage,innovative,Llama_F3,-0.012420083295836925
Llama,full_shrinkage,innovative,Llama_F4,-0.9121286316181832
Llama,full_shrinkage,innovative,Llama_F5,0.3292065089999154
Llama,full_shrinkage,innovative,Llama_F6,0.10214920543280392
Llama,full_shrinkage,inquisitive,Llama_F1,0.013992319262976238
Llama,full_shrinkage,inquisitive,Llama_F2,0.33282406671802245
Llama,full_shrinkage,inquisitive,Llama_F3,0.3682108557633347
Llama,full_shrinkage,inquisitive,Llama_F4,-0.010994324111467101
Llama,full_shrinkage,inquisitive,Llama_F5,0.5474232204428312
Llama,full_shrinkage,inquisitive,Llama_F6,-0.1501743218576919
Llama,full_shrinkage,inspirational,Llama_F1,0.8708310322718037
Llama,full_shrinkage,inspirational,Llama_F2,-0.0337103543422116
Llama,full_shrinkage,inspirational,Llama_F3,-0.28945241262633525
Llama,full_shrinkage,inspirational,Llama_F4,-0.11487397399672952
Llama,full_shrinkage,inspirational,Llama_F5,-0.07002460245628203
Llama,full_shrinkage,inspirational,Llama_F6,0.752154382631185
Llama,full_shrinkage,interdisciplinary,Llama_F1,0.38307512122415055
Llama,full_shrinkage,interdisciplinary,Llama_F2,-0.2084910756402705
Llama,full_shrinkage,interdisciplinary,Llama_F3,-0.5293484478199332
Llama,full_shrinkage,interdisciplinary,Llama_F4,-0.537168892636937
Llama,full_shrinkage,interdisciplinary,Llama_F5,0.2261915072364346
Llama,full_shrinkage,interdisciplinary,Llama_F6,0.7176786252239408
Llama,full_shrinkage,introspective,Llama_F1,0.16208544970072086
Llama,full_shrinkage,introspective,Llama_F2,-0.4895546656993547
Llama,full_shrinkage,introspective,Llama_F3,-0.25236313966620455
Llama,full_shrinkage,introspective,Llama_F4,-0.5512391943782329
Llama,full_shrinkage,introspective,Llama_F5,0.618270542624908
Llama,full_shrinkage,introspective,Llama_F6,0.6177965556490134
Llama,full_shrinkage,introverted,Llama_F1,0.23701609286467065
Llama,full_shrinkage,introverted,Llama_F2,-0.6372670038338643
Llama,full_shrinkage,introverted,Llama_F3,-0.5493157733127229
Llama,full_shrinkage,introverted,Llama_F4,-0.2790084274486449
Llama,full_shrinkage,introverted,Llama_F5,0.18538540903372894
Llama,full_shrinkage,introverted,Llama_F6,0.6868601710121118
Llama,full_shrinkage,intuitive,Llama_F1,0.33742316524321336
Llama,full_shrinkage,intuitive,Llama_F2,-0.4572770827927302
Llama,full_shrinkage,intuitive,Llama_F3,0.23755699952558754
Llama,full_shrinkage,intuitive,Llama_F4,-0.603249040164294
Llama,full_shrinkage,intuitive,Llama_F5,0.4626758407046205
Llama,full_shrinkage,intuitive,Llama_F6,0.6058799851380513
Llama,full_shrinkage,ironic,Llama_F1,-0.8560293205159973
Llama,full_shrinkage,ironic,Llama_F2,-0.2796879728960934
Llama,full_shrinkage,ironic,Llama_F3,0.3690940268504452
Llama,full_shrinkage,ironic,Llama_F4,-0.26075231481747857
Llama,full_shrinkage,ironic,Llama_F5,0.20735268802869433
Llama,full_shrinkage,ironic,Llama_F6,-0.6926862264441189
Llama,full_shrinkage,irreverent,Llama_F1,-0.7197449019892563
Llama,full_shrinkage,irreverent,Llama_F2,0.03928974108381425
Llama,full_shrinkage,irreverent,Llama_F3,0.4762871280352509
Llama,full_shrinkage,irreverent,Llama_F4,-0.09006137563917675
Llama,full_shrinkage,irreverent,Llama_F5,0.048929579500077834
Llama,full_shrinkage,irreverent,Llama_F6,-0.8715310240509639
Llama,full_shrinkage,judgmental,Llama_F1,-0.925002889878991
Llama,full_shrinkage,judgmental,Llama_F2,-0.15606029033841096
Llama,full_shrinkage,judgmental,Llama_F3,0.4136712970115354
Llama,full_shrinkage,judgmental,Llama_F4,-0.07980274604441769
Llama,full_shrinkage,judgmental,Llama_F5,0.039420147886395494
Llama,full_shrinkage,judgmental,Llama_F6,-0.6596525948133062
Llama,full_shrinkage,libertarian,Llama_F1,-0.696041347344364
Llama,full_shrinkage,libertarian,Llama_F2,-0.5983165362667459
Llama,full_shrinkage,libertarian,Llama_F3,0.5166148493798771
Llama,full_shrinkage,libertarian,Llama_F4,-0.35338777580206426
Llama,full_shrinkage,libertarian,Llama_F5,0.21876430190164312
Llama,full_shrinkage,libertarian,Llama_F6,-0.30054696672637327
Llama,full_shrinkage,literal,Llama_F1,-0.5360957284418794
Llama,full_shrinkage,literal,Llama_F2,0.05995151933853342
Llama,full_shrinkage,literal,Llama_F3,-0.029102504376204343
Llama,full_shrinkage,literal,Llama_F4,0.37873515420417175
Llama,full_shrinkage,literal,Llama_F5,-0.20754864328044217
Llama,full_shrinkage,literal,Llama_F6,-0.870482816826432
Llama,full_shrinkage,manic,Llama_F1,-0.6921163943410644
Llama,full_shrinkage,manic,Llama_F2,-0.1056420616373987
Llama,full_shrinkage,manic,Llama_F3,0.5431305212775168
Llama,full_shrinkage,manic,Llama_F4,-0.1673279967602119
Llama,full_shrinkage,manic,Llama_F5,0.048229729894668685
Llama,full_shrinkage,manic,Llama_F6,-0.8395982119113482
Llama,full_shrinkage,manipulative,Llama_F1,-0.8188576381047801
Llama,full_shrinkage,manipulative,Llama_F2,-0.18963432730875532
Llama,full_shrinkage,manipulative,Llama_F3,0.5372180682744534
Llama,full_shrinkage,manipulative,Llama_F4,-0.06547255396793528
Llama,full_shrinkage,manipulative,Llama_F5,0.1839844069926708
Llama,full_shrinkage,manipulative,Llama_F6,-0.7297017613994667
Llama,full_shrinkage,materialist,Llama_F1,-0.46111878950493307
Llama,full_shrinkage,materialist,Llama_F2,0.3448209463614092
Llama,full_shrinkage,materialist,Llama_F3,-0.4078365734163962
Llama,full_shrinkage,materialist,Llama_F4,0.3594760515375399
Llama,full_shrinkage,materialist,Llama_F5,-0.39039685249402256
Llama,full_shrinkage,materialist,Llama_F6,-0.5506474867722471
Llama,full_shrinkage,meditative,Llama_F1,0.2947406662174262
Llama,full_shrinkage,meditative,Llama_F2,-0.7874378400600694
Llama,full_shrinkage,meditative,Llama_F3,-0.10166390456539989
Llama,full_shrinkage,meditative,Llama_F4,-0.40826094284616177
Llama,full_shrinkage,meditative,Llama_F5,0.40466925761223504
Llama,full_shrinkage,meditative,Llama_F6,0.45983055036341447
Llama,full_shrinkage,melancholic,Llama_F1,-0.7717980234104697
Llama,full_shrinkage,melancholic,Llama_F2,-0.689976028996389
Llama,full_shrinkage,melancholic,Llama_F3,0.04332625336396208
Llama,full_shrinkage,melancholic,Llama_F4,-0.2963130222512976
Llama,full_shrinkage,melancholic,Llama_F5,0.2674359608370267
Llama,full_shrinkage,melancholic,Llama_F6,-0.3259615166540536
Llama,full_shrinkage,melodramatic,Llama_F1,-0.49878697560306506
Llama,full_shrinkage,melodramatic,Llama_F2,-0.8753497983086296
Llama,full_shrinkage,melodramatic,Llama_F3,0.11393505147878769
Llama,full_shrinkage,melodramatic,Llama_F4,-0.5825129393689371
Llama,full_shrinkage,melodramatic,Llama_F5,0.22844292465027924
Llama,full_shrinkage,melodramatic,Llama_F6,-0.14211051207001765
Llama,full_shrinkage,mercurial,Llama_F1,-0.7784191741629104
Llama,full_shrinkage,mercurial,Llama_F2,-0.4187168220603639
Llama,full_shrinkage,mercurial,Llama_F3,0.3335277158016957
Llama,full_shrinkage,mercurial,Llama_F4,-0.2792502534456086
Llama,full_shrinkage,mercurial,Llama_F5,0.21268281142837087
Llama,full_shrinkage,mercurial,Llama_F6,-0.7475912998527889
Llama,full_shrinkage,metaphorical,Llama_F1,-0.20680908614101814
Llama,full_shrinkage,metaphorical,Llama_F2,-0.8683376588443821
Llama,full_shrinkage,metaphorical,Llama_F3,0.12859666267720282
Llama,full_shrinkage,metaphorical,Llama_F4,-0.6708936448897364
Llama,full_shrinkage,metaphorical,Llama_F5,0.3782255318976389
Llama,full_shrinkage,metaphorical,Llama_F6,0.045123531214041
Llama,full_shrinkage,methodical,Llama_F1,0.6051357095074651
Llama,full_shrinkage,methodical,Llama_F2,0.01566986072979469
Llama,full_shrinkage,methodical,Llama_F3,-0.6959859705898996
Llama,full_shrinkage,methodical,Llama_F4,0.03585737005569673
Llama,full_shrinkage,methodical,Llama_F5,-0.2176233836497954
Llama,full_shrinkage,methodical,Llama_F6,0.8038644542453315
Llama,full_shrinkage,meticulous,Llama_F1,0.4761164770805438
Llama,full_shrinkage,meticulous,Llama_F2,-0.2644330200298065
Llama,full_shrinkage,meticulous,Llama_F3,-0.6837825911438218
Llama,full_shrinkage,meticulous,Llama_F4,-0.17695229375018215
Llama,full_shrinkage,meticulous,Llama_F5,-0.022144598400892338
Llama,full_shrinkage,meticulous,Llama_F6,0.828649942500878
Llama,full_shrinkage,militant,Llama_F1,-0.932906860892575
Llama,full_shrinkage,militant,Llama_F2,-0.32002091635562574
Llama,full_shrinkage,militant,Llama_F3,0.31641349099943544
Llama,full_shrinkage,militant,Llama_F4,-0.2498749259942684
Llama,full_shrinkage,militant,Llama_F5,-0.07772387582823256
Llama,full_shrinkage,militant,Llama_F6,-0.5083436031376946
Llama,full_shrinkage,misanthropic,Llama_F1,-0.8831792045910399
Llama,full_shrinkage,misanthropic,Llama_F2,-0.5585776883097735
Llama,full_shrinkage,misanthropic,Llama_F3,0.16823846672050602
Llama,full_shrinkage,misanthropic,Llama_F4,-0.3301437558748243
Llama,full_shrinkage,misanthropic,Llama_F5,0.21155233077594637
Llama,full_shrinkage,misanthropic,Llama_F6,-0.44835967895461415
Llama,full_shrinkage,mischievous,Llama_F1,-0.7290280150722213
Llama,full_shrinkage,mischievous,Llama_F2,-0.33238737402032553
Llama,full_shrinkage,mischievous,Llama_F3,0.3515192300076557
Llama,full_shrinkage,mischievous,Llama_F4,-0.35743645137490654
Llama,full_shrinkage,mischievous,Llama_F5,0.18654807964011702
Llama,full_shrinkage,mischievous,Llama_F6,-0.7438882165491673
Llama,full_shrinkage,moderate,Llama_F1,0.9148499597383731
Llama,full_shrinkage,moderate,Llama_F2,0.4011608114345841
Llama,full_shrinkage,moderate,Llama_F3,-0.374841286558589
Llama,full_shrinkage,moderate,Llama_F4,0.29472592524501867
Llama,full_shrinkage,moderate,Llama_F5,-0.04398909425810348
Llama,full_shrinkage,moderate,Llama_F6,0.515143758617727
Llama,full_shrinkage,mystical,Llama_F1,-0.21786126260991015
Llama,full_shrinkage,mystical,Llama_F2,-0.915084181110883
Llama,full_shrinkage,mystical,Llama_F3,0.20162048683425166
Llama,full_shrinkage,mystical,Llama_F4,-0.5319786999717732
Llama,full_shrinkage,mystical,Llama_F5,0.3794793760164879
Llama,full_shrinkage,mystical,Llama_F6,-0.04012536425027177
Llama,full_shrinkage,naive,Llama_F1,-0.2765795508975216
Llama,full_shrinkage,naive,Llama_F2,0.17082001254740495
Llama,full_shrinkage,naive,Llama_F3,0.5542701966344494
Llama,full_shrinkage,naive,Llama_F4,0.2742874631839473
Llama,full_shrinkage,naive,Llama_F5,-0.04562633124744179
Llama,full_shrinkage,naive,Llama_F6,-0.8663011332427857
Llama,full_shrinkage,narrative,Llama_F1,-0.5138913315203935
Llama,full_shrinkage,narrative,Llama_F2,-0.6659939863066295
Llama,full_shrinkage,narrative,Llama_F3,0.5446275231762155
Llama,full_shrinkage,narrative,Llama_F4,-0.44167811308877375
Llama,full_shrinkage,narrative,Llama_F5,0.3702523320275682
Llama,full_shrinkage,narrative,Llama_F6,-0.35188197808029564
Llama,full_shrinkage,neurotic,Llama_F1,-0.7078525308745569
Llama,full_shrinkage,neurotic,Llama_F2,0.06276073230512941
Llama,full_shrinkage,neurotic,Llama_F3,0.4605899822796403
Llama,full_shrinkage,neurotic,Llama_F4,0.11355487243055462
Llama,full_shrinkage,neurotic,Llama_F5,0.09346609509422621
Llama,full_shrinkage,neurotic,Llama_F6,-0.8849685347565858
Llama,full_shrinkage,nihilistic,Llama_F1,-0.7146478230173392
Llama,full_shrinkage,nihilistic,Llama_F2,-0.7389530854281842
Llama,full_shrinkage,nihilistic,Llama_F3,-0.018012490048386048
Llama,full_shrinkage,nihilistic,Llama_F4,-0.40624575848490724
Llama,full_shrinkage,nihilistic,Llama_F5,0.3056912043628092
Llama,full_shrinkage,nihilistic,Llama_F6,-0.321861349075151
Llama,full_shrinkage,nonchalant,Llama_F1,-0.6678272017107795
Llama,full_shrinkage,nonchalant,Llama_F2,0.1336662929778432
Llama,full_shrinkage,nonchalant,Llama_F3,0.4283693552018993
Llama,full_shrinkage,nonchalant,Llama_F4,0.12746307846928284
Llama,full_shrinkage,nonchalant,Llama_F5,0.035737941500703835
Llama,full_shrinkage,nonchalant,Llama_F6,-0.9090804230523223
Llama,full_shrinkage,nostalgic,Llama_F1,-0.5975578745984177
Llama,full_shrinkage,nostalgic,Llama_F2,-0.751245839841783
Llama,full_shrinkage,nostalgic,Llama_F3,0.33829973465807645
Llama,full_shrinkage,nostalgic,Llama_F4,-0.2778140248016332
Llama,full_shrinkage,nostalgic,Llama_F5,0.3008403116899649
Llama,full_shrinkage,nostalgic,Llama_F6,-0.373487831248813
Llama,full_shrinkage,nurturing,Llama_F1,0.8530016917189532
Llama,full_shrinkage,nurturing,Llama_F2,-0.05063916392205251
Llama,full_shrinkage,nurturing,Llama_F3,-0.09029248577165269
Llama,full_shrinkage,nurturing,Llama_F4,-0.1631327712047585
Llama,full_shrinkage,nurturing,Llama_F5,0.09719090747405032
Llama,full_shrinkage,nurturing,Llama_F6,0.7809763477421439
Llama,full_shrinkage,obsessive,Llama_F1,-0.799627368246605
Llama,full_shrinkage,obsessive,Llama_F2,-0.5575620190075168
Llama,full_shrinkage,obsessive,Llama_F3,0.20116585657976677
Llama,full_shrinkage,obsessive,Llama_F4,-0.3064126192442652
Llama,full_shrinkage,obsessive,Llama_F5,0.2789604398657584
Llama,full_shrinkage,obsessive,Llama_F6,-0.577837601982943
Llama,full_shrinkage,open_ended,Llama_F1,0.061723104294746214
Llama,full_shrinkage,open_ended,Llama_F2,-0.26816831317492357
Llama,full_shrinkage,open_ended,Llama_F3,0.3561409873432484
Llama,full_shrinkage,open_ended,Llama_F4,-0.3642724172132526
Llama,full_shrinkage,open_ended,Llama_F5,0.9413435452055764
Llama,full_shrinkage,open_ended,Llama_F6,-0.01369327028674766
Llama,full_shrinkage,optimistic,Llama_F1,0.9382015666888839
Llama,full_shrinkage,optimistic,Llama_F2,0.1953616589060833
Llama,full_shrinkage,optimistic,Llama_F3,-0.02414747825068044
Llama,full_shrinkage,optimistic,Llama_F4,0.02890943401588812
Llama,full_shrinkage,optimistic,Llama_F5,-0.15068014994628592
Llama,full_shrinkage,optimistic,Llama_F6,0.48521445393020085
Llama,full_shrinkage,pacifist,Llama_F1,0.07405568209833722
Llama,full_shrinkage,pacifist,Llama_F2,-0.662755466953992
Llama,full_shrinkage,pacifist,Llama_F3,0.37472830973269533
Llama,full_shrinkage,pacifist,Llama_F4,-0.4282902781285512
Llama,full_shrinkage,pacifist,Llama_F5,0.42510721852057876
Llama,full_shrinkage,pacifist,Llama_F6,0.26295119505580344
Llama,full_shrinkage,paradoxical,Llama_F1,-0.3369624404510475
Llama,full_shrinkage,paradoxical,Llama_F2,-0.7869612584747059
Llama,full_shrinkage,paradoxical,Llama_F3,0.14461271258700273
Llama,full_shrinkage,paradoxical,Llama_F4,-0.6622565680910781
Llama,full_shrinkage,paradoxical,Llama_F5,0.6130964908342328
Llama,full_shrinkage,paradoxical,Llama_F6,0.049070150801548244
Llama,full_shrinkage,paranoid,Llama_F1,-0.9066564845834533
Llama,full_shrinkage,paranoid,Llama_F2,-0.3695482871693308
Llama,full_shrinkage,paranoid,Llama_F3,0.31957962135058626
Llama,full_shrinkage,paranoid,Llama_F4,-0.2804186071453934
Llama,full_shrinkage,paranoid,Llama_F5,0.22181326001695795
Llama,full_shrinkage,paranoid,Llama_F6,-0.5077845310157914
Llama,full_shrinkage,passionate,Llama_F1,-0.574438066944134
Llama,full_shrinkage,passionate,Llama_F2,-0.5274518071245192
Llama,full_shrinkage,passionate,Llama_F3,0.63562738726655
Llama,full_shrinkage,passionate,Llama_F4,-0.5649306420668887
Llama,full_shrinkage,passionate,Llama_F5,0.15224506255212264
Llama,full_shrinkage,passionate,Llama_F6,-0.3194418929490772
Llama,full_shrinkage,passive_aggressive,Llama_F1,-0.8313207376530879
Llama,full_shrinkage,passive_aggressive,Llama_F2,-0.30603890397533295
Llama,full_shrinkage,passive_aggressive,Llama_F3,0.3205554064095658
Llama,full_shrinkage,passive_aggressive,Llama_F4,-0.1453402326992517
Llama,full_shrinkage,passive_aggressive,Llama_F5,0.2646891211252441
Llama,full_shrinkage,passive_aggressive,Llama_F6,-0.731346541196241
Llama,full_shrinkage,patient,Llama_F1,0.8432750512642961
Llama,full_shrinkage,patient,Llama_F2,0.0783072430597403
Llama,full_shrinkage,patient,Llama_F3,-0.3458363502629672
Llama,full_shrinkage,patient,Llama_F4,-0.04202449994536361
Llama,full_shrinkage,patient,Llama_F5,0.005374771137827642
Llama,full_shrinkage,patient,Llama_F6,0.8437870782772925
Llama,full_shrinkage,pedantic,Llama_F1,-0.050967048177155146
Llama,full_shrinkage,pedantic,Llama_F2,-0.5772263108602729
Llama,full_shrinkage,pedantic,Llama_F3,-0.6861809788284445
Llama,full_shrinkage,pedantic,Llama_F4,-0.3555273370616567
Llama,full_shrinkage,pedantic,Llama_F5,0.20459243733089932
Llama,full_shrinkage,pedantic,Llama_F6,0.4651664468866501
Llama,full_shrinkage,pensive,Llama_F1,0.35797411651337496
Llama,full_shrinkage,pensive,Llama_F2,-0.5199438724865393
Llama,full_shrinkage,pensive,Llama_F3,-0.3525570242256053
Llama,full_shrinkage,pensive,Llama_F4,-0.43096120647333386
Llama,full_shrinkage,pensive,Llama_F5,0.27715938814675506
Llama,full_shrinkage,pensive,Llama_F6,0.8350750799837576
Llama,full_shrinkage,perfectionist,Llama_F1,0.44132188859345817
Llama,full_shrinkage,perfectionist,Llama_F2,-0.28361494506810814
Llama,full_shrinkage,perfectionist,Llama_F3,-0.670976545397655
Llama,full_shrinkage,perfectionist,Llama_F4,-0.23469167234954974
Llama,full_shrinkage,perfectionist,Llama_F5,-0.012944521149049237
Llama,full_shrinkage,perfectionist,Llama_F6,0.8352882968394291
Llama,full_shrinkage,pessimistic,Llama_F1,-0.9460319280355627
Llama,full_shrinkage,pessimistic,Llama_F2,-0.17205786532079265
Llama,full_shrinkage,pessimistic,Llama_F3,0.11822338172003774
Llama,full_shrinkage,pessimistic,Llama_F4,-0.04983251447642582
Llama,full_shrinkage,pessimistic,Llama_F5,0.1648875446381282
Llama,full_shrinkage,pessimistic,Llama_F6,-0.5542725227652844
Llama,full_shrinkage,petty,Llama_F1,-0.8237396185618249
Llama,full_shrinkage,petty,Llama_F2,-0.14154011570402739
Llama,full_shrinkage,petty,Llama_F3,0.45036206733940687
Llama,full_shrinkage,petty,Llama_F4,-0.025633780274283594
Llama,full_shrinkage,petty,Llama_F5,0.1012187917275393
Llama,full_shrinkage,petty,Llama_F6,-0.8143910652839697
Llama,full_shrinkage,philosophical,Llama_F1,-0.0849864537066951
Llama,full_shrinkage,philosophical,Llama_F2,-0.8144051637608889
Llama,full_shrinkage,philosophical,Llama_F3,-0.07414070234871102
Llama,full_shrinkage,philosophical,Llama_F4,-0.6519294885888799
Llama,full_shrinkage,philosophical,Llama_F5,0.49330936650698687
Llama,full_shrinkage,philosophical,Llama_F6,0.4292795179188784
Llama,full_shrinkage,playful,Llama_F1,-0.5649575833908997
Llama,full_shrinkage,playful,Llama_F2,-0.31590132917022457
Llama,full_shrinkage,playful,Llama_F3,0.49753222502261674
Llama,full_shrinkage,playful,Llama_F4,-0.39050226295651497
Llama,full_shrinkage,playful,Llama_F5,0.1818663583397685
Llama,full_shrinkage,playful,Llama_F6,-0.7456576929394824
Llama,full_shrinkage,pluralist,Llama_F1,0.8884746969461111
Llama,full_shrinkage,pluralist,Llama_F2,0.283698206112365
Llama,full_shrinkage,pluralist,Llama_F3,-0.14334882112986427
Llama,full_shrinkage,pluralist,Llama_F4,-0.10763890086630708
Llama,full_shrinkage,pluralist,Llama_F5,0.21649926593894112
Llama,full_shrinkage,pluralist,Llama_F6,0.611249507857938
Llama,full_shrinkage,poetic,Llama_F1,-0.2328871763865743
Llama,full_shrinkage,poetic,Llama_F2,-0.8984143199807783
Llama,full_shrinkage,poetic,Llama_F3,0.11668907534949204
Llama,full_shrinkage,poetic,Llama_F4,-0.6282979557900092
Llama,full_shrinkage,poetic,Llama_F5,0.34299062091913124
Llama,full_shrinkage,poetic,Llama_F6,0.0072528252148280625
Llama,full_shrinkage,practical,Llama_F1,0.10156000766035674
Llama,full_shrinkage,practical,Llama_F2,0.7174720766661721
Llama,full_shrinkage,practical,Llama_F3,0.3637563341824187
Llama,full_shrinkage,practical,Llama_F4,0.546118925347564
Llama,full_shrinkage,practical,Llama_F5,-0.48088347330072273
Llama,full_shrinkage,practical,Llama_F6,-0.42414694658887153
Llama,full_shrinkage,prescriptive,Llama_F1,0.04899289877448119
Llama,full_shrinkage,prescriptive,Llama_F2,0.2186727385984883
Llama,full_shrinkage,prescriptive,Llama_F3,-0.676359614928271
Llama,full_shrinkage,prescriptive,Llama_F4,0.19881002207008774
Llama,full_shrinkage,prescriptive,Llama_F5,-0.7645348914554548
Llama,full_shrinkage,prescriptive,Llama_F6,0.26047571907690387
Llama,full_shrinkage,principled,Llama_F1,0.511672359391039
Llama,full_shrinkage,principled,Llama_F2,-0.39369484102791114
Llama,full_shrinkage,principled,Llama_F3,-0.2576368735017238
Llama,full_shrinkage,principled,Llama_F4,-0.18166249422640243
Llama,full_shrinkage,principled,Llama_F5,0.11969092879933416
Llama,full_shrinkage,principled,Llama_F6,0.8742898754668854
Llama,full_shrinkage,proactive,Llama_F1,0.6357793992552634
Llama,full_shrinkage,proactive,Llama_F2,0.11408655772913029
Llama,full_shrinkage,proactive,Llama_F3,-0.38217702652354985
Llama,full_shrinkage,proactive,Llama_F4,-0.20129978334817594
Llama,full_shrinkage,proactive,Llama_F5,-0.05015973257423964
Llama,full_shrinkage,proactive,Llama_F6,0.9224798437141302
Llama,full_shrinkage,problem_solving,Llama_F1,0.6287769109251885
Llama,full_shrinkage,problem_solving,Llama_F2,0.3652981332940406
Llama,full_shrinkage,problem_solving,Llama_F3,-0.5089150436474846
Llama,full_shrinkage,problem_solving,Llama_F4,0.002053589091597828
Llama,full_shrinkage,problem_solving,Llama_F5,-0.3868177884553932
Llama,full_shrinkage,problem_solving,Llama_F6,0.7295569716746113
Llama,full_shrinkage,progressive,Llama_F1,0.24961545668834664
Llama,full_shrinkage,progressive,Llama_F2,0.06826482295179749
Llama,full_shrinkage,progressive,Llama_F3,0.08410515262496948
Llama,full_shrinkage,progressive,Llama_F4,-0.7067835628197294
Llama,full_shrinkage,progressive,Llama_F5,0.06387860243833218
Llama,full_shrinkage,progressive,Llama_F6,0.41447072918483197
Llama,full_shrinkage,provocative,Llama_F1,-0.5528415542665108
Llama,full_shrinkage,provocative,Llama_F2,-0.6756667488288416
Llama,full_shrinkage,provocative,Llama_F3,0.0031221754367109014
Llama,full_shrinkage,provocative,Llama_F4,-0.6877233919268249
Llama,full_shrinkage,provocative,Llama_F5,0.4809441672007161
Llama,full_shrinkage,provocative,Llama_F6,0.0561061986750894
Llama,full_shrinkage,qualitative,Llama_F1,0.061353824235049974
Llama,full_shrinkage,qualitative,Llama_F2,-0.6756007281315081
Llama,full_shrinkage,qualitative,Llama_F3,0.3638080635309918
Llama,full_shrinkage,qualitative,Llama_F4,-0.5214164482024762
Llama,full_shrinkage,qualitative,Llama_F5,0.5573422169872513
Llama,full_shrinkage,qualitative,Llama_F6,0.4008530952168541
Llama,full_shrinkage,quantitative,Llama_F1,0.09063636667188148
Llama,full_shrinkage,quantitative,Llama_F2,0.6269408443344296
Llama,full_shrinkage,quantitative,Llama_F3,-0.6166967274304518
Llama,full_shrinkage,quantitative,Llama_F4,0.34551136315756803
Llama,full_shrinkage,quantitative,Llama_F5,-0.5593006986303414
Llama,full_shrinkage,quantitative,Llama_F6,-0.019014008032504984
Llama,full_shrinkage,radical,Llama_F1,-0.5973704445946916
Llama,full_shrinkage,radical,Llama_F2,-0.5636704774700629
Llama,full_shrinkage,radical,Llama_F3,0.24046616577788685
Llama,full_shrinkage,radical,Llama_F4,-0.6345690309456166
Llama,full_shrinkage,radical,Llama_F5,0.29818637005044435
Llama,full_shrinkage,radical,Llama_F6,-0.05657614145266063
Llama,full_shrinkage,rationalist,Llama_F1,0.25328316582718047
Llama,full_shrinkage,rationalist,Llama_F2,0.41103385896848554
Llama,full_shrinkage,rationalist,Llama_F3,-0.8571854268181179
Llama,full_shrinkage,rationalist,Llama_F4,0.312059042899166
Llama,full_shrinkage,rationalist,Llama_F5,-0.40089885304731426
Llama,full_shrinkage,rationalist,Llama_F6,0.32146318395083684
Llama,full_shrinkage,reactive,Llama_F1,-0.6052701700677118
Llama,full_shrinkage,reactive,Llama_F2,0.052891094555929496
Llama,full_shrinkage,reactive,Llama_F3,0.6035144917914307
Llama,full_shrinkage,reactive,Llama_F4,0.07648048507984419
Llama,full_shrinkage,reactive,Llama_F5,0.11034841384637308
Llama,full_shrinkage,reactive,Llama_F6,-0.8914907160222145
Llama,full_shrinkage,rebellious,Llama_F1,-0.4934328472860536
Llama,full_shrinkage,rebellious,Llama_F2,-0.4906260570889037
Llama,full_shrinkage,rebellious,Llama_F3,0.23046324568884533
Llama,full_shrinkage,rebellious,Llama_F4,-0.7946307896502535
Llama,full_shrinkage,rebellious,Llama_F5,0.4540773619065457
Llama,full_shrinkage,rebellious,Llama_F6,-0.004386253800452211
Llama,full_shrinkage,reductionist,Llama_F1,-0.07229665951461221
Llama,full_shrinkage,reductionist,Llama_F2,0.7443140087381213
Llama,full_shrinkage,reductionist,Llama_F3,-0.21608845189712345
Llama,full_shrinkage,reductionist,Llama_F4,0.6117199793174753
Llama,full_shrinkage,reductionist,Llama_F5,-0.5313160344740933
Llama,full_shrinkage,reductionist,Llama_F6,-0.36262242699963104
Llama,full_shrinkage,regulatory,Llama_F1,0.2517356379963768
Llama,full_shrinkage,regulatory,Llama_F2,0.20100468405903008
Llama,full_shrinkage,regulatory,Llama_F3,-0.6503695962377384
Llama,full_shrinkage,regulatory,Llama_F4,0.6374935614983828
Llama,full_shrinkage,regulatory,Llama_F5,-0.45543878115107095
Llama,full_shrinkage,regulatory,Llama_F6,0.19973806233273983
Llama,full_shrinkage,relativist,Llama_F1,-0.4819749050047652
Llama,full_shrinkage,relativist,Llama_F2,-0.6574167994776368
Llama,full_shrinkage,relativist,Llama_F3,0.17377452299751203
Llama,full_shrinkage,relativist,Llama_F4,-0.5130708529970658
Llama,full_shrinkage,relativist,Llama_F5,0.683649897402763
Llama,full_shrinkage,relativist,Llama_F6,-0.05242207921813917
Llama,full_shrinkage,reserved,Llama_F1,0.463896062480162
Llama,full_shrinkage,reserved,Llama_F2,0.24641964342970146
Llama,full_shrinkage,reserved,Llama_F3,-0.8512463202167343
Llama,full_shrinkage,reserved,Llama_F4,0.3611201717576702
Llama,full_shrinkage,reserved,Llama_F5,-0.33839573438683523
Llama,full_shrinkage,reserved,Llama_F6,0.4538558617694304
Llama,full_shrinkage,resilient,Llama_F1,0.7640116766092796
Llama,full_shrinkage,resilient,Llama_F2,-0.008741249706790686
Llama,full_shrinkage,resilient,Llama_F3,-0.45462773083296515
Llama,full_shrinkage,resilient,Llama_F4,-0.09648548497689513
Llama,full_shrinkage,resilient,Llama_F5,-0.10398098542691168
Llama,full_shrinkage,resilient,Llama_F6,0.8522815276064891
Llama,full_shrinkage,reverent,Llama_F1,0.34665517865106177
Llama,full_shrinkage,reverent,Llama_F2,-0.7201984640883139
Llama,full_shrinkage,reverent,Llama_F3,-0.392944516685441
Llama,full_shrinkage,reverent,Llama_F4,-0.2239385135747295
Llama,full_shrinkage,reverent,Llama_F5,0.14114352664465227
Llama,full_shrinkage,reverent,Llama_F6,0.6086190996042996
Llama,full_shrinkage,rhetorical,Llama_F1,-0.32132321171815065
Llama,full_shrinkage,rhetorical,Llama_F2,-0.8756047938833961
Llama,full_shrinkage,rhetorical,Llama_F3,0.11004983895123181
Llama,full_shrinkage,rhetorical,Llama_F4,-0.6837735253783656
Llama,full_shrinkage,rhetorical,Llama_F5,0.35721349177356276
Llama,full_shrinkage,rhetorical,Llama_F6,0.1566231013262715
Llama,full_shrinkage,risk_taking,Llama_F1,-0.4989999796618006
Llama,full_shrinkage,risk_taking,Llama_F2,-0.577558400780573
Llama,full_shrinkage,risk_taking,Llama_F3,0.2778984660379042
Llama,full_shrinkage,risk_taking,Llama_F4,-0.815039069372438
Llama,full_shrinkage,risk_taking,Llama_F5,0.400134488944863
Llama,full_shrinkage,risk_taking,Llama_F6,-0.15748481455667654
Llama,full_shrinkage,ritualistic,Llama_F1,0.25985638168316466
Llama,full_shrinkage,ritualistic,Llama_F2,-0.5873019283665858
Llama,full_shrinkage,ritualistic,Llama_F3,-0.6673240329651231
Llama,full_shrinkage,ritualistic,Llama_F4,-0.20037901158996005
Llama,full_shrinkage,ritualistic,Llama_F5,0.017267420602599688
Llama,full_shrinkage,ritualistic,Llama_F6,0.6205120445563415
Llama,full_shrinkage,romantic,Llama_F1,-0.31905801164259584
Llama,full_shrinkage,romantic,Llama_F2,-0.8886420919082177
Llama,full_shrinkage,romantic,Llama_F3,0.2774629460171925
Llama,full_shrinkage,romantic,Llama_F4,-0.5677279346093612
Llama,full_shrinkage,romantic,Llama_F5,0.36191447873857147
Llama,full_shrinkage,romantic,Llama_F6,-0.12589488494086842
Llama,full_shrinkage,sarcastic,Llama_F1,-0.8967029813467757
Llama,full_shrinkage,sarcastic,Llama_F2,-0.25291848554666607
Llama,full_shrinkage,sarcastic,Llama_F3,0.23892183817664941
Llama,full_shrinkage,sarcastic,Llama_F4,-0.1882358406161778
Llama,full_shrinkage,sarcastic,Llama_F5,0.08425160333118034
Llama,full_shrinkage,sarcastic,Llama_F6,-0.7208005775986916
Llama,full_shrinkage,sardonic,Llama_F1,-0.8765422002570539
Llama,full_shrinkage,sardonic,Llama_F2,-0.20631354214766454
Llama,full_shrinkage,sardonic,Llama_F3,0.2557386619724217
Llama,full_shrinkage,sardonic,Llama_F4,-0.1881103488485168
Llama,full_shrinkage,sardonic,Llama_F5,0.10133609795286375
Llama,full_shrinkage,sardonic,Llama_F6,-0.7422184223363737
Llama,full_shrinkage,sassy,Llama_F1,-0.7976037112055245
Llama,full_shrinkage,sassy,Llama_F2,0.03236820947594736
Llama,full_shrinkage,sassy,Llama_F3,0.4489292084581229
Llama,full_shrinkage,sassy,Llama_F4,-0.28117283229734574
Llama,full_shrinkage,sassy,Llama_F5,-0.14907780254106678
Llama,full_shrinkage,sassy,Llama_F6,-0.6048471467821814
Llama,full_shrinkage,savage,Llama_F1,-0.9424254307532626
Llama,full_shrinkage,savage,Llama_F2,-0.09053042713059993
Llama,full_shrinkage,savage,Llama_F3,0.2263534752313617
Llama,full_shrinkage,savage,Llama_F4,-0.08682681357826211
Llama,full_shrinkage,savage,Llama_F5,-0.07720805380011951
Llama,full_shrinkage,savage,Llama_F6,-0.6782741047340877
Llama,full_shrinkage,secular,Llama_F1,0.12677810316491397
Llama,full_shrinkage,secular,Llama_F2,0.8337007004213313
Llama,full_shrinkage,secular,Llama_F3,-0.39681192813520627
Llama,full_shrinkage,secular,Llama_F4,0.3698329942172057
Llama,full_shrinkage,secular,Llama_F5,-0.33484411630009175
Llama,full_shrinkage,secular,Llama_F6,0.08032045385495103
Llama,full_shrinkage,serene,Llama_F1,0.5405545534613916
Llama,full_shrinkage,serene,Llama_F2,-0.5848733551006264
Llama,full_shrinkage,serene,Llama_F3,-0.23183018128149557
Llama,full_shrinkage,serene,Llama_F4,-0.3140117083616557
Llama,full_shrinkage,serene,Llama_F5,0.29036142643123636
Llama,full_shrinkage,serene,Llama_F6,0.677919324189693
Llama,full_shrinkage,serious,Llama_F1,0.48545467175823276
Llama,full_shrinkage,serious,Llama_F2,-0.2648613038219081
Llama,full_shrinkage,serious,Llama_F3,-0.6876077301012969
Llama,full_shrinkage,serious,Llama_F4,-0.02350017385885119
Llama,full_shrinkage,serious,Llama_F5,-0.04369032139260547
Llama,full_shrinkage,serious,Llama_F6,0.8133810839936444
Llama,full_shrinkage,skeptical,Llama_F1,0.07553809156040975
Llama,full_shrinkage,skeptical,Llama_F2,-0.09434557340700467
Llama,full_shrinkage,skeptical,Llama_F3,-0.8000988584389394
Llama,full_shrinkage,skeptical,Llama_F4,-0.25187643430086004
Llama,full_shrinkage,skeptical,Llama_F5,0.07934892214676648
Llama,full_shrinkage,skeptical,Llama_F6,0.6538417937990835
Llama,full_shrinkage,socratic,Llama_F1,-0.5274098285123364
Llama,full_shrinkage,socratic,Llama_F2,-0.24838473367575298
Llama,full_shrinkage,socratic,Llama_F3,0.4855326813352967
Llama,full_shrinkage,socratic,Llama_F4,-0.11138842337804146
Llama,full_shrinkage,socratic,Llama_F5,0.5533050926491333
Llama,full_shrinkage,socratic,Llama_F6,-0.6214638371264076
Llama,full_shrinkage,solemn,Llama_F1,0.46815919466826483
Llama,full_shrinkage,solemn,Llama_F2,-0.38094376935165103
Llama,full_shrinkage,solemn,Llama_F3,-0.5681961256176267
Llama,full_shrinkage,solemn,Llama_F4,-0.11993206185954046
Llama,full_shrinkage,solemn,Llama_F5,0.03974362975522745
Llama,full_shrinkage,solemn,Llama_F6,0.8514480367955279
Llama,full_shrinkage,specialized,Llama_F1,0.1781396836646199
Llama,full_shrinkage,specialized,Llama_F2,-0.40279370847690543
Llama,full_shrinkage,specialized,Llama_F3,-0.7499423883107214
Llama,full_shrinkage,specialized,Llama_F4,-0.41825511533674514
Llama,full_shrinkage,specialized,Llama_F5,0.04649731359017209
Llama,full_shrinkage,specialized,Llama_F6,0.6479205601760262
Llama,full_shrinkage,speculative,Llama_F1,-0.05009740503864048
Llama,full_shrinkage,speculative,Llama_F2,-0.5657716452515474
Llama,full_shrinkage,speculative,Llama_F3,0.13346123043834196
Llama,full_shrinkage,speculative,Llama_F4,-0.8172154276446338
Llama,full_shrinkage,speculative,Llama_F5,0.5995249088922062
Llama,full_shrinkage,speculative,Llama_F6,0.35153490991248193
Llama,full_shrinkage,spiritual,Llama_F1,-0.09880402564717554
Llama,full_shrinkage,spiritual,Llama_F2,-0.9120027760728006
Llama,full_shrinkage,spiritual,Llama_F3,0.16106258993743283
Llama,full_shrinkage,spiritual,Llama_F4,-0.5416995509965127
Llama,full_shrinkage,spiritual,Llama_F5,0.3703424432406471
Llama,full_shrinkage,spiritual,Llama_F6,0.08949481792185146
Llama,full_shrinkage,spontaneous,Llama_F1,-0.5697307048602233
Llama,full_shrinkage,spontaneous,Llama_F2,-0.6736704210841586
Llama,full_shrinkage,spontaneous,Llama_F3,0.4158119011687401
Llama,full_shrinkage,spontaneous,Llama_F4,-0.5551595609520661
Llama,full_shrinkage,spontaneous,Llama_F5,0.4120895447481594
Llama,full_shrinkage,spontaneous,Llama_F6,-0.4163542779896715
Llama,full_shrinkage,stoic,Llama_F1,0.3836599933593147
Llama,full_shrinkage,stoic,Llama_F2,-0.24896365692188183
Llama,full_shrinkage,stoic,Llama_F3,-0.852190529144517
Llama,full_shrinkage,stoic,Llama_F4,-0.043112612645665994
Llama,full_shrinkage,stoic,Llama_F5,-0.10705394393354735
Llama,full_shrinkage,stoic,Llama_F6,0.6451444911999051
Llama,full_shrinkage,strategic,Llama_F1,0.6270435297372449
Llama,full_shrinkage,strategic,Llama_F2,-0.05277681348009581
Llama,full_shrinkage,strategic,Llama_F3,-0.5208232527384578
Llama,full_shrinkage,strategic,Llama_F4,-0.17701713566330765
Llama,full_shrinkage,strategic,Llama_F5,-0.0034051825780941616
Llama,full_shrinkage,strategic,Llama_F6,0.9209868982487497
Llama,full_shrinkage,stream_of_consciousness,Llama_F1,-0.5847956627110726
Llama,full_shrinkage,stream_of_consciousness,Llama_F2,-0.20691443332251805
Llama,full_shrinkage,stream_of_consciousness,Llama_F3,0.7084462034219576
Llama,full_shrinkage,stream_of_consciousness,Llama_F4,-0.25402699009057145
Llama,full_shrinkage,stream_of_consciousness,Llama_F5,0.4334612340705878
Llama,full_shrinkage,stream_of_consciousness,Llama_F6,-0.6321673812518376
Llama,full_shrinkage,structuralist,Llama_F1,0.47986813185998844
Llama,full_shrinkage,structuralist,Llama_F2,0.013527621570301327
Llama,full_shrinkage,structuralist,Llama_F3,-0.7968978453759701
Llama,full_shrinkage,structuralist,Llama_F4,-0.08657286441961033
Llama,full_shrinkage,structuralist,Llama_F5,-0.1772427038108452
Llama,full_shrinkage,structuralist,Llama_F6,0.766996186649744
Llama,full_shrinkage,submissive,Llama_F1,-0.5634092758165516
Llama,full_shrinkage,submissive,Llama_F2,-0.07649932499620724
Llama,full_shrinkage,submissive,Llama_F3,0.5654214068554391
Llama,full_shrinkage,submissive,Llama_F4,0.15718543542734104
Llama,full_shrinkage,submissive,Llama_F5,0.27900735904072416
Llama,full_shrinkage,submissive,Llama_F6,-0.8373609952281224
Llama,full_shrinkage,subversive,Llama_F1,-0.6598842909113665
Llama,full_shrinkage,subversive,Llama_F2,-0.6396866938791822
Llama,full_shrinkage,subversive,Llama_F3,0.20856278071286577
Llama,full_shrinkage,subversive,Llama_F4,-0.5923453786944551
Llama,full_shrinkage,subversive,Llama_F5,0.5417132356311237
Llama,full_shrinkage,subversive,Llama_F6,-0.21332311889073788
Llama,full_shrinkage,supportive,Llama_F1,0.8331897713945972
Llama,full_shrinkage,supportive,Llama_F2,0.018349529978345724
Llama,full_shrinkage,supportive,Llama_F3,-0.2563211336442561
Llama,full_shrinkage,supportive,Llama_F4,-0.11689615419949206
Llama,full_shrinkage,supportive,Llama_F5,0.0032834657049588497
Llama,full_shrinkage,supportive,Llama_F6,0.8468400222395158
Llama,full_shrinkage,sycophantic,Llama_F1,-0.6385312035233011
Llama,full_shrinkage,sycophantic,Llama_F2,-0.36481690314123943
Llama,full_shrinkage,sycophantic,Llama_F3,0.595162549637789
Llama,full_shrinkage,sycophantic,Llama_F4,-0.1816614377734165
Llama,full_shrinkage,sycophantic,Llama_F5,0.2601559117591371
Llama,full_shrinkage,sycophantic,Llama_F6,-0.6508311215782329
Llama,full_shrinkage,systems_thinker,Llama_F1,0.6155629876869378
Llama,full_shrinkage,systems_thinker,Llama_F2,-0.11479878841965431
Llama,full_shrinkage,systems_thinker,Llama_F3,-0.40464672930416434
Llama,full_shrinkage,systems_thinker,Llama_F4,-0.37436795421571917
Llama,full_shrinkage,systems_thinker,Llama_F5,0.12923259167947362
Llama,full_shrinkage,systems_thinker,Llama_F6,0.8855030476287118
Llama,full_shrinkage,tactful,Llama_F1,0.8913930808657214
Llama,full_shrinkage,tactful,Llama_F2,-0.06895222359673776
Llama,full_shrinkage,tactful,Llama_F3,-0.27824443821764755
Llama,full_shrinkage,tactful,Llama_F4,-0.01896879476052163
Llama,full_shrinkage,tactful,Llama_F5,0.14335541727760964
Llama,full_shrinkage,tactful,Llama_F6,0.7057554280796303
Llama,full_shrinkage,technical,Llama_F1,0.19205898892833234
Llama,full_shrinkage,technical,Llama_F2,-0.3111237941336741
Llama,full_shrinkage,technical,Llama_F3,-0.8277954214239314
Llama,full_shrinkage,technical,Llama_F4,-0.29688299235094573
Llama,full_shrinkage,technical,Llama_F5,-0.029491693408006624
Llama,full_shrinkage,technical,Llama_F6,0.6315598843119739
Llama,full_shrinkage,temperamental,Llama_F1,-0.7578296607105925
Llama,full_shrinkage,temperamental,Llama_F2,-0.16261537462569733
Llama,full_shrinkage,temperamental,Llama_F3,0.48312101475581076
Llama,full_shrinkage,temperamental,Llama_F4,-0.10997224651606116
Llama,full_shrinkage,temperamental,Llama_F5,0.07603510911670164
Llama,full_shrinkage,temperamental,Llama_F6,-0.8458062887829059
Llama,full_shrinkage,theatrical,Llama_F1,-0.3663741897794016
Llama,full_shrinkage,theatrical,Llama_F2,-0.8935174967055156
Llama,full_shrinkage,theatrical,Llama_F3,-0.008535981237808457
Llama,full_shrinkage,theatrical,Llama_F4,-0.6449186111253855
Llama,full_shrinkage,theatrical,Llama_F5,0.22053904267531632
Llama,full_shrinkage,theatrical,Llama_F6,0.03834957786150901
Llama,full_shrinkage,theoretical,Llama_F1,-0.046189648723952814
Llama,full_shrinkage,theoretical,Llama_F2,-0.7120627530526574
Llama,full_shrinkage,theoretical,Llama_F3,-0.41943806309397064
Llama,full_shrinkage,theoretical,Llama_F4,-0.5686800495187683
Llama,full_shrinkage,theoretical,Llama_F5,0.4159334004675794
Llama,full_shrinkage,theoretical,Llama_F6,0.46610045601397004
Llama,full_shrinkage,traditional,Llama_F1,0.23407670733506786
Llama,full_shrinkage,traditional,Llama_F2,0.1824342066239608
Llama,full_shrinkage,traditional,Llama_F3,-0.08645752466365632
Llama,full_shrinkage,traditional,Llama_F4,0.8244216544702877
Llama,full_shrinkage,traditional,Llama_F5,-0.3145003456422841
Llama,full_shrinkage,traditional,Llama_F6,-0.06528801498206215
Llama,full_shrinkage,transparent,Llama_F1,0.5784095649211841
Llama,full_shrinkage,transparent,Llama_F2,0.8156091456394938
Llama,full_shrinkage,transparent,Llama_F3,-0.16701742088907573
Llama,full_shrinkage,transparent,Llama_F4,0.42368085026592683
Llama,full_shrinkage,transparent,Llama_F5,-0.33199108894380275
Llama,full_shrinkage,transparent,Llama_F6,0.34083524028453055
Llama,full_shrinkage,understated,Llama_F1,-0.34399438298389823
Llama,full_shrinkage,understated,Llama_F2,0.3939772637823478
Llama,full_shrinkage,understated,Llama_F3,0.34402972534579024
Llama,full_shrinkage,understated,Llama_F4,0.5242287184346838
Llama,full_shrinkage,understated,Llama_F5,0.09111081947903929
Llama,full_shrinkage,understated,Llama_F6,-0.8297375231108965
Llama,full_shrinkage,universalist,Llama_F1,-0.37027868440717987
Llama,full_shrinkage,universalist,Llama_F2,-0.6343869411291864
Llama,full_shrinkage,universalist,Llama_F3,0.14563551004211045
Llama,full_shrinkage,universalist,Llama_F4,0.07173042151400674
Llama,full_shrinkage,universalist,Llama_F5,-0.3296548827800479
Llama,full_shrinkage,universalist,Llama_F6,-0.050814536318630144
Llama,full_shrinkage,urgent,Llama_F1,-0.6197486213092412
Llama,full_shrinkage,urgent,Llama_F2,-0.07183709881163793
Llama,full_shrinkage,urgent,Llama_F3,-0.3372907840818568
Llama,full_shrinkage,urgent,Llama_F4,-0.08065227057364563
Llama,full_shrinkage,urgent,Llama_F5,-0.5658396109359318
Llama,full_shrinkage,urgent,Llama_F6,-0.33364507078738137
Llama,full_shrinkage,utilitarian,Llama_F1,0.38551826658110927
Llama,full_shrinkage,utilitarian,Llama_F2,0.5595118001263568
Llama,full_shrinkage,utilitarian,Llama_F3,-0.6754112916734373
Llama,full_shrinkage,utilitarian,Llama_F4,0.1932508093825296
Llama,full_shrinkage,utilitarian,Llama_F5,-0.4521064177950608
Llama,full_shrinkage,utilitarian,Llama_F6,0.23626579140310003
Llama,full_shrinkage,verbose,Llama_F1,0.3697628147900986
Llama,full_shrinkage,verbose,Llama_F2,-0.13137859106457264
Llama,full_shrinkage,verbose,Llama_F3,-0.1548217269722565
Llama,full_shrinkage,verbose,Llama_F4,-0.38386023967189076
Llama,full_shrinkage,verbose,Llama_F5,0.2981265659845717
Llama,full_shrinkage,verbose,Llama_F6,0.8499140241376727
Llama,full_shrinkage,vindictive,Llama_F1,-0.9047786088062152
Llama,full_shrinkage,vindictive,Llama_F2,-0.24106347563746772
Llama,full_shrinkage,vindictive,Llama_F3,-0.016184301869562667
Llama,full_shrinkage,vindictive,Llama_F4,-0.04307318317367075
Llama,full_shrinkage,vindictive,Llama_F5,-0.15799429152051386
Llama,full_shrinkage,vindictive,Llama_F6,-0.581407592560995
Llama,full_shrinkage,visceral,Llama_F1,-0.6717283714282998
Llama,full_shrinkage,visceral,Llama_F2,0.008419452383030504
Llama,full_shrinkage,visceral,Llama_F3,0.6551734370560021
Llama,full_shrinkage,visceral,Llama_F4,-0.007765805733454124
Llama,full_shrinkage,visceral,Llama_F5,0.08882532894772184
Llama,full_shrinkage,visceral,Llama_F6,-0.822509751338461
Llama,full_shrinkage,whimsical,Llama_F1,-0.43482247217805514
Llama,full_shrinkage,whimsical,Llama_F2,-0.8186865998831985
Llama,full_shrinkage,whimsical,Llama_F3,0.16421001318301262
Llama,full_shrinkage,whimsical,Llama_F4,-0.6058947087215699
Llama,full_shrinkage,whimsical,Llama_F5,0.3482701152405031
Llama,full_shrinkage,whimsical,Llama_F6,-0.2767217499218849
Llama,full_shrinkage,witty,Llama_F1,-0.5390231077867517
Llama,full_shrinkage,witty,Llama_F2,-0.4141831783356804
Llama,full_shrinkage,witty,Llama_F3,0.42930637727529836
Llama,full_shrinkage,witty,Llama_F4,-0.6678643289855297
Llama,full_shrinkage,witty,Llama_F5,0.3032262977430228
Llama,full_shrinkage,witty,Llama_F6,-0.38452989193892634
Llama,full_shrinkage,wry,Llama_F1,-0.8478465780641499
Llama,full_shrinkage,wry,Llama_F2,-0.3082403668967614
Llama,full_shrinkage,wry,Llama_F3,0.09401867261947529
Llama,full_shrinkage,wry,Llama_F4,-0.30634761857654014
Llama,full_shrinkage,wry,Llama_F5,0.13246992046804837
Llama,full_shrinkage,wry,Llama_F6,-0.6615272604994143
Llama,full_shrinkage,zealous,Llama_F1,-0.6383625846472236
Llama,full_shrinkage,zealous,Llama_F2,-0.6845522842667868
Llama,full_shrinkage,zealous,Llama_F3,0.4499756359575227
Llama,full_shrinkage,zealous,Llama_F4,-0.547964737584802
Llama,full_shrinkage,zealous,Llama_F5,0.10813849804980735
Llama,full_shrinkage,zealous,Llama_F6,-0.2816175312063194
Llama,redundancy_controlled,absolutist,Llama_F1,-0.6202750179842277
Llama,redundancy_controlled,absolutist,Llama_F2,-0.7479637676275939
Llama,redundancy_controlled,absolutist,Llama_F3,0.2043157163271654
Llama,redundancy_controlled,absolutist,Llama_F4,-0.10846454101405298
Llama,redundancy_controlled,absolutist,Llama_F5,-0.2007558672596962
Llama,redundancy_controlled,absolutist,Llama_F6,-0.2380804601055048
Llama,redundancy_controlled,abstract,Llama_F1,0.08101485637583436
Llama,redundancy_controlled,abstract,Llama_F2,-0.7182924191716102
Llama,redundancy_controlled,abstract,Llama_F3,-0.31434743993363784
Llama,redundancy_controlled,abstract,Llama_F4,-0.572898142737682
Llama,redundancy_controlled,abstract,Llama_F5,0.436946493413486
Llama,redundancy_controlled,abstract,Llama_F6,0.5793485562988486
Llama,redundancy_controlled,accessible,Llama_F1,0.25622153029533495
Llama,redundancy_controlled,accessible,Llama_F2,0.7450679523120263
Llama,redundancy_controlled,accessible,Llama_F3,0.5261600028879003
Llama,redundancy_controlled,accessible,Llama_F4,0.4841745052646413
Llama,redundancy_controlled,accessible,Llama_F5,-0.24150440276537163
Llama,redundancy_controlled,accessible,Llama_F6,-0.23885186988517104
Llama,redundancy_controlled,accommodating,Llama_F1,-0.476498459764285
Llama,redundancy_controlled,accommodating,Llama_F2,-0.04085289558012849
Llama,redundancy_controlled,accommodating,Llama_F3,0.7298968255165961
Llama,redundancy_controlled,accommodating,Llama_F4,-0.1730724369367352
Llama,redundancy_controlled,accommodating,Llama_F5,0.4978478764616242
Llama,redundancy_controlled,accommodating,Llama_F6,-0.6166238374445703
Llama,redundancy_controlled,acerbic,Llama_F1,-0.9516027559103177
Llama,redundancy_controlled,acerbic,Llama_F2,-0.3307108872101849
Llama,redundancy_controlled,acerbic,Llama_F3,0.11483482720309637
Llama,redundancy_controlled,acerbic,Llama_F4,-0.24769300825357535
Llama,redundancy_controlled,acerbic,Llama_F5,0.06040664936991591
Llama,redundancy_controlled,acerbic,Llama_F6,-0.6126532718250376
Llama,redundancy_controlled,adaptable,Llama_F1,0.7548317697736533
Llama,redundancy_controlled,adaptable,Llama_F2,0.5009708033448304
Llama,redundancy_controlled,adaptable,Llama_F3,0.01025966542044406
Llama,redundancy_controlled,adaptable,Llama_F4,0.05580667304619223
Llama,redundancy_controlled,adaptable,Llama_F5,0.018076487701769714
Llama,redundancy_controlled,adaptable,Llama_F6,0.6893244332428966
Llama,redundancy_controlled,adventurous,Llama_F1,-0.3309189076817695
Llama,redundancy_controlled,adventurous,Llama_F2,-0.5537520103834642
Llama,redundancy_controlled,adventurous,Llama_F3,0.27859999978973665
Llama,redundancy_controlled,adventurous,Llama_F4,-0.922575441177744
Llama,redundancy_controlled,adventurous,Llama_F5,0.3030072493902939
Llama,redundancy_controlled,adventurous,Llama_F6,-0.0323886500802676
Llama,redundancy_controlled,agreeable,Llama_F1,0.961822389569826
Llama,redundancy_controlled,agreeable,Llama_F2,0.0914710504461562
Llama,redundancy_controlled,agreeable,Llama_F3,-0.2613716140113832
Llama,redundancy_controlled,agreeable,Llama_F4,0.06522832164458915
Llama,redundancy_controlled,agreeable,Llama_F5,0.07807911296419207
Llama,redundancy_controlled,agreeable,Llama_F6,0.6655551888556365
Llama,redundancy_controlled,altruistic,Llama_F1,0.896514884590273
Llama,redundancy_controlled,altruistic,Llama_F2,-0.06531705391511172
Llama,redundancy_controlled,altruistic,Llama_F3,-0.20608909785730942
Llama,redundancy_controlled,altruistic,Llama_F4,-0.02461753843448198
Llama,redundancy_controlled,altruistic,Llama_F5,0.1002825389148732
Llama,redundancy_controlled,altruistic,Llama_F6,0.6695720192701368
Llama,redundancy_controlled,analytical,Llama_F1,0.5500028954099225
Llama,redundancy_controlled,analytical,Llama_F2,0.2639266211806453
Llama,redundancy_controlled,analytical,Llama_F3,-0.7413902755374139
Llama,redundancy_controlled,analytical,Llama_F4,0.10339814325709
Llama,redundancy_controlled,analytical,Llama_F5,-0.28312387044405024
Llama,redundancy_controlled,analytical,Llama_F6,0.7427970748227164
Llama,redundancy_controlled,animated,Llama_F1,-0.022303761237601197
Llama,redundancy_controlled,animated,Llama_F2,-0.48617954711151656
Llama,redundancy_controlled,animated,Llama_F3,0.41364280397947767
Llama,redundancy_controlled,animated,Llama_F4,-0.8440672331518851
Llama,redundancy_controlled,animated,Llama_F5,0.20997751013106264
Llama,redundancy_controlled,animated,Llama_F6,0.21183541731515637
Llama,redundancy_controlled,anthropocentric,Llama_F1,-0.8245067169994416
Llama,redundancy_controlled,anthropocentric,Llama_F2,-0.3541306158542125
Llama,redundancy_controlled,anthropocentric,Llama_F3,0.3354514610921224
Llama,redundancy_controlled,anthropocentric,Llama_F4,-0.06636600824789042
Llama,redundancy_controlled,anthropocentric,Llama_F5,-0.039615501807192116
Llama,redundancy_controlled,anthropocentric,Llama_F6,-0.3897115187101104
Llama,redundancy_controlled,anxious,Llama_F1,-0.7065911755546052
Llama,redundancy_controlled,anxious,Llama_F2,0.1697254644966046
Llama,redundancy_controlled,anxious,Llama_F3,0.3601592779909035
Llama,redundancy_controlled,anxious,Llama_F4,0.1650113539688051
Llama,redundancy_controlled,anxious,Llama_F5,0.07714763643039961
Llama,redundancy_controlled,anxious,Llama_F6,-0.8899684407775843
Llama,redundancy_controlled,arrogant,Llama_F1,-0.8668280095152342
Llama,redundancy_controlled,arrogant,Llama_F2,-0.6400236894512692
Llama,redundancy_controlled,arrogant,Llama_F3,0.037439590313536504
Llama,redundancy_controlled,arrogant,Llama_F4,-0.3568267515236099
Llama,redundancy_controlled,arrogant,Llama_F5,0.07816526376662435
Llama,redundancy_controlled,arrogant,Llama_F6,-0.34886160894218216
Llama,redundancy_controlled,artistic,Llama_F1,-0.20545969989686597
Llama,redundancy_controlled,artistic,Llama_F2,-0.8276749910564948
Llama,redundancy_controlled,artistic,Llama_F3,0.3433475958091485
Llama,redundancy_controlled,artistic,Llama_F4,-0.6547465824103064
Llama,redundancy_controlled,artistic,Llama_F5,0.4700819948838594
Llama,redundancy_controlled,artistic,Llama_F6,-0.033023307394796766
Llama,redundancy_controlled,ascetic,Llama_F1,-0.05818770541774928
Llama,redundancy_controlled,ascetic,Llama_F2,-0.8767013822809491
Llama,redundancy_controlled,ascetic,Llama_F3,-0.03888228964823137
Llama,redundancy_controlled,ascetic,Llama_F4,-0.2867579447887637
Llama,redundancy_controlled,ascetic,Llama_F5,0.26665324923618655
Llama,redundancy_controlled,ascetic,Llama_F6,0.2576067503507853
Llama,redundancy_controlled,assertive,Llama_F1,-0.7015862282947536
Llama,redundancy_controlled,assertive,Llama_F2,-0.40564759052022237
Llama,redundancy_controlled,assertive,Llama_F3,0.3872008767053445
Llama,redundancy_controlled,assertive,Llama_F4,-0.38770393895513267
Llama,redundancy_controlled,assertive,Llama_F5,-0.25589610527768275
Llama,redundancy_controlled,assertive,Llama_F6,-0.030141467672137483
Llama,redundancy_controlled,avoidant,Llama_F1,-0.6041920145765127
Llama,redundancy_controlled,avoidant,Llama_F2,-0.12924959320408583
Llama,redundancy_controlled,avoidant,Llama_F3,0.22831493964692032
Llama,redundancy_controlled,avoidant,Llama_F4,0.1522787696202932
Llama,redundancy_controlled,avoidant,Llama_F5,0.1043542375520414
Llama,redundancy_controlled,avoidant,Llama_F6,-0.9437620364968243
Llama,redundancy_controlled,benevolent,Llama_F1,0.9669269408471036
Llama,redundancy_controlled,benevolent,Llama_F2,0.19984329539127452
Llama,redundancy_controlled,benevolent,Llama_F3,-0.11775450985717519
Llama,redundancy_controlled,benevolent,Llama_F4,0.07500304606328853
Llama,redundancy_controlled,benevolent,Llama_F5,0.02937780091914359
Llama,redundancy_controlled,benevolent,Llama_F6,0.6675465536933448
Llama,redundancy_controlled,big_picture,Llama_F1,0.4254178501364474
Llama,redundancy_controlled,big_picture,Llama_F2,-0.3934934542128638
Llama,redundancy_controlled,big_picture,Llama_F3,-0.24574526358837456
Llama,redundancy_controlled,big_picture,Llama_F4,-0.45458151715958645
Llama,redundancy_controlled,big_picture,Llama_F5,0.22726036337408193
Llama,redundancy_controlled,big_picture,Llama_F6,0.8995340431704205
Llama,redundancy_controlled,bitter,Llama_F1,-0.9416164190737007
Llama,redundancy_controlled,bitter,Llama_F2,-0.2426488145789955
Llama,redundancy_controlled,bitter,Llama_F3,0.3451413566786914
Llama,redundancy_controlled,bitter,Llama_F4,-0.17149894225080495
Llama,redundancy_controlled,bitter,Llama_F5,0.09628673919188485
Llama,redundancy_controlled,bitter,Llama_F6,-0.6673069774919664
Llama,redundancy_controlled,blunt,Llama_F1,-0.7345873279356204
Llama,redundancy_controlled,blunt,Llama_F2,0.26519589027985424
Llama,redundancy_controlled,blunt,Llama_F3,-0.08002775067252595
Llama,redundancy_controlled,blunt,Llama_F4,0.1642327558543792
Llama,redundancy_controlled,blunt,Llama_F5,-0.44890679682999923
Llama,redundancy_controlled,blunt,Llama_F6,-0.5453345427600718
Llama,redundancy_controlled,bombastic,Llama_F1,-0.3278638911774178
Llama,redundancy_controlled,bombastic,Llama_F2,-0.898642271863856
Llama,redundancy_controlled,bombastic,Llama_F3,-0.26732468887148253
Llama,redundancy_controlled,bombastic,Llama_F4,-0.5781426004919384
Llama,redundancy_controlled,bombastic,Llama_F5,0.19027541391526753
Llama,redundancy_controlled,bombastic,Llama_F6,0.16338043500541927
Llama,redundancy_controlled,calculating,Llama_F1,0.5218074927878908
Llama,redundancy_controlled,calculating,Llama_F2,-0.2852667988979902
Llama,redundancy_controlled,calculating,Llama_F3,-0.6463163226960943
Llama,redundancy_controlled,calculating,Llama_F4,-0.22492898503098052
Llama,redundancy_controlled,calculating,Llama_F5,-0.0516171745225195
Llama,redundancy_controlled,calculating,Llama_F6,0.831943063476863
Llama,redundancy_controlled,callous,Llama_F1,-0.9525559691129587
Llama,redundancy_controlled,callous,Llama_F2,-0.1757263595719383
Llama,redundancy_controlled,callous,Llama_F3,-0.0043910434642387315
Llama,redundancy_controlled,callous,Llama_F4,-0.05189503120544774
Llama,redundancy_controlled,callous,Llama_F5,-0.10025610184778211
Llama,redundancy_controlled,callous,Llama_F6,-0.6409575091891636
Llama,redundancy_controlled,calm,Llama_F1,0.8473312240670492
Llama,redundancy_controlled,calm,Llama_F2,0.0892709193830246
Llama,redundancy_controlled,calm,Llama_F3,-0.46592658421901306
Llama,redundancy_controlled,calm,Llama_F4,0.06245669262145034
Llama,redundancy_controlled,calm,Llama_F5,-0.004597871864404885
Llama,redundancy_controlled,calm,Llama_F6,0.8128727985513848
Llama,redundancy_controlled,casual,Llama_F1,-0.41619757806234464
Llama,redundancy_controlled,casual,Llama_F2,0.35732106392379925
Llama,redundancy_controlled,casual,Llama_F3,0.716546940504173
Llama,redundancy_controlled,casual,Llama_F4,0.11697335348006858
Llama,redundancy_controlled,casual,Llama_F5,0.04480024783998982
Llama,redundancy_controlled,casual,Llama_F6,-0.7786873516371857
Llama,redundancy_controlled,cautious,Llama_F1,0.3069818725426134
Llama,redundancy_controlled,cautious,Llama_F2,0.23930936436349703
Llama,redundancy_controlled,cautious,Llama_F3,-0.6432864667614315
Llama,redundancy_controlled,cautious,Llama_F4,0.22439036509001586
Llama,redundancy_controlled,cautious,Llama_F5,0.34672762753075465
Llama,redundancy_controlled,cautious,Llama_F6,0.46187049313949413
Llama,redundancy_controlled,challenging,Llama_F1,-0.38607221340416725
Llama,redundancy_controlled,challenging,Llama_F2,-0.4355874697460598
Llama,redundancy_controlled,challenging,Llama_F3,-0.42194214718235884
Llama,redundancy_controlled,challenging,Llama_F4,-0.6142146024911903
Llama,redundancy_controlled,challenging,Llama_F5,0.35009773245775694
Llama,redundancy_controlled,challenging,Llama_F6,0.379997794895384
Llama,redundancy_controlled,chaotic,Llama_F1,-0.3858738954932259
Llama,redundancy_controlled,chaotic,Llama_F2,-0.7524307843537238
Llama,redundancy_controlled,chaotic,Llama_F3,-0.017314969385347136
Llama,redundancy_controlled,chaotic,Llama_F4,-0.7697694423278499
Llama,redundancy_controlled,chaotic,Llama_F5,0.4769920521470092
Llama,redundancy_controlled,chaotic,Llama_F6,-0.03585174606218888
Llama,redundancy_controlled,charismatic,Llama_F1,0.32268490469080624
Llama,redundancy_controlled,charismatic,Llama_F2,-0.3748016366562922
Llama,redundancy_controlled,charismatic,Llama_F3,0.05143962676596952
Llama,redundancy_controlled,charismatic,Llama_F4,-0.6386932665891234
Llama,redundancy_controlled,charismatic,Llama_F5,0.1595514085914853
Llama,redundancy_controlled,charismatic,Llama_F6,0.7768106890416252
Llama,redundancy_controlled,chill,Llama_F1,0.7585574144221555
Llama,redundancy_controlled,chill,Llama_F2,0.3653614668009671
Llama,redundancy_controlled,chill,Llama_F3,0.3927485988678293
Llama,redundancy_controlled,chill,Llama_F4,0.09574772410302951
Llama,redundancy_controlled,chill,Llama_F5,0.2829590284631351
Llama,redundancy_controlled,chill,Llama_F6,0.18189370568864688
Llama,redundancy_controlled,circumspect,Llama_F1,0.6816770162876872
Llama,redundancy_controlled,circumspect,Llama_F2,-0.14288088526504
Llama,redundancy_controlled,circumspect,Llama_F3,-0.3181244779132479
Llama,redundancy_controlled,circumspect,Llama_F4,-0.19127507965658544
Llama,redundancy_controlled,circumspect,Llama_F5,0.5457751664099009
Llama,redundancy_controlled,circumspect,Llama_F6,0.6864925223491886
Llama,redundancy_controlled,closure_seeking,Llama_F1,-0.0780484259341392
Llama,redundancy_controlled,closure_seeking,Llama_F2,0.09735326874719497
Llama,redundancy_controlled,closure_seeking,Llama_F3,-0.24906795013910282
Llama,redundancy_controlled,closure_seeking,Llama_F4,0.27671261443298156
Llama,redundancy_controlled,closure_seeking,Llama_F5,-0.9722243983395374
Llama,redundancy_controlled,closure_seeking,Llama_F6,-0.08686287953767398
Llama,redundancy_controlled,collaborative,Llama_F1,0.8370164919686601
Llama,redundancy_controlled,collaborative,Llama_F2,0.3300490087460405
Llama,redundancy_controlled,collaborative,Llama_F3,-0.24942775889722082
Llama,redundancy_controlled,collaborative,Llama_F4,-0.03907207292440326
Llama,redundancy_controlled,collaborative,Llama_F5,0.017149938005331145
Llama,redundancy_controlled,collaborative,Llama_F6,0.5271490899338479
Llama,redundancy_controlled,collectivistic,Llama_F1,0.853429560825331
Llama,redundancy_controlled,collectivistic,Llama_F2,0.020510397879732516
Llama,redundancy_controlled,collectivistic,Llama_F3,-0.1393933359342121
Llama,redundancy_controlled,collectivistic,Llama_F4,0.07671399929786525
Llama,redundancy_controlled,collectivistic,Llama_F5,0.05944557336610418
Llama,redundancy_controlled,collectivistic,Llama_F6,0.4394652631326128
Llama,redundancy_controlled,competitive,Llama_F1,-0.9212518947428824
Llama,redundancy_controlled,competitive,Llama_F2,-0.3633193927099667
Llama,redundancy_controlled,competitive,Llama_F3,0.22668737668971817
Llama,redundancy_controlled,competitive,Llama_F4,-0.3116254371901097
Llama,redundancy_controlled,competitive,Llama_F5,-0.09089070009582081
Llama,redundancy_controlled,competitive,Llama_F6,-0.4628928092906283
Llama,redundancy_controlled,conceptual,Llama_F1,0.057572757882075665
Llama,redundancy_controlled,conceptual,Llama_F2,-0.7372428183667852
Llama,redundancy_controlled,conceptual,Llama_F3,-0.323501970476336
Llama,redundancy_controlled,conceptual,Llama_F4,-0.5598832641965497
Llama,redundancy_controlled,conceptual,Llama_F5,0.44724318231525023
Llama,redundancy_controlled,conceptual,Llama_F6,0.5410370402430601
Llama,redundancy_controlled,conciliatory,Llama_F1,0.959595645737259
Llama,redundancy_controlled,conciliatory,Llama_F2,0.2830616153225066
Llama,redundancy_controlled,conciliatory,Llama_F3,-0.3145228710111863
Llama,redundancy_controlled,conciliatory,Llama_F4,0.19031532259932318
Llama,redundancy_controlled,conciliatory,Llama_F5,0.01515236888556987
Llama,redundancy_controlled,conciliatory,Llama_F6,0.628639433309187
Llama,redundancy_controlled,concise,Llama_F1,-0.437264746189019
Llama,redundancy_controlled,concise,Llama_F2,0.00847895367902218
Llama,redundancy_controlled,concise,Llama_F3,0.03844012454340904
Llama,redundancy_controlled,concise,Llama_F4,0.2884718975334522
Llama,redundancy_controlled,concise,Llama_F5,-0.2681902442499532
Llama,redundancy_controlled,concise,Llama_F6,-0.8454542084313553
Llama,redundancy_controlled,condescending,Llama_F1,-0.8521183669337274
Llama,redundancy_controlled,condescending,Llama_F2,-0.4871337439616748
Llama,redundancy_controlled,condescending,Llama_F3,0.16642805918530038
Llama,redundancy_controlled,condescending,Llama_F4,-0.24709121933985187
Llama,redundancy_controlled,condescending,Llama_F5,0.1844094564271933
Llama,redundancy_controlled,condescending,Llama_F6,-0.6064836566218159
Llama,redundancy_controlled,confident,Llama_F1,-0.6124217882600521
Llama,redundancy_controlled,confident,Llama_F2,-0.6836303387236619
Llama,redundancy_controlled,confident,Llama_F3,-0.005160482161161629
Llama,redundancy_controlled,confident,Llama_F4,-0.36057102650497097
Llama,redundancy_controlled,confident,Llama_F5,-0.3646296075244896
Llama,redundancy_controlled,confident,Llama_F6,-0.0407493653418131
Llama,redundancy_controlled,confrontational,Llama_F1,-0.8914310021482355
Llama,redundancy_controlled,confrontational,Llama_F2,-0.1914778871104277
Llama,redundancy_controlled,confrontational,Llama_F3,-0.0958385363020248
Llama,redundancy_controlled,confrontational,Llama_F4,-0.24386241661770378
Llama,redundancy_controlled,confrontational,Llama_F5,-0.23116330388733258
Llama,redundancy_controlled,confrontational,Llama_F6,-0.1801875156998968
Llama,redundancy_controlled,conscientious,Llama_F1,0.6398209865667092
Llama,redundancy_controlled,conscientious,Llama_F2,-0.08649035932873887
Llama,redundancy_controlled,conscientious,Llama_F3,-0.48408737114026723
Llama,redundancy_controlled,conscientious,Llama_F4,-0.11563025515950727
Llama,redundancy_controlled,conscientious,Llama_F5,-0.08305688109387994
Llama,redundancy_controlled,conscientious,Llama_F6,0.9380949062681576
Llama,redundancy_controlled,constructivist,Llama_F1,0.13370715797463326
Llama,redundancy_controlled,constructivist,Llama_F2,-0.3758385188577014
Llama,redundancy_controlled,constructivist,Llama_F3,0.10258780044194944
Llama,redundancy_controlled,constructivist,Llama_F4,-0.5592700529800587
Llama,redundancy_controlled,constructivist,Llama_F5,0.7017148484394472
Llama,redundancy_controlled,constructivist,Llama_F6,0.4979827164485731
Llama,redundancy_controlled,contemporary,Llama_F1,0.35853618196125553
Llama,redundancy_controlled,contemporary,Llama_F2,0.9203196418791616
Llama,redundancy_controlled,contemporary,Llama_F3,-3.616594348766297e-05
Llama,redundancy_controlled,contemporary,Llama_F4,0.19126024861800753
Llama,redundancy_controlled,contemporary,Llama_F5,-0.23295850853158676
Llama,redundancy_controlled,contemporary,Llama_F6,0.09007033607441105
Llama,redundancy_controlled,contrarian,Llama_F1,-0.671148008643608
Llama,redundancy_controlled,contrarian,Llama_F2,-0.5997039164934426
Llama,redundancy_controlled,contrarian,Llama_F3,0.010586514893281334
Llama,redundancy_controlled,contrarian,Llama_F4,-0.6470350282492775
Llama,redundancy_controlled,contrarian,Llama_F5,0.4455268871002205
Llama,redundancy_controlled,contrarian,Llama_F6,-0.0336436790861073
Llama,redundancy_controlled,convergent,Llama_F1,-0.25252619283254163
Llama,redundancy_controlled,convergent,Llama_F2,0.26316053199014144
Llama,redundancy_controlled,convergent,Llama_F3,-0.34376220130682184
Llama,redundancy_controlled,convergent,Llama_F4,0.5833234090105968
Llama,redundancy_controlled,convergent,Llama_F5,-0.7423014146378667
Llama,redundancy_controlled,convergent,Llama_F6,-0.3754942646779119
Llama,redundancy_controlled,cosmopolitan,Llama_F1,0.6548060226177553
Llama,redundancy_controlled,cosmopolitan,Llama_F2,-0.1966854291935512
Llama,redundancy_controlled,cosmopolitan,Llama_F3,-0.5412945251195146
Llama,redundancy_controlled,cosmopolitan,Llama_F4,-0.3147189956145188
Llama,redundancy_controlled,cosmopolitan,Llama_F5,0.08976407814753662
Llama,redundancy_controlled,cosmopolitan,Llama_F6,0.772194930891198
Llama,redundancy_controlled,creative,Llama_F1,-0.084027200429552
Llama,redundancy_controlled,creative,Llama_F2,-0.7688839564635539
Llama,redundancy_controlled,creative,Llama_F3,-0.043822271965349505
Llama,redundancy_controlled,creative,Llama_F4,-0.8346592370745661
Llama,redundancy_controlled,creative,Llama_F5,0.4254429336597355
Llama,redundancy_controlled,creative,Llama_F6,0.2401040035535543
Llama,redundancy_controlled,critical,Llama_F1,-0.4242149078470081
Llama,redundancy_controlled,critical,Llama_F2,-0.5539827281420329
Llama,redundancy_controlled,critical,Llama_F3,-0.07539343108806003
Llama,redundancy_controlled,critical,Llama_F4,-0.6333591890322127
Llama,redundancy_controlled,critical,Llama_F5,0.4776410804783561
Llama,redundancy_controlled,critical,Llama_F6,0.2799958466578351
Llama,redundancy_controlled,cruel,Llama_F1,-0.9630950847352124
Llama,redundancy_controlled,cruel,Llama_F2,-0.24924248805155036
Llama,redundancy_controlled,cruel,Llama_F3,0.1002668937496744
Llama,redundancy_controlled,cruel,Llama_F4,-0.11399546815222507
Llama,redundancy_controlled,cruel,Llama_F5,-0.019372246107299724
Llama,redundancy_controlled,cruel,Llama_F6,-0.6583315631084274
Llama,redundancy_controlled,cryptic,Llama_F1,-0.334552658233158
Llama,redundancy_controlled,cryptic,Llama_F2,-0.9265164261507143
Llama,redundancy_controlled,cryptic,Llama_F3,-0.04957322351310414
Llama,redundancy_controlled,cryptic,Llama_F4,-0.5750512267458355
Llama,redundancy_controlled,cryptic,Llama_F5,0.33561365908411517
Llama,redundancy_controlled,cryptic,Llama_F6,-0.044349897539511574
Llama,redundancy_controlled,curious,Llama_F1,0.5837033383336461
Llama,redundancy_controlled,curious,Llama_F2,-0.17256120811653378
Llama,redundancy_controlled,curious,Llama_F3,-0.1991126696702646
Llama,redundancy_controlled,curious,Llama_F4,-0.39313482423628854
Llama,redundancy_controlled,curious,Llama_F5,0.17720873437551748
Llama,redundancy_controlled,curious,Llama_F6,0.9223468721121352
Llama,redundancy_controlled,cynical,Llama_F1,-0.9650369751323044
Llama,redundancy_controlled,cynical,Llama_F2,-0.2849994336022077
Llama,redundancy_controlled,cynical,Llama_F3,0.02383318929131182
Llama,redundancy_controlled,cynical,Llama_F4,-0.20420690075464798
Llama,redundancy_controlled,cynical,Llama_F5,0.0995887610554526
Llama,redundancy_controlled,cynical,Llama_F6,-0.47635777859571093
Llama,redundancy_controlled,data_driven,Llama_F1,0.06298040870033096
Llama,redundancy_controlled,data_driven,Llama_F2,0.2676829028254787
Llama,redundancy_controlled,data_driven,Llama_F3,-0.8803676989023687
Llama,redundancy_controlled,data_driven,Llama_F4,0.21239957200811135
Llama,redundancy_controlled,data_driven,Llama_F5,-0.4607067750051101
Llama,redundancy_controlled,data_driven,Llama_F6,0.08883412403773079
Llama,redundancy_controlled,decisive,Llama_F1,0.33831153668137115
Llama,redundancy_controlled,decisive,Llama_F2,-0.12693678782419823
Llama,redundancy_controlled,decisive,Llama_F3,-0.4162880496760579
Llama,redundancy_controlled,decisive,Llama_F4,-0.07524719351053889
Llama,redundancy_controlled,decisive,Llama_F5,-0.6781470308837377
Llama,redundancy_controlled,decisive,Llama_F6,0.6202100831079232
Llama,redundancy_controlled,deconstructionist,Llama_F1,-0.2724628167720447
Llama,redundancy_controlled,deconstructionist,Llama_F2,-0.5534344742254629
Llama,redundancy_controlled,deconstructionist,Llama_F3,-0.2600080326248971
Llama,redundancy_controlled,deconstructionist,Llama_F4,-0.6709146635099629
Llama,redundancy_controlled,deconstructionist,Llama_F5,0.5271381764107265
Llama,redundancy_controlled,deconstructionist,Llama_F6,0.4265684488311615
Llama,redundancy_controlled,deferential,Llama_F1,0.14961305905806904
Llama,redundancy_controlled,deferential,Llama_F2,-0.11451539468765459
Llama,redundancy_controlled,deferential,Llama_F3,0.15779010917889208
Llama,redundancy_controlled,deferential,Llama_F4,0.3769957760952319
Llama,redundancy_controlled,deferential,Llama_F5,0.5486164573749157
Llama,redundancy_controlled,deferential,Llama_F6,-0.3909292805378843
Llama,redundancy_controlled,deontological,Llama_F1,-0.14486068819383444
Llama,redundancy_controlled,deontological,Llama_F2,-0.7452875806449529
Llama,redundancy_controlled,deontological,Llama_F3,0.19307144898592202
Llama,redundancy_controlled,deontological,Llama_F4,-0.08626655737873602
Llama,redundancy_controlled,deontological,Llama_F5,0.21564726732096404
Llama,redundancy_controlled,deontological,Llama_F6,0.2588321949955505
Llama,redundancy_controlled,descriptive,Llama_F1,0.464803384057751
Llama,redundancy_controlled,descriptive,Llama_F2,0.20093008620776615
Llama,redundancy_controlled,descriptive,Llama_F3,-0.7911276712361711
Llama,redundancy_controlled,descriptive,Llama_F4,0.3397831880927247
Llama,redundancy_controlled,descriptive,Llama_F5,-0.16502655483786097
Llama,redundancy_controlled,descriptive,Llama_F6,0.054554031489292935
Llama,redundancy_controlled,detached,Llama_F1,0.15200879070449325
Llama,redundancy_controlled,detached,Llama_F2,0.16543190512152403
Llama,redundancy_controlled,detached,Llama_F3,-0.9631207279763359
Llama,redundancy_controlled,detached,Llama_F4,0.2266052521636355
Llama,redundancy_controlled,detached,Llama_F5,-0.3495070524777424
Llama,redundancy_controlled,detached,Llama_F6,0.28709333359778083
Llama,redundancy_controlled,deterministic,Llama_F1,-0.5728944458563086
Llama,redundancy_controlled,deterministic,Llama_F2,-0.8533615628206774
Llama,redundancy_controlled,deterministic,Llama_F3,-0.1240221960711767
Llama,redundancy_controlled,deterministic,Llama_F4,-0.4736192739805286
Llama,redundancy_controlled,deterministic,Llama_F5,0.33588107245996596
Llama,redundancy_controlled,deterministic,Llama_F6,-0.14871401991274755
Llama,redundancy_controlled,diplomatic,Llama_F1,0.9125092478500879
Llama,redundancy_controlled,diplomatic,Llama_F2,0.15185880436678667
Llama,redundancy_controlled,diplomatic,Llama_F3,-0.46478605792831507
Llama,redundancy_controlled,diplomatic,Llama_F4,0.1279724184453257
Llama,redundancy_controlled,diplomatic,Llama_F5,-0.022335663102982337
Llama,redundancy_controlled,diplomatic,Llama_F6,0.6955071755766146
Llama,redundancy_controlled,disorganized,Llama_F1,-0.6759584847186372
Llama,redundancy_controlled,disorganized,Llama_F2,-0.07517766353116924
Llama,redundancy_controlled,disorganized,Llama_F3,0.45139478865860533
Llama,redundancy_controlled,disorganized,Llama_F4,-0.01908603376001653
Llama,redundancy_controlled,disorganized,Llama_F5,0.18339949324620666
Llama,redundancy_controlled,disorganized,Llama_F6,-0.921537619336789
Llama,redundancy_controlled,dispassionate,Llama_F1,0.37566057124712926
Llama,redundancy_controlled,dispassionate,Llama_F2,0.15005617990349393
Llama,redundancy_controlled,dispassionate,Llama_F3,-0.9362844340646214
Llama,redundancy_controlled,dispassionate,Llama_F4,0.2550914322059346
Llama,redundancy_controlled,dispassionate,Llama_F5,-0.2875444976399671
Llama,redundancy_controlled,dispassionate,Llama_F6,0.45748480205345293
Llama,redundancy_controlled,divergent,Llama_F1,0.6170479921225037
Llama,redundancy_controlled,divergent,Llama_F2,0.06838796157674654
Llama,redundancy_controlled,divergent,Llama_F3,-0.32595837321612203
Llama,redundancy_controlled,divergent,Llama_F4,-0.46294060406347853
Llama,redundancy_controlled,divergent,Llama_F5,0.2404882296592302
Llama,redundancy_controlled,divergent,Llama_F6,0.7513067829478867
Llama,redundancy_controlled,dogmatic,Llama_F1,-0.915202581136207
Llama,redundancy_controlled,dogmatic,Llama_F2,-0.36601505205258056
Llama,redundancy_controlled,dogmatic,Llama_F3,0.34542932168331114
Llama,redundancy_controlled,dogmatic,Llama_F4,-0.09592811945681114
Llama,redundancy_controlled,dogmatic,Llama_F5,-0.040069920969241175
Llama,redundancy_controlled,dogmatic,Llama_F6,-0.6490200140259103
Llama,redundancy_controlled,dominant,Llama_F1,-0.06444505841697003
Llama,redundancy_controlled,dominant,Llama_F2,-0.20247356101349495
Llama,redundancy_controlled,dominant,Llama_F3,-0.6054480116880054
Llama,redundancy_controlled,dominant,Llama_F4,-0.2382729385940242
Llama,redundancy_controlled,dominant,Llama_F5,-0.48941279386591063
Llama,redundancy_controlled,dominant,Llama_F6,0.6090226084729059
Llama,redundancy_controlled,dramatic,Llama_F1,-0.41400447948255514
Llama,redundancy_controlled,dramatic,Llama_F2,-0.9097916905506176
Llama,redundancy_controlled,dramatic,Llama_F3,0.09866144233715471
Llama,redundancy_controlled,dramatic,Llama_F4,-0.6422636522443208
Llama,redundancy_controlled,dramatic,Llama_F5,0.2725965667346606
Llama,redundancy_controlled,dramatic,Llama_F6,-0.014211672124893684
Llama,redundancy_controlled,earnest,Llama_F1,0.7243161262808882
Llama,redundancy_controlled,earnest,Llama_F2,-0.12144316434611492
Llama,redundancy_controlled,earnest,Llama_F3,-0.2744984270650806
Llama,redundancy_controlled,earnest,Llama_F4,-0.10336255472371518
Llama,redundancy_controlled,earnest,Llama_F5,-0.03708005959878854
Llama,redundancy_controlled,earnest,Llama_F6,0.924140748943845
Llama,redundancy_controlled,eclectic,Llama_F1,-0.00912594534689255
Llama,redundancy_controlled,eclectic,Llama_F2,-0.770762134459251
Llama,redundancy_controlled,eclectic,Llama_F3,-0.21645221982502402
Llama,redundancy_controlled,eclectic,Llama_F4,-0.7219307144765631
Llama,redundancy_controlled,eclectic,Llama_F5,0.44914748606213967
Llama,redundancy_controlled,eclectic,Llama_F6,0.3358065513207732
Llama,redundancy_controlled,edgy,Llama_F1,-0.8968266818506663
Llama,redundancy_controlled,edgy,Llama_F2,-0.3068908542002057
Llama,redundancy_controlled,edgy,Llama_F3,0.3323594378915853
Llama,redundancy_controlled,edgy,Llama_F4,-0.3261269556539164
Llama,redundancy_controlled,edgy,Llama_F5,0.15853797377588003
Llama,redundancy_controlled,edgy,Llama_F6,-0.679104828075781
Llama,redundancy_controlled,educational,Llama_F1,0.6011564143816046
Llama,redundancy_controlled,educational,Llama_F2,-0.04507059170826505
Llama,redundancy_controlled,educational,Llama_F3,-0.49972578297507136
Llama,redundancy_controlled,educational,Llama_F4,-0.18079272847714511
Llama,redundancy_controlled,educational,Llama_F5,-0.08480821944586761
Llama,redundancy_controlled,educational,Llama_F6,0.9442329514149534
Llama,redundancy_controlled,efficient,Llama_F1,-0.5045452096721356
Llama,redundancy_controlled,efficient,Llama_F2,0.04039861641623165
Llama,redundancy_controlled,efficient,Llama_F3,0.174381649225042
Llama,redundancy_controlled,efficient,Llama_F4,0.26644936423540716
Llama,redundancy_controlled,efficient,Llama_F5,-0.24849368024460675
Llama,redundancy_controlled,efficient,Llama_F6,-0.902112093489287
Llama,redundancy_controlled,effusive,Llama_F1,-0.5750247110033442
Llama,redundancy_controlled,effusive,Llama_F2,-0.253412846924754
Llama,redundancy_controlled,effusive,Llama_F3,0.7115763285027256
Llama,redundancy_controlled,effusive,Llama_F4,-0.3628688155310964
Llama,redundancy_controlled,effusive,Llama_F5,0.13114525313502134
Llama,redundancy_controlled,effusive,Llama_F6,-0.6578262639187028
Llama,redundancy_controlled,egalitarian,Llama_F1,0.6364036301779293
Llama,redundancy_controlled,egalitarian,Llama_F2,0.09263849165728257
Llama,redundancy_controlled,egalitarian,Llama_F3,0.1256636076047228
Llama,redundancy_controlled,egalitarian,Llama_F4,-0.2566007651257189
Llama,redundancy_controlled,egalitarian,Llama_F5,0.055583672901183996
Llama,redundancy_controlled,egalitarian,Llama_F6,0.7799582531963156
Llama,redundancy_controlled,elitist,Llama_F1,-0.7372810970743363
Llama,redundancy_controlled,elitist,Llama_F2,-0.7501937341118573
Llama,redundancy_controlled,elitist,Llama_F3,-0.1068049271009779
Llama,redundancy_controlled,elitist,Llama_F4,-0.39300618505332874
Llama,redundancy_controlled,elitist,Llama_F5,0.12905329140328856
Llama,redundancy_controlled,elitist,Llama_F6,-0.10234667256043517
Llama,redundancy_controlled,eloquent,Llama_F1,0.14762561960878506
Llama,redundancy_controlled,eloquent,Llama_F2,-0.7005459872217555
Llama,redundancy_controlled,eloquent,Llama_F3,-0.24860640272121984
Llama,redundancy_controlled,eloquent,Llama_F4,-0.5908983457196584
Llama,redundancy_controlled,eloquent,Llama_F5,0.3182868265190398
Llama,redundancy_controlled,eloquent,Llama_F6,0.6705869826491542
Llama,redundancy_controlled,emotional,Llama_F1,-0.13993915843712063
Llama,redundancy_controlled,emotional,Llama_F2,-0.2017556894951566
Llama,redundancy_controlled,emotional,Llama_F3,0.9202092196418817
Llama,redundancy_controlled,emotional,Llama_F4,-0.3222980251580942
Llama,redundancy_controlled,emotional,Llama_F5,0.44483962044940295
Llama,redundancy_controlled,emotional,Llama_F6,-0.20946835512982118
Llama,redundancy_controlled,empathetic,Llama_F1,0.15324379224105175
Llama,redundancy_controlled,empathetic,Llama_F2,-0.02713302017415007
Llama,redundancy_controlled,empathetic,Llama_F3,0.9057929613553958
Llama,redundancy_controlled,empathetic,Llama_F4,-0.16293524371711882
Llama,redundancy_controlled,empathetic,Llama_F5,0.4196395938992896
Llama,redundancy_controlled,empathetic,Llama_F6,-0.046094428326576134
Llama,redundancy_controlled,enigmatic,Llama_F1,-0.428897255780719
Llama,redundancy_controlled,enigmatic,Llama_F2,-0.8988572913484358
Llama,redundancy_controlled,enigmatic,Llama_F3,0.04158417954782648
Llama,redundancy_controlled,enigmatic,Llama_F4,-0.540528483320551
Llama,redundancy_controlled,enigmatic,Llama_F5,0.3686660910929572
Llama,redundancy_controlled,enigmatic,Llama_F6,-0.1709637615940428
Llama,redundancy_controlled,entertaining,Llama_F1,-0.5493801908895659
Llama,redundancy_controlled,entertaining,Llama_F2,-0.28580994414423827
Llama,redundancy_controlled,entertaining,Llama_F3,0.632534485631732
Llama,redundancy_controlled,entertaining,Llama_F4,-0.47294510493926284
Llama,redundancy_controlled,entertaining,Llama_F5,0.24426694637888355
Llama,redundancy_controlled,entertaining,Llama_F6,-0.6413725203258729
Llama,redundancy_controlled,environmental,Llama_F1,0.3221104734982655
Llama,redundancy_controlled,environmental,Llama_F2,-0.6400755248773261
Llama,redundancy_controlled,environmental,Llama_F3,0.03107197128135579
Llama,redundancy_controlled,environmental,Llama_F4,-0.5194871007241403
Llama,redundancy_controlled,environmental,Llama_F5,0.31300289226105055
Llama,redundancy_controlled,environmental,Llama_F6,0.4841597753997843
Llama,redundancy_controlled,epicurean,Llama_F1,0.03523981211855108
Llama,redundancy_controlled,epicurean,Llama_F2,-0.7656949235061824
Llama,redundancy_controlled,epicurean,Llama_F3,-0.22997731264626178
Llama,redundancy_controlled,epicurean,Llama_F4,-0.6339152843486334
Llama,redundancy_controlled,epicurean,Llama_F5,0.32384691639108126
Llama,redundancy_controlled,epicurean,Llama_F6,0.4872131375303224
Llama,redundancy_controlled,erudite,Llama_F1,0.19261545579343284
Llama,redundancy_controlled,erudite,Llama_F2,-0.547884626349368
Llama,redundancy_controlled,erudite,Llama_F3,-0.6208208328098885
Llama,redundancy_controlled,erudite,Llama_F4,-0.4543518202147891
Llama,redundancy_controlled,erudite,Llama_F5,0.16894332411362578
Llama,redundancy_controlled,erudite,Llama_F6,0.7016028158196148
Llama,redundancy_controlled,esoteric,Llama_F1,-0.2844248815952283
Llama,redundancy_controlled,esoteric,Llama_F2,-0.8068290418427257
Llama,redundancy_controlled,esoteric,Llama_F3,-0.4125739922923887
Llama,redundancy_controlled,esoteric,Llama_F4,-0.5701927586635057
Llama,redundancy_controlled,esoteric,Llama_F5,0.30656367370530724
Llama,redundancy_controlled,esoteric,Llama_F6,0.17956655644848546
Llama,redundancy_controlled,essentialist,Llama_F1,-0.5719799580741337
Llama,redundancy_controlled,essentialist,Llama_F2,-0.8338126776446058
Llama,redundancy_controlled,essentialist,Llama_F3,-0.034192291604742055
Llama,redundancy_controlled,essentialist,Llama_F4,-0.0997230403299483
Llama,redundancy_controlled,essentialist,Llama_F5,-0.07561159229533959
Llama,redundancy_controlled,essentialist,Llama_F6,-0.1765346531541133
Llama,redundancy_controlled,ethereal,Llama_F1,-0.277730107815364
Llama,redundancy_controlled,ethereal,Llama_F2,-0.9335348320157487
Llama,redundancy_controlled,ethereal,Llama_F3,-0.002833817468761943
Llama,redundancy_controlled,ethereal,Llama_F4,-0.5392682952745695
Llama,redundancy_controlled,ethereal,Llama_F5,0.3504626677169127
Llama,redundancy_controlled,ethereal,Llama_F6,-0.06673808483803073
Llama,redundancy_controlled,evil,Llama_F1,-0.9043178210549259
Llama,redundancy_controlled,evil,Llama_F2,-0.36167443081876155
Llama,redundancy_controlled,evil,Llama_F3,0.29977917557816375
Llama,redundancy_controlled,evil,Llama_F4,-0.2706555952907908
Llama,redundancy_controlled,evil,Llama_F5,0.17904842111709593
Llama,redundancy_controlled,evil,Llama_F6,-0.6669144454221264
Llama,redundancy_controlled,existentialist,Llama_F1,0.13831042618498124
Llama,redundancy_controlled,existentialist,Llama_F2,-0.13853405705989524
Llama,redundancy_controlled,existentialist,Llama_F3,0.6142079135242778
Llama,redundancy_controlled,existentialist,Llama_F4,-0.5164124286230457
Llama,redundancy_controlled,existentialist,Llama_F5,0.2895969151709886
Llama,redundancy_controlled,existentialist,Llama_F6,0.26604452885179447
Llama,redundancy_controlled,experiential,Llama_F1,-0.07769873078670123
Llama,redundancy_controlled,experiential,Llama_F2,0.6255862813400321
Llama,redundancy_controlled,experiential,Llama_F3,0.609256781948479
Llama,redundancy_controlled,experiential,Llama_F4,0.32113228829438795
Llama,redundancy_controlled,experiential,Llama_F5,-0.2720321663851219
Llama,redundancy_controlled,experiential,Llama_F6,-0.5049658076683475
Llama,redundancy_controlled,exploratory,Llama_F1,0.6952901723924962
Llama,redundancy_controlled,exploratory,Llama_F2,0.35608636918792624
Llama,redundancy_controlled,exploratory,Llama_F3,-0.16864458889882855
Llama,redundancy_controlled,exploratory,Llama_F4,-0.21175021607000252
Llama,redundancy_controlled,exploratory,Llama_F5,0.2233848355814798
Llama,redundancy_controlled,exploratory,Llama_F6,0.7553768635438881
Llama,redundancy_controlled,extroverted,Llama_F1,0.16141623441721667
Llama,redundancy_controlled,extroverted,Llama_F2,0.2795194810404207
Llama,redundancy_controlled,extroverted,Llama_F3,0.6642171415892081
Llama,redundancy_controlled,extroverted,Llama_F4,-0.38484505925730567
Llama,redundancy_controlled,extroverted,Llama_F5,-0.10435581274277804
Llama,redundancy_controlled,extroverted,Llama_F6,-0.09408212999474959
Llama,redundancy_controlled,factual,Llama_F1,0.7075613541821422
Llama,redundancy_controlled,factual,Llama_F2,0.43154692276580264
Llama,redundancy_controlled,factual,Llama_F3,-0.6141653016073076
Llama,redundancy_controlled,factual,Llama_F4,0.328680302922031
Llama,redundancy_controlled,factual,Llama_F5,-0.2531128747635928
Llama,redundancy_controlled,factual,Llama_F6,0.6599103529485546
Llama,redundancy_controlled,fatalistic,Llama_F1,-0.5574299112723838
Llama,redundancy_controlled,fatalistic,Llama_F2,-0.8769269968633995
Llama,redundancy_controlled,fatalistic,Llama_F3,0.08453881284711671
Llama,redundancy_controlled,fatalistic,Llama_F4,-0.4488263814251922
Llama,redundancy_controlled,fatalistic,Llama_F5,0.386906120984339
Llama,redundancy_controlled,fatalistic,Llama_F6,-0.23146640308532104
Llama,redundancy_controlled,flexible,Llama_F1,0.934850662880206
Llama,redundancy_controlled,flexible,Llama_F2,0.4500273809520556
Llama,redundancy_controlled,flexible,Llama_F3,-0.2307447825520351
Llama,redundancy_controlled,flexible,Llama_F4,0.1386039568381335
Llama,redundancy_controlled,flexible,Llama_F5,-0.060866754852748416
Llama,redundancy_controlled,flexible,Llama_F6,0.5420739164537725
Llama,redundancy_controlled,flippant,Llama_F1,-0.716061893384705
Llama,redundancy_controlled,flippant,Llama_F2,0.009837790005649955
Llama,redundancy_controlled,flippant,Llama_F3,0.4330878071789281
Llama,redundancy_controlled,flippant,Llama_F4,-0.023367147748580227
Llama,redundancy_controlled,flippant,Llama_F5,0.06844979739371208
Llama,redundancy_controlled,flippant,Llama_F6,-0.9209110772621697
Llama,redundancy_controlled,flirty,Llama_F1,-0.6846584799337655
Llama,redundancy_controlled,flirty,Llama_F2,-0.5213151870853726
Llama,redundancy_controlled,flirty,Llama_F3,0.4641364864463103
Llama,redundancy_controlled,flirty,Llama_F4,-0.4157628021846211
Llama,redundancy_controlled,flirty,Llama_F5,0.28272312427935287
Llama,redundancy_controlled,flirty,Llama_F6,-0.6065533025101452
Llama,redundancy_controlled,forgiving,Llama_F1,0.8573566155461745
Llama,redundancy_controlled,forgiving,Llama_F2,0.057754845150033124
Llama,redundancy_controlled,forgiving,Llama_F3,0.25727962201091054
Llama,redundancy_controlled,forgiving,Llama_F4,-0.08757602319085386
Llama,redundancy_controlled,forgiving,Llama_F5,0.3260745732029612
Llama,redundancy_controlled,forgiving,Llama_F6,0.4073495013279089
Llama,redundancy_controlled,formal,Llama_F1,0.4610387611226306
Llama,redundancy_controlled,formal,Llama_F2,-0.3290243408939764
Llama,redundancy_controlled,formal,Llama_F3,-0.6634201221047658
Llama,redundancy_controlled,formal,Llama_F4,-0.12272560343812974
Llama,redundancy_controlled,formal,Llama_F5,-0.01979352728013212
Llama,redundancy_controlled,formal,Llama_F6,0.8249981534334306
Llama,redundancy_controlled,formalist,Llama_F1,0.4077508644901532
Llama,redundancy_controlled,formalist,Llama_F2,0.08602182805390629
Llama,redundancy_controlled,formalist,Llama_F3,-0.8870782917320044
Llama,redundancy_controlled,formalist,Llama_F4,0.1580655814025383
Llama,redundancy_controlled,formalist,Llama_F5,-0.36230619975008627
Llama,redundancy_controlled,formalist,Llama_F6,0.5843456132926973
Llama,redundancy_controlled,fundamentalist,Llama_F1,-0.8051383063204385
Llama,redundancy_controlled,fundamentalist,Llama_F2,-0.6470459226442825
Llama,redundancy_controlled,fundamentalist,Llama_F3,0.07435472553820269
Llama,redundancy_controlled,fundamentalist,Llama_F4,-0.02455637845790621
Llama,redundancy_controlled,fundamentalist,Llama_F5,-0.04961113508357096
Llama,redundancy_controlled,fundamentalist,Llama_F6,-0.4537147273543724
Llama,redundancy_controlled,futuristic,Llama_F1,0.03920069094681932
Llama,redundancy_controlled,futuristic,Llama_F2,-0.468782389566558
Llama,redundancy_controlled,futuristic,Llama_F3,-0.41135312816893466
Llama,redundancy_controlled,futuristic,Llama_F4,-0.7740106339128657
Llama,redundancy_controlled,futuristic,Llama_F5,0.21448002558497273
Llama,redundancy_controlled,futuristic,Llama_F6,0.40142422883345613
Llama,redundancy_controlled,generalist,Llama_F1,0.692122335622588
Llama,redundancy_controlled,generalist,Llama_F2,0.3050562286594791
Llama,redundancy_controlled,generalist,Llama_F3,-0.15522213480810634
Llama,redundancy_controlled,generalist,Llama_F4,-0.08726479849474628
Llama,redundancy_controlled,generalist,Llama_F5,-0.05088818577023764
Llama,redundancy_controlled,generalist,Llama_F6,0.8426546024737017
Llama,redundancy_controlled,generous,Llama_F1,0.6128705997546966
Llama,redundancy_controlled,generous,Llama_F2,-0.05454286621885822
Llama,redundancy_controlled,generous,Llama_F3,-0.25964733538993773
Llama,redundancy_controlled,generous,Llama_F4,-0.2876765718898824
Llama,redundancy_controlled,generous,Llama_F5,0.08957490032889945
Llama,redundancy_controlled,generous,Llama_F6,0.9564550895286066
Llama,redundancy_controlled,goofy,Llama_F1,-0.686810545325901
Llama,redundancy_controlled,goofy,Llama_F2,-0.1816920086804757
Llama,redundancy_controlled,goofy,Llama_F3,0.3804378282813429
Llama,redundancy_controlled,goofy,Llama_F4,-0.18814459335186923
Llama,redundancy_controlled,goofy,Llama_F5,0.0850553921818463
Llama,redundancy_controlled,goofy,Llama_F6,-0.8811070111378266
Llama,redundancy_controlled,grandiose,Llama_F1,-0.43193159217310845
Llama,redundancy_controlled,grandiose,Llama_F2,-0.9064689824928277
Llama,redundancy_controlled,grandiose,Llama_F3,-0.15058981242746572
Llama,redundancy_controlled,grandiose,Llama_F4,-0.6008039006175704
Llama,redundancy_controlled,grandiose,Llama_F5,0.21173327985683624
Llama,redundancy_controlled,grandiose,Llama_F6,0.07288219411960886
Llama,redundancy_controlled,gregarious,Llama_F1,0.24220354303864985
Llama,redundancy_controlled,gregarious,Llama_F2,0.39805537260441015
Llama,redundancy_controlled,gregarious,Llama_F3,0.779543960464963
Llama,redundancy_controlled,gregarious,Llama_F4,-0.16516528111791953
Llama,redundancy_controlled,gregarious,Llama_F5,0.17462308354695938
Llama,redundancy_controlled,gregarious,Llama_F6,-0.044704880541810835
Llama,redundancy_controlled,grounded,Llama_F1,0.1755927209866989
Llama,redundancy_controlled,grounded,Llama_F2,0.8815652302659099
Llama,redundancy_controlled,grounded,Llama_F3,0.11444727000826205
Llama,redundancy_controlled,grounded,Llama_F4,0.6525338424400543
Llama,redundancy_controlled,grounded,Llama_F5,-0.46714272978213606
Llama,redundancy_controlled,grounded,Llama_F6,-0.2566079880606733
Llama,redundancy_controlled,hedonistic,Llama_F1,-0.7087651815403673
Llama,redundancy_controlled,hedonistic,Llama_F2,-0.26023114828252997
Llama,redundancy_controlled,hedonistic,Llama_F3,0.5752589186068998
Llama,redundancy_controlled,hedonistic,Llama_F4,-0.26993737184413474
Llama,redundancy_controlled,hedonistic,Llama_F5,0.21935515212923848
Llama,redundancy_controlled,hedonistic,Llama_F6,-0.7648255873428558
Llama,redundancy_controlled,historical,Llama_F1,-0.5498807468590126
Llama,redundancy_controlled,historical,Llama_F2,-0.8201670570226381
Llama,redundancy_controlled,historical,Llama_F3,-0.0843556900307973
Llama,redundancy_controlled,historical,Llama_F4,-0.48094884655007475
Llama,redundancy_controlled,historical,Llama_F5,0.2699931656411021
Llama,redundancy_controlled,historical,Llama_F6,-0.16569539760765617
Llama,redundancy_controlled,holistic,Llama_F1,0.6240346167728221
Llama,redundancy_controlled,holistic,Llama_F2,-0.02259968443512724
Llama,redundancy_controlled,holistic,Llama_F3,-0.3202925454661402
Llama,redundancy_controlled,holistic,Llama_F4,-0.3228541555087869
Llama,redundancy_controlled,holistic,Llama_F5,0.12139293212596561
Llama,redundancy_controlled,holistic,Llama_F6,0.9396442379034313
Llama,redundancy_controlled,hostile,Llama_F1,-0.9326733296032422
Llama,redundancy_controlled,hostile,Llama_F2,-0.03283649604393008
Llama,redundancy_controlled,hostile,Llama_F3,0.2919345650545343
Llama,redundancy_controlled,hostile,Llama_F4,-0.03271954276671514
Llama,redundancy_controlled,hostile,Llama_F5,-0.07699493706450056
Llama,redundancy_controlled,hostile,Llama_F6,-0.7208852832346193
Llama,redundancy_controlled,humanistic,Llama_F1,0.5478882916529911
Llama,redundancy_controlled,humanistic,Llama_F2,0.020979721198990373
Llama,redundancy_controlled,humanistic,Llama_F3,0.6044868556488202
Llama,redundancy_controlled,humanistic,Llama_F4,-0.08141007877962007
Llama,redundancy_controlled,humanistic,Llama_F5,0.3392810297614413
Llama,redundancy_controlled,humanistic,Llama_F6,0.3809738280115086
Llama,redundancy_controlled,humble,Llama_F1,0.46490315756466477
Llama,redundancy_controlled,humble,Llama_F2,0.7681947299210481
Llama,redundancy_controlled,humble,Llama_F3,0.13524554800388758
Llama,redundancy_controlled,humble,Llama_F4,0.299481377289552
Llama,redundancy_controlled,humble,Llama_F5,0.29134740640998646
Llama,redundancy_controlled,humble,Llama_F6,-0.12472218961124973
Llama,redundancy_controlled,iconoclastic,Llama_F1,-0.8104649263337648
Llama,redundancy_controlled,iconoclastic,Llama_F2,-0.5422516109573322
Llama,redundancy_controlled,iconoclastic,Llama_F3,0.10821673840331306
Llama,redundancy_controlled,iconoclastic,Llama_F4,-0.5702537678549924
Llama,redundancy_controlled,iconoclastic,Llama_F5,0.34383672920596403
Llama,redundancy_controlled,iconoclastic,Llama_F6,-0.1893365233267407
Llama,redundancy_controlled,idealistic,Llama_F1,0.13532214178598453
Llama,redundancy_controlled,idealistic,Llama_F2,-0.8263837151004144
Llama,redundancy_controlled,idealistic,Llama_F3,0.09901034184349852
Llama,redundancy_controlled,idealistic,Llama_F4,-0.5319660290720806
Llama,redundancy_controlled,idealistic,Llama_F5,0.27649415768240126
Llama,redundancy_controlled,idealistic,Llama_F6,0.41564431793522527
Llama,redundancy_controlled,impatient,Llama_F1,-0.7735038349483222
Llama,redundancy_controlled,impatient,Llama_F2,0.06816732112152675
Llama,redundancy_controlled,impatient,Llama_F3,0.43431443093913047
Llama,redundancy_controlled,impatient,Llama_F4,0.10951512951189299
Llama,redundancy_controlled,impatient,Llama_F5,-0.07396456561289556
Llama,redundancy_controlled,impatient,Llama_F6,-0.8780001498202056
Llama,redundancy_controlled,improvisational,Llama_F1,-0.5081022813592964
Llama,redundancy_controlled,improvisational,Llama_F2,-0.22519475991689922
Llama,redundancy_controlled,improvisational,Llama_F3,0.7890904436247625
Llama,redundancy_controlled,improvisational,Llama_F4,-0.28748556150683674
Llama,redundancy_controlled,improvisational,Llama_F5,0.5033819260716743
Llama,redundancy_controlled,improvisational,Llama_F6,-0.5364667939516122
Llama,redundancy_controlled,impulsive,Llama_F1,-0.6892645876715657
Llama,redundancy_controlled,impulsive,Llama_F2,0.008235785115065973
Llama,redundancy_controlled,impulsive,Llama_F3,0.5394150446403708
Llama,redundancy_controlled,impulsive,Llama_F4,0.029547755990176595
Llama,redundancy_controlled,impulsive,Llama_F5,0.05086415635444014
Llama,redundancy_controlled,impulsive,Llama_F6,-0.9142614656826946
Llama,redundancy_controlled,inclusive,Llama_F1,0.7504125250058619
Llama,redundancy_controlled,inclusive,Llama_F2,0.016810417078497213
Llama,redundancy_controlled,inclusive,Llama_F3,-0.3668234937230686
Llama,redundancy_controlled,inclusive,Llama_F4,-0.2502605496244127
Llama,redundancy_controlled,inclusive,Llama_F5,0.15583862034731252
Llama,redundancy_controlled,inclusive,Llama_F6,0.8647905506586084
Llama,redundancy_controlled,independent,Llama_F1,0.4862369865042028
Llama,redundancy_controlled,independent,Llama_F2,-0.35885160546121
Llama,redundancy_controlled,independent,Llama_F3,-0.4608989301309821
Llama,redundancy_controlled,independent,Llama_F4,-0.34638446672987216
Llama,redundancy_controlled,independent,Llama_F5,0.02911747156901125
Llama,redundancy_controlled,independent,Llama_F6,0.8742175159620694
Llama,redundancy_controlled,individualistic,Llama_F1,-0.597811865085907
Llama,redundancy_controlled,individualistic,Llama_F2,-0.6903215741713227
Llama,redundancy_controlled,individualistic,Llama_F3,0.35888780855512764
Llama,redundancy_controlled,individualistic,Llama_F4,-0.6470403257446765
Llama,redundancy_controlled,individualistic,Llama_F5,0.3749714390716867
Llama,redundancy_controlled,individualistic,Llama_F6,-0.1527798452241702
Llama,redundancy_controlled,innovative,Llama_F1,-0.3045360826405106
Llama,redundancy_controlled,innovative,Llama_F2,-0.5818181835051671
Llama,redundancy_controlled,innovative,Llama_F3,-0.011117816156276354
Llama,redundancy_controlled,innovative,Llama_F4,-0.9249616098632018
Llama,redundancy_controlled,innovative,Llama_F5,0.32782160950529937
Llama,redundancy_controlled,innovative,Llama_F6,0.10817490947114418
Llama,redundancy_controlled,inquisitive,Llama_F1,0.01566947151342188
Llama,redundancy_controlled,inquisitive,Llama_F2,0.33805701300531527
Llama,redundancy_controlled,inquisitive,Llama_F3,0.37009472764334883
Llama,redundancy_controlled,inquisitive,Llama_F4,-0.014635324338152907
Llama,redundancy_controlled,inquisitive,Llama_F5,0.569459732650461
Llama,redundancy_controlled,inquisitive,Llama_F6,-0.1479688975773386
Llama,redundancy_controlled,inspirational,Llama_F1,0.8798107426375369
Llama,redundancy_controlled,inspirational,Llama_F2,-0.03250259369589161
Llama,redundancy_controlled,inspirational,Llama_F3,-0.28700320190516493
Llama,redundancy_controlled,inspirational,Llama_F4,-0.10586345136343278
Llama,redundancy_controlled,inspirational,Llama_F5,-0.08465164458379738
Llama,redundancy_controlled,inspirational,Llama_F6,0.7663552491116213
Llama,redundancy_controlled,interdisciplinary,Llama_F1,0.38632340338490284
Llama,redundancy_controlled,interdisciplinary,Llama_F2,-0.2097904546710677
Llama,redundancy_controlled,interdisciplinary,Llama_F3,-0.5330536467068934
Llama,redundancy_controlled,interdisciplinary,Llama_F4,-0.5397101040453225
Llama,redundancy_controlled,interdisciplinary,Llama_F5,0.21302514235244258
Llama,redundancy_controlled,interdisciplinary,Llama_F6,0.7331005673278895
Llama,redundancy_controlled,introspective,Llama_F1,0.1627844883025238
Llama,redundancy_controlled,introspective,Llama_F2,-0.4963356144283448
Llama,redundancy_controlled,introspective,Llama_F3,-0.25320406419245534
Llama,redundancy_controlled,introspective,Llama_F4,-0.5563322597953251
Llama,redundancy_controlled,introspective,Llama_F5,0.6143262309191343
Llama,redundancy_controlled,introspective,Llama_F6,0.6317765865636709
Llama,redundancy_controlled,introverted,Llama_F1,0.23718483533834217
Llama,redundancy_controlled,introverted,Llama_F2,-0.643969290701547
Llama,redundancy_controlled,introverted,Llama_F3,-0.5520749112523481
Llama,redundancy_controlled,introverted,Llama_F4,-0.2771319470405313
Llama,redundancy_controlled,introverted,Llama_F5,0.17089992812441973
Llama,redundancy_controlled,introverted,Llama_F6,0.6982607541689482
Llama,redundancy_controlled,intuitive,Llama_F1,0.34073519926148693
Llama,redundancy_controlled,intuitive,Llama_F2,-0.46382154942718906
Llama,redundancy_controlled,intuitive,Llama_F3,0.24587253380074237
Llama,redundancy_controlled,intuitive,Llama_F4,-0.6075957258418921
Llama,redundancy_controlled,intuitive,Llama_F5,0.460707679368048
Llama,redundancy_controlled,intuitive,Llama_F6,0.6187347884997995
Llama,redundancy_controlled,ironic,Llama_F1,-0.864477286167968
Llama,redundancy_controlled,ironic,Llama_F2,-0.2853590721724522
Llama,redundancy_controlled,ironic,Llama_F3,0.3691412453960902
Llama,redundancy_controlled,ironic,Llama_F4,-0.2740581922698824
Llama,redundancy_controlled,ironic,Llama_F5,0.22240525158521196
Llama,redundancy_controlled,ironic,Llama_F6,-0.7030135137959581
Llama,redundancy_controlled,irreverent,Llama_F1,-0.7253382944319029
Llama,redundancy_controlled,irreverent,Llama_F2,0.03750392946226077
Llama,redundancy_controlled,irreverent,Llama_F3,0.47708935353984594
Llama,redundancy_controlled,irreverent,Llama_F4,-0.1010200337667211
Llama,redundancy_controlled,irreverent,Llama_F5,0.065845968675804
Llama,redundancy_controlled,irreverent,Llama_F6,-0.8838868678397851
Llama,redundancy_controlled,judgmental,Llama_F1,-0.9353449827762367
Llama,redundancy_controlled,judgmental,Llama_F2,-0.15930891679887732
Llama,redundancy_controlled,judgmental,Llama_F3,0.4142521261870081
Llama,redundancy_controlled,judgmental,Llama_F4,-0.09110176276657722
Llama,redundancy_controlled,judgmental,Llama_F5,0.05286568074506947
Llama,redundancy_controlled,judgmental,Llama_F6,-0.6732822798824059
Llama,redundancy_controlled,libertarian,Llama_F1,-0.7047528695715962
Llama,redundancy_controlled,libertarian,Llama_F2,-0.6065601699017615
Llama,redundancy_controlled,libertarian,Llama_F3,0.5216467716469803
Llama,redundancy_controlled,libertarian,Llama_F4,-0.36566788510431036
Llama,redundancy_controlled,libertarian,Llama_F5,0.22896277139616347
Llama,redundancy_controlled,libertarian,Llama_F6,-0.30807257100345004
Llama,redundancy_controlled,literal,Llama_F1,-0.5399822494024334
Llama,redundancy_controlled,literal,Llama_F2,0.05999244459346085
Llama,redundancy_controlled,literal,Llama_F3,-0.035401080713076384
Llama,redundancy_controlled,literal,Llama_F4,0.3766115477053869
Llama,redundancy_controlled,literal,Llama_F5,-0.19928628494191497
Llama,redundancy_controlled,literal,Llama_F6,-0.8844984612275065
Llama,redundancy_controlled,manic,Llama_F1,-0.6976764960009265
Llama,redundancy_controlled,manic,Llama_F2,-0.10891208591565617
Llama,redundancy_controlled,manic,Llama_F3,0.5458510250559271
Llama,redundancy_controlled,manic,Llama_F4,-0.17889534452645628
Llama,redundancy_controlled,manic,Llama_F5,0.06490005217437717
Llama,redundancy_controlled,manic,Llama_F6,-0.85184723194856
Llama,redundancy_controlled,manipulative,Llama_F1,-0.8268292678140224
Llama,redundancy_controlled,manipulative,Llama_F2,-0.1937673323151453
Llama,redundancy_controlled,manipulative,Llama_F3,0.5392602150675192
Llama,redundancy_controlled,manipulative,Llama_F4,-0.07696198055196106
Llama,redundancy_controlled,manipulative,Llama_F5,0.2013411985958981
Llama,redundancy_controlled,manipulative,Llama_F6,-0.7423028274837076
Llama,redundancy_controlled,materialist,Llama_F1,-0.4662667194954682
Llama,redundancy_controlled,materialist,Llama_F2,0.34978021838285944
Llama,redundancy_controlled,materialist,Llama_F3,-0.4189383831929556
Llama,redundancy_controlled,materialist,Llama_F4,0.36006787416746805
Llama,redundancy_controlled,materialist,Llama_F5,-0.38941233458329816
Llama,redundancy_controlled,materialist,Llama_F6,-0.5616897477667602
Llama,redundancy_controlled,meditative,Llama_F1,0.29747909255943666
Llama,redundancy_controlled,meditative,Llama_F2,-0.797446179754864
Llama,redundancy_controlled,meditative,Llama_F3,-0.0990517733666648
Llama,redundancy_controlled,meditative,Llama_F4,-0.40987592689599656
Llama,redundancy_controlled,meditative,Llama_F5,0.3988523784193853
Llama,redundancy_controlled,meditative,Llama_F6,0.47124425338024295
Llama,redundancy_controlled,melancholic,Llama_F1,-0.7818442297939986
Llama,redundancy_controlled,melancholic,Llama_F2,-0.7007114431289102
Llama,redundancy_controlled,melancholic,Llama_F3,0.041155624976645565
Llama,redundancy_controlled,melancholic,Llama_F4,-0.30680587103363427
Llama,redundancy_controlled,melancholic,Llama_F5,0.27483219676150417
Llama,redundancy_controlled,melancholic,Llama_F6,-0.331583546568431
Llama,redundancy_controlled,melodramatic,Llama_F1,-0.5047530905755994
Llama,redundancy_controlled,melodramatic,Llama_F2,-0.8881974086083957
Llama,redundancy_controlled,melodramatic,Llama_F3,0.11589134401942153
Llama,redundancy_controlled,melodramatic,Llama_F4,-0.5936516506663547
Llama,redundancy_controlled,melodramatic,Llama_F5,0.23119353871147824
Llama,redundancy_controlled,melodramatic,Llama_F6,-0.14272151817025538
Llama,redundancy_controlled,mercurial,Llama_F1,-0.7853498977634691
Llama,redundancy_controlled,mercurial,Llama_F2,-0.42596103637983684
Llama,redundancy_controlled,mercurial,Llama_F3,0.3337254321963703
Llama,redundancy_controlled,mercurial,Llama_F4,-0.29248752683361656
Llama,redundancy_controlled,mercurial,Llama_F5,0.227248838177743
Llama,redundancy_controlled,mercurial,Llama_F6,-0.7568880153813808
Llama,redundancy_controlled,metaphorical,Llama_F1,-0.2090368750468239
Llama,redundancy_controlled,metaphorical,Llama_F2,-0.8812147763956276
Llama,redundancy_controlled,metaphorical,Llama_F3,0.13208673515433567
Llama,redundancy_controlled,metaphorical,Llama_F4,-0.6814849833985775
Llama,redundancy_controlled,metaphorical,Llama_F5,0.3805596245502893
Llama,redundancy_controlled,metaphorical,Llama_F6,0.05005402665427817
Llama,redundancy_controlled,methodical,Llama_F1,0.6094919288404382
Llama,redundancy_controlled,methodical,Llama_F2,0.017587769012214934
Llama,redundancy_controlled,methodical,Llama_F3,-0.6999814973545756
Llama,redundancy_controlled,methodical,Llama_F4,0.046939160590787135
Llama,redundancy_controlled,methodical,Llama_F5,-0.23793628612465223
Llama,redundancy_controlled,methodical,Llama_F6,0.8157429831934305
Llama,redundancy_controlled,meticulous,Llama_F1,0.4789838138462782
Llama,redundancy_controlled,meticulous,Llama_F2,-0.26659487165328993
Llama,redundancy_controlled,meticulous,Llama_F3,-0.6873333542980562
Llama,redundancy_controlled,meticulous,Llama_F4,-0.16961900937636307
Llama,redundancy_controlled,meticulous,Llama_F5,-0.0410507089826466
Llama,redundancy_controlled,meticulous,Llama_F6,0.8418948097581277
Llama,redundancy_controlled,militant,Llama_F1,-0.9444497777775855
Llama,redundancy_controlled,militant,Llama_F2,-0.3250726978045367
Llama,redundancy_controlled,militant,Llama_F3,0.3174372671281945
Llama,redundancy_controlled,militant,Llama_F4,-0.2616423124651955
Llama,redundancy_controlled,militant,Llama_F5,-0.0694224896545804
Llama,redundancy_controlled,militant,Llama_F6,-0.5207274955760083
Llama,redundancy_controlled,misanthropic,Llama_F1,-0.8940191818430797
Llama,redundancy_controlled,misanthropic,Llama_F2,-0.567193242363713
Llama,redundancy_controlled,misanthropic,Llama_F3,0.1670208340243201
Llama,redundancy_controlled,misanthropic,Llama_F4,-0.34239708105026434
Llama,redundancy_controlled,misanthropic,Llama_F5,0.22040729220588728
Llama,redundancy_controlled,misanthropic,Llama_F6,-0.4563099351801619
Llama,redundancy_controlled,mischievous,Llama_F1,-0.7345934436688768
Llama,redundancy_controlled,mischievous,Llama_F2,-0.33914983085620465
Llama,redundancy_controlled,mischievous,Llama_F3,0.3514443214217601
Llama,redundancy_controlled,mischievous,Llama_F4,-0.3718037287205362
Llama,redundancy_controlled,mischievous,Llama_F5,0.20123257700779013
Llama,redundancy_controlled,mischievous,Llama_F6,-0.752987927573987
Llama,redundancy_controlled,moderate,Llama_F1,0.9255973481440007
Llama,redundancy_controlled,moderate,Llama_F2,0.4075640104016128
Llama,redundancy_controlled,moderate,Llama_F3,-0.3767551566842541
Llama,redundancy_controlled,moderate,Llama_F4,0.30717521546392856
Llama,redundancy_controlled,moderate,Llama_F5,-0.05356268860680289
Llama,redundancy_controlled,moderate,Llama_F6,0.5264908589165705
Llama,redundancy_controlled,mystical,Llama_F1,-0.22020910041524464
Llama,redundancy_controlled,mystical,Llama_F2,-0.9279936101300711
Llama,redundancy_controlled,mystical,Llama_F3,0.2058831536705725
Llama,redundancy_controlled,mystical,Llama_F4,-0.5413754824772044
Llama,redundancy_controlled,mystical,Llama_F5,0.38243855725186765
Llama,redundancy_controlled,mystical,Llama_F6,-0.03714287319170802
Llama,redundancy_controlled,naive,Llama_F1,-0.2753065163117869
Llama,redundancy_controlled,naive,Llama_F2,0.17164852133661077
Llama,redundancy_controlled,naive,Llama_F3,0.5576154652836739
Llama,redundancy_controlled,naive,Llama_F4,0.27057384062206424
Llama,redundancy_controlled,naive,Llama_F5,-0.029606344760997817
Llama,redundancy_controlled,naive,Llama_F6,-0.8799011552168404
Llama,redundancy_controlled,narrative,Llama_F1,-0.5188806795161207
Llama,redundancy_controlled,narrative,Llama_F2,-0.6771740800385013
Llama,redundancy_controlled,narrative,Llama_F3,0.5508174256929186
Llama,redundancy_controlled,narrative,Llama_F4,-0.45457437501475495
Llama,redundancy_controlled,narrative,Llama_F5,0.3828130043562872
Llama,redundancy_controlled,narrative,Llama_F6,-0.3561280505023473
Llama,redundancy_controlled,neurotic,Llama_F1,-0.713454917671215
Llama,redundancy_controlled,neurotic,Llama_F2,0.0618752895942111
Llama,redundancy_controlled,neurotic,Llama_F3,0.4609346101882346
Llama,redundancy_controlled,neurotic,Llama_F4,0.1045434158793501
Llama,redundancy_controlled,neurotic,Llama_F5,0.11195814298959797
Llama,redundancy_controlled,neurotic,Llama_F6,-0.8989044018991625
Llama,redundancy_controlled,nihilistic,Llama_F1,-0.7231775817343844
Llama,redundancy_controlled,nihilistic,Llama_F2,-0.7502318395092737
Llama,redundancy_controlled,nihilistic,Llama_F3,-0.021098277091594553
Llama,redundancy_controlled,nihilistic,Llama_F4,-0.4175552554307177
Llama,redundancy_controlled,nihilistic,Llama_F5,0.3115572047769797
Llama,redundancy_controlled,nihilistic,Llama_F6,-0.32580282813227673
Llama,redundancy_controlled,nonchalant,Llama_F1,-0.6728979693569094
Llama,redundancy_controlled,nonchalant,Llama_F2,0.13386873475676234
Llama,redundancy_controlled,nonchalant,Llama_F3,0.4274078212645217
Llama,redundancy_controlled,nonchalant,Llama_F4,0.11860440336736634
Llama,redundancy_controlled,nonchalant,Llama_F5,0.05294111093178296
Llama,redundancy_controlled,nonchalant,Llama_F6,-0.9234834239282297
Llama,redundancy_controlled,nostalgic,Llama_F1,-0.6044246220654148
Llama,redundancy_controlled,nostalgic,Llama_F2,-0.7623711020998803
Llama,redundancy_controlled,nostalgic,Llama_F3,0.3413317518440594
Llama,redundancy_controlled,nostalgic,Llama_F4,-0.2890219784378513
Llama,redundancy_controlled,nostalgic,Llama_F5,0.31084074553548297
Llama,redundancy_controlled,nostalgic,Llama_F6,-0.3788920106130555
Llama,redundancy_controlled,nurturing,Llama_F1,0.8621210198722098
Llama,redundancy_controlled,nurturing,Llama_F2,-0.05022913557042073
Llama,redundancy_controlled,nurturing,Llama_F3,-0.08536750500641212
Llama,redundancy_controlled,nurturing,Llama_F4,-0.1556792349873178
Llama,redundancy_controlled,nurturing,Llama_F5,0.08625697831320196
Llama,redundancy_controlled,nurturing,Llama_F6,0.7956185243805898
Llama,redundancy_controlled,obsessive,Llama_F1,-0.8079546151352017
Llama,redundancy_controlled,obsessive,Llama_F2,-0.5666609273761919
Llama,redundancy_controlled,obsessive,Llama_F3,0.2001241671502854
Llama,redundancy_controlled,obsessive,Llama_F4,-0.3190002715553669
Llama,redundancy_controlled,obsessive,Llama_F5,0.29149858741695656
Llama,redundancy_controlled,obsessive,Llama_F6,-0.5858899457224949
Llama,redundancy_controlled,open_ended,Llama_F1,0.06494576721470513
Llama,redundancy_controlled,open_ended,Llama_F2,-0.27359868168370854
Llama,redundancy_controlled,open_ended,Llama_F3,0.3586014703056307
Llama,redundancy_controlled,open_ended,Llama_F4,-0.3733917729066197
Llama,redundancy_controlled,open_ended,Llama_F5,0.9543885127596211
Llama,redundancy_controlled,open_ended,Llama_F6,-0.006323700625136766
Llama,redundancy_controlled,optimistic,Llama_F1,0.9494670744346597
Llama,redundancy_controlled,optimistic,Llama_F2,0.19914314813419653
Llama,redundancy_controlled,optimistic,Llama_F3,-0.01942411261720697
Llama,redundancy_controlled,optimistic,Llama_F4,0.03865323227654065
Llama,redundancy_controlled,optimistic,Llama_F5,-0.16040669518413428
Llama,redundancy_controlled,optimistic,Llama_F6,0.4959489901831183
Llama,redundancy_controlled,pacifist,Llama_F1,0.07476888463691331
Llama,redundancy_controlled,pacifist,Llama_F2,-0.6721832691762346
Llama,redundancy_controlled,pacifist,Llama_F3,0.38461406069410364
Llama,redundancy_controlled,pacifist,Llama_F4,-0.4323091075359062
Llama,redundancy_controlled,pacifist,Llama_F5,0.427401943036932
Llama,redundancy_controlled,pacifist,Llama_F6,0.26938172395034904
Llama,redundancy_controlled,paradoxical,Llama_F1,-0.3408288487123215
Llama,redundancy_controlled,paradoxical,Llama_F2,-0.79819851652011
Llama,redundancy_controlled,paradoxical,Llama_F3,0.14683971342967658
Llama,redundancy_controlled,paradoxical,Llama_F4,-0.6748019516426629
Llama,redundancy_controlled,paradoxical,Llama_F5,0.6196163066540463
Llama,redundancy_controlled,paradoxical,Llama_F6,0.054155545843452835
Llama,redundancy_controlled,paranoid,Llama_F1,-0.9173479054841533
Llama,redundancy_controlled,paranoid,Llama_F2,-0.37566954669794644
Llama,redundancy_controlled,paranoid,Llama_F3,0.31983366080837666
Llama,redundancy_controlled,paranoid,Llama_F4,-0.2935657631784989
Llama,redundancy_controlled,paranoid,Llama_F5,0.2342050795021151
Llama,redundancy_controlled,paranoid,Llama_F6,-0.5174384104814038
Llama,redundancy_controlled,passionate,Llama_F1,-0.5809385364241694
Llama,redundancy_controlled,passionate,Llama_F2,-0.5358780274985893
Llama,redundancy_controlled,passionate,Llama_F3,0.6439188108231034
Llama,redundancy_controlled,passionate,Llama_F4,-0.5780820164369771
Llama,redundancy_controlled,passionate,Llama_F5,0.16269441893532352
Llama,redundancy_controlled,passionate,Llama_F6,-0.3246794585322395
Llama,redundancy_controlled,passive_aggressive,Llama_F1,-0.8392563892546048
Llama,redundancy_controlled,passive_aggressive,Llama_F2,-0.31195460643810924
Llama,redundancy_controlled,passive_aggressive,Llama_F3,0.31948698660562
Llama,redundancy_controlled,passive_aggressive,Llama_F4,-0.1572270185234769
Llama,redundancy_controlled,passive_aggressive,Llama_F5,0.28098270818607746
Llama,redundancy_controlled,passive_aggressive,Llama_F6,-0.7417450757210178
Llama,redundancy_controlled,patient,Llama_F1,0.8515955861739511
Llama,redundancy_controlled,patient,Llama_F2,0.08076772808369148
Llama,redundancy_controlled,patient,Llama_F3,-0.3449872390527246
Llama,redundancy_controlled,patient,Llama_F4,-0.032084976106500684
Llama,redundancy_controlled,patient,Llama_F5,-0.009057483419266696
Llama,redundancy_controlled,patient,Llama_F6,0.8579772164325833
Llama,redundancy_controlled,pedantic,Llama_F1,-0.0534556718939582
Llama,redundancy_controlled,pedantic,Llama_F2,-0.5852136982393793
Llama,redundancy_controlled,pedantic,Llama_F3,-0.6936576142918092
Llama,redundancy_controlled,pedantic,Llama_F4,-0.35660791556086663
Llama,redundancy_controlled,pedantic,Llama_F5,0.19179361022388833
Llama,redundancy_controlled,pedantic,Llama_F6,0.47370977957859717
Llama,redundancy_controlled,pensive,Llama_F1,0.35978074108985625
Llama,redundancy_controlled,pensive,Llama_F2,-0.5258862568524139
Llama,redundancy_controlled,pensive,Llama_F3,-0.3519208762247966
Llama,redundancy_controlled,pensive,Llama_F4,-0.4294886077549595
Llama,redundancy_controlled,pensive,Llama_F5,0.264002029065068
Llama,redundancy_controlled,pensive,Llama_F6,0.8487812165865423
Llama,redundancy_controlled,perfectionist,Llama_F1,0.4437437152224717
Llama,redundancy_controlled,perfectionist,Llama_F2,-0.28623068305913985
Llama,redundancy_controlled,perfectionist,Llama_F3,-0.6741781374131284
Llama,redundancy_controlled,perfectionist,Llama_F4,-0.2281506947799797
Llama,redundancy_controlled,perfectionist,Llama_F5,-0.031814598814992476
Llama,redundancy_controlled,perfectionist,Llama_F6,0.8485009065053808
Llama,redundancy_controlled,pessimistic,Llama_F1,-0.9567207489092535
Llama,redundancy_controlled,pessimistic,Llama_F2,-0.17584793967972687
Llama,redundancy_controlled,pessimistic,Llama_F3,0.11444364521364163
Llama,redundancy_controlled,pessimistic,Llama_F4,-0.0603589839858997
Llama,redundancy_controlled,pessimistic,Llama_F5,0.1764551452298997
Llama,redundancy_controlled,pessimistic,Llama_F6,-0.565732690282511
Llama,redundancy_controlled,petty,Llama_F1,-0.8316051937619822
Llama,redundancy_controlled,petty,Llama_F2,-0.14511137048086967
Llama,redundancy_controlled,petty,Llama_F3,0.4508501742161452
Llama,redundancy_controlled,petty,Llama_F4,-0.03622148745759998
Llama,redundancy_controlled,petty,Llama_F5,0.11764167096812951
Llama,redundancy_controlled,petty,Llama_F6,-0.8278664137459096
Llama,redundancy_controlled,philosophical,Llama_F1,-0.08701584697992688
Llama,redundancy_controlled,philosophical,Llama_F2,-0.8249451281077532
Llama,redundancy_controlled,philosophical,Llama_F3,-0.07243764169357272
Llama,redundancy_controlled,philosophical,Llama_F4,-0.6595299886282635
Llama,redundancy_controlled,philosophical,Llama_F5,0.4893080987198594
Llama,redundancy_controlled,philosophical,Llama_F6,0.4380556531456537
Llama,redundancy_controlled,playful,Llama_F1,-0.5681457300874215
Llama,redundancy_controlled,playful,Llama_F2,-0.3226062393368282
Llama,redundancy_controlled,playful,Llama_F3,0.5002988752889775
Llama,redundancy_controlled,playful,Llama_F4,-0.40436861397627244
Llama,redundancy_controlled,playful,Llama_F5,0.1972839400025932
Llama,redundancy_controlled,playful,Llama_F6,-0.753354204418146
Llama,redundancy_controlled,pluralist,Llama_F1,0.899563536011907
Llama,redundancy_controlled,pluralist,Llama_F2,0.28738900579174737
Llama,redundancy_controlled,pluralist,Llama_F3,-0.14173639147711656
Llama,redundancy_controlled,pluralist,Llama_F4,-0.1007551706088786
Llama,redundancy_controlled,pluralist,Llama_F5,0.20926382169545693
Llama,redundancy_controlled,pluralist,Llama_F6,0.625936871306936
Llama,redundancy_controlled,poetic,Llama_F1,-0.23539824881345628
Llama,redundancy_controlled,poetic,Llama_F2,-0.9115912606998553
Llama,redundancy_controlled,poetic,Llama_F3,0.11982071985880223
Llama,redundancy_controlled,poetic,Llama_F4,-0.6383316075959657
Llama,redundancy_controlled,poetic,Llama_F5,0.34510306776123223
Llama,redundancy_controlled,poetic,Llama_F6,0.011188685879298386
Llama,redundancy_controlled,practical,Llama_F1,0.10369861059371743
Llama,redundancy_controlled,practical,Llama_F2,0.7267846178173004
Llama,redundancy_controlled,practical,Llama_F3,0.36687888285141435
Llama,redundancy_controlled,practical,Llama_F4,0.552136080335149
Llama,redundancy_controlled,practical,Llama_F5,-0.4747723076139767
Llama,redundancy_controlled,practical,Llama_F6,-0.43315605529279105
Llama,redundancy_controlled,prescriptive,Llama_F1,0.046443433739542184
Llama,redundancy_controlled,prescriptive,Llama_F2,0.2231187990926763
Llama,redundancy_controlled,prescriptive,Llama_F3,-0.6826976262040866
Llama,redundancy_controlled,prescriptive,Llama_F4,0.20744923928285572
Llama,redundancy_controlled,prescriptive,Llama_F5,-0.7830303188043588
Llama,redundancy_controlled,prescriptive,Llama_F6,0.25966042821317464
Llama,redundancy_controlled,principled,Llama_F1,0.5147039837036511
Llama,redundancy_controlled,principled,Llama_F2,-0.39596484189530184
Llama,redundancy_controlled,principled,Llama_F3,-0.2554795306940952
Llama,redundancy_controlled,principled,Llama_F4,-0.17632182777053074
Llama,redundancy_controlled,principled,Llama_F5,0.10491959530045854
Llama,redundancy_controlled,principled,Llama_F6,0.8866045740812958
Llama,redundancy_controlled,proactive,Llama_F1,0.6406469473665131
Llama,redundancy_controlled,proactive,Llama_F2,0.11661180981652977
Llama,redundancy_controlled,proactive,Llama_F3,-0.38151220612050246
Llama,redundancy_controlled,proactive,Llama_F4,-0.19356753302032648
Llama,redundancy_controlled,proactive,Llama_F5,-0.0656862941171318
Llama,redundancy_controlled,proactive,Llama_F6,0.9363930079969868
Llama,redundancy_controlled,problem_solving,Llama_F1,0.6337644290428814
Llama,redundancy_controlled,problem_solving,Llama_F2,0.3714662878379634
Llama,redundancy_controlled,problem_solving,Llama_F3,-0.5110062484390328
Llama,redundancy_controlled,problem_solving,Llama_F4,0.012402978551109873
Llama,redundancy_controlled,problem_solving,Llama_F5,-0.4053833513041092
Llama,redundancy_controlled,problem_solving,Llama_F6,0.7396881575561542
Llama,redundancy_controlled,progressive,Llama_F1,0.2539065611303816
Llama,redundancy_controlled,progressive,Llama_F2,0.07093734143245975
Llama,redundancy_controlled,progressive,Llama_F3,0.08906720524747169
Llama,redundancy_controlled,progressive,Llama_F4,-0.7193234587997982
Llama,redundancy_controlled,progressive,Llama_F5,0.054472109643363284
Llama,redundancy_controlled,progressive,Llama_F6,0.42290269308261613
Llama,redundancy_controlled,provocative,Llama_F1,-0.5599569712434345
Llama,redundancy_controlled,provocative,Llama_F2,-0.6858987730470417
Llama,redundancy_controlled,provocative,Llama_F3,0.002738643310733553
Llama,redundancy_controlled,provocative,Llama_F4,-0.700736211795214
Llama,redundancy_controlled,provocative,Llama_F5,0.4833925534431934
Llama,redundancy_controlled,provocative,Llama_F6,0.058836530907091636
Llama,redundancy_controlled,qualitative,Llama_F1,0.06125638475623876
Llama,redundancy_controlled,qualitative,Llama_F2,-0.6846238068597411
Llama,redundancy_controlled,qualitative,Llama_F3,0.3715288054703793
Llama,redundancy_controlled,qualitative,Llama_F4,-0.5282301509045416
Llama,redundancy_controlled,qualitative,Llama_F5,0.5595776693751681
Llama,redundancy_controlled,qualitative,Llama_F6,0.40851299590289597
Llama,redundancy_controlled,quantitative,Llama_F1,0.09160308086602649
Llama,redundancy_controlled,quantitative,Llama_F2,0.6356744101828903
Llama,redundancy_controlled,quantitative,Llama_F3,-0.6264348306854998
Llama,redundancy_controlled,quantitative,Llama_F4,0.3531929449562878
Llama,redundancy_controlled,quantitative,Llama_F5,-0.5702456892126786
Llama,redundancy_controlled,quantitative,Llama_F6,-0.021481197664033252
Llama,redundancy_controlled,radical,Llama_F1,-0.6065780941899096
Llama,redundancy_controlled,radical,Llama_F2,-0.5722841715006893
Llama,redundancy_controlled,radical,Llama_F3,0.2441224625576962
Llama,redundancy_controlled,radical,Llama_F4,-0.6482073055947238
Llama,redundancy_controlled,radical,Llama_F5,0.30102598060360997
Llama,redundancy_controlled,radical,Llama_F6,-0.057040365802154026
Llama,redundancy_controlled,rationalist,Llama_F1,0.2547411752844378
Llama,redundancy_controlled,rationalist,Llama_F2,0.4176430389065872
Llama,redundancy_controlled,rationalist,Llama_F3,-0.867677738601831
Llama,redundancy_controlled,rationalist,Llama_F4,0.3225702576649778
Llama,redundancy_controlled,rationalist,Llama_F5,-0.4166538041896981
Llama,redundancy_controlled,rationalist,Llama_F6,0.32482892498933175
Llama,redundancy_controlled,reactive,Llama_F1,-0.6094467703810402
Llama,redundancy_controlled,reactive,Llama_F2,0.052051100337427804
Llama,redundancy_controlled,reactive,Llama_F3,0.6057878047250439
Llama,redundancy_controlled,reactive,Llama_F4,0.06681073048359754
Llama,redundancy_controlled,reactive,Llama_F5,0.1294388284279754
Llama,redundancy_controlled,reactive,Llama_F6,-0.9047061183849527
Llama,redundancy_controlled,rebellious,Llama_F1,-0.4994432255183217
Llama,redundancy_controlled,rebellious,Llama_F2,-0.4986310378569149
Llama,redundancy_controlled,rebellious,Llama_F3,0.23294024011204195
Llama,redundancy_controlled,rebellious,Llama_F4,-0.8100649743052696
Llama,redundancy_controlled,rebellious,Llama_F5,0.45985808940861556
Llama,redundancy_controlled,rebellious,Llama_F6,-0.0019194295513986484
Llama,redundancy_controlled,reductionist,Llama_F1,-0.07224632656434393
Llama,redundancy_controlled,reductionist,Llama_F2,0.754517064740855
Llama,redundancy_controlled,reductionist,Llama_F3,-0.22278087117992992
Llama,redundancy_controlled,reductionist,Llama_F4,0.6186279367260313
Llama,redundancy_controlled,reductionist,Llama_F5,-0.5323489756318278
Llama,redundancy_controlled,reductionist,Llama_F6,-0.3719436996964008
Llama,redundancy_controlled,regulatory,Llama_F1,0.2526741859762021
Llama,redundancy_controlled,regulatory,Llama_F2,0.2051369306670969
Llama,redundancy_controlled,regulatory,Llama_F3,-0.6587136192630724
Llama,redundancy_controlled,regulatory,Llama_F4,0.6536974136992129
Llama,redundancy_controlled,regulatory,Llama_F5,-0.46872325901377965
Llama,redundancy_controlled,regulatory,Llama_F6,0.19906011617708316
Llama,redundancy_controlled,relativist,Llama_F1,-0.48754641711864516
Llama,redundancy_controlled,relativist,Llama_F2,-0.6676437452713684
Llama,redundancy_controlled,relativist,Llama_F3,0.17412832236844986
Llama,redundancy_controlled,relativist,Llama_F4,-0.5256005102407573
Llama,redundancy_controlled,relativist,Llama_F5,0.6921860063006688
Llama,redundancy_controlled,relativist,Llama_F6,-0.05062264546289861
Llama,redundancy_controlled,reserved,Llama_F1,0.46749212387497197
Llama,redundancy_controlled,reserved,Llama_F2,0.2516161217762532
Llama,redundancy_controlled,reserved,Llama_F3,-0.8603913122671049
Llama,redundancy_controlled,reserved,Llama_F4,0.37370358969554573
Llama,redundancy_controlled,reserved,Llama_F5,-0.3561192265250277
Llama,redundancy_controlled,reserved,Llama_F6,0.460040404987148
Llama,redundancy_controlled,resilient,Llama_F1,0.7707853011782345
Llama,redundancy_controlled,resilient,Llama_F2,-0.0071424480384687065
Llama,redundancy_controlled,resilient,Llama_F3,-0.45487749366116764
Llama,redundancy_controlled,resilient,Llama_F4,-0.08709425526343147
Llama,redundancy_controlled,resilient,Llama_F5,-0.12182030786647759
Llama,redundancy_controlled,resilient,Llama_F6,0.866366958180368
Llama,redundancy_controlled,reverent,Llama_F1,0.34838825398868406
Llama,redundancy_controlled,reverent,Llama_F2,-0.7273439756079066
Llama,redundancy_controlled,reverent,Llama_F3,-0.39281364361256654
Llama,redundancy_controlled,reverent,Llama_F4,-0.22182347084820456
Llama,redundancy_controlled,reverent,Llama_F5,0.12801332827962808
Llama,redundancy_controlled,reverent,Llama_F6,0.6197050156684347
Llama,redundancy_controlled,rhetorical,Llama_F1,-0.3259340347862344
Llama,redundancy_controlled,rhetorical,Llama_F2,-0.8877421529177447
Llama,redundancy_controlled,rhetorical,Llama_F3,0.11338941019722903
Llama,redundancy_controlled,rhetorical,Llama_F4,-0.6941923412169129
Llama,redundancy_controlled,rhetorical,Llama_F5,0.35805103114702846
Llama,redundancy_controlled,rhetorical,Llama_F6,0.1607814412055276
Llama,redundancy_controlled,risk_taking,Llama_F1,-0.503998035126586
Llama,redundancy_controlled,risk_taking,Llama_F2,-0.5870424421749607
Llama,redundancy_controlled,risk_taking,Llama_F3,0.2811722512961006
Llama,redundancy_controlled,risk_taking,Llama_F4,-0.8311061520570754
Llama,redundancy_controlled,risk_taking,Llama_F5,0.40703124940518814
Llama,redundancy_controlled,risk_taking,Llama_F6,-0.1562868950266623
Llama,redundancy_controlled,ritualistic,Llama_F1,0.2604337736422181
Llama,redundancy_controlled,ritualistic,Llama_F2,-0.5935343080401996
Llama,redundancy_controlled,ritualistic,Llama_F3,-0.6712251120755652
Llama,redundancy_controlled,ritualistic,Llama_F4,-0.19649986014528292
Llama,redundancy_controlled,ritualistic,Llama_F5,0.00039203807395137653
Llama,redundancy_controlled,ritualistic,Llama_F6,0.6310707798070687
Llama,redundancy_controlled,romantic,Llama_F1,-0.3224718376031388
Llama,redundancy_controlled,romantic,Llama_F2,-0.9011776698668343
Llama,redundancy_controlled,romantic,Llama_F3,0.28208093009865837
Llama,redundancy_controlled,romantic,Llama_F4,-0.5784735496491104
Llama,redundancy_controlled,romantic,Llama_F5,0.367467933366161
Llama,redundancy_controlled,romantic,Llama_F6,-0.12445769912124807
Llama,redundancy_controlled,sarcastic,Llama_F1,-0.9059752784167032
Llama,redundancy_controlled,sarcastic,Llama_F2,-0.2581829660106821
Llama,redundancy_controlled,sarcastic,Llama_F3,0.23727578544056946
Llama,redundancy_controlled,sarcastic,Llama_F4,-0.20019046690937972
Llama,redundancy_controlled,sarcastic,Llama_F5,0.0964797123080804
Llama,redundancy_controlled,sarcastic,Llama_F6,-0.7322098811809187
Llama,redundancy_controlled,sardonic,Llama_F1,-0.8851536939287624
Llama,redundancy_controlled,sardonic,Llama_F2,-0.2111274639971104
Llama,redundancy_controlled,sardonic,Llama_F3,0.2539474783908866
Llama,redundancy_controlled,sardonic,Llama_F4,-0.2003120435986458
Llama,redundancy_controlled,sardonic,Llama_F5,0.11462518345592002
Llama,redundancy_controlled,sardonic,Llama_F6,-0.7536750623423489
Llama,redundancy_controlled,sassy,Llama_F1,-0.8065063002844256
Llama,redundancy_controlled,sassy,Llama_F2,0.03095730432881034
Llama,redundancy_controlled,sassy,Llama_F3,0.45153111373669574
Llama,redundancy_controlled,sassy,Llama_F4,-0.29295457527145047
Llama,redundancy_controlled,sassy,Llama_F5,-0.13826680762493146
Llama,redundancy_controlled,sassy,Llama_F6,-0.6167105923159841
Llama,redundancy_controlled,savage,Llama_F1,-0.9531514924353272
Llama,redundancy_controlled,savage,Llama_F2,-0.09320480334112484
Llama,redundancy_controlled,savage,Llama_F3,0.22453779209235614
Llama,redundancy_controlled,savage,Llama_F4,-0.09742962256402933
Llama,redundancy_controlled,savage,Llama_F5,-0.06666482923886408
Llama,redundancy_controlled,savage,Llama_F6,-0.6917508255997975
Llama,redundancy_controlled,secular,Llama_F1,0.1272392190281521
Llama,redundancy_controlled,secular,Llama_F2,0.8453327507418213
Llama,redundancy_controlled,secular,Llama_F3,-0.40404966223977057
Llama,redundancy_controlled,secular,Llama_F4,0.3777326763845521
Llama,redundancy_controlled,secular,Llama_F5,-0.3392623239761807
Llama,redundancy_controlled,secular,Llama_F6,0.07940330818854638
Llama,redundancy_controlled,serene,Llama_F1,0.5454207373585048
Llama,redundancy_controlled,serene,Llama_F2,-0.5914282025024379
Llama,redundancy_controlled,serene,Llama_F3,-0.22974831402982226
Llama,redundancy_controlled,serene,Llama_F4,-0.31140978539457254
Llama,redundancy_controlled,serene,Llama_F5,0.27955889712126614
Llama,redundancy_controlled,serene,Llama_F6,0.6920675738628168
Llama,redundancy_controlled,serious,Llama_F1,0.48810137691991345
Llama,redundancy_controlled,serious,Llama_F2,-0.2662472099874722
Llama,redundancy_controlled,serious,Llama_F3,-0.6913593655290629
Llama,redundancy_controlled,serious,Llama_F4,-0.014874276102265768
Llama,redundancy_controlled,serious,Llama_F5,-0.0626392248537448
Llama,redundancy_controlled,serious,Llama_F6,0.82509085968346
Llama,redundancy_controlled,skeptical,Llama_F1,0.07388121593955599
Llama,redundancy_controlled,skeptical,Llama_F2,-0.09534048085567609
Llama,redundancy_controlled,skeptical,Llama_F3,-0.8085469537510773
Llama,redundancy_controlled,skeptical,Llama_F4,-0.24986511750940799
Llama,redundancy_controlled,skeptical,Llama_F5,0.06359304571773616
Llama,redundancy_controlled,skeptical,Llama_F6,0.6639607214281386
Llama,redundancy_controlled,socratic,Llama_F1,-0.5306283451814698
Llama,redundancy_controlled,socratic,Llama_F2,-0.2554790676868853
Llama,redundancy_controlled,socratic,Llama_F3,0.48631082522928415
Llama,redundancy_controlled,socratic,Llama_F4,-0.12193924591073538
Llama,redundancy_controlled,socratic,Llama_F5,0.5713247738936279
Llama,redundancy_controlled,socratic,Llama_F6,-0.6290472105442972
Llama,redundancy_controlled,solemn,Llama_F1,0.4704751608224239
Llama,redundancy_controlled,solemn,Llama_F2,-0.3838173431538257
Llama,redundancy_controlled,solemn,Llama_F3,-0.5700330357001655
Llama,redundancy_controlled,solemn,Llama_F4,-0.11315319104902338
Llama,redundancy_controlled,solemn,Llama_F5,0.022077042201177694
Llama,redundancy_controlled,solemn,Llama_F6,0.8637925758139834
Llama,redundancy_controlled,specialized,Llama_F1,0.17808105189053708
Llama,redundancy_controlled,specialized,Llama_F2,-0.4075374056222908
Llama,redundancy_controlled,specialized,Llama_F3,-0.7553357022293152
Llama,redundancy_controlled,specialized,Llama_F4,-0.4166438560975725
Llama,redundancy_controlled,specialized,Llama_F5,0.029038090716502665
Llama,redundancy_controlled,specialized,Llama_F6,0.6596477124122618
Llama,redundancy_controlled,speculative,Llama_F1,-0.05039275839765665
Llama,redundancy_controlled,speculative,Llama_F2,-0.5748335206151229
Llama,redundancy_controlled,speculative,Llama_F3,0.13736715957170317
Llama,redundancy_controlled,speculative,Llama_F4,-0.8277589612794479
Llama,redundancy_controlled,speculative,Llama_F5,0.6013441145918028
Llama,redundancy_controlled,speculative,Llama_F6,0.3615915538199137
Llama,redundancy_controlled,spiritual,Llama_F1,-0.09989414519231675
Llama,redundancy_controlled,spiritual,Llama_F2,-0.9247731772692914
Llama,redundancy_controlled,spiritual,Llama_F3,0.1658661744108492
Llama,redundancy_controlled,spiritual,Llama_F4,-0.549572455367548
Llama,redundancy_controlled,spiritual,Llama_F5,0.3705575100037035
Llama,redundancy_controlled,spiritual,Llama_F6,0.09437301412908587
Llama,redundancy_controlled,spontaneous,Llama_F1,-0.5749766777401093
Llama,redundancy_controlled,spontaneous,Llama_F2,-0.6844548954589675
Llama,redundancy_controlled,spontaneous,Llama_F3,0.4194532859108849
Llama,redundancy_controlled,spontaneous,Llama_F4,-0.5698047598714755
Llama,redundancy_controlled,spontaneous,Llama_F5,0.42440106185095267
Llama,redundancy_controlled,spontaneous,Llama_F6,-0.41924264365286745
Llama,redundancy_controlled,stoic,Llama_F1,0.38572462631190096
Llama,redundancy_controlled,stoic,Llama_F2,-0.2504647908735527
Llama,redundancy_controlled,stoic,Llama_F3,-0.859623664907901
Llama,redundancy_controlled,stoic,Llama_F4,-0.03543846422578168
Llama,redundancy_controlled,stoic,Llama_F5,-0.1263768539684406
Llama,redundancy_controlled,stoic,Llama_F6,0.6557208644021016
Llama,redundancy_controlled,strategic,Llama_F1,0.6317484966311318
Llama,redundancy_controlled,strategic,Llama_F2,-0.05227677968685368
Llama,redundancy_controlled,strategic,Llama_F3,-0.5218798137691922
Llama,redundancy_controlled,strategic,Llama_F4,-0.16889305410792319
Llama,redundancy_controlled,strategic,Llama_F5,-0.020803974105296635
Llama,redundancy_controlled,strategic,Llama_F6,0.9354741405252743
Llama,redundancy_controlled,stream_of_consciousness,Llama_F1,-0.5890690267569504
Llama,redundancy_controlled,stream_of_consciousness,Llama_F2,-0.2116408695017078
Llama,redundancy_controlled,stream_of_consciousness,Llama_F3,0.71361189695134
Llama,redundancy_controlled,stream_of_consciousness,Llama_F4,-0.26768715272334737
Llama,redundancy_controlled,stream_of_consciousness,Llama_F5,0.45367574405927197
Llama,redundancy_controlled,stream_of_consciousness,Llama_F6,-0.640193606495136
Llama,redundancy_controlled,structuralist,Llama_F1,0.48288013294154414
Llama,redundancy_controlled,structuralist,Llama_F2,0.015008341913472566
Llama,redundancy_controlled,structuralist,Llama_F3,-0.8023758181059552
Llama,redundancy_controlled,structuralist,Llama_F4,-0.07737783540853879
Llama,redundancy_controlled,structuralist,Llama_F5,-0.19758344432782982
Llama,redundancy_controlled,structuralist,Llama_F6,0.7788657434744372
Llama,redundancy_controlled,submissive,Llama_F1,-0.5671692033659324
Llama,redundancy_controlled,submissive,Llama_F2,-0.07921331564961182
Llama,redundancy_controlled,submissive,Llama_F3,0.5671491622490618
Llama,redundancy_controlled,submissive,Llama_F4,0.14881472807102142
Llama,redundancy_controlled,submissive,Llama_F5,0.29813039739032254
Llama,redundancy_controlled,submissive,Llama_F6,-0.8492317546032198
Llama,redundancy_controlled,subversive,Llama_F1,-0.666847373724973
Llama,redundancy_controlled,subversive,Llama_F2,-0.6498808712778932
Llama,redundancy_controlled,subversive,Llama_F3,0.20920233277802344
Llama,redundancy_controlled,subversive,Llama_F4,-0.6068089037155886
Llama,redundancy_controlled,subversive,Llama_F5,0.5510098417633059
Llama,redundancy_controlled,subversive,Llama_F6,-0.21410469445300054
Llama,redundancy_controlled,supportive,Llama_F1,0.8414765650765325
Llama,redundancy_controlled,supportive,Llama_F2,0.01990927770309073
Llama,redundancy_controlled,supportive,Llama_F3,-0.25355019700970466
Llama,redundancy_controlled,supportive,Llama_F4,-0.10797268674745307
Llama,redundancy_controlled,supportive,Llama_F5,-0.010686682937811887
Llama,redundancy_controlled,supportive,Llama_F6,0.8613971499385527
Llama,redundancy_controlled,sycophantic,Llama_F1,-0.644564917533847
Llama,redundancy_controlled,sycophantic,Llama_F2,-0.37213314430479616
Llama,redundancy_controlled,sycophantic,Llama_F3,0.6008010749576144
Llama,redundancy_controlled,sycophantic,Llama_F4,-0.19227287941979726
Llama,redundancy_controlled,sycophantic,Llama_F5,0.2762588978019402
Llama,redundancy_controlled,sycophantic,Llama_F6,-0.6604649458434325
Llama,redundancy_controlled,systems_thinker,Llama_F1,0.6203206304794022
Llama,redundancy_controlled,systems_thinker,Llama_F2,-0.1154161418156279
Llama,redundancy_controlled,systems_thinker,Llama_F3,-0.40394223194600987
Llama,redundancy_controlled,systems_thinker,Llama_F4,-0.3696180561914827
Llama,redundancy_controlled,systems_thinker,Llama_F5,0.11414592504265023
Llama,redundancy_controlled,systems_thinker,Llama_F6,0.9019647355111625
Llama,redundancy_controlled,tactful,Llama_F1,0.9014911314321524
Llama,redundancy_controlled,tactful,Llama_F2,-0.06873979803979083
Llama,redundancy_controlled,tactful,Llama_F3,-0.2768246695615286
Llama,redundancy_controlled,tactful,Llama_F4,-0.009670651479381185
Llama,redundancy_controlled,tactful,Llama_F5,0.13209554264405024
Llama,redundancy_controlled,tactful,Llama_F6,0.7206032803919182
Llama,redundancy_controlled,technical,Llama_F1,0.19204902947465652
Llama,redundancy_controlled,technical,Llama_F2,-0.3144861123756445
Llama,redundancy_controlled,technical,Llama_F3,-0.8346186755793533
Llama,redundancy_controlled,technical,Llama_F4,-0.2935574624674265
Llama,redundancy_controlled,technical,Llama_F5,-0.047831135468304746
Llama,redundancy_controlled,technical,Llama_F6,0.6423334418585687
Llama,redundancy_controlled,temperamental,Llama_F1,-0.7644298429550933
Llama,redundancy_controlled,temperamental,Llama_F2,-0.16645546912136777
Llama,redundancy_controlled,temperamental,Llama_F3,0.48469867233779235
Llama,redundancy_controlled,temperamental,Llama_F4,-0.12132410542349266
Llama,redundancy_controlled,temperamental,Llama_F5,0.09313748679759946
Llama,redundancy_controlled,temperamental,Llama_F6,-0.8584016311488301
Llama,redundancy_controlled,theatrical,Llama_F1,-0.37122652339596274
Llama,redundancy_controlled,theatrical,Llama_F2,-0.9064036308523984
Llama,redundancy_controlled,theatrical,Llama_F3,-0.0070832438821827005
Llama,redundancy_controlled,theatrical,Llama_F4,-0.654764452901094
Llama,redundancy_controlled,theatrical,Llama_F5,0.21970155101243818
Llama,redundancy_controlled,theatrical,Llama_F6,0.040982437207888814
Llama,redundancy_controlled,theoretical,Llama_F1,-0.047707097138199976
Llama,redundancy_controlled,theoretical,Llama_F2,-0.7211836253251129
Llama,redundancy_controlled,theoretical,Llama_F3,-0.42262048500049276
Llama,redundancy_controlled,theoretical,Llama_F4,-0.5738469923727518
Llama,redundancy_controlled,theoretical,Llama_F5,0.4072336447227581
Llama,redundancy_controlled,theoretical,Llama_F6,0.47590914656092054
Llama,redundancy_controlled,traditional,Llama_F1,0.235911125262481
Llama,redundancy_controlled,traditional,Llama_F2,0.1836207188675342
Llama,redundancy_controlled,traditional,Llama_F3,-0.08647479959417859
Llama,redundancy_controlled,traditional,Llama_F4,0.8458656087499368
Llama,redundancy_controlled,traditional,Llama_F5,-0.316180426996415
Llama,redundancy_controlled,traditional,Llama_F6,-0.06898420559590376
Llama,redundancy_controlled,transparent,Llama_F1,0.5845591879669054
Llama,redundancy_controlled,transparent,Llama_F2,0.8279200843671095
Llama,redundancy_controlled,transparent,Llama_F3,-0.16759019814336987
Llama,redundancy_controlled,transparent,Llama_F4,0.43575150487395126
Llama,redundancy_controlled,transparent,Llama_F5,-0.34008038750644676
Llama,redundancy_controlled,transparent,Llama_F6,0.34415555888920457
Llama,redundancy_controlled,understated,Llama_F1,-0.3448486259912874
Llama,redundancy_controlled,understated,Llama_F2,0.39838253013906516
Llama,redundancy_controlled,understated,Llama_F3,0.34154172753819484
Llama,redundancy_controlled,understated,Llama_F4,0.5214302746023152
Llama,redundancy_controlled,understated,Llama_F5,0.10788234936694487
Llama,redundancy_controlled,understated,Llama_F6,-0.8421113185940742
Llama,redundancy_controlled,universalist,Llama_F1,-0.378307855644712
Llama,redundancy_controlled,universalist,Llama_F2,-0.6425389945343012
Llama,redundancy_controlled,universalist,Llama_F3,0.15103554758630566
Llama,redundancy_controlled,universalist,Llama_F4,0.07479299567357935
Llama,redundancy_controlled,universalist,Llama_F5,-0.3357802677876405
Llama,redundancy_controlled,universalist,Llama_F6,-0.05733196547127376
Llama,redundancy_controlled,urgent,Llama_F1,-0.6289189924787325
Llama,redundancy_controlled,urgent,Llama_F2,-0.07275964754905437
Llama,redundancy_controlled,urgent,Llama_F3,-0.3435491051972726
Llama,redundancy_controlled,urgent,Llama_F4,-0.08514904843592998
Llama,redundancy_controlled,urgent,Llama_F5,-0.5736790788973893
Llama,redundancy_controlled,urgent,Llama_F6,-0.34348992280159174
Llama,redundancy_controlled,utilitarian,Llama_F1,0.3889775896774086
Llama,redundancy_controlled,utilitarian,Llama_F2,0.5678329836667981
Llama,redundancy_controlled,utilitarian,Llama_F3,-0.6842483235300799
Llama,redundancy_controlled,utilitarian,Llama_F4,0.2020114442528984
Llama,redundancy_controlled,utilitarian,Llama_F5,-0.4650595944875904
Llama,redundancy_controlled,utilitarian,Llama_F6,0.24073106758425722
Llama,redundancy_controlled,verbose,Llama_F1,0.3712839753668345
Llama,redundancy_controlled,verbose,Llama_F2,-0.1326745046069497
Llama,redundancy_controlled,verbose,Llama_F3,-0.15162446469941473
Llama,redundancy_controlled,verbose,Llama_F4,-0.3823351862906001
Llama,redundancy_controlled,verbose,Llama_F5,0.29018964194631475
Llama,redundancy_controlled,verbose,Llama_F6,0.8649983641344116
Llama,redundancy_controlled,vindictive,Llama_F1,-0.9162561704889313
Llama,redundancy_controlled,vindictive,Llama_F2,-0.24508095329526114
Llama,redundancy_controlled,vindictive,Llama_F3,-0.021167521973169078
Llama,redundancy_controlled,vindictive,Llama_F4,-0.05206174524242366
Llama,redundancy_controlled,vindictive,Llama_F5,-0.15275036419381569
Llama,redundancy_controlled,vindictive,Llama_F6,-0.5941785057390662
Llama,redundancy_controlled,visceral,Llama_F1,-0.6773684312151126
Llama,redundancy_controlled,visceral,Llama_F2,0.00692305959540771
Llama,redundancy_controlled,visceral,Llama_F3,0.6589698897180915
Llama,redundancy_controlled,visceral,Llama_F4,-0.018428004608499287
Llama,redundancy_controlled,visceral,Llama_F5,0.10744415579356877
Llama,redundancy_controlled,visceral,Llama_F6,-0.8357715536644286
Llama,redundancy_controlled,whimsical,Llama_F1,-0.4384958267465871
Llama,redundancy_controlled,whimsical,Llama_F2,-0.8314209743857508
Llama,redundancy_controlled,whimsical,Llama_F3,0.16573083564452
Llama,redundancy_controlled,whimsical,Llama_F4,-0.6181747340341295
Llama,redundancy_controlled,whimsical,Llama_F5,0.35455576730124044
Llama,redundancy_controlled,whimsical,Llama_F6,-0.2764891040386128
Llama,redundancy_controlled,witty,Llama_F1,-0.5431248729165848
Llama,redundancy_controlled,witty,Llama_F2,-0.42154958772174483
Llama,redundancy_controlled,witty,Llama_F3,0.43344359566114693
Llama,redundancy_controlled,witty,Llama_F4,-0.6869530918236394
Llama,redundancy_controlled,witty,Llama_F5,0.31514398777343605
Llama,redundancy_controlled,witty,Llama_F6,-0.3876192873356233
Llama,redundancy_controlled,wry,Llama_F1,-0.8561359687461632
Llama,redundancy_controlled,wry,Llama_F2,-0.31450404132674337
Llama,redundancy_controlled,wry,Llama_F3,0.09018598237026948
Llama,redundancy_controlled,wry,Llama_F4,-0.3195161809715247
Llama,redundancy_controlled,wry,Llama_F5,0.14344918297153736
Llama,redundancy_controlled,wry,Llama_F6,-0.6706292636065686
Llama,redundancy_controlled,zealous,Llama_F1,-0.6461773323297708
Llama,redundancy_controlled,zealous,Llama_F2,-0.6945693570408548
Llama,redundancy_controlled,zealous,Llama_F3,0.45580223091918703
Llama,redundancy_controlled,zealous,Llama_F4,-0.5606035256230717
Llama,redundancy_controlled,zealous,Llama_F5,0.1150687745883156
Llama,redundancy_controlled,zealous,Llama_F6,-0.28697069264519565
Gemma,full_shrinkage,absolutist,Gemma_F1,-0.2528868215841919
Gemma,full_shrinkage,absolutist,Gemma_F2,-0.03375442860052674
Gemma,full_shrinkage,absolutist,Gemma_F3,-0.526133686534151
Gemma,full_shrinkage,absolutist,Gemma_F4,0.16511270620111604
Gemma,full_shrinkage,absolutist,Gemma_F5,-0.43182684768914004
Gemma,full_shrinkage,absolutist,Gemma_F6,0.8713925085138514
Gemma,full_shrinkage,abstract,Gemma_F1,0.20081099576523526
Gemma,full_shrinkage,abstract,Gemma_F2,-0.5707359695954028
Gemma,full_shrinkage,abstract,Gemma_F3,-0.16326391560172973
Gemma,full_shrinkage,abstract,Gemma_F4,-0.3385120689387137
Gemma,full_shrinkage,abstract,Gemma_F5,-0.3292594739839868
Gemma,full_shrinkage,abstract,Gemma_F6,0.7244325533523842
Gemma,full_shrinkage,accessible,Gemma_F1,-0.2120822422172992
Gemma,full_shrinkage,accessible,Gemma_F2,0.7485211752236607
Gemma,full_shrinkage,accessible,Gemma_F3,0.2693632512201712
Gemma,full_shrinkage,accessible,Gemma_F4,-0.009728158229652492
Gemma,full_shrinkage,accessible,Gemma_F5,0.6559183072912825
Gemma,full_shrinkage,accessible,Gemma_F6,-0.4418546275421604
Gemma,full_shrinkage,accommodating,Gemma_F1,-0.4120863787826897
Gemma,full_shrinkage,accommodating,Gemma_F2,0.6090324337786615
Gemma,full_shrinkage,accommodating,Gemma_F3,0.028924126404653343
Gemma,full_shrinkage,accommodating,Gemma_F4,0.07108899710808886
Gemma,full_shrinkage,accommodating,Gemma_F5,0.8784933574649686
Gemma,full_shrinkage,accommodating,Gemma_F6,-0.27014673049258164
Gemma,full_shrinkage,acerbic,Gemma_F1,-0.666390817038054
Gemma,full_shrinkage,acerbic,Gemma_F2,0.10271361974851008
Gemma,full_shrinkage,acerbic,Gemma_F3,-0.8801955045502676
Gemma,full_shrinkage,acerbic,Gemma_F4,0.3378085043517483
Gemma,full_shrinkage,acerbic,Gemma_F5,-0.1325099697701621
Gemma,full_shrinkage,acerbic,Gemma_F6,0.4623803496441948
Gemma,full_shrinkage,adaptable,Gemma_F1,0.030406507949509297
Gemma,full_shrinkage,adaptable,Gemma_F2,0.41982513791687337
Gemma,full_shrinkage,adaptable,Gemma_F3,0.3937407212354441
Gemma,full_shrinkage,adaptable,Gemma_F4,-0.3203263330655445
Gemma,full_shrinkage,adaptable,Gemma_F5,0.6590886888539234
Gemma,full_shrinkage,adaptable,Gemma_F6,-0.6258214660978748
Gemma,full_shrinkage,adventurous,Gemma_F1,-0.7285013603901668
Gemma,full_shrinkage,adventurous,Gemma_F2,0.32980013832616406
Gemma,full_shrinkage,adventurous,Gemma_F3,-0.6618598269470258
Gemma,full_shrinkage,adventurous,Gemma_F4,-0.13263676709130695
Gemma,full_shrinkage,adventurous,Gemma_F5,0.20068030231466988
Gemma,full_shrinkage,adventurous,Gemma_F6,0.6732545953157824
Gemma,full_shrinkage,agreeable,Gemma_F1,0.5456076783938656
Gemma,full_shrinkage,agreeable,Gemma_F2,-0.19185953378447151
Gemma,full_shrinkage,agreeable,Gemma_F3,0.9368666196029016
Gemma,full_shrinkage,agreeable,Gemma_F4,-0.3931148943192793
Gemma,full_shrinkage,agreeable,Gemma_F5,0.15881276749895612
Gemma,full_shrinkage,agreeable,Gemma_F6,-0.3868669471877166
Gemma,full_shrinkage,altruistic,Gemma_F1,0.4650677198038155
Gemma,full_shrinkage,altruistic,Gemma_F2,-0.27688711595755106
Gemma,full_shrinkage,altruistic,Gemma_F3,0.7536788124160569
Gemma,full_shrinkage,altruistic,Gemma_F4,-0.4511523408668049
Gemma,full_shrinkage,altruistic,Gemma_F5,-0.1014533430189055
Gemma,full_shrinkage,altruistic,Gemma_F6,0.22733499337791402
Gemma,full_shrinkage,analytical,Gemma_F1,0.6405765724761511
Gemma,full_shrinkage,analytical,Gemma_F2,-0.6373227432548223
Gemma,full_shrinkage,analytical,Gemma_F3,0.43406799079155634
Gemma,full_shrinkage,analytical,Gemma_F4,-0.16496975027210833
Gemma,full_shrinkage,analytical,Gemma_F5,-0.446304361861389
Gemma,full_shrinkage,analytical,Gemma_F6,-0.6399347223081185
Gemma,full_shrinkage,animated,Gemma_F1,-0.8186183718653038
Gemma,full_shrinkage,animated,Gemma_F2,0.6304113791063872
Gemma,full_shrinkage,animated,Gemma_F3,-0.4137056618781207
Gemma,full_shrinkage,animated,Gemma_F4,-0.1515656544981122
Gemma,full_shrinkage,animated,Gemma_F5,0.468116028193455
Gemma,full_shrinkage,animated,Gemma_F6,0.41095614189346835
Gemma,full_shrinkage,anthropocentric,Gemma_F1,-0.25327645148803735
Gemma,full_shrinkage,anthropocentric,Gemma_F2,0.19307227772473295
Gemma,full_shrinkage,anthropocentric,Gemma_F3,-0.6461472824688478
Gemma,full_shrinkage,anthropocentric,Gemma_F4,0.4594166969945534
Gemma,full_shrinkage,anthropocentric,Gemma_F5,-0.3332172752471432
Gemma,full_shrinkage,anthropocentric,Gemma_F6,0.21504168273591073
Gemma,full_shrinkage,anxious,Gemma_F1,-0.715459687618905
Gemma,full_shrinkage,anxious,Gemma_F2,0.6603633620917886
Gemma,full_shrinkage,anxious,Gemma_F3,-0.5309382042083555
Gemma,full_shrinkage,anxious,Gemma_F4,0.4580446629366623
Gemma,full_shrinkage,anxious,Gemma_F5,0.42675256579779686
Gemma,full_shrinkage,anxious,Gemma_F6,0.004137185303517726
Gemma,full_shrinkage,arrogant,Gemma_F1,-0.5258684251461866
Gemma,full_shrinkage,arrogant,Gemma_F2,0.03876597661155559
Gemma,full_shrinkage,arrogant,Gemma_F3,-0.7445027171152977
Gemma,full_shrinkage,arrogant,Gemma_F4,0.25957017924099113
Gemma,full_shrinkage,arrogant,Gemma_F5,-0.28359846324432475
Gemma,full_shrinkage,arrogant,Gemma_F6,0.7481647822091332
Gemma,full_shrinkage,artistic,Gemma_F1,-0.5603034638603439
Gemma,full_shrinkage,artistic,Gemma_F2,0.21797918956307
Gemma,full_shrinkage,artistic,Gemma_F3,-0.37422303528152445
Gemma,full_shrinkage,artistic,Gemma_F4,-0.14632581418820403
Gemma,full_shrinkage,artistic,Gemma_F5,0.18694282926902495
Gemma,full_shrinkage,artistic,Gemma_F6,0.8972076242149458
Gemma,full_shrinkage,ascetic,Gemma_F1,0.40191561995040065
Gemma,full_shrinkage,ascetic,Gemma_F2,-0.35156339067501985
Gemma,full_shrinkage,ascetic,Gemma_F3,0.10014291522693654
Gemma,full_shrinkage,ascetic,Gemma_F4,-0.12141480946221024
Gemma,full_shrinkage,ascetic,Gemma_F5,-0.42751454690078255
Gemma,full_shrinkage,ascetic,Gemma_F6,0.6639295138112498
Gemma,full_shrinkage,assertive,Gemma_F1,-0.47936181566303954
Gemma,full_shrinkage,assertive,Gemma_F2,0.1931670269365036
Gemma,full_shrinkage,assertive,Gemma_F3,-0.8394542300239498
Gemma,full_shrinkage,assertive,Gemma_F4,0.016425049859964975
Gemma,full_shrinkage,assertive,Gemma_F5,-0.1275165619778452
Gemma,full_shrinkage,assertive,Gemma_F6,0.7088420317477411
Gemma,full_shrinkage,avoidant,Gemma_F1,-0.43281801108936707
Gemma,full_shrinkage,avoidant,Gemma_F2,0.4849498672078908
Gemma,full_shrinkage,avoidant,Gemma_F3,-0.08087017962295164
Gemma,full_shrinkage,avoidant,Gemma_F4,0.7103514238515093
Gemma,full_shrinkage,avoidant,Gemma_F5,0.5590309540416489
Gemma,full_shrinkage,avoidant,Gemma_F6,-0.11922924943053763
Gemma,full_shrinkage,benevolent,Gemma_F1,0.4958940328658473
Gemma,full_shrinkage,benevolent,Gemma_F2,-0.10823919956747902
Gemma,full_shrinkage,benevolent,Gemma_F3,0.9088750817936471
Gemma,full_shrinkage,benevolent,Gemma_F4,-0.47321491583974423
Gemma,full_shrinkage,benevolent,Gemma_F5,0.2184268077578443
Gemma,full_shrinkage,benevolent,Gemma_F6,-0.34907861624119374
Gemma,full_shrinkage,big_picture,Gemma_F1,0.3732999672408036
Gemma,full_shrinkage,big_picture,Gemma_F2,-0.5146881724694318
Gemma,full_shrinkage,big_picture,Gemma_F3,0.04150800163330872
Gemma,full_shrinkage,big_picture,Gemma_F4,-0.6014542627178548
Gemma,full_shrinkage,big_picture,Gemma_F5,-0.3038183100979812
Gemma,full_shrinkage,big_picture,Gemma_F6,0.5369746169406866
Gemma,full_shrinkage,bitter,Gemma_F1,-0.6733160004893992
Gemma,full_shrinkage,bitter,Gemma_F2,0.36221576045428167
Gemma,full_shrinkage,bitter,Gemma_F3,-0.8631984424762689
Gemma,full_shrinkage,bitter,Gemma_F4,0.29601054255815035
Gemma,full_shrinkage,bitter,Gemma_F5,0.05571272059178253
Gemma,full_shrinkage,bitter,Gemma_F6,0.5253024630405336
Gemma,full_shrinkage,blunt,Gemma_F1,-0.18428561783807726
Gemma,full_shrinkage,blunt,Gemma_F2,0.017307332586664347
Gemma,full_shrinkage,blunt,Gemma_F3,-0.8151603705336196
Gemma,full_shrinkage,blunt,Gemma_F4,0.2958776270936984
Gemma,full_shrinkage,blunt,Gemma_F5,-0.3026871416998221
Gemma,full_shrinkage,blunt,Gemma_F6,-0.13543303795751338
Gemma,full_shrinkage,bombastic,Gemma_F1,-0.38389590071710755
Gemma,full_shrinkage,bombastic,Gemma_F2,-0.14082447232603484
Gemma,full_shrinkage,bombastic,Gemma_F3,-0.5141923388952614
Gemma,full_shrinkage,bombastic,Gemma_F4,0.034970562979031956
Gemma,full_shrinkage,bombastic,Gemma_F5,-0.30826245466405827
Gemma,full_shrinkage,bombastic,Gemma_F6,0.9003232968454129
Gemma,full_shrinkage,calculating,Gemma_F1,0.697078199964815
Gemma,full_shrinkage,calculating,Gemma_F2,-0.8195727418460096
Gemma,full_shrinkage,calculating,Gemma_F3,0.4333569803201271
Gemma,full_shrinkage,calculating,Gemma_F4,-0.36419670840007684
Gemma,full_shrinkage,calculating,Gemma_F5,-0.32432667091472117
Gemma,full_shrinkage,calculating,Gemma_F6,-0.19675207066529599
Gemma,full_shrinkage,callous,Gemma_F1,-0.42350054058125014
Gemma,full_shrinkage,callous,Gemma_F2,-0.05509366191590846
Gemma,full_shrinkage,callous,Gemma_F3,-0.8490524622113569
Gemma,full_shrinkage,callous,Gemma_F4,0.4680760373051495
Gemma,full_shrinkage,callous,Gemma_F5,-0.3787997910020451
Gemma,full_shrinkage,callous,Gemma_F6,0.3934073494994721
Gemma,full_shrinkage,calm,Gemma_F1,0.7568802904281067
Gemma,full_shrinkage,calm,Gemma_F2,-0.5116710994281934
Gemma,full_shrinkage,calm,Gemma_F3,0.8111128023614586
Gemma,full_shrinkage,calm,Gemma_F4,-0.3056029680236284
Gemma,full_shrinkage,calm,Gemma_F5,-0.15107179422627304
Gemma,full_shrinkage,calm,Gemma_F6,-0.43794431704251713
Gemma,full_shrinkage,casual,Gemma_F1,-0.6121513231336317
Gemma,full_shrinkage,casual,Gemma_F2,0.815721356222214
Gemma,full_shrinkage,casual,Gemma_F3,-0.2541685956416831
Gemma,full_shrinkage,casual,Gemma_F4,0.12702564759522425
Gemma,full_shrinkage,casual,Gemma_F5,0.6571997129930623
Gemma,full_shrinkage,casual,Gemma_F6,-0.18869979843052617
Gemma,full_shrinkage,cautious,Gemma_F1,0.6085791747532058
Gemma,full_shrinkage,cautious,Gemma_F2,-0.4434561066212539
Gemma,full_shrinkage,cautious,Gemma_F3,0.5676016032215363
Gemma,full_shrinkage,cautious,Gemma_F4,-0.034655872329598325
Gemma,full_shrinkage,cautious,Gemma_F5,0.015415216237015607
Gemma,full_shrinkage,cautious,Gemma_F6,-0.7550866969909987
Gemma,full_shrinkage,challenging,Gemma_F1,-0.0076944583520565995
Gemma,full_shrinkage,challenging,Gemma_F2,-0.546990027425902
Gemma,full_shrinkage,challenging,Gemma_F3,-0.6834071364242865
Gemma,full_shrinkage,challenging,Gemma_F4,-0.18768219764774588
Gemma,full_shrinkage,challenging,Gemma_F5,-0.08327572724865687
Gemma,full_shrinkage,challenging,Gemma_F6,0.2133777103408032
Gemma,full_shrinkage,chaotic,Gemma_F1,-0.7828369451950381
Gemma,full_shrinkage,chaotic,Gemma_F2,0.3136548393158038
Gemma,full_shrinkage,chaotic,Gemma_F3,-0.6438613846016596
Gemma,full_shrinkage,chaotic,Gemma_F4,-0.008165554858905202
Gemma,full_shrinkage,chaotic,Gemma_F5,0.3627677928294936
Gemma,full_shrinkage,chaotic,Gemma_F6,0.5993680658021509
Gemma,full_shrinkage,charismatic,Gemma_F1,-0.6385035176488842
Gemma,full_shrinkage,charismatic,Gemma_F2,0.31640532474992966
Gemma,full_shrinkage,charismatic,Gemma_F3,-0.48364511060280596
Gemma,full_shrinkage,charismatic,Gemma_F4,-0.36074036838883267
Gemma,full_shrinkage,charismatic,Gemma_F5,0.292413858787865
Gemma,full_shrinkage,charismatic,Gemma_F6,0.6687966934481469
Gemma,full_shrinkage,chill,Gemma_F1,0.22414836768150367
Gemma,full_shrinkage,chill,Gemma_F2,0.205755259145164
Gemma,full_shrinkage,chill,Gemma_F3,0.7841819031766449
Gemma,full_shrinkage,chill,Gemma_F4,-0.32589433386509403
Gemma,full_shrinkage,chill,Gemma_F5,0.5032650263165551
Gemma,full_shrinkage,chill,Gemma_F6,-0.4793696317665056
Gemma,full_shrinkage,circumspect,Gemma_F1,0.4955306105081882
Gemma,full_shrinkage,circumspect,Gemma_F2,-0.3840180631357347
Gemma,full_shrinkage,circumspect,Gemma_F3,0.8330717142578143
Gemma,full_shrinkage,circumspect,Gemma_F4,-0.4880764643574379
Gemma,full_shrinkage,circumspect,Gemma_F5,0.2148582846075506
Gemma,full_shrinkage,circumspect,Gemma_F6,-0.24699225669679276
Gemma,full_shrinkage,closure_seeking,Gemma_F1,0.030027512844915012
Gemma,full_shrinkage,closure_seeking,Gemma_F2,-0.16272421191015485
Gemma,full_shrinkage,closure_seeking,Gemma_F3,-0.37572789882308544
Gemma,full_shrinkage,closure_seeking,Gemma_F4,0.23773965892116575
Gemma,full_shrinkage,closure_seeking,Gemma_F5,-0.8996801056896339
Gemma,full_shrinkage,closure_seeking,Gemma_F6,0.2459105827210081
Gemma,full_shrinkage,collaborative,Gemma_F1,0.37808365551566125
Gemma,full_shrinkage,collaborative,Gemma_F2,-0.10892380314598041
Gemma,full_shrinkage,collaborative,Gemma_F3,0.763291201095894
Gemma,full_shrinkage,collaborative,Gemma_F4,-0.22467570039306148
Gemma,full_shrinkage,collaborative,Gemma_F5,0.25403098718431816
Gemma,full_shrinkage,collaborative,Gemma_F6,-0.7157533638262454
Gemma,full_shrinkage,collectivistic,Gemma_F1,0.43991614722627204
Gemma,full_shrinkage,collectivistic,Gemma_F2,-0.29255825852694467
Gemma,full_shrinkage,collectivistic,Gemma_F3,0.7334407905654748
Gemma,full_shrinkage,collectivistic,Gemma_F4,-0.28842441002338537
Gemma,full_shrinkage,collectivistic,Gemma_F5,-0.22706576734072204
Gemma,full_shrinkage,collectivistic,Gemma_F6,0.2409920301320816
Gemma,full_shrinkage,competitive,Gemma_F1,-0.49735195635389495
Gemma,full_shrinkage,competitive,Gemma_F2,0.12448844159549503
Gemma,full_shrinkage,competitive,Gemma_F3,-0.9102241802832736
Gemma,full_shrinkage,competitive,Gemma_F4,0.2560053207189057
Gemma,full_shrinkage,competitive,Gemma_F5,-0.2173582042072589
Gemma,full_shrinkage,competitive,Gemma_F6,0.537951746396462
Gemma,full_shrinkage,conceptual,Gemma_F1,0.17464170843744325
Gemma,full_shrinkage,conceptual,Gemma_F2,-0.5262987220342228
Gemma,full_shrinkage,conceptual,Gemma_F3,-0.1889635855979729
Gemma,full_shrinkage,conceptual,Gemma_F4,-0.2544953751281794
Gemma,full_shrinkage,conceptual,Gemma_F5,-0.3165373124714092
Gemma,full_shrinkage,conceptual,Gemma_F6,0.7704741946723602
Gemma,full_shrinkage,conciliatory,Gemma_F1,0.6134907692955797
Gemma,full_shrinkage,conciliatory,Gemma_F2,-0.2997001661235552
Gemma,full_shrinkage,conciliatory,Gemma_F3,0.8938257772759298
Gemma,full_shrinkage,conciliatory,Gemma_F4,-0.30004443039946366
Gemma,full_shrinkage,conciliatory,Gemma_F5,0.08326927304038782
Gemma,full_shrinkage,conciliatory,Gemma_F6,-0.5440838191528109
Gemma,full_shrinkage,concise,Gemma_F1,0.2014042930333465
Gemma,full_shrinkage,concise,Gemma_F2,-0.029143464158114595
Gemma,full_shrinkage,concise,Gemma_F3,-0.3544555299767288
Gemma,full_shrinkage,concise,Gemma_F4,0.4867397665556953
Gemma,full_shrinkage,concise,Gemma_F5,-0.08688761907723941
Gemma,full_shrinkage,concise,Gemma_F6,0.35384426737484037
Gemma,full_shrinkage,condescending,Gemma_F1,-0.6847000015676805
Gemma,full_shrinkage,condescending,Gemma_F2,0.15502040092820202
Gemma,full_shrinkage,condescending,Gemma_F3,-0.6771898680168761
Gemma,full_shrinkage,condescending,Gemma_F4,0.36708126922816803
Gemma,full_shrinkage,condescending,Gemma_F5,-0.07007640688595103
Gemma,full_shrinkage,condescending,Gemma_F6,0.6925090214560731
Gemma,full_shrinkage,confident,Gemma_F1,-0.30891333267866733
Gemma,full_shrinkage,confident,Gemma_F2,-0.042449068425667376
Gemma,full_shrinkage,confident,Gemma_F3,-0.6226010643185669
Gemma,full_shrinkage,confident,Gemma_F4,0.07703442675941923
Gemma,full_shrinkage,confident,Gemma_F5,-0.44829175729874915
Gemma,full_shrinkage,confident,Gemma_F6,0.8283651459879731
Gemma,full_shrinkage,confrontational,Gemma_F1,-0.19199433121640808
Gemma,full_shrinkage,confrontational,Gemma_F2,-0.15912753409604014
Gemma,full_shrinkage,confrontational,Gemma_F3,-0.8783135328419197
Gemma,full_shrinkage,confrontational,Gemma_F4,0.05009945164995827
Gemma,full_shrinkage,confrontational,Gemma_F5,-0.4506174251498241
Gemma,full_shrinkage,confrontational,Gemma_F6,0.2605345069868486
Gemma,full_shrinkage,conscientious,Gemma_F1,0.8014946958289744
Gemma,full_shrinkage,conscientious,Gemma_F2,-0.7225774768294728
Gemma,full_shrinkage,conscientious,Gemma_F3,0.5138935337772963
Gemma,full_shrinkage,conscientious,Gemma_F4,-0.42555575847392346
Gemma,full_shrinkage,conscientious,Gemma_F5,-0.3941955924285799
Gemma,full_shrinkage,conscientious,Gemma_F6,-0.15996827752963802
Gemma,full_shrinkage,constructivist,Gemma_F1,-0.4010838039964402
Gemma,full_shrinkage,constructivist,Gemma_F2,0.3734408679676612
Gemma,full_shrinkage,constructivist,Gemma_F3,-0.11105992450715758
Gemma,full_shrinkage,constructivist,Gemma_F4,-0.474642065345683
Gemma,full_shrinkage,constructivist,Gemma_F5,0.7183242970879333
Gemma,full_shrinkage,constructivist,Gemma_F6,0.29331642681953585
Gemma,full_shrinkage,contemporary,Gemma_F1,0.14501562938336207
Gemma,full_shrinkage,contemporary,Gemma_F2,0.1021723937355762
Gemma,full_shrinkage,contemporary,Gemma_F3,0.2606132620870431
Gemma,full_shrinkage,contemporary,Gemma_F4,-0.08488437102667495
Gemma,full_shrinkage,contemporary,Gemma_F5,0.31312424567463687
Gemma,full_shrinkage,contemporary,Gemma_F6,-0.9367315064764047
Gemma,full_shrinkage,contrarian,Gemma_F1,-0.27584631240277974
Gemma,full_shrinkage,contrarian,Gemma_F2,-0.27683767747662635
Gemma,full_shrinkage,contrarian,Gemma_F3,-0.7945757480926267
Gemma,full_shrinkage,contrarian,Gemma_F4,-0.15471757903414526
Gemma,full_shrinkage,contrarian,Gemma_F5,-0.1313770947093676
Gemma,full_shrinkage,contrarian,Gemma_F6,0.6197830181784235
Gemma,full_shrinkage,convergent,Gemma_F1,0.6877230241014504
Gemma,full_shrinkage,convergent,Gemma_F2,-0.4392443812533385
Gemma,full_shrinkage,convergent,Gemma_F3,0.13182364893142579
Gemma,full_shrinkage,convergent,Gemma_F4,0.2818124473316545
Gemma,full_shrinkage,convergent,Gemma_F5,-0.2814507181902543
Gemma,full_shrinkage,convergent,Gemma_F6,-0.6341493046095887
Gemma,full_shrinkage,cosmopolitan,Gemma_F1,0.5913340862535146
Gemma,full_shrinkage,cosmopolitan,Gemma_F2,-0.711827624368228
Gemma,full_shrinkage,cosmopolitan,Gemma_F3,0.48329849874565417
Gemma,full_shrinkage,cosmopolitan,Gemma_F4,-0.44999719234795504
Gemma,full_shrinkage,cosmopolitan,Gemma_F5,-0.2153026919762954
Gemma,full_shrinkage,cosmopolitan,Gemma_F6,-0.28566421745219717
Gemma,full_shrinkage,creative,Gemma_F1,-0.6704019401922463
Gemma,full_shrinkage,creative,Gemma_F2,0.18845428197852426
Gemma,full_shrinkage,creative,Gemma_F3,-0.5125120013565386
Gemma,full_shrinkage,creative,Gemma_F4,-0.14441980334934496
Gemma,full_shrinkage,creative,Gemma_F5,0.13991333731328964
Gemma,full_shrinkage,creative,Gemma_F6,0.824950300020902
Gemma,full_shrinkage,critical,Gemma_F1,0.009483757730316076
Gemma,full_shrinkage,critical,Gemma_F2,-0.45391035159226073
Gemma,full_shrinkage,critical,Gemma_F3,-0.625625191779495
Gemma,full_shrinkage,critical,Gemma_F4,-0.39112547514856544
Gemma,full_shrinkage,critical,Gemma_F5,-0.04735234690296377
Gemma,full_shrinkage,critical,Gemma_F6,0.27397325095263003
Gemma,full_shrinkage,cruel,Gemma_F1,-0.5872187725304964
Gemma,full_shrinkage,cruel,Gemma_F2,0.14532970218380925
Gemma,full_shrinkage,cruel,Gemma_F3,-0.8846173535625358
Gemma,full_shrinkage,cruel,Gemma_F4,0.4051995547555798
Gemma,full_shrinkage,cruel,Gemma_F5,-0.1846471989651107
Gemma,full_shrinkage,cruel,Gemma_F6,0.49842165073122013
Gemma,full_shrinkage,cryptic,Gemma_F1,-0.3970136113205718
Gemma,full_shrinkage,cryptic,Gemma_F2,-0.004891067888305309
Gemma,full_shrinkage,cryptic,Gemma_F3,-0.44179144726818703
Gemma,full_shrinkage,cryptic,Gemma_F4,0.03392843365498973
Gemma,full_shrinkage,cryptic,Gemma_F5,-0.14656025937380812
Gemma,full_shrinkage,cryptic,Gemma_F6,0.9534854429777839
Gemma,full_shrinkage,curious,Gemma_F1,0.21341760885191172
Gemma,full_shrinkage,curious,Gemma_F2,-0.21515813885475607
Gemma,full_shrinkage,curious,Gemma_F3,0.36060305825282485
Gemma,full_shrinkage,curious,Gemma_F4,-0.848060335636568
Gemma,full_shrinkage,curious,Gemma_F5,0.34559223835681346
Gemma,full_shrinkage,curious,Gemma_F6,0.05862163373908344
Gemma,full_shrinkage,cynical,Gemma_F1,-0.5237614954707043
Gemma,full_shrinkage,cynical,Gemma_F2,0.06851832121359237
Gemma,full_shrinkage,cynical,Gemma_F3,-0.9213424144398277
Gemma,full_shrinkage,cynical,Gemma_F4,0.3761777131260931
Gemma,full_shrinkage,cynical,Gemma_F5,-0.12751483925172688
Gemma,full_shrinkage,cynical,Gemma_F6,0.38979251345404314
Gemma,full_shrinkage,data_driven,Gemma_F1,0.5678167331631094
Gemma,full_shrinkage,data_driven,Gemma_F2,-0.6093459380850061
Gemma,full_shrinkage,data_driven,Gemma_F3,0.3620400273941859
Gemma,full_shrinkage,data_driven,Gemma_F4,0.05352903295476867
Gemma,full_shrinkage,data_driven,Gemma_F5,-0.4106612599425322
Gemma,full_shrinkage,data_driven,Gemma_F6,-0.709694746202715
Gemma,full_shrinkage,decisive,Gemma_F1,0.17047294798807455
Gemma,full_shrinkage,decisive,Gemma_F2,-0.3331673778488754
Gemma,full_shrinkage,decisive,Gemma_F3,-0.43520760164523514
Gemma,full_shrinkage,decisive,Gemma_F4,-0.14037006286996082
Gemma,full_shrinkage,decisive,Gemma_F5,-0.7714870221461433
Gemma,full_shrinkage,decisive,Gemma_F6,0.3711154383827942
Gemma,full_shrinkage,deconstructionist,Gemma_F1,-0.1853533285551733
Gemma,full_shrinkage,deconstructionist,Gemma_F2,-0.38971352432118905
Gemma,full_shrinkage,deconstructionist,Gemma_F3,-0.618106133540941
Gemma,full_shrinkage,deconstructionist,Gemma_F4,-0.3934391851262001
Gemma,full_shrinkage,deconstructionist,Gemma_F5,0.12785027878183852
Gemma,full_shrinkage,deconstructionist,Gemma_F6,0.4337552192606982
Gemma,full_shrinkage,deferential,Gemma_F1,0.47439407003716155
Gemma,full_shrinkage,deferential,Gemma_F2,-0.2751127827232069
Gemma,full_shrinkage,deferential,Gemma_F3,0.7010011360706989
Gemma,full_shrinkage,deferential,Gemma_F4,0.15896987177378563
Gemma,full_shrinkage,deferential,Gemma_F5,0.3411961913660993
Gemma,full_shrinkage,deferential,Gemma_F6,-0.5559901634240338
Gemma,full_shrinkage,deontological,Gemma_F1,0.0893082694440297
Gemma,full_shrinkage,deontological,Gemma_F2,-0.10162596562827698
Gemma,full_shrinkage,deontological,Gemma_F3,-0.06739946343893818
Gemma,full_shrinkage,deontological,Gemma_F4,0.024782933556414432
Gemma,full_shrinkage,deontological,Gemma_F5,-0.010743766894121069
Gemma,full_shrinkage,deontological,Gemma_F6,0.6787173792753538
Gemma,full_shrinkage,descriptive,Gemma_F1,0.6015727192993092
Gemma,full_shrinkage,descriptive,Gemma_F2,-0.5774810747772056
Gemma,full_shrinkage,descriptive,Gemma_F3,0.6211733576833603
Gemma,full_shrinkage,descriptive,Gemma_F4,0.15572297477838154
Gemma,full_shrinkage,descriptive,Gemma_F5,-0.43246747799578494
Gemma,full_shrinkage,descriptive,Gemma_F6,-0.4645847549713605
Gemma,full_shrinkage,detached,Gemma_F1,0.5183702302665938
Gemma,full_shrinkage,detached,Gemma_F2,-0.7393100830323154
Gemma,full_shrinkage,detached,Gemma_F3,0.17278073079957762
Gemma,full_shrinkage,detached,Gemma_F4,0.12479993490696206
Gemma,full_shrinkage,detached,Gemma_F5,-0.7311953965380897
Gemma,full_shrinkage,detached,Gemma_F6,-0.3303462558032048
Gemma,full_shrinkage,deterministic,Gemma_F1,-0.3375027544243625
Gemma,full_shrinkage,deterministic,Gemma_F2,-0.17943597382125115
Gemma,full_shrinkage,deterministic,Gemma_F3,-0.5923634742818412
Gemma,full_shrinkage,deterministic,Gemma_F4,0.24748346070598218
Gemma,full_shrinkage,deterministic,Gemma_F5,-0.2803270008196834
Gemma,full_shrinkage,deterministic,Gemma_F6,0.8347703967170583
Gemma,full_shrinkage,diplomatic,Gemma_F1,0.6340879834455028
Gemma,full_shrinkage,diplomatic,Gemma_F2,-0.39541588395341953
Gemma,full_shrinkage,diplomatic,Gemma_F3,0.9174863900353065
Gemma,full_shrinkage,diplomatic,Gemma_F4,-0.3275175407222199
Gemma,full_shrinkage,diplomatic,Gemma_F5,-0.05959535460136108
Gemma,full_shrinkage,diplomatic,Gemma_F6,-0.34619004594272185
Gemma,full_shrinkage,disorganized,Gemma_F1,-0.8290924727716281
Gemma,full_shrinkage,disorganized,Gemma_F2,0.5573010776820649
Gemma,full_shrinkage,disorganized,Gemma_F3,-0.5610659850427256
Gemma,full_shrinkage,disorganized,Gemma_F4,0.3509305515425289
Gemma,full_shrinkage,disorganized,Gemma_F5,0.2387676674323809
Gemma,full_shrinkage,disorganized,Gemma_F6,0.5375100774967156
Gemma,full_shrinkage,dispassionate,Gemma_F1,0.6871869459738567
Gemma,full_shrinkage,dispassionate,Gemma_F2,-0.7265614807330307
Gemma,full_shrinkage,dispassionate,Gemma_F3,0.38555738349004703
Gemma,full_shrinkage,dispassionate,Gemma_F4,0.03206113945441478
Gemma,full_shrinkage,dispassionate,Gemma_F5,-0.5892853924301337
Gemma,full_shrinkage,dispassionate,Gemma_F6,-0.4476050779703175
Gemma,full_shrinkage,divergent,Gemma_F1,-0.6715775108533222
Gemma,full_shrinkage,divergent,Gemma_F2,0.216171294016597
Gemma,full_shrinkage,divergent,Gemma_F3,0.00038730530441408216
Gemma,full_shrinkage,divergent,Gemma_F4,-0.5288095573281228
Gemma,full_shrinkage,divergent,Gemma_F5,0.16762168860354779
Gemma,full_shrinkage,divergent,Gemma_F6,0.20782854303647724
Gemma,full_shrinkage,dogmatic,Gemma_F1,-0.4381659507604866
Gemma,full_shrinkage,dogmatic,Gemma_F2,0.15288665079922586
Gemma,full_shrinkage,dogmatic,Gemma_F3,-0.6630279500421689
Gemma,full_shrinkage,dogmatic,Gemma_F4,0.3069938767000398
Gemma,full_shrinkage,dogmatic,Gemma_F5,-0.2835912624601984
Gemma,full_shrinkage,dogmatic,Gemma_F6,0.7993846515444896
Gemma,full_shrinkage,dominant,Gemma_F1,-0.12344849397280863
Gemma,full_shrinkage,dominant,Gemma_F2,-0.23537953463425015
Gemma,full_shrinkage,dominant,Gemma_F3,-0.6050019390285504
Gemma,full_shrinkage,dominant,Gemma_F4,-0.11408135286745685
Gemma,full_shrinkage,dominant,Gemma_F5,-0.7291623408098217
Gemma,full_shrinkage,dominant,Gemma_F6,0.41069376902314636
Gemma,full_shrinkage,dramatic,Gemma_F1,-0.5374677377436563
Gemma,full_shrinkage,dramatic,Gemma_F2,0.1655438996463147
Gemma,full_shrinkage,dramatic,Gemma_F3,-0.5410083296443943
Gemma,full_shrinkage,dramatic,Gemma_F4,-0.020092337533047747
Gemma,full_shrinkage,dramatic,Gemma_F5,-0.020672892530627637
Gemma,full_shrinkage,dramatic,Gemma_F6,0.914538761124423
Gemma,full_shrinkage,earnest,Gemma_F1,0.7708292396561998
Gemma,full_shrinkage,earnest,Gemma_F2,-0.4578035629261255
Gemma,full_shrinkage,earnest,Gemma_F3,0.5883635493383083
Gemma,full_shrinkage,earnest,Gemma_F4,-0.5608822182470979
Gemma,full_shrinkage,earnest,Gemma_F5,-0.2404976919353231
Gemma,full_shrinkage,earnest,Gemma_F6,0.05608917696624671
Gemma,full_shrinkage,eclectic,Gemma_F1,-0.42738881502001824
Gemma,full_shrinkage,eclectic,Gemma_F2,-0.07218059874245226
Gemma,full_shrinkage,eclectic,Gemma_F3,-0.3334622377771088
Gemma,full_shrinkage,eclectic,Gemma_F4,-0.3372743451970696
Gemma,full_shrinkage,eclectic,Gemma_F5,0.040689117982241334
Gemma,full_shrinkage,eclectic,Gemma_F6,0.8796868908691601
Gemma,full_shrinkage,edgy,Gemma_F1,-0.7788766802459876
Gemma,full_shrinkage,edgy,Gemma_F2,0.3384812349507608
Gemma,full_shrinkage,edgy,Gemma_F3,-0.8583400724561698
Gemma,full_shrinkage,edgy,Gemma_F4,0.247015864293866
Gemma,full_shrinkage,edgy,Gemma_F5,0.11399862576124231
Gemma,full_shrinkage,edgy,Gemma_F6,0.4623445060128354
Gemma,full_shrinkage,educational,Gemma_F1,0.5956828451916859
Gemma,full_shrinkage,educational,Gemma_F2,-0.46057390235014145
Gemma,full_shrinkage,educational,Gemma_F3,0.5355821827476507
Gemma,full_shrinkage,educational,Gemma_F4,-0.5878342834981707
Gemma,full_shrinkage,educational,Gemma_F5,-0.3710464936390496
Gemma,full_shrinkage,educational,Gemma_F6,-0.415832570192835
Gemma,full_shrinkage,efficient,Gemma_F1,-0.014417693970540069
Gemma,full_shrinkage,efficient,Gemma_F2,0.46925563354414185
Gemma,full_shrinkage,efficient,Gemma_F3,-0.31357429667224446
Gemma,full_shrinkage,efficient,Gemma_F4,0.6022687820427306
Gemma,full_shrinkage,efficient,Gemma_F5,0.0482857843805569
Gemma,full_shrinkage,efficient,Gemma_F6,-0.2023299158202645
Gemma,full_shrinkage,effusive,Gemma_F1,-0.8620823915211677
Gemma,full_shrinkage,effusive,Gemma_F2,0.6400085226043878
Gemma,full_shrinkage,effusive,Gemma_F3,-0.5036100165463725
Gemma,full_shrinkage,effusive,Gemma_F4,0.08861714458652555
Gemma,full_shrinkage,effusive,Gemma_F5,0.3664022576105416
Gemma,full_shrinkage,effusive,Gemma_F6,0.47277210026592564
Gemma,full_shrinkage,egalitarian,Gemma_F1,0.2959408167214894
Gemma,full_shrinkage,egalitarian,Gemma_F2,0.05052082596969916
Gemma,full_shrinkage,egalitarian,Gemma_F3,0.42635747259316387
Gemma,full_shrinkage,egalitarian,Gemma_F4,-0.6616985972128242
Gemma,full_shrinkage,egalitarian,Gemma_F5,0.3547963861408418
Gemma,full_shrinkage,egalitarian,Gemma_F6,-0.5250472273278225
Gemma,full_shrinkage,elitist,Gemma_F1,-0.3082543187875263
Gemma,full_shrinkage,elitist,Gemma_F2,-0.1713265244741531
Gemma,full_shrinkage,elitist,Gemma_F3,-0.6486502664876798
Gemma,full_shrinkage,elitist,Gemma_F4,0.19410224604168774
Gemma,full_shrinkage,elitist,Gemma_F5,-0.4131297919760111
Gemma,full_shrinkage,elitist,Gemma_F6,0.7871116405196538
Gemma,full_shrinkage,eloquent,Gemma_F1,-0.16263928715045767
Gemma,full_shrinkage,eloquent,Gemma_F2,-0.3150726475603687
Gemma,full_shrinkage,eloquent,Gemma_F3,-0.2597681446973695
Gemma,full_shrinkage,eloquent,Gemma_F4,-0.25861165713889833
Gemma,full_shrinkage,eloquent,Gemma_F5,-0.24508948316891768
Gemma,full_shrinkage,eloquent,Gemma_F6,0.908216656557781
Gemma,full_shrinkage,emotional,Gemma_F1,-0.6062298236697998
Gemma,full_shrinkage,emotional,Gemma_F2,0.6865640686812373
Gemma,full_shrinkage,emotional,Gemma_F3,-0.3043433553239445
Gemma,full_shrinkage,emotional,Gemma_F4,-0.10730514180745032
Gemma,full_shrinkage,emotional,Gemma_F5,0.6529401319303717
Gemma,full_shrinkage,emotional,Gemma_F6,0.45536764698990567
Gemma,full_shrinkage,empathetic,Gemma_F1,-0.29141481763332494
Gemma,full_shrinkage,empathetic,Gemma_F2,0.6678215273216603
Gemma,full_shrinkage,empathetic,Gemma_F3,0.13659495457449508
Gemma,full_shrinkage,empathetic,Gemma_F4,-0.28276884253424484
Gemma,full_shrinkage,empathetic,Gemma_F5,0.8308971653971233
Gemma,full_shrinkage,empathetic,Gemma_F6,0.021044004220789808
Gemma,full_shrinkage,enigmatic,Gemma_F1,-0.48384196486520176
Gemma,full_shrinkage,enigmatic,Gemma_F2,0.11611603229550554
Gemma,full_shrinkage,enigmatic,Gemma_F3,-0.4762110526805337
Gemma,full_shrinkage,enigmatic,Gemma_F4,0.09676716090396698
Gemma,full_shrinkage,enigmatic,Gemma_F5,-0.04197218566147824
Gemma,full_shrinkage,enigmatic,Gemma_F6,0.934429417073976
Gemma,full_shrinkage,entertaining,Gemma_F1,-0.8894630548034576
Gemma,full_shrinkage,entertaining,Gemma_F2,0.6164221932614472
Gemma,full_shrinkage,entertaining,Gemma_F3,-0.5168978015415605
Gemma,full_shrinkage,entertaining,Gemma_F4,0.10336622533066361
Gemma,full_shrinkage,entertaining,Gemma_F5,0.42787168003950654
Gemma,full_shrinkage,entertaining,Gemma_F6,0.4160469339296533
Gemma,full_shrinkage,environmental,Gemma_F1,0.12443593010652879
Gemma,full_shrinkage,environmental,Gemma_F2,-0.14261897586441694
Gemma,full_shrinkage,environmental,Gemma_F3,0.2441207864822154
Gemma,full_shrinkage,environmental,Gemma_F4,-0.5022813867963299
Gemma,full_shrinkage,environmental,Gemma_F5,-0.13493616177857526
Gemma,full_shrinkage,environmental,Gemma_F6,0.6617051927642983
Gemma,full_shrinkage,epicurean,Gemma_F1,-0.2817516117993644
Gemma,full_shrinkage,epicurean,Gemma_F2,-0.34778481797532335
Gemma,full_shrinkage,epicurean,Gemma_F3,-0.2922094382255202
Gemma,full_shrinkage,epicurean,Gemma_F4,-0.21875222049998536
Gemma,full_shrinkage,epicurean,Gemma_F5,-0.11574428890640759
Gemma,full_shrinkage,epicurean,Gemma_F6,0.8288577511623343
Gemma,full_shrinkage,erudite,Gemma_F1,0.3547677788613198
Gemma,full_shrinkage,erudite,Gemma_F2,-0.8445000346083866
Gemma,full_shrinkage,erudite,Gemma_F3,-0.036797473551990756
Gemma,full_shrinkage,erudite,Gemma_F4,-0.2745505824218685
Gemma,full_shrinkage,erudite,Gemma_F5,-0.5691051068262571
Gemma,full_shrinkage,erudite,Gemma_F6,0.40578685684436056
Gemma,full_shrinkage,esoteric,Gemma_F1,-0.1497594075155754
Gemma,full_shrinkage,esoteric,Gemma_F2,-0.42332327856980734
Gemma,full_shrinkage,esoteric,Gemma_F3,-0.4354752121081439
Gemma,full_shrinkage,esoteric,Gemma_F4,-0.00810504205006469
Gemma,full_shrinkage,esoteric,Gemma_F5,-0.4159453139805496
Gemma,full_shrinkage,esoteric,Gemma_F6,0.8265474612628153
Gemma,full_shrinkage,essentialist,Gemma_F1,-0.1293277278024739
Gemma,full_shrinkage,essentialist,Gemma_F2,-0.17433121320384745
Gemma,full_shrinkage,essentialist,Gemma_F3,-0.38112276606594875
Gemma,full_shrinkage,essentialist,Gemma_F4,0.24422546015370258
Gemma,full_shrinkage,essentialist,Gemma_F5,-0.5251192172248494
Gemma,full_shrinkage,essentialist,Gemma_F6,0.8326622349368169
Gemma,full_shrinkage,ethereal,Gemma_F1,-0.411334824171631
Gemma,full_shrinkage,ethereal,Gemma_F2,0.05905159638190783
Gemma,full_shrinkage,ethereal,Gemma_F3,-0.37744941996972414
Gemma,full_shrinkage,ethereal,Gemma_F4,0.06935041776729761
Gemma,full_shrinkage,ethereal,Gemma_F5,-0.062324055368183716
Gemma,full_shrinkage,ethereal,Gemma_F6,0.9543620520877202
Gemma,full_shrinkage,evil,Gemma_F1,-0.7252260560171147
Gemma,full_shrinkage,evil,Gemma_F2,0.3316891728745108
Gemma,full_shrinkage,evil,Gemma_F3,-0.8335345666234844
Gemma,full_shrinkage,evil,Gemma_F4,0.30435877541176143
Gemma,full_shrinkage,evil,Gemma_F5,0.04907745806110481
Gemma,full_shrinkage,evil,Gemma_F6,0.5631639936154303
Gemma,full_shrinkage,existentialist,Gemma_F1,-0.028712301212035267
Gemma,full_shrinkage,existentialist,Gemma_F2,0.39367036903354397
Gemma,full_shrinkage,existentialist,Gemma_F3,0.09945818835656658
Gemma,full_shrinkage,existentialist,Gemma_F4,-0.4859323964983541
Gemma,full_shrinkage,existentialist,Gemma_F5,0.6481857735936352
Gemma,full_shrinkage,existentialist,Gemma_F6,-0.4302046540048581
Gemma,full_shrinkage,experiential,Gemma_F1,-0.5308402711082332
Gemma,full_shrinkage,experiential,Gemma_F2,0.7587887833041048
Gemma,full_shrinkage,experiential,Gemma_F3,-0.05353546220230463
Gemma,full_shrinkage,experiential,Gemma_F4,0.07389490676220639
Gemma,full_shrinkage,experiential,Gemma_F5,0.5746941618571206
Gemma,full_shrinkage,experiential,Gemma_F6,-0.3721756289507548
Gemma,full_shrinkage,exploratory,Gemma_F1,0.19446737037526854
Gemma,full_shrinkage,exploratory,Gemma_F2,-0.10217027273367571
Gemma,full_shrinkage,exploratory,Gemma_F3,0.5345373923965976
Gemma,full_shrinkage,exploratory,Gemma_F4,-0.5665151504291548
Gemma,full_shrinkage,exploratory,Gemma_F5,0.34375676105951464
Gemma,full_shrinkage,exploratory,Gemma_F6,-0.6595188975903391
Gemma,full_shrinkage,extroverted,Gemma_F1,-0.702856917817576
Gemma,full_shrinkage,extroverted,Gemma_F2,0.7359867540174145
Gemma,full_shrinkage,extroverted,Gemma_F3,-0.24006039016305564
Gemma,full_shrinkage,extroverted,Gemma_F4,-0.05161175900079325
Gemma,full_shrinkage,extroverted,Gemma_F5,0.5614763256492802
Gemma,full_shrinkage,extroverted,Gemma_F6,-0.15009151239167354
Gemma,full_shrinkage,factual,Gemma_F1,0.7624703224050441
Gemma,full_shrinkage,factual,Gemma_F2,-0.43203085776787514
Gemma,full_shrinkage,factual,Gemma_F3,0.6344158119291987
Gemma,full_shrinkage,factual,Gemma_F4,-0.1304171107925609
Gemma,full_shrinkage,factual,Gemma_F5,-0.11943518442353591
Gemma,full_shrinkage,factual,Gemma_F6,-0.7351639032443803
Gemma,full_shrinkage,fatalistic,Gemma_F1,-0.36887869479880625
Gemma,full_shrinkage,fatalistic,Gemma_F2,-0.02258481283606818
Gemma,full_shrinkage,fatalistic,Gemma_F3,-0.4435249752541557
Gemma,full_shrinkage,fatalistic,Gemma_F4,0.19103810253109746
Gemma,full_shrinkage,fatalistic,Gemma_F5,-0.16365733919139003
Gemma,full_shrinkage,fatalistic,Gemma_F6,0.9313563143890855
Gemma,full_shrinkage,flexible,Gemma_F1,0.343492125476753
Gemma,full_shrinkage,flexible,Gemma_F2,0.058318134157325036
Gemma,full_shrinkage,flexible,Gemma_F3,0.6909333749269645
Gemma,full_shrinkage,flexible,Gemma_F4,-0.3313715105426649
Gemma,full_shrinkage,flexible,Gemma_F5,0.3643233597056073
Gemma,full_shrinkage,flexible,Gemma_F6,-0.7564667068478929
Gemma,full_shrinkage,flippant,Gemma_F1,-0.8620320307135118
Gemma,full_shrinkage,flippant,Gemma_F2,0.6054571476786218
Gemma,full_shrinkage,flippant,Gemma_F3,-0.6007227166483106
Gemma,full_shrinkage,flippant,Gemma_F4,0.41309901710878205
Gemma,full_shrinkage,flippant,Gemma_F5,0.3261795764819678
Gemma,full_shrinkage,flippant,Gemma_F6,0.14633515470310615
Gemma,full_shrinkage,flirty,Gemma_F1,-0.7859281887820306
Gemma,full_shrinkage,flirty,Gemma_F2,0.4622577082938361
Gemma,full_shrinkage,flirty,Gemma_F3,-0.6062662855108276
Gemma,full_shrinkage,flirty,Gemma_F4,0.19201969570343366
Gemma,full_shrinkage,flirty,Gemma_F5,0.3269182687314124
Gemma,full_shrinkage,flirty,Gemma_F6,0.6248689850405781
Gemma,full_shrinkage,forgiving,Gemma_F1,-0.26294002151689416
Gemma,full_shrinkage,forgiving,Gemma_F2,0.4930800988429782
Gemma,full_shrinkage,forgiving,Gemma_F3,0.2538730222720614
Gemma,full_shrinkage,forgiving,Gemma_F4,-0.31402369703660876
Gemma,full_shrinkage,forgiving,Gemma_F5,0.5218723612863421
Gemma,full_shrinkage,forgiving,Gemma_F6,0.5145300682387204
Gemma,full_shrinkage,formal,Gemma_F1,0.6480929429012531
Gemma,full_shrinkage,formal,Gemma_F2,-0.8146863474560517
Gemma,full_shrinkage,formal,Gemma_F3,0.3098478851645281
Gemma,full_shrinkage,formal,Gemma_F4,-0.16678327879277702
Gemma,full_shrinkage,formal,Gemma_F5,-0.6026524621840417
Gemma,full_shrinkage,formal,Gemma_F6,0.1650078861507073
Gemma,full_shrinkage,formalist,Gemma_F1,0.6019354416309083
Gemma,full_shrinkage,formalist,Gemma_F2,-0.8157231648421194
Gemma,full_shrinkage,formalist,Gemma_F3,0.31696646805474654
Gemma,full_shrinkage,formalist,Gemma_F4,0.02957902856500183
Gemma,full_shrinkage,formalist,Gemma_F5,-0.691387049614868
Gemma,full_shrinkage,formalist,Gemma_F6,-0.18752047416715328
Gemma,full_shrinkage,fundamentalist,Gemma_F1,-0.20943818894637742
Gemma,full_shrinkage,fundamentalist,Gemma_F2,-0.017962393712568362
Gemma,full_shrinkage,fundamentalist,Gemma_F3,-0.44192497094164046
Gemma,full_shrinkage,fundamentalist,Gemma_F4,0.3456816976835233
Gemma,full_shrinkage,fundamentalist,Gemma_F5,-0.4399212429643408
Gemma,full_shrinkage,fundamentalist,Gemma_F6,0.814724821499631
Gemma,full_shrinkage,futuristic,Gemma_F1,-0.3697162843198767
Gemma,full_shrinkage,futuristic,Gemma_F2,-0.23728038660689965
Gemma,full_shrinkage,futuristic,Gemma_F3,-0.4750511110380159
Gemma,full_shrinkage,futuristic,Gemma_F4,-0.3478864988892215
Gemma,full_shrinkage,futuristic,Gemma_F5,-0.030252449697971803
Gemma,full_shrinkage,futuristic,Gemma_F6,0.3743245528749375
Gemma,full_shrinkage,generalist,Gemma_F1,-0.28254498431904906
Gemma,full_shrinkage,generalist,Gemma_F2,0.4083076507524391
Gemma,full_shrinkage,generalist,Gemma_F3,0.029472510730843997
Gemma,full_shrinkage,generalist,Gemma_F4,-0.6827271492866275
Gemma,full_shrinkage,generalist,Gemma_F5,0.018747189103608536
Gemma,full_shrinkage,generalist,Gemma_F6,0.24970912227754138
Gemma,full_shrinkage,generous,Gemma_F1,0.3326032042853887
Gemma,full_shrinkage,generous,Gemma_F2,-0.30297544050812786
Gemma,full_shrinkage,generous,Gemma_F3,0.4710306064303159
Gemma,full_shrinkage,generous,Gemma_F4,-0.8637316599658208
Gemma,full_shrinkage,generous,Gemma_F5,-0.16839057194307608
Gemma,full_shrinkage,generous,Gemma_F6,-0.07467794744702641
Gemma,full_shrinkage,goofy,Gemma_F1,-0.9043343618172187
Gemma,full_shrinkage,goofy,Gemma_F2,0.5481831513262382
Gemma,full_shrinkage,goofy,Gemma_F3,-0.5485967809071463
Gemma,full_shrinkage,goofy,Gemma_F4,0.3573356154193679
Gemma,full_shrinkage,goofy,Gemma_F5,0.24020820469660845
Gemma,full_shrinkage,goofy,Gemma_F6,0.3889943317118395
Gemma,full_shrinkage,grandiose,Gemma_F1,-0.38275547918353603
Gemma,full_shrinkage,grandiose,Gemma_F2,-0.11070379992656604
Gemma,full_shrinkage,grandiose,Gemma_F3,-0.5434721267487874
Gemma,full_shrinkage,grandiose,Gemma_F4,0.04927120617149485
Gemma,full_shrinkage,grandiose,Gemma_F5,-0.26508333539851237
Gemma,full_shrinkage,grandiose,Gemma_F6,0.9134903902859302
Gemma,full_shrinkage,gregarious,Gemma_F1,-0.4682989644848569
Gemma,full_shrinkage,gregarious,Gemma_F2,0.6802432318571141
Gemma,full_shrinkage,gregarious,Gemma_F3,0.05535195892295481
Gemma,full_shrinkage,gregarious,Gemma_F4,-0.08120410302292105
Gemma,full_shrinkage,gregarious,Gemma_F5,0.743696720409863
Gemma,full_shrinkage,gregarious,Gemma_F6,-0.3644136977247533
Gemma,full_shrinkage,grounded,Gemma_F1,0.2957759278972703
Gemma,full_shrinkage,grounded,Gemma_F2,0.10125695163429746
Gemma,full_shrinkage,grounded,Gemma_F3,0.410651288351116
Gemma,full_shrinkage,grounded,Gemma_F4,0.10275172872439203
Gemma,full_shrinkage,grounded,Gemma_F5,0.13032977977844407
Gemma,full_shrinkage,grounded,Gemma_F6,-0.9674018117868052
Gemma,full_shrinkage,hedonistic,Gemma_F1,-0.8645637676351986
Gemma,full_shrinkage,hedonistic,Gemma_F2,0.6088411232141818
Gemma,full_shrinkage,hedonistic,Gemma_F3,-0.5872045393257841
Gemma,full_shrinkage,hedonistic,Gemma_F4,0.2789908251208904
Gemma,full_shrinkage,hedonistic,Gemma_F5,0.3703881665026416
Gemma,full_shrinkage,hedonistic,Gemma_F6,0.36662805857178654
Gemma,full_shrinkage,historical,Gemma_F1,-0.3566636021847469
Gemma,full_shrinkage,historical,Gemma_F2,-0.2125437934743193
Gemma,full_shrinkage,historical,Gemma_F3,-0.4912243712302509
Gemma,full_shrinkage,historical,Gemma_F4,-0.004671930778811626
Gemma,full_shrinkage,historical,Gemma_F5,-0.2557805147262474
Gemma,full_shrinkage,historical,Gemma_F6,0.845150600729909
Gemma,full_shrinkage,holistic,Gemma_F1,0.37293622220587486
Gemma,full_shrinkage,holistic,Gemma_F2,-0.5122743978637756
Gemma,full_shrinkage,holistic,Gemma_F3,0.28439386806419514
Gemma,full_shrinkage,holistic,Gemma_F4,-0.8694996013662326
Gemma,full_shrinkage,holistic,Gemma_F5,-0.061598892511137704
Gemma,full_shrinkage,holistic,Gemma_F6,-0.010292328460060693
Gemma,full_shrinkage,hostile,Gemma_F1,-0.6508087774093538
Gemma,full_shrinkage,hostile,Gemma_F2,0.3465346523403552
Gemma,full_shrinkage,hostile,Gemma_F3,-0.905614261448335
Gemma,full_shrinkage,hostile,Gemma_F4,0.37392619967367136
Gemma,full_shrinkage,hostile,Gemma_F5,-0.03654846068823234
Gemma,full_shrinkage,hostile,Gemma_F6,0.33040575092112995
Gemma,full_shrinkage,humanistic,Gemma_F1,0.10851630578461088
Gemma,full_shrinkage,humanistic,Gemma_F2,0.3021754799454674
Gemma,full_shrinkage,humanistic,Gemma_F3,0.5642783902433164
Gemma,full_shrinkage,humanistic,Gemma_F4,-0.620163476349306
Gemma,full_shrinkage,humanistic,Gemma_F5,0.5186918892585949
Gemma,full_shrinkage,humanistic,Gemma_F6,0.006180910526312838
Gemma,full_shrinkage,humble,Gemma_F1,0.16494292832578933
Gemma,full_shrinkage,humble,Gemma_F2,0.1767517305149632
Gemma,full_shrinkage,humble,Gemma_F3,0.4518807153463026
Gemma,full_shrinkage,humble,Gemma_F4,0.022923190648076734
Gemma,full_shrinkage,humble,Gemma_F5,0.5946192150208361
Gemma,full_shrinkage,humble,Gemma_F6,-0.7972171511060646
Gemma,full_shrinkage,iconoclastic,Gemma_F1,-0.5674996823646542
Gemma,full_shrinkage,iconoclastic,Gemma_F2,0.11600208907597438
Gemma,full_shrinkage,iconoclastic,Gemma_F3,-0.9164129509282452
Gemma,full_shrinkage,iconoclastic,Gemma_F4,0.08325053008354677
Gemma,full_shrinkage,iconoclastic,Gemma_F5,-0.021004045588302562
Gemma,full_shrinkage,iconoclastic,Gemma_F6,0.5896002408498013
Gemma,full_shrinkage,idealistic,Gemma_F1,-0.13844015826507886
Gemma,full_shrinkage,idealistic,Gemma_F2,-0.09269456295343295
Gemma,full_shrinkage,idealistic,Gemma_F3,-0.17048866965034484
Gemma,full_shrinkage,idealistic,Gemma_F4,-0.167099337611268
Gemma,full_shrinkage,idealistic,Gemma_F5,-0.2801176549492623
Gemma,full_shrinkage,idealistic,Gemma_F6,0.9374424833644152
Gemma,full_shrinkage,impatient,Gemma_F1,-0.6692196276327201
Gemma,full_shrinkage,impatient,Gemma_F2,0.6115286243728177
Gemma,full_shrinkage,impatient,Gemma_F3,-0.7344046889694643
Gemma,full_shrinkage,impatient,Gemma_F4,0.44074290068572036
Gemma,full_shrinkage,impatient,Gemma_F5,0.3147830625288979
Gemma,full_shrinkage,impatient,Gemma_F6,0.07293945408766928
Gemma,full_shrinkage,improvisational,Gemma_F1,-0.6420429736920491
Gemma,full_shrinkage,improvisational,Gemma_F2,0.6002634302982516
Gemma,full_shrinkage,improvisational,Gemma_F3,-0.3679975410817986
Gemma,full_shrinkage,improvisational,Gemma_F4,0.05989995163786406
Gemma,full_shrinkage,improvisational,Gemma_F5,0.7914561884431355
Gemma,full_shrinkage,improvisational,Gemma_F6,0.28782751924975136
Gemma,full_shrinkage,impulsive,Gemma_F1,-0.7471822724125476
Gemma,full_shrinkage,impulsive,Gemma_F2,0.6599090952384624
Gemma,full_shrinkage,impulsive,Gemma_F3,-0.5444098221538187
Gemma,full_shrinkage,impulsive,Gemma_F4,0.47968853256301586
Gemma,full_shrinkage,impulsive,Gemma_F5,0.37599044350905975
Gemma,full_shrinkage,impulsive,Gemma_F6,0.2934071290827641
Gemma,full_shrinkage,inclusive,Gemma_F1,0.5175418188401999
Gemma,full_shrinkage,inclusive,Gemma_F2,-0.4466158123008479
Gemma,full_shrinkage,inclusive,Gemma_F3,0.632568394165745
Gemma,full_shrinkage,inclusive,Gemma_F4,-0.6249210085540701
Gemma,full_shrinkage,inclusive,Gemma_F5,0.20130450414490497
Gemma,full_shrinkage,inclusive,Gemma_F6,-0.40800050759319056
Gemma,full_shrinkage,independent,Gemma_F1,0.49613722568286855
Gemma,full_shrinkage,independent,Gemma_F2,-0.6495829728303955
Gemma,full_shrinkage,independent,Gemma_F3,0.030113199783168672
Gemma,full_shrinkage,independent,Gemma_F4,-0.5231963809518719
Gemma,full_shrinkage,independent,Gemma_F5,-0.30293051624876133
Gemma,full_shrinkage,independent,Gemma_F6,0.40463477093449657
Gemma,full_shrinkage,individualistic,Gemma_F1,-0.6776138740433115
Gemma,full_shrinkage,individualistic,Gemma_F2,0.24572900843572584
Gemma,full_shrinkage,individualistic,Gemma_F3,-0.8152075709170645
Gemma,full_shrinkage,individualistic,Gemma_F4,0.048735387369995865
Gemma,full_shrinkage,individualistic,Gemma_F5,0.23727539772706055
Gemma,full_shrinkage,individualistic,Gemma_F6,0.585200253020772
Gemma,full_shrinkage,innovative,Gemma_F1,-0.6518927219183307
Gemma,full_shrinkage,innovative,Gemma_F2,0.13217958303456226
Gemma,full_shrinkage,innovative,Gemma_F3,-0.7610320286817163
Gemma,full_shrinkage,innovative,Gemma_F4,-0.18047561804427772
Gemma,full_shrinkage,innovative,Gemma_F5,0.07121160610816583
Gemma,full_shrinkage,innovative,Gemma_F6,0.5494463309523814
Gemma,full_shrinkage,inquisitive,Gemma_F1,0.10335405341635856
Gemma,full_shrinkage,inquisitive,Gemma_F2,0.08661126459115474
Gemma,full_shrinkage,inquisitive,Gemma_F3,0.2821284571805868
Gemma,full_shrinkage,inquisitive,Gemma_F4,-0.007481114812840852
Gemma,full_shrinkage,inquisitive,Gemma_F5,0.7329552280126399
Gemma,full_shrinkage,inquisitive,Gemma_F6,-0.6587373641260295
Gemma,full_shrinkage,inspirational,Gemma_F1,0.5528095291103703
Gemma,full_shrinkage,inspirational,Gemma_F2,-0.3414217859852383
Gemma,full_shrinkage,inspirational,Gemma_F3,0.7526121906782755
Gemma,full_shrinkage,inspirational,Gemma_F4,-0.598333132607395
Gemma,full_shrinkage,inspirational,Gemma_F5,-0.0605037960058327
Gemma,full_shrinkage,inspirational,Gemma_F6,-0.016485744438525074
Gemma,full_shrinkage,interdisciplinary,Gemma_F1,-0.4209988456674771
Gemma,full_shrinkage,interdisciplinary,Gemma_F2,-0.022365208559729857
Gemma,full_shrinkage,interdisciplinary,Gemma_F3,-0.3318459916363812
Gemma,full_shrinkage,interdisciplinary,Gemma_F4,-0.624737187763745
Gemma,full_shrinkage,interdisciplinary,Gemma_F5,-0.07003635570471863
Gemma,full_shrinkage,interdisciplinary,Gemma_F6,0.5489655472920293
Gemma,full_shrinkage,introspective,Gemma_F1,0.1839745810716832
Gemma,full_shrinkage,introspective,Gemma_F2,-0.5356117490785408
Gemma,full_shrinkage,introspective,Gemma_F3,0.042275824127008116
Gemma,full_shrinkage,introspective,Gemma_F4,-0.24337622367748676
Gemma,full_shrinkage,introspective,Gemma_F5,0.4494278406552821
Gemma,full_shrinkage,introspective,Gemma_F6,-0.07255870869462598
Gemma,full_shrinkage,introverted,Gemma_F1,0.5291668878085277
Gemma,full_shrinkage,introverted,Gemma_F2,-0.6933723145627849
Gemma,full_shrinkage,introverted,Gemma_F3,0.1085387486946726
Gemma,full_shrinkage,introverted,Gemma_F4,-0.21177220910687788
Gemma,full_shrinkage,introverted,Gemma_F5,-0.5168773179535533
Gemma,full_shrinkage,introverted,Gemma_F6,0.5056405816084051
Gemma,full_shrinkage,intuitive,Gemma_F1,-0.5430638285522997
Gemma,full_shrinkage,intuitive,Gemma_F2,0.44872257901775053
Gemma,full_shrinkage,intuitive,Gemma_F3,-0.3311402329501543
Gemma,full_shrinkage,intuitive,Gemma_F4,-0.2961252688492111
Gemma,full_shrinkage,intuitive,Gemma_F5,0.2189560620278272
Gemma,full_shrinkage,intuitive,Gemma_F6,0.7883800647337511
Gemma,full_shrinkage,ironic,Gemma_F1,-0.8196784450611382
Gemma,full_shrinkage,ironic,Gemma_F2,0.33096375260773264
Gemma,full_shrinkage,ironic,Gemma_F3,-0.7491085626304083
Gemma,full_shrinkage,ironic,Gemma_F4,0.2796827908603722
Gemma,full_shrinkage,ironic,Gemma_F5,0.09057534498483859
Gemma,full_shrinkage,ironic,Gemma_F6,0.5470531872072083
Gemma,full_shrinkage,irreverent,Gemma_F1,-0.8625722967170316
Gemma,full_shrinkage,irreverent,Gemma_F2,0.5992002313123689
Gemma,full_shrinkage,irreverent,Gemma_F3,-0.6466264427402317
Gemma,full_shrinkage,irreverent,Gemma_F4,0.31271851233218395
Gemma,full_shrinkage,irreverent,Gemma_F5,0.3694861055899927
Gemma,full_shrinkage,irreverent,Gemma_F6,0.13499420033796913
Gemma,full_shrinkage,judgmental,Gemma_F1,-0.6415162916134932
Gemma,full_shrinkage,judgmental,Gemma_F2,0.30088692046702814
Gemma,full_shrinkage,judgmental,Gemma_F3,-0.9194018437318419
Gemma,full_shrinkage,judgmental,Gemma_F4,0.29704082254241676
Gemma,full_shrinkage,judgmental,Gemma_F5,0.008323306221353861
Gemma,full_shrinkage,judgmental,Gemma_F6,0.41173306644330565
Gemma,full_shrinkage,libertarian,Gemma_F1,-0.45456068887183415
Gemma,full_shrinkage,libertarian,Gemma_F2,0.21329068081982624
Gemma,full_shrinkage,libertarian,Gemma_F3,-0.6144008097988909
Gemma,full_shrinkage,libertarian,Gemma_F4,0.05194977812237466
Gemma,full_shrinkage,libertarian,Gemma_F5,-0.06650271501474996
Gemma,full_shrinkage,libertarian,Gemma_F6,0.8767738976237311
Gemma,full_shrinkage,literal,Gemma_F1,0.14818626465321388
Gemma,full_shrinkage,literal,Gemma_F2,-0.11390000071685265
Gemma,full_shrinkage,literal,Gemma_F3,0.11723874789646145
Gemma,full_shrinkage,literal,Gemma_F4,0.8278209653745623
Gemma,full_shrinkage,literal,Gemma_F5,-0.33145500358594177
Gemma,full_shrinkage,literal,Gemma_F6,-0.2932475818182666
Gemma,full_shrinkage,manic,Gemma_F1,-0.8870393675111489
Gemma,full_shrinkage,manic,Gemma_F2,0.592222497046812
Gemma,full_shrinkage,manic,Gemma_F3,-0.6154727374981267
Gemma,full_shrinkage,manic,Gemma_F4,0.26683638123616876
Gemma,full_shrinkage,manic,Gemma_F5,0.2250783432602884
Gemma,full_shrinkage,manic,Gemma_F6,0.4062387614794002
Gemma,full_shrinkage,manipulative,Gemma_F1,-0.6896086962662227
Gemma,full_shrinkage,manipulative,Gemma_F2,0.45863705833557983
Gemma,full_shrinkage,manipulative,Gemma_F3,-0.7710111457084268
Gemma,full_shrinkage,manipulative,Gemma_F4,0.32486607460680084
Gemma,full_shrinkage,manipulative,Gemma_F5,0.23482700127748568
Gemma,full_shrinkage,manipulative,Gemma_F6,0.5346740069352778
Gemma,full_shrinkage,materialist,Gemma_F1,0.1586340746072198
Gemma,full_shrinkage,materialist,Gemma_F2,-0.20949763366699475
Gemma,full_shrinkage,materialist,Gemma_F3,-0.001066683215711102
Gemma,full_shrinkage,materialist,Gemma_F4,0.5563479041178333
Gemma,full_shrinkage,materialist,Gemma_F5,-0.3366625174215117
Gemma,full_shrinkage,materialist,Gemma_F6,-0.7084532383869604
Gemma,full_shrinkage,meditative,Gemma_F1,0.21694036199387212
Gemma,full_shrinkage,meditative,Gemma_F2,-0.34797329136672944
Gemma,full_shrinkage,meditative,Gemma_F3,0.24416983342373944
Gemma,full_shrinkage,meditative,Gemma_F4,-0.2691824179585034
Gemma,full_shrinkage,meditative,Gemma_F5,-0.1819649729821851
Gemma,full_shrinkage,meditative,Gemma_F6,0.7661149259905693
Gemma,full_shrinkage,melancholic,Gemma_F1,-0.37020919026300453
Gemma,full_shrinkage,melancholic,Gemma_F2,-0.007649476035315952
Gemma,full_shrinkage,melancholic,Gemma_F3,-0.6642460088570304
Gemma,full_shrinkage,melancholic,Gemma_F4,0.21085446397013857
Gemma,full_shrinkage,melancholic,Gemma_F5,-0.17823712334037956
Gemma,full_shrinkage,melancholic,Gemma_F6,0.8245316800521514
Gemma,full_shrinkage,melodramatic,Gemma_F1,-0.5744562352075684
Gemma,full_shrinkage,melodramatic,Gemma_F2,0.15405263053721552
Gemma,full_shrinkage,melodramatic,Gemma_F3,-0.5574595923230526
Gemma,full_shrinkage,melodramatic,Gemma_F4,0.0516337417276499
Gemma,full_shrinkage,melodramatic,Gemma_F5,-0.054125373775810254
Gemma,full_shrinkage,melodramatic,Gemma_F6,0.8960813060664831
Gemma,full_shrinkage,mercurial,Gemma_F1,-0.8299844003422753
Gemma,full_shrinkage,mercurial,Gemma_F2,0.42679123976910066
Gemma,full_shrinkage,mercurial,Gemma_F3,-0.7029765263025048
Gemma,full_shrinkage,mercurial,Gemma_F4,0.30246982185850935
Gemma,full_shrinkage,mercurial,Gemma_F5,0.18235001308093082
Gemma,full_shrinkage,mercurial,Gemma_F6,0.5792460672792128
Gemma,full_shrinkage,metaphorical,Gemma_F1,-0.5559094385204512
Gemma,full_shrinkage,metaphorical,Gemma_F2,0.22098635956961413
Gemma,full_shrinkage,metaphorical,Gemma_F3,-0.41917032100386914
Gemma,full_shrinkage,metaphorical,Gemma_F4,-0.11046118680250958
Gemma,full_shrinkage,metaphorical,Gemma_F5,0.09141273826356815
Gemma,full_shrinkage,metaphorical,Gemma_F6,0.9095496368604737
Gemma,full_shrinkage,methodical,Gemma_F1,0.7847016565844733
Gemma,full_shrinkage,methodical,Gemma_F2,-0.6213940561528082
Gemma,full_shrinkage,methodical,Gemma_F3,0.543739981396993
Gemma,full_shrinkage,methodical,Gemma_F4,-0.17193639002392327
Gemma,full_shrinkage,methodical,Gemma_F5,-0.38240689592125043
Gemma,full_shrinkage,methodical,Gemma_F6,-0.5765711209258834
Gemma,full_shrinkage,meticulous,Gemma_F1,0.6552489910209033
Gemma,full_shrinkage,meticulous,Gemma_F2,-0.8544765559723471
Gemma,full_shrinkage,meticulous,Gemma_F3,0.33472716926477897
Gemma,full_shrinkage,meticulous,Gemma_F4,-0.2501901962692322
Gemma,full_shrinkage,meticulous,Gemma_F5,-0.6053898545302864
Gemma,full_shrinkage,meticulous,Gemma_F6,-0.008303970511732178
Gemma,full_shrinkage,militant,Gemma_F1,-0.5240931111675707
Gemma,full_shrinkage,militant,Gemma_F2,0.22207195540881394
Gemma,full_shrinkage,militant,Gemma_F3,-0.8809473565789883
Gemma,full_shrinkage,militant,Gemma_F4,0.2076018036506489
Gemma,full_shrinkage,militant,Gemma_F5,-0.16711578945310962
Gemma,full_shrinkage,militant,Gemma_F6,0.6299956078147658
Gemma,full_shrinkage,misanthropic,Gemma_F1,-0.5431192457236735
Gemma,full_shrinkage,misanthropic,Gemma_F2,0.1340378943722639
Gemma,full_shrinkage,misanthropic,Gemma_F3,-0.8126156179191204
Gemma,full_shrinkage,misanthropic,Gemma_F4,0.29782661921351405
Gemma,full_shrinkage,misanthropic,Gemma_F5,-0.11413591185677603
Gemma,full_shrinkage,misanthropic,Gemma_F6,0.7118719321555022
Gemma,full_shrinkage,mischievous,Gemma_F1,-0.893421255688214
Gemma,full_shrinkage,mischievous,Gemma_F2,0.443704284877403
Gemma,full_shrinkage,mischievous,Gemma_F3,-0.6323765346823014
Gemma,full_shrinkage,mischievous,Gemma_F4,0.28757174240343375
Gemma,full_shrinkage,mischievous,Gemma_F5,0.23053001816027757
Gemma,full_shrinkage,mischievous,Gemma_F6,0.4906350324034995
Gemma,full_shrinkage,moderate,Gemma_F1,0.6244911490279095
Gemma,full_shrinkage,moderate,Gemma_F2,-0.30755276170567153
Gemma,full_shrinkage,moderate,Gemma_F3,0.8567740503771838
Gemma,full_shrinkage,moderate,Gemma_F4,-0.2184202743561737
Gemma,full_shrinkage,moderate,Gemma_F5,0.048174987364617915
Gemma,full_shrinkage,moderate,Gemma_F6,-0.6403619985794021
Gemma,full_shrinkage,mystical,Gemma_F1,-0.39843603161679897
Gemma,full_shrinkage,mystical,Gemma_F2,0.13757269330811647
Gemma,full_shrinkage,mystical,Gemma_F3,-0.33926006795542657
Gemma,full_shrinkage,mystical,Gemma_F4,-0.036958429171743974
Gemma,full_shrinkage,mystical,Gemma_F5,0.012983483081390806
Gemma,full_shrinkage,mystical,Gemma_F6,0.9687025422778105
Gemma,full_shrinkage,naive,Gemma_F1,-0.592304284236314
Gemma,full_shrinkage,naive,Gemma_F2,0.6986892187430336
Gemma,full_shrinkage,naive,Gemma_F3,0.05848241607920034
Gemma,full_shrinkage,naive,Gemma_F4,0.386648292455505
Gemma,full_shrinkage,naive,Gemma_F5,0.23893217216130813
Gemma,full_shrinkage,naive,Gemma_F6,0.26521236620723165
Gemma,full_shrinkage,narrative,Gemma_F1,-0.6573877735837831
Gemma,full_shrinkage,narrative,Gemma_F2,0.3941296496474925
Gemma,full_shrinkage,narrative,Gemma_F3,-0.48945373105053397
Gemma,full_shrinkage,narrative,Gemma_F4,0.09304416003704233
Gemma,full_shrinkage,narrative,Gemma_F5,0.19575408179953274
Gemma,full_shrinkage,narrative,Gemma_F6,0.8135698001772532
Gemma,full_shrinkage,neurotic,Gemma_F1,-0.7600551295364095
Gemma,full_shrinkage,neurotic,Gemma_F2,0.6591329493599346
Gemma,full_shrinkage,neurotic,Gemma_F3,-0.5979332834426233
Gemma,full_shrinkage,neurotic,Gemma_F4,0.43298605507295856
Gemma,full_shrinkage,neurotic,Gemma_F5,0.3498107867663559
Gemma,full_shrinkage,neurotic,Gemma_F6,0.21749543695259177
Gemma,full_shrinkage,nihilistic,Gemma_F1,-0.44151417433193624
Gemma,full_shrinkage,nihilistic,Gemma_F2,-0.06650358308873118
Gemma,full_shrinkage,nihilistic,Gemma_F3,-0.7034465159307945
Gemma,full_shrinkage,nihilistic,Gemma_F4,0.30244749278467026
Gemma,full_shrinkage,nihilistic,Gemma_F5,-0.17393413619639783
Gemma,full_shrinkage,nihilistic,Gemma_F6,0.7743070360742318
Gemma,full_shrinkage,nonchalant,Gemma_F1,-0.7927988057187575
Gemma,full_shrinkage,nonchalant,Gemma_F2,0.6169820932866475
Gemma,full_shrinkage,nonchalant,Gemma_F3,-0.6280122264400715
Gemma,full_shrinkage,nonchalant,Gemma_F4,0.4714186889908135
Gemma,full_shrinkage,nonchalant,Gemma_F5,0.2967405203619098
Gemma,full_shrinkage,nonchalant,Gemma_F6,0.1764611795402961
Gemma,full_shrinkage,nostalgic,Gemma_F1,-0.4727794829752589
Gemma,full_shrinkage,nostalgic,Gemma_F2,0.19473216014261246
Gemma,full_shrinkage,nostalgic,Gemma_F3,-0.36245041762958585
Gemma,full_shrinkage,nostalgic,Gemma_F4,0.13297848391695444
Gemma,full_shrinkage,nostalgic,Gemma_F5,0.007073983674072398
Gemma,full_shrinkage,nostalgic,Gemma_F6,0.9135309051316083
Gemma,full_shrinkage,nurturing,Gemma_F1,0.3909139490899121
Gemma,full_shrinkage,nurturing,Gemma_F2,0.02676578382350711
Gemma,full_shrinkage,nurturing,Gemma_F3,0.8479028342926718
Gemma,full_shrinkage,nurturing,Gemma_F4,-0.5842046788163131
Gemma,full_shrinkage,nurturing,Gemma_F5,0.24111521467844468
Gemma,full_shrinkage,nurturing,Gemma_F6,-0.14467080166020657
Gemma,full_shrinkage,obsessive,Gemma_F1,-0.5855010595422565
Gemma,full_shrinkage,obsessive,Gemma_F2,0.16356763549448952
Gemma,full_shrinkage,obsessive,Gemma_F3,-0.6538431033862239
Gemma,full_shrinkage,obsessive,Gemma_F4,0.2564155415046649
Gemma,full_shrinkage,obsessive,Gemma_F5,-0.0863512050779003
Gemma,full_shrinkage,obsessive,Gemma_F6,0.8147923709902132
Gemma,full_shrinkage,open_ended,Gemma_F1,-0.22678824934466413
Gemma,full_shrinkage,open_ended,Gemma_F2,0.39096629100267233
Gemma,full_shrinkage,open_ended,Gemma_F3,0.29225516009677993
Gemma,full_shrinkage,open_ended,Gemma_F4,-0.29248341730544974
Gemma,full_shrinkage,open_ended,Gemma_F5,0.9057348104498553
Gemma,full_shrinkage,open_ended,Gemma_F6,0.011432712881474988
Gemma,full_shrinkage,optimistic,Gemma_F1,0.2851146380038765
Gemma,full_shrinkage,optimistic,Gemma_F2,0.1181516335570105
Gemma,full_shrinkage,optimistic,Gemma_F3,0.8591190650117301
Gemma,full_shrinkage,optimistic,Gemma_F4,-0.36688166053107263
Gemma,full_shrinkage,optimistic,Gemma_F5,0.2764571437030166
Gemma,full_shrinkage,optimistic,Gemma_F6,-0.35120833486094405
Gemma,full_shrinkage,pacifist,Gemma_F1,-0.19780147550736507
Gemma,full_shrinkage,pacifist,Gemma_F2,0.22488506319637133
Gemma,full_shrinkage,pacifist,Gemma_F3,-0.14576116401336472
Gemma,full_shrinkage,pacifist,Gemma_F4,-0.23336938482817274
Gemma,full_shrinkage,pacifist,Gemma_F5,-0.09240277437402272
Gemma,full_shrinkage,pacifist,Gemma_F6,0.8648948392992344
Gemma,full_shrinkage,paradoxical,Gemma_F1,-0.48066039725948534
Gemma,full_shrinkage,paradoxical,Gemma_F2,0.1373822302921618
Gemma,full_shrinkage,paradoxical,Gemma_F3,-0.5052000950467473
Gemma,full_shrinkage,paradoxical,Gemma_F4,-0.1292043127444755
Gemma,full_shrinkage,paradoxical,Gemma_F5,0.09450255104122615
Gemma,full_shrinkage,paradoxical,Gemma_F6,0.9192213221004315
Gemma,full_shrinkage,paranoid,Gemma_F1,-0.6119400898875561
Gemma,full_shrinkage,paranoid,Gemma_F2,0.34906374156109987
Gemma,full_shrinkage,paranoid,Gemma_F3,-0.8501241974765903
Gemma,full_shrinkage,paranoid,Gemma_F4,0.2589201929578264
Gemma,full_shrinkage,paranoid,Gemma_F5,0.09978777555058106
Gemma,full_shrinkage,paranoid,Gemma_F6,0.5864178663294777
Gemma,full_shrinkage,passionate,Gemma_F1,-0.695608917379974
Gemma,full_shrinkage,passionate,Gemma_F2,0.4523653547845432
Gemma,full_shrinkage,passionate,Gemma_F3,-0.6293205582431299
Gemma,full_shrinkage,passionate,Gemma_F4,-0.027444567503861428
Gemma,full_shrinkage,passionate,Gemma_F5,0.18270395640655457
Gemma,full_shrinkage,passionate,Gemma_F6,0.7422434836984866
Gemma,full_shrinkage,passive_aggressive,Gemma_F1,-0.7950066671640529
Gemma,full_shrinkage,passive_aggressive,Gemma_F2,0.3587236677748708
Gemma,full_shrinkage,passive_aggressive,Gemma_F3,-0.7090372254621531
Gemma,full_shrinkage,passive_aggressive,Gemma_F4,0.4423439300208286
Gemma,full_shrinkage,passive_aggressive,Gemma_F5,0.17834025070837245
Gemma,full_shrinkage,passive_aggressive,Gemma_F6,0.45690683174992525
Gemma,full_shrinkage,patient,Gemma_F1,0.7431152778974316
Gemma,full_shrinkage,patient,Gemma_F2,-0.4980767162789428
Gemma,full_shrinkage,patient,Gemma_F3,0.754595209781441
Gemma,full_shrinkage,patient,Gemma_F4,-0.4919956943434409
Gemma,full_shrinkage,patient,Gemma_F5,-0.2600885277220327
Gemma,full_shrinkage,patient,Gemma_F6,-0.1912104423450733
Gemma,full_shrinkage,pedantic,Gemma_F1,0.4113067624194212
Gemma,full_shrinkage,pedantic,Gemma_F2,-0.9460277013427135
Gemma,full_shrinkage,pedantic,Gemma_F3,-0.0032205480672576315
Gemma,full_shrinkage,pedantic,Gemma_F4,0.02843810848617672
Gemma,full_shrinkage,pedantic,Gemma_F5,-0.5136954328553747
Gemma,full_shrinkage,pedantic,Gemma_F6,0.07072309783358167
Gemma,full_shrinkage,pensive,Gemma_F1,0.39197517422938916
Gemma,full_shrinkage,pensive,Gemma_F2,-0.6138179146092069
Gemma,full_shrinkage,pensive,Gemma_F3,0.1332601700636641
Gemma,full_shrinkage,pensive,Gemma_F4,-0.5380131458317491
Gemma,full_shrinkage,pensive,Gemma_F5,-0.35155024788397254
Gemma,full_shrinkage,pensive,Gemma_F6,0.546494291806061
Gemma,full_shrinkage,perfectionist,Gemma_F1,0.5597531691671175
Gemma,full_shrinkage,perfectionist,Gemma_F2,-0.8439573566121691
Gemma,full_shrinkage,perfectionist,Gemma_F3,0.2209332936963138
Gemma,full_shrinkage,perfectionist,Gemma_F4,-0.22512095705892596
Gemma,full_shrinkage,perfectionist,Gemma_F5,-0.6751294217091878
Gemma,full_shrinkage,perfectionist,Gemma_F6,0.14680724607062554
Gemma,full_shrinkage,pessimistic,Gemma_F1,-0.5185154858588445
Gemma,full_shrinkage,pessimistic,Gemma_F2,0.11088640343615597
Gemma,full_shrinkage,pessimistic,Gemma_F3,-0.9044639085195372
Gemma,full_shrinkage,pessimistic,Gemma_F4,0.3922952583167054
Gemma,full_shrinkage,pessimistic,Gemma_F5,-0.08869801814478298
Gemma,full_shrinkage,pessimistic,Gemma_F6,0.3866159688041505
Gemma,full_shrinkage,petty,Gemma_F1,-0.7736551682858218
Gemma,full_shrinkage,petty,Gemma_F2,0.38866548996756284
Gemma,full_shrinkage,petty,Gemma_F3,-0.7429204436853525
Gemma,full_shrinkage,petty,Gemma_F4,0.35937999402461845
Gemma,full_shrinkage,petty,Gemma_F5,0.10127684264038947
Gemma,full_shrinkage,petty,Gemma_F6,0.5609674834886724
Gemma,full_shrinkage,philosophical,Gemma_F1,-0.22862541140265247
Gemma,full_shrinkage,philosophical,Gemma_F2,-0.19805174117929866
Gemma,full_shrinkage,philosophical,Gemma_F3,-0.39791541358960075
Gemma,full_shrinkage,philosophical,Gemma_F4,-0.2744249513745927
Gemma,full_shrinkage,philosophical,Gemma_F5,-0.10401093745389926
Gemma,full_shrinkage,philosophical,Gemma_F6,0.9285648700091478
Gemma,full_shrinkage,playful,Gemma_F1,-0.8765752090169107
Gemma,full_shrinkage,playful,Gemma_F2,0.6116802686385869
Gemma,full_shrinkage,playful,Gemma_F3,-0.46322542919245596
Gemma,full_shrinkage,playful,Gemma_F4,0.194250268134605
Gemma,full_shrinkage,playful,Gemma_F5,0.36945452884916874
Gemma,full_shrinkage,playful,Gemma_F6,0.49079681561554445
Gemma,full_shrinkage,pluralist,Gemma_F1,0.367955868322089
Gemma,full_shrinkage,pluralist,Gemma_F2,-0.009154319852791064
Gemma,full_shrinkage,pluralist,Gemma_F3,0.7823159427583619
Gemma,full_shrinkage,pluralist,Gemma_F4,-0.27577742316382403
Gemma,full_shrinkage,pluralist,Gemma_F5,0.286396059681508
Gemma,full_shrinkage,pluralist,Gemma_F6,-0.7058245185669977
Gemma,full_shrinkage,poetic,Gemma_F1,-0.52842592388277
Gemma,full_shrinkage,poetic,Gemma_F2,0.20890594078582744
Gemma,full_shrinkage,poetic,Gemma_F3,-0.4006233695006298
Gemma,full_shrinkage,poetic,Gemma_F4,0.002744371809585091
Gemma,full_shrinkage,poetic,Gemma_F5,0.008678557923668812
Gemma,full_shrinkage,poetic,Gemma_F6,0.9184131157401446
Gemma,full_shrinkage,practical,Gemma_F1,-0.11112871917567621
Gemma,full_shrinkage,practical,Gemma_F2,0.6018937335133238
Gemma,full_shrinkage,practical,Gemma_F3,0.21415908022972463
Gemma,full_shrinkage,practical,Gemma_F4,0.1298057865266433
Gemma,full_shrinkage,practical,Gemma_F5,0.3994543842316256
Gemma,full_shrinkage,practical,Gemma_F6,-0.724743542992742
Gemma,full_shrinkage,prescriptive,Gemma_F1,0.28369030614418667
Gemma,full_shrinkage,prescriptive,Gemma_F2,-0.42278776435375265
Gemma,full_shrinkage,prescriptive,Gemma_F3,-0.13677864410129806
Gemma,full_shrinkage,prescriptive,Gemma_F4,0.1760068031661552
Gemma,full_shrinkage,prescriptive,Gemma_F5,-0.8771239930326805
Gemma,full_shrinkage,prescriptive,Gemma_F6,-0.25775467004270497
Gemma,full_shrinkage,principled,Gemma_F1,0.5175930244969486
Gemma,full_shrinkage,principled,Gemma_F2,-0.3954189901404832
Gemma,full_shrinkage,principled,Gemma_F3,0.29871466391130613
Gemma,full_shrinkage,principled,Gemma_F4,-0.3740632320811848
Gemma,full_shrinkage,principled,Gemma_F5,-0.6595745299316002
Gemma,full_shrinkage,principled,Gemma_F6,0.3584227882756358
Gemma,full_shrinkage,proactive,Gemma_F1,0.2961739872220326
Gemma,full_shrinkage,proactive,Gemma_F2,-0.24370631131167322
Gemma,full_shrinkage,proactive,Gemma_F3,0.31209726634447793
Gemma,full_shrinkage,proactive,Gemma_F4,-0.7534427035228155
Gemma,full_shrinkage,proactive,Gemma_F5,-0.1808017075067991
Gemma,full_shrinkage,proactive,Gemma_F6,-0.44986891529518735
Gemma,full_shrinkage,problem_solving,Gemma_F1,0.4992151795638465
Gemma,full_shrinkage,problem_solving,Gemma_F2,-0.3184697338351583
Gemma,full_shrinkage,problem_solving,Gemma_F3,0.4038436312756969
Gemma,full_shrinkage,problem_solving,Gemma_F4,-0.25234577798457947
Gemma,full_shrinkage,problem_solving,Gemma_F5,-0.2401285379712671
Gemma,full_shrinkage,problem_solving,Gemma_F6,-0.8436899671723546
Gemma,full_shrinkage,progressive,Gemma_F1,-0.27212374029704806
Gemma,full_shrinkage,progressive,Gemma_F2,0.26119825452958234
Gemma,full_shrinkage,progressive,Gemma_F3,-0.28682579502855166
Gemma,full_shrinkage,progressive,Gemma_F4,-0.43653485751694143
Gemma,full_shrinkage,progressive,Gemma_F5,0.2992951198219206
Gemma,full_shrinkage,progressive,Gemma_F6,-0.3192243406907834
Gemma,full_shrinkage,provocative,Gemma_F1,-0.2673829019499333
Gemma,full_shrinkage,provocative,Gemma_F2,-0.2877002088036798
Gemma,full_shrinkage,provocative,Gemma_F3,-0.7676096191272124
Gemma,full_shrinkage,provocative,Gemma_F4,-0.14535648502217693
Gemma,full_shrinkage,provocative,Gemma_F5,-0.13003790067703186
Gemma,full_shrinkage,provocative,Gemma_F6,0.6608256895194103
Gemma,full_shrinkage,qualitative,Gemma_F1,-0.48611165025589487
Gemma,full_shrinkage,qualitative,Gemma_F2,0.3324039176739127
Gemma,full_shrinkage,qualitative,Gemma_F3,-0.4058073777395764
Gemma,full_shrinkage,qualitative,Gemma_F4,-0.14021218838851016
Gemma,full_shrinkage,qualitative,Gemma_F5,0.24594978753118316
Gemma,full_shrinkage,qualitative,Gemma_F6,0.8817699794600083
Gemma,full_shrinkage,quantitative,Gemma_F1,0.47841264310300813
Gemma,full_shrinkage,quantitative,Gemma_F2,-0.4718098946566314
Gemma,full_shrinkage,quantitative,Gemma_F3,0.30626454501060496
Gemma,full_shrinkage,quantitative,Gemma_F4,0.10873398393251335
Gemma,full_shrinkage,quantitative,Gemma_F5,-0.318793083576756
Gemma,full_shrinkage,quantitative,Gemma_F6,-0.8265466874826494
Gemma,full_shrinkage,radical,Gemma_F1,-0.47434982818187155
Gemma,full_shrinkage,radical,Gemma_F2,0.17320991391936216
Gemma,full_shrinkage,radical,Gemma_F3,-0.8099673782448922
Gemma,full_shrinkage,radical,Gemma_F4,-0.05495420057906916
Gemma,full_shrinkage,radical,Gemma_F5,-0.07849798159336252
Gemma,full_shrinkage,radical,Gemma_F6,0.6703312240845168
Gemma,full_shrinkage,rationalist,Gemma_F1,0.5784674683761304
Gemma,full_shrinkage,rationalist,Gemma_F2,-0.5544486321760561
Gemma,full_shrinkage,rationalist,Gemma_F3,0.3485512869423473
Gemma,full_shrinkage,rationalist,Gemma_F4,0.08881261353440797
Gemma,full_shrinkage,rationalist,Gemma_F5,-0.4163693718590437
Gemma,full_shrinkage,rationalist,Gemma_F6,-0.7410009251798702
Gemma,full_shrinkage,reactive,Gemma_F1,-0.7569165468320715
Gemma,full_shrinkage,reactive,Gemma_F2,0.7559419175629639
Gemma,full_shrinkage,reactive,Gemma_F3,-0.4511239560373531
Gemma,full_shrinkage,reactive,Gemma_F4,0.35261234497783234
Gemma,full_shrinkage,reactive,Gemma_F5,0.5409810060371326
Gemma,full_shrinkage,reactive,Gemma_F6,0.2289638462116318
Gemma,full_shrinkage,rebellious,Gemma_F1,-0.6336843000939627
Gemma,full_shrinkage,rebellious,Gemma_F2,0.3126849220564121
Gemma,full_shrinkage,rebellious,Gemma_F3,-0.8153059853776083
Gemma,full_shrinkage,rebellious,Gemma_F4,-0.13536027487942467
Gemma,full_shrinkage,rebellious,Gemma_F5,0.26555771250975896
Gemma,full_shrinkage,rebellious,Gemma_F6,0.46798178794238926
Gemma,full_shrinkage,reductionist,Gemma_F1,0.21326278433358165
Gemma,full_shrinkage,reductionist,Gemma_F2,0.11330092582334242
Gemma,full_shrinkage,reductionist,Gemma_F3,0.24310375573476856
Gemma,full_shrinkage,reductionist,Gemma_F4,0.3678877445715839
Gemma,full_shrinkage,reductionist,Gemma_F5,-0.03132653522152785
Gemma,full_shrinkage,reductionist,Gemma_F6,-0.9163580386163078
Gemma,full_shrinkage,regulatory,Gemma_F1,0.7377132402356212
Gemma,full_shrinkage,regulatory,Gemma_F2,-0.5757549228759229
Gemma,full_shrinkage,regulatory,Gemma_F3,0.632401314347593
Gemma,full_shrinkage,regulatory,Gemma_F4,0.1062902187162593
Gemma,full_shrinkage,regulatory,Gemma_F5,-0.3238944179811667
Gemma,full_shrinkage,regulatory,Gemma_F6,-0.48674059808820824
Gemma,full_shrinkage,relativist,Gemma_F1,-0.6330959727949395
Gemma,full_shrinkage,relativist,Gemma_F2,0.35218222081372
Gemma,full_shrinkage,relativist,Gemma_F3,-0.6329237585146474
Gemma,full_shrinkage,relativist,Gemma_F4,0.15671458720249065
Gemma,full_shrinkage,relativist,Gemma_F5,0.2839831056357524
Gemma,full_shrinkage,relativist,Gemma_F6,0.7237255308159269
Gemma,full_shrinkage,reserved,Gemma_F1,0.7649435128076384
Gemma,full_shrinkage,reserved,Gemma_F2,-0.666067898369079
Gemma,full_shrinkage,reserved,Gemma_F3,0.5129682272607471
Gemma,full_shrinkage,reserved,Gemma_F4,-0.02043955654537469
Gemma,full_shrinkage,reserved,Gemma_F5,-0.5302913205512799
Gemma,full_shrinkage,reserved,Gemma_F6,-0.44821433444748404
Gemma,full_shrinkage,resilient,Gemma_F1,0.7403099075349577
Gemma,full_shrinkage,resilient,Gemma_F2,-0.5712574150016065
Gemma,full_shrinkage,resilient,Gemma_F3,0.6736717186860459
Gemma,full_shrinkage,resilient,Gemma_F4,-0.46304699182640086
Gemma,full_shrinkage,resilient,Gemma_F5,-0.24721356980172973
Gemma,full_shrinkage,resilient,Gemma_F6,-0.3694475592291061
Gemma,full_shrinkage,reverent,Gemma_F1,0.3520111804796587
Gemma,full_shrinkage,reverent,Gemma_F2,-0.45108198241662445
Gemma,full_shrinkage,reverent,Gemma_F3,0.27781056801477744
Gemma,full_shrinkage,reverent,Gemma_F4,-0.15519893305674343
Gemma,full_shrinkage,reverent,Gemma_F5,-0.41534377994988114
Gemma,full_shrinkage,reverent,Gemma_F6,0.6750157118061881
Gemma,full_shrinkage,rhetorical,Gemma_F1,-0.49123248149643517
Gemma,full_shrinkage,rhetorical,Gemma_F2,0.14256509541678214
Gemma,full_shrinkage,rhetorical,Gemma_F3,-0.4995764278273578
Gemma,full_shrinkage,rhetorical,Gemma_F4,-0.13215883015370886
Gemma,full_shrinkage,rhetorical,Gemma_F5,0.022810199295476688
Gemma,full_shrinkage,rhetorical,Gemma_F6,0.9270240441780968
Gemma,full_shrinkage,risk_taking,Gemma_F1,-0.731390662302079
Gemma,full_shrinkage,risk_taking,Gemma_F2,0.3331100307065553
Gemma,full_shrinkage,risk_taking,Gemma_F3,-0.7327658457739733
Gemma,full_shrinkage,risk_taking,Gemma_F4,-0.04490199754026554
Gemma,full_shrinkage,risk_taking,Gemma_F5,0.19702066023174614
Gemma,full_shrinkage,risk_taking,Gemma_F6,0.6602808680829159
Gemma,full_shrinkage,ritualistic,Gemma_F1,0.35061615041964567
Gemma,full_shrinkage,ritualistic,Gemma_F2,-0.6513704994797211
Gemma,full_shrinkage,ritualistic,Gemma_F3,0.13179548224326237
Gemma,full_shrinkage,ritualistic,Gemma_F4,-0.05216068523342411
Gemma,full_shrinkage,ritualistic,Gemma_F5,-0.5812006743964365
Gemma,full_shrinkage,ritualistic,Gemma_F6,0.585965071376616
Gemma,full_shrinkage,romantic,Gemma_F1,-0.5193494962145019
Gemma,full_shrinkage,romantic,Gemma_F2,0.231034452280608
Gemma,full_shrinkage,romantic,Gemma_F3,-0.39693295226828074
Gemma,full_shrinkage,romantic,Gemma_F4,-0.010888285501471992
Gemma,full_shrinkage,romantic,Gemma_F5,0.05751354970150956
Gemma,full_shrinkage,romantic,Gemma_F6,0.9365385994852474
Gemma,full_shrinkage,sarcastic,Gemma_F1,-0.7557030325496219
Gemma,full_shrinkage,sarcastic,Gemma_F2,0.24069243071306726
Gemma,full_shrinkage,sarcastic,Gemma_F3,-0.8325540748601502
Gemma,full_shrinkage,sarcastic,Gemma_F4,0.3472232673074025
Gemma,full_shrinkage,sarcastic,Gemma_F5,0.00399751974552651
Gemma,full_shrinkage,sarcastic,Gemma_F6,0.4848971311162893
Gemma,full_shrinkage,sardonic,Gemma_F1,-0.7747355202090771
Gemma,full_shrinkage,sardonic,Gemma_F2,0.22671193846382068
Gemma,full_shrinkage,sardonic,Gemma_F3,-0.8093307434607891
Gemma,full_shrinkage,sardonic,Gemma_F4,0.3518807500289442
Gemma,full_shrinkage,sardonic,Gemma_F5,0.01093399228939412
Gemma,full_shrinkage,sardonic,Gemma_F6,0.4887956556492702
Gemma,full_shrinkage,sassy,Gemma_F1,-0.7807760666287046
Gemma,full_shrinkage,sassy,Gemma_F2,0.45648233163793467
Gemma,full_shrinkage,sassy,Gemma_F3,-0.7956471912437826
Gemma,full_shrinkage,sassy,Gemma_F4,0.11450420795642911
Gemma,full_shrinkage,sassy,Gemma_F5,0.1894423000182599
Gemma,full_shrinkage,sassy,Gemma_F6,0.11432834113790319
Gemma,full_shrinkage,savage,Gemma_F1,-0.6264715046024871
Gemma,full_shrinkage,savage,Gemma_F2,0.277267671938597
Gemma,full_shrinkage,savage,Gemma_F3,-0.9416260488825531
Gemma,full_shrinkage,savage,Gemma_F4,0.33399994320805615
Gemma,full_shrinkage,savage,Gemma_F5,-0.030435411890065996
Gemma,full_shrinkage,savage,Gemma_F6,0.3348658370660279
Gemma,full_shrinkage,secular,Gemma_F1,0.2222538844108407
Gemma,full_shrinkage,secular,Gemma_F2,-0.15139495872899075
Gemma,full_shrinkage,secular,Gemma_F3,0.12757012264537754
Gemma,full_shrinkage,secular,Gemma_F4,0.15736398322965434
Gemma,full_shrinkage,secular,Gemma_F5,-0.021312813329978388
Gemma,full_shrinkage,secular,Gemma_F6,-0.923803774107761
Gemma,full_shrinkage,serene,Gemma_F1,0.5042941123125202
Gemma,full_shrinkage,serene,Gemma_F2,-0.4368217703696404
Gemma,full_shrinkage,serene,Gemma_F3,0.6089072265786682
Gemma,full_shrinkage,serene,Gemma_F4,-0.3488492820309402
Gemma,full_shrinkage,serene,Gemma_F5,-0.21549556924750807
Gemma,full_shrinkage,serene,Gemma_F6,0.4031482701939967
Gemma,full_shrinkage,serious,Gemma_F1,0.7449683642903719
Gemma,full_shrinkage,serious,Gemma_F2,-0.77884271564487
Gemma,full_shrinkage,serious,Gemma_F3,0.3614052820721547
Gemma,full_shrinkage,serious,Gemma_F4,-0.1721480658337359
Gemma,full_shrinkage,serious,Gemma_F5,-0.6011731154377077
Gemma,full_shrinkage,serious,Gemma_F6,0.07736204644235359
Gemma,full_shrinkage,skeptical,Gemma_F1,0.5915408944555403
Gemma,full_shrinkage,skeptical,Gemma_F2,-0.808734058174165
Gemma,full_shrinkage,skeptical,Gemma_F3,0.048228833436189236
Gemma,full_shrinkage,skeptical,Gemma_F4,-0.222738462566601
Gemma,full_shrinkage,skeptical,Gemma_F5,-0.27450230689597516
Gemma,full_shrinkage,skeptical,Gemma_F6,-0.4373788800118066
Gemma,full_shrinkage,socratic,Gemma_F1,-0.044668572092812144
Gemma,full_shrinkage,socratic,Gemma_F2,0.1823955956148624
Gemma,full_shrinkage,socratic,Gemma_F3,0.10279595254148735
Gemma,full_shrinkage,socratic,Gemma_F4,0.2048912680855009
Gemma,full_shrinkage,socratic,Gemma_F5,0.8618076451452092
Gemma,full_shrinkage,socratic,Gemma_F6,-0.12763493079749713
Gemma,full_shrinkage,solemn,Gemma_F1,0.7126144618757247
Gemma,full_shrinkage,solemn,Gemma_F2,-0.7165282236882269
Gemma,full_shrinkage,solemn,Gemma_F3,0.33746148966547046
Gemma,full_shrinkage,solemn,Gemma_F4,-0.25195125228765347
Gemma,full_shrinkage,solemn,Gemma_F5,-0.513886775108596
Gemma,full_shrinkage,solemn,Gemma_F6,0.2754895933723317
Gemma,full_shrinkage,specialized,Gemma_F1,0.35256770766297235
Gemma,full_shrinkage,specialized,Gemma_F2,-0.8748361997873655
Gemma,full_shrinkage,specialized,Gemma_F3,-0.07209316951686938
Gemma,full_shrinkage,specialized,Gemma_F4,-0.1861371558332065
Gemma,full_shrinkage,specialized,Gemma_F5,-0.687640189724047
Gemma,full_shrinkage,specialized,Gemma_F6,0.172845348029642
Gemma,full_shrinkage,speculative,Gemma_F1,-0.6870885240262891
Gemma,full_shrinkage,speculative,Gemma_F2,0.2877979845678156
Gemma,full_shrinkage,speculative,Gemma_F3,-0.4856042536958921
Gemma,full_shrinkage,speculative,Gemma_F4,-0.27015187658219836
Gemma,full_shrinkage,speculative,Gemma_F5,0.2616352507148747
Gemma,full_shrinkage,speculative,Gemma_F6,0.7448679099043891
Gemma,full_shrinkage,spiritual,Gemma_F1,-0.32391109246053845
Gemma,full_shrinkage,spiritual,Gemma_F2,0.07459997546152013
Gemma,full_shrinkage,spiritual,Gemma_F3,-0.27899262120335666
Gemma,full_shrinkage,spiritual,Gemma_F4,-0.10160970746876312
Gemma,full_shrinkage,spiritual,Gemma_F5,-0.04250582940611216
Gemma,full_shrinkage,spiritual,Gemma_F6,0.9790603098709675
Gemma,full_shrinkage,spontaneous,Gemma_F1,-0.7758497723495699
Gemma,full_shrinkage,spontaneous,Gemma_F2,0.4363578448230907
Gemma,full_shrinkage,spontaneous,Gemma_F3,-0.5950583989788741
Gemma,full_shrinkage,spontaneous,Gemma_F4,0.09345270178516815
Gemma,full_shrinkage,spontaneous,Gemma_F5,0.28352059544229946
Gemma,full_shrinkage,spontaneous,Gemma_F6,0.7051775999878551
Gemma,full_shrinkage,stoic,Gemma_F1,0.6518351566442406
Gemma,full_shrinkage,stoic,Gemma_F2,-0.8030106914989044
Gemma,full_shrinkage,stoic,Gemma_F3,0.31454645720956365
Gemma,full_shrinkage,stoic,Gemma_F4,-0.08484051470104403
Gemma,full_shrinkage,stoic,Gemma_F5,-0.7117984111746306
Gemma,full_shrinkage,stoic,Gemma_F6,-0.06706241824173693
Gemma,full_shrinkage,strategic,Gemma_F1,0.697157706060006
Gemma,full_shrinkage,strategic,Gemma_F2,-0.7264590529780048
Gemma,full_shrinkage,strategic,Gemma_F3,0.46298660455127183
Gemma,full_shrinkage,strategic,Gemma_F4,-0.5521014952971434
Gemma,full_shrinkage,strategic,Gemma_F5,-0.30049865077635524
Gemma,full_shrinkage,strategic,Gemma_F6,-0.29680444673106166
Gemma,full_shrinkage,stream_of_consciousness,Gemma_F1,-0.7712056525878253
Gemma,full_shrinkage,stream_of_consciousness,Gemma_F2,0.5637089176542054
Gemma,full_shrinkage,stream_of_consciousness,Gemma_F3,-0.5336205103372584
Gemma,full_shrinkage,stream_of_consciousness,Gemma_F4,0.1476174433156652
Gemma,full_shrinkage,stream_of_consciousness,Gemma_F5,0.42257930209722777
Gemma,full_shrinkage,stream_of_consciousness,Gemma_F6,0.5970504171129711
Gemma,full_shrinkage,structuralist,Gemma_F1,0.7147414828617159
Gemma,full_shrinkage,structuralist,Gemma_F2,-0.7342797357930152
Gemma,full_shrinkage,structuralist,Gemma_F3,0.4031301328207117
Gemma,full_shrinkage,structuralist,Gemma_F4,-0.19735387895546241
Gemma,full_shrinkage,structuralist,Gemma_F5,-0.4538048206964818
Gemma,full_shrinkage,structuralist,Gemma_F6,-0.5186065722255384
Gemma,full_shrinkage,submissive,Gemma_F1,-0.2775571824924115
Gemma,full_shrinkage,submissive,Gemma_F2,0.5613913833773012
Gemma,full_shrinkage,submissive,Gemma_F3,0.05866662819989788
Gemma,full_shrinkage,submissive,Gemma_F4,0.38520267628907306
Gemma,full_shrinkage,submissive,Gemma_F5,0.8069010511763405
Gemma,full_shrinkage,submissive,Gemma_F6,-0.16238330323163977
Gemma,full_shrinkage,subversive,Gemma_F1,-0.6711687769523104
Gemma,full_shrinkage,subversive,Gemma_F2,0.21415305909597804
Gemma,full_shrinkage,subversive,Gemma_F3,-0.7605105604718193
Gemma,full_shrinkage,subversive,Gemma_F4,0.10867591503061753
Gemma,full_shrinkage,subversive,Gemma_F5,0.23573010943664915
Gemma,full_shrinkage,subversive,Gemma_F6,0.7015423996577845
Gemma,full_shrinkage,supportive,Gemma_F1,0.4929449972376118
Gemma,full_shrinkage,supportive,Gemma_F2,-0.05683345218971014
Gemma,full_shrinkage,supportive,Gemma_F3,0.8127045153231184
Gemma,full_shrinkage,supportive,Gemma_F4,-0.6207362014448171
Gemma,full_shrinkage,supportive,Gemma_F5,0.14582518090947963
Gemma,full_shrinkage,supportive,Gemma_F6,-0.394420356701641
Gemma,full_shrinkage,sycophantic,Gemma_F1,-0.706462542186877
Gemma,full_shrinkage,sycophantic,Gemma_F2,0.6355543984245653
Gemma,full_shrinkage,sycophantic,Gemma_F3,-0.4058033192243201
Gemma,full_shrinkage,sycophantic,Gemma_F4,0.29634133343357993
Gemma,full_shrinkage,sycophantic,Gemma_F5,0.501368040271714
Gemma,full_shrinkage,sycophantic,Gemma_F6,0.4257411043577689
Gemma,full_shrinkage,systems_thinker,Gemma_F1,0.08633877896575172
Gemma,full_shrinkage,systems_thinker,Gemma_F2,-0.3174488787812812
Gemma,full_shrinkage,systems_thinker,Gemma_F3,0.08683068509431409
Gemma,full_shrinkage,systems_thinker,Gemma_F4,-0.8584094493012167
Gemma,full_shrinkage,systems_thinker,Gemma_F5,-0.017029567111134396
Gemma,full_shrinkage,systems_thinker,Gemma_F6,0.3757322447732306
Gemma,full_shrinkage,tactful,Gemma_F1,0.534693929660825
Gemma,full_shrinkage,tactful,Gemma_F2,-0.27986964177633256
Gemma,full_shrinkage,tactful,Gemma_F3,0.9365590591637489
Gemma,full_shrinkage,tactful,Gemma_F4,-0.36461148914302705
Gemma,full_shrinkage,tactful,Gemma_F5,0.0396384478054785
Gemma,full_shrinkage,tactful,Gemma_F6,-0.1472253972925653
Gemma,full_shrinkage,technical,Gemma_F1,0.5177685077764351
Gemma,full_shrinkage,technical,Gemma_F2,-0.8985614786316908
Gemma,full_shrinkage,technical,Gemma_F3,0.097087130750621
Gemma,full_shrinkage,technical,Gemma_F4,-0.11790055737691013
Gemma,full_shrinkage,technical,Gemma_F5,-0.676192503837045
Gemma,full_shrinkage,technical,Gemma_F6,-0.06273330989233872
Gemma,full_shrinkage,temperamental,Gemma_F1,-0.8383698938471089
Gemma,full_shrinkage,temperamental,Gemma_F2,0.5657376659543286
Gemma,full_shrinkage,temperamental,Gemma_F3,-0.6865065494825245
Gemma,full_shrinkage,temperamental,Gemma_F4,0.31017565997996405
Gemma,full_shrinkage,temperamental,Gemma_F5,0.24974175333474888
Gemma,full_shrinkage,temperamental,Gemma_F6,0.4530604261034127
Gemma,full_shrinkage,theatrical,Gemma_F1,-0.5623141097839303
Gemma,full_shrinkage,theatrical,Gemma_F2,0.08695259600417402
Gemma,full_shrinkage,theatrical,Gemma_F3,-0.532167046820782
Gemma,full_shrinkage,theatrical,Gemma_F4,0.026163084342338085
Gemma,full_shrinkage,theatrical,Gemma_F5,-0.039138335857333825
Gemma,full_shrinkage,theatrical,Gemma_F6,0.8873764208857879
Gemma,full_shrinkage,theoretical,Gemma_F1,0.12070974349565321
Gemma,full_shrinkage,theoretical,Gemma_F2,-0.6488437718950124
Gemma,full_shrinkage,theoretical,Gemma_F3,-0.22656918058063338
Gemma,full_shrinkage,theoretical,Gemma_F4,-0.17113594848502828
Gemma,full_shrinkage,theoretical,Gemma_F5,-0.4544907767179158
Gemma,full_shrinkage,theoretical,Gemma_F6,0.6791730261909317
Gemma,full_shrinkage,traditional,Gemma_F1,0.526869172017145
Gemma,full_shrinkage,traditional,Gemma_F2,-0.20675467900804498
Gemma,full_shrinkage,traditional,Gemma_F3,0.7070205976697895
Gemma,full_shrinkage,traditional,Gemma_F4,0.17561286134254978
Gemma,full_shrinkage,traditional,Gemma_F5,-0.22790369382942438
Gemma,full_shrinkage,traditional,Gemma_F6,-0.06066763741921927
Gemma,full_shrinkage,transparent,Gemma_F1,0.46256622844720374
Gemma,full_shrinkage,transparent,Gemma_F2,-0.1313602154179476
Gemma,full_shrinkage,transparent,Gemma_F3,0.5095580188526185
Gemma,full_shrinkage,transparent,Gemma_F4,-0.11267341442300213
Gemma,full_shrinkage,transparent,Gemma_F5,0.03310048987982258
Gemma,full_shrinkage,transparent,Gemma_F6,-0.9349597656049105
Gemma,full_shrinkage,understated,Gemma_F1,0.2412686276440124
Gemma,full_shrinkage,understated,Gemma_F2,0.1407591545407561
Gemma,full_shrinkage,understated,Gemma_F3,0.5396763627355294
Gemma,full_shrinkage,understated,Gemma_F4,0.47364962609875766
Gemma,full_shrinkage,understated,Gemma_F5,0.23187036147601423
Gemma,full_shrinkage,understated,Gemma_F6,-0.6989052526114687
Gemma,full_shrinkage,universalist,Gemma_F1,-0.2151589413221858
Gemma,full_shrinkage,universalist,Gemma_F2,0.12289421652093645
Gemma,full_shrinkage,universalist,Gemma_F3,-0.48018403290332623
Gemma,full_shrinkage,universalist,Gemma_F4,0.057145645565360365
Gemma,full_shrinkage,universalist,Gemma_F5,-0.4411968923307887
Gemma,full_shrinkage,universalist,Gemma_F6,0.7642274448638366
Gemma,full_shrinkage,urgent,Gemma_F1,-0.4325432465919753
Gemma,full_shrinkage,urgent,Gemma_F2,0.31681868917600137
Gemma,full_shrinkage,urgent,Gemma_F3,-0.8167944854537872
Gemma,full_shrinkage,urgent,Gemma_F4,0.21880442349964085
Gemma,full_shrinkage,urgent,Gemma_F5,-0.1318482103917184
Gemma,full_shrinkage,urgent,Gemma_F6,-0.09617893820068707
Gemma,full_shrinkage,utilitarian,Gemma_F1,0.24150670025349347
Gemma,full_shrinkage,utilitarian,Gemma_F2,-0.30020790790963103
Gemma,full_shrinkage,utilitarian,Gemma_F3,0.14438432672935872
Gemma,full_shrinkage,utilitarian,Gemma_F4,0.1159887626916559
Gemma,full_shrinkage,utilitarian,Gemma_F5,-0.2541322207290337
Gemma,full_shrinkage,utilitarian,Gemma_F6,-0.8252819082634242
Gemma,full_shrinkage,verbose,Gemma_F1,-0.4973278624493385
Gemma,full_shrinkage,verbose,Gemma_F2,-0.07204669748053072
Gemma,full_shrinkage,verbose,Gemma_F3,-0.07401329757680143
Gemma,full_shrinkage,verbose,Gemma_F4,-0.5202505463956154
Gemma,full_shrinkage,verbose,Gemma_F5,-0.0563464290398812
Gemma,full_shrinkage,verbose,Gemma_F6,0.3157834923876093
Gemma,full_shrinkage,vindictive,Gemma_F1,0.3763202788490439
Gemma,full_shrinkage,vindictive,Gemma_F2,-0.052556147412309434
Gemma,full_shrinkage,vindictive,Gemma_F3,-0.20138696978187873
Gemma,full_shrinkage,vindictive,Gemma_F4,-0.1007523500797087
Gemma,full_shrinkage,vindictive,Gemma_F5,-0.19950558794714848
Gemma,full_shrinkage,vindictive,Gemma_F6,0.4304652077545791
Gemma,full_shrinkage,visceral,Gemma_F1,-0.7408070838239412
Gemma,full_shrinkage,visceral,Gemma_F2,0.636138109256956
Gemma,full_shrinkage,visceral,Gemma_F3,-0.66106256845567
Gemma,full_shrinkage,visceral,Gemma_F4,0.2464757982570956
Gemma,full_shrinkage,visceral,Gemma_F5,0.31971190953622114
Gemma,full_shrinkage,visceral,Gemma_F6,0.5064805181720402
Gemma,full_shrinkage,whimsical,Gemma_F1,-0.7540184660771996
Gemma,full_shrinkage,whimsical,Gemma_F2,0.3075918229304414
Gemma,full_shrinkage,whimsical,Gemma_F3,-0.4923041696692762
Gemma,full_shrinkage,whimsical,Gemma_F4,0.13880567754737466
Gemma,full_shrinkage,whimsical,Gemma_F5,0.13475338295096745
Gemma,full_shrinkage,whimsical,Gemma_F6,0.7933984782726538
Gemma,full_shrinkage,witty,Gemma_F1,-0.9012158189150674
Gemma,full_shrinkage,witty,Gemma_F2,0.514593738458675
Gemma,full_shrinkage,witty,Gemma_F3,-0.5841771786345629
Gemma,full_shrinkage,witty,Gemma_F4,0.07725706375537833
Gemma,full_shrinkage,witty,Gemma_F5,0.3886746341424728
Gemma,full_shrinkage,witty,Gemma_F6,0.4235005227257865
Gemma,full_shrinkage,wry,Gemma_F1,-0.7689687626153158
Gemma,full_shrinkage,wry,Gemma_F2,0.1354897559051539
Gemma,full_shrinkage,wry,Gemma_F3,-0.8039183096353765
Gemma,full_shrinkage,wry,Gemma_F4,0.33644126494085597
Gemma,full_shrinkage,wry,Gemma_F5,-0.034402480302740034
Gemma,full_shrinkage,wry,Gemma_F6,0.4667576437856528
Gemma,full_shrinkage,zealous,Gemma_F1,-0.579101368965882
Gemma,full_shrinkage,zealous,Gemma_F2,0.28110415276928596
Gemma,full_shrinkage,zealous,Gemma_F3,-0.6204407240966453
Gemma,full_shrinkage,zealous,Gemma_F4,0.034371980534298754
Gemma,full_shrinkage,zealous,Gemma_F5,-0.023671894685838964
Gemma,full_shrinkage,zealous,Gemma_F6,0.8576109440497905
Gemma,redundancy_controlled,absolutist,Gemma_F1,-0.25098097476787806
Gemma,redundancy_controlled,absolutist,Gemma_F2,-0.013240550685776353
Gemma,redundancy_controlled,absolutist,Gemma_F3,-0.5342614217786706
Gemma,redundancy_controlled,absolutist,Gemma_F4,0.1535664859822926
Gemma,redundancy_controlled,absolutist,Gemma_F5,-0.41681214586380066
Gemma,redundancy_controlled,absolutist,Gemma_F6,0.8820558143623135
Gemma,redundancy_controlled,abstract,Gemma_F1,0.19786328400044498
Gemma,redundancy_controlled,abstract,Gemma_F2,-0.560513042271759
Gemma,redundancy_controlled,abstract,Gemma_F3,-0.15700618605918298
Gemma,redundancy_controlled,abstract,Gemma_F4,-0.3505867175418961
Gemma,redundancy_controlled,abstract,Gemma_F5,-0.32834387174932267
Gemma,redundancy_controlled,abstract,Gemma_F6,0.7381447039078777
Gemma,redundancy_controlled,accessible,Gemma_F1,-0.21980030702152833
Gemma,redundancy_controlled,accessible,Gemma_F2,0.7429357349739235
Gemma,redundancy_controlled,accessible,Gemma_F3,0.26775776316068106
Gemma,redundancy_controlled,accessible,Gemma_F4,-0.005957412396807999
Gemma,redundancy_controlled,accessible,Gemma_F5,0.6610556537328166
Gemma,redundancy_controlled,accessible,Gemma_F6,-0.4611594968650101
Gemma,redundancy_controlled,accommodating,Gemma_F1,-0.42052039006032627
Gemma,redundancy_controlled,accommodating,Gemma_F2,0.5985279420838895
Gemma,redundancy_controlled,accommodating,Gemma_F3,0.028121790477885555
Gemma,redundancy_controlled,accommodating,Gemma_F4,0.07331260116318387
Gemma,redundancy_controlled,accommodating,Gemma_F5,0.887277592643853
Gemma,redundancy_controlled,accommodating,Gemma_F6,-0.2876819791244155
Gemma,redundancy_controlled,acerbic,Gemma_F1,-0.6617003386155046
Gemma,redundancy_controlled,acerbic,Gemma_F2,0.1073076723007751
Gemma,redundancy_controlled,acerbic,Gemma_F3,-0.891196587379103
Gemma,redundancy_controlled,acerbic,Gemma_F4,0.3334787726310629
Gemma,redundancy_controlled,acerbic,Gemma_F5,-0.11809118729072265
Gemma,redundancy_controlled,acerbic,Gemma_F6,0.46716539632786036
Gemma,redundancy_controlled,adaptable,Gemma_F1,0.019663434652234732
Gemma,redundancy_controlled,adaptable,Gemma_F2,0.40212648830155434
Gemma,redundancy_controlled,adaptable,Gemma_F3,0.40062384698346143
Gemma,redundancy_controlled,adaptable,Gemma_F4,-0.31594293412706653
Gemma,redundancy_controlled,adaptable,Gemma_F5,0.6553776957218486
Gemma,redundancy_controlled,adaptable,Gemma_F6,-0.643698200836293
Gemma,redundancy_controlled,adventurous,Gemma_F1,-0.7402106705653096
Gemma,redundancy_controlled,adventurous,Gemma_F2,0.334594863221758
Gemma,redundancy_controlled,adventurous,Gemma_F3,-0.6669173128457992
Gemma,redundancy_controlled,adventurous,Gemma_F4,-0.14222546224602176
Gemma,redundancy_controlled,adventurous,Gemma_F5,0.21929021297589296
Gemma,redundancy_controlled,adventurous,Gemma_F6,0.670701712494057
Gemma,redundancy_controlled,agreeable,Gemma_F1,0.5391183259667413
Gemma,redundancy_controlled,agreeable,Gemma_F2,-0.19588776132386898
Gemma,redundancy_controlled,agreeable,Gemma_F3,0.9487599697726489
Gemma,redundancy_controlled,agreeable,Gemma_F4,-0.3866256485759914
Gemma,redundancy_controlled,agreeable,Gemma_F5,0.14357175793999527
Gemma,redundancy_controlled,agreeable,Gemma_F6,-0.3907911169492039
Gemma,redundancy_controlled,altruistic,Gemma_F1,0.4570699281463253
Gemma,redundancy_controlled,altruistic,Gemma_F2,-0.2664144550737485
Gemma,redundancy_controlled,altruistic,Gemma_F3,0.7640887568846698
Gemma,redundancy_controlled,altruistic,Gemma_F4,-0.45339085358178505
Gemma,redundancy_controlled,altruistic,Gemma_F5,-0.10867140920230481
Gemma,redundancy_controlled,altruistic,Gemma_F6,0.23074356169316676
Gemma,redundancy_controlled,analytical,Gemma_F1,0.6499007081993169
Gemma,redundancy_controlled,analytical,Gemma_F2,-0.6492452030040302
Gemma,redundancy_controlled,analytical,Gemma_F3,0.44210409954459384
Gemma,redundancy_controlled,analytical,Gemma_F4,-0.1550472771698946
Gemma,redundancy_controlled,analytical,Gemma_F5,-0.46928686371162426
Gemma,redundancy_controlled,analytical,Gemma_F6,-0.632487223432899
Gemma,redundancy_controlled,animated,Gemma_F1,-0.8324787098082352
Gemma,redundancy_controlled,animated,Gemma_F2,0.6330365809070341
Gemma,redundancy_controlled,animated,Gemma_F3,-0.41944023022408433
Gemma,redundancy_controlled,animated,Gemma_F4,-0.1569140415474013
Gemma,redundancy_controlled,animated,Gemma_F5,0.4865991626621724
Gemma,redundancy_controlled,animated,Gemma_F6,0.39982712779471524
Gemma,redundancy_controlled,anthropocentric,Gemma_F1,-0.2420329188516788
Gemma,redundancy_controlled,anthropocentric,Gemma_F2,0.20396955194874425
Gemma,redundancy_controlled,anthropocentric,Gemma_F3,-0.6588561646692808
Gemma,redundancy_controlled,anthropocentric,Gemma_F4,0.4559055372076836
Gemma,redundancy_controlled,anthropocentric,Gemma_F5,-0.3246068397327442
Gemma,redundancy_controlled,anthropocentric,Gemma_F6,0.21993947189172858
Gemma,redundancy_controlled,anxious,Gemma_F1,-0.7148928223149869
Gemma,redundancy_controlled,anxious,Gemma_F2,0.6594923376931764
Gemma,redundancy_controlled,anxious,Gemma_F3,-0.5429001223336477
Gemma,redundancy_controlled,anxious,Gemma_F4,0.4600922749471018
Gemma,redundancy_controlled,anxious,Gemma_F5,0.4432813969201887
Gemma,redundancy_controlled,anxious,Gemma_F6,-0.006187604895033858
Gemma,redundancy_controlled,arrogant,Gemma_F1,-0.5211638655009253
Gemma,redundancy_controlled,arrogant,Gemma_F2,0.05393884042696015
Gemma,redundancy_controlled,arrogant,Gemma_F3,-0.7551021392621488
Gemma,redundancy_controlled,arrogant,Gemma_F4,0.2516660407591406
Gemma,redundancy_controlled,arrogant,Gemma_F5,-0.26749039211089776
Gemma,redundancy_controlled,arrogant,Gemma_F6,0.7569770399083668
Gemma,redundancy_controlled,artistic,Gemma_F1,-0.5704555093279262
Gemma,redundancy_controlled,artistic,Gemma_F2,0.23327078058738368
Gemma,redundancy_controlled,artistic,Gemma_F3,-0.3779218079584551
Gemma,redundancy_controlled,artistic,Gemma_F4,-0.1579709410798303
Gemma,redundancy_controlled,artistic,Gemma_F5,0.2052072698550764
Gemma,redundancy_controlled,artistic,Gemma_F6,0.8975480276404572
Gemma,redundancy_controlled,ascetic,Gemma_F1,0.4051941712849517
Gemma,redundancy_controlled,ascetic,Gemma_F2,-0.33193002125562104
Gemma,redundancy_controlled,ascetic,Gemma_F3,0.10262254877995888
Gemma,redundancy_controlled,ascetic,Gemma_F4,-0.13224094416998378
Gemma,redundancy_controlled,ascetic,Gemma_F5,-0.42596196653070234
Gemma,redundancy_controlled,ascetic,Gemma_F6,0.6779714901127094
Gemma,redundancy_controlled,assertive,Gemma_F1,-0.4828070652625694
Gemma,redundancy_controlled,assertive,Gemma_F2,0.20222504157255863
Gemma,redundancy_controlled,assertive,Gemma_F3,-0.8467744625031721
Gemma,redundancy_controlled,assertive,Gemma_F4,0.002607449540127571
Gemma,redundancy_controlled,assertive,Gemma_F5,-0.10939607983282881
Gemma,redundancy_controlled,assertive,Gemma_F6,0.7121208441587109
Gemma,redundancy_controlled,avoidant,Gemma_F1,-0.4283167622522388
Gemma,redundancy_controlled,avoidant,Gemma_F2,0.4860750196192703
Gemma,redundancy_controlled,avoidant,Gemma_F3,-0.09004757122720887
Gemma,redundancy_controlled,avoidant,Gemma_F4,0.7179916723594927
Gemma,redundancy_controlled,avoidant,Gemma_F5,0.5689640445255468
Gemma,redundancy_controlled,avoidant,Gemma_F6,-0.1276463472450232
Gemma,redundancy_controlled,benevolent,Gemma_F1,0.48762057606183457
Gemma,redundancy_controlled,benevolent,Gemma_F2,-0.11221279204591156
Gemma,redundancy_controlled,benevolent,Gemma_F3,0.9208428268412631
Gemma,redundancy_controlled,benevolent,Gemma_F4,-0.4685034672187086
Gemma,redundancy_controlled,benevolent,Gemma_F5,0.20521332353264823
Gemma,redundancy_controlled,benevolent,Gemma_F6,-0.3549366503333365
Gemma,redundancy_controlled,big_picture,Gemma_F1,0.36683353183036493
Gemma,redundancy_controlled,big_picture,Gemma_F2,-0.5087075909162617
Gemma,redundancy_controlled,big_picture,Gemma_F3,0.05153685506844481
Gemma,redundancy_controlled,big_picture,Gemma_F4,-0.6147744061521391
Gemma,redundancy_controlled,big_picture,Gemma_F5,-0.3061251833977529
Gemma,redundancy_controlled,big_picture,Gemma_F6,0.547151050516793
Gemma,redundancy_controlled,bitter,Gemma_F1,-0.6726971577038571
Gemma,redundancy_controlled,bitter,Gemma_F2,0.3685216326579857
Gemma,redundancy_controlled,bitter,Gemma_F3,-0.8747793927036758
Gemma,redundancy_controlled,bitter,Gemma_F4,0.28758079620549426
Gemma,redundancy_controlled,bitter,Gemma_F5,0.07540110386709045
Gemma,redundancy_controlled,bitter,Gemma_F6,0.5251465243098022
Gemma,redundancy_controlled,blunt,Gemma_F1,-0.17661758492282795
Gemma,redundancy_controlled,blunt,Gemma_F2,0.0077283416079061504
Gemma,redundancy_controlled,blunt,Gemma_F3,-0.8234335789481942
Gemma,redundancy_controlled,blunt,Gemma_F4,0.2930175472334999
Gemma,redundancy_controlled,blunt,Gemma_F5,-0.30038885534057347
Gemma,redundancy_controlled,blunt,Gemma_F6,-0.13247595801003803
Gemma,redundancy_controlled,bombastic,Gemma_F1,-0.38405908679503153
Gemma,redundancy_controlled,bombastic,Gemma_F2,-0.12320780753633287
Gemma,redundancy_controlled,bombastic,Gemma_F3,-0.5196147245467664
Gemma,redundancy_controlled,bombastic,Gemma_F4,0.025740580825931378
Gemma,redundancy_controlled,bombastic,Gemma_F5,-0.2949289725888662
Gemma,redundancy_controlled,bombastic,Gemma_F6,0.9115262232839388
Gemma,redundancy_controlled,calculating,Gemma_F1,0.7002194693727375
Gemma,redundancy_controlled,calculating,Gemma_F2,-0.8272975772932245
Gemma,redundancy_controlled,calculating,Gemma_F3,0.4462112502982251
Gemma,redundancy_controlled,calculating,Gemma_F4,-0.3631953725992871
Gemma,redundancy_controlled,calculating,Gemma_F5,-0.3439257274567954
Gemma,redundancy_controlled,calculating,Gemma_F6,-0.18615507002125845
Gemma,redundancy_controlled,callous,Gemma_F1,-0.41252211977194647
Gemma,redundancy_controlled,callous,Gemma_F2,-0.048538268967642344
Gemma,redundancy_controlled,callous,Gemma_F3,-0.8608452384497056
Gemma,redundancy_controlled,callous,Gemma_F4,0.46491621041224823
Gemma,redundancy_controlled,callous,Gemma_F5,-0.36830049945274335
Gemma,redundancy_controlled,callous,Gemma_F6,0.40329357907019775
Gemma,redundancy_controlled,calm,Gemma_F1,0.7577210065311256
Gemma,redundancy_controlled,calm,Gemma_F2,-0.5169828605683121
Gemma,redundancy_controlled,calm,Gemma_F3,0.8234545787324813
Gemma,redundancy_controlled,calm,Gemma_F4,-0.2992502988688748
Gemma,redundancy_controlled,calm,Gemma_F5,-0.1713210291517139
Gemma,redundancy_controlled,calm,Gemma_F6,-0.4343210457201875
Gemma,redundancy_controlled,casual,Gemma_F1,-0.6207089944781461
Gemma,redundancy_controlled,casual,Gemma_F2,0.8078771647744494
Gemma,redundancy_controlled,casual,Gemma_F3,-0.2604070128036026
Gemma,redundancy_controlled,casual,Gemma_F4,0.1281811981719388
Gemma,redundancy_controlled,casual,Gemma_F5,0.6699581337869468
Gemma,redundancy_controlled,casual,Gemma_F6,-0.2064114793904506
Gemma,redundancy_controlled,cautious,Gemma_F1,0.6160409604161383
Gemma,redundancy_controlled,cautious,Gemma_F2,-0.45930902535416157
Gemma,redundancy_controlled,cautious,Gemma_F3,0.5765916638480618
Gemma,redundancy_controlled,cautious,Gemma_F4,-0.024352676342788992
Gemma,redundancy_controlled,cautious,Gemma_F5,-0.004391096713499135
Gemma,redundancy_controlled,cautious,Gemma_F6,-0.7550251636879316
Gemma,redundancy_controlled,challenging,Gemma_F1,-0.006611916762318858
Gemma,redundancy_controlled,challenging,Gemma_F2,-0.5594611280966134
Gemma,redundancy_controlled,challenging,Gemma_F3,-0.6787212992102247
Gemma,redundancy_controlled,challenging,Gemma_F4,-0.1969490958088654
Gemma,redundancy_controlled,challenging,Gemma_F5,-0.08451480834603826
Gemma,redundancy_controlled,challenging,Gemma_F6,0.22193662611308415
Gemma,redundancy_controlled,chaotic,Gemma_F1,-0.7921047137455868
Gemma,redundancy_controlled,chaotic,Gemma_F2,0.31585465552050895
Gemma,redundancy_controlled,chaotic,Gemma_F3,-0.6490707271795637
Gemma,redundancy_controlled,chaotic,Gemma_F4,-0.014877789736870654
Gemma,redundancy_controlled,chaotic,Gemma_F5,0.3817950571472247
Gemma,redundancy_controlled,chaotic,Gemma_F6,0.5959832448353147
Gemma,redundancy_controlled,charismatic,Gemma_F1,-0.6537422792574773
Gemma,redundancy_controlled,charismatic,Gemma_F2,0.3212568465607695
Gemma,redundancy_controlled,charismatic,Gemma_F3,-0.4850126003653761
Gemma,redundancy_controlled,charismatic,Gemma_F4,-0.37273210668844586
Gemma,redundancy_controlled,charismatic,Gemma_F5,0.30953050257065146
Gemma,redundancy_controlled,charismatic,Gemma_F6,0.664289022573068
Gemma,redundancy_controlled,chill,Gemma_F1,0.21360960058536924
Gemma,redundancy_controlled,chill,Gemma_F2,0.19734201631090564
Gemma,redundancy_controlled,chill,Gemma_F3,0.7936353205872888
Gemma,redundancy_controlled,chill,Gemma_F4,-0.3190773477453248
Gemma,redundancy_controlled,chill,Gemma_F5,0.49498877685618214
Gemma,redundancy_controlled,chill,Gemma_F6,-0.4921532344653879
Gemma,redundancy_controlled,circumspect,Gemma_F1,0.4899179953584599
Gemma,redundancy_controlled,circumspect,Gemma_F2,-0.38928501656653197
Gemma,redundancy_controlled,circumspect,Gemma_F3,0.8474067125156158
Gemma,redundancy_controlled,circumspect,Gemma_F4,-0.48324724007353165
Gemma,redundancy_controlled,circumspect,Gemma_F5,0.20026521246715537
Gemma,redundancy_controlled,circumspect,Gemma_F6,-0.24802865300375976
Gemma,redundancy_controlled,closure_seeking,Gemma_F1,0.039739218474411094
Gemma,redundancy_controlled,closure_seeking,Gemma_F2,-0.15074761983954202
Gemma,redundancy_controlled,closure_seeking,Gemma_F3,-0.384959971117993
Gemma,redundancy_controlled,closure_seeking,Gemma_F4,0.23595446796640862
Gemma,redundancy_controlled,closure_seeking,Gemma_F5,-0.8988387778145386
Gemma,redundancy_controlled,closure_seeking,Gemma_F6,0.25885639057130594
Gemma,redundancy_controlled,collaborative,Gemma_F1,0.37400393499448015
Gemma,redundancy_controlled,collaborative,Gemma_F2,-0.12330435268776091
Gemma,redundancy_controlled,collaborative,Gemma_F3,0.773342595802502
Gemma,redundancy_controlled,collaborative,Gemma_F4,-0.21323517098896244
Gemma,redundancy_controlled,collaborative,Gemma_F5,0.23717182296632114
Gemma,redundancy_controlled,collaborative,Gemma_F6,-0.7232024300086277
Gemma,redundancy_controlled,collectivistic,Gemma_F1,0.43505274058749904
Gemma,redundancy_controlled,collectivistic,Gemma_F2,-0.2783976683549119
Gemma,redundancy_controlled,collectivistic,Gemma_F3,0.74216778818512
Gemma,redundancy_controlled,collectivistic,Gemma_F4,-0.2880650337702285
Gemma,redundancy_controlled,collectivistic,Gemma_F5,-0.2358905751256641
Gemma,redundancy_controlled,collectivistic,Gemma_F6,0.24771636304917738
Gemma,redundancy_controlled,competitive,Gemma_F1,-0.4947553399470567
Gemma,redundancy_controlled,competitive,Gemma_F2,0.130946035850779
Gemma,redundancy_controlled,competitive,Gemma_F3,-0.9205262190090516
Gemma,redundancy_controlled,competitive,Gemma_F4,0.2469328233422904
Gemma,redundancy_controlled,competitive,Gemma_F5,-0.20250510755635862
Gemma,redundancy_controlled,competitive,Gemma_F6,0.5434232681841547
Gemma,redundancy_controlled,conceptual,Gemma_F1,0.17280477913372005
Gemma,redundancy_controlled,conceptual,Gemma_F2,-0.5140360327740497
Gemma,redundancy_controlled,conceptual,Gemma_F3,-0.1841058928039739
Gemma,redundancy_controlled,conceptual,Gemma_F4,-0.266835220718145
Gemma,redundancy_controlled,conceptual,Gemma_F5,-0.31362796346642596
Gemma,redundancy_controlled,conceptual,Gemma_F6,0.7844353611447444
Gemma,redundancy_controlled,conciliatory,Gemma_F1,0.6113258157713467
Gemma,redundancy_controlled,conciliatory,Gemma_F2,-0.3073408709492901
Gemma,redundancy_controlled,conciliatory,Gemma_F3,0.9055902369307542
Gemma,redundancy_controlled,conciliatory,Gemma_F4,-0.29134880840953326
Gemma,redundancy_controlled,conciliatory,Gemma_F5,0.06463923736331548
Gemma,redundancy_controlled,conciliatory,Gemma_F6,-0.5461708715605487
Gemma,redundancy_controlled,concise,Gemma_F1,0.21618985628909573
Gemma,redundancy_controlled,concise,Gemma_F2,-0.020618894110702394
Gemma,redundancy_controlled,concise,Gemma_F3,-0.36230283860532486
Gemma,redundancy_controlled,concise,Gemma_F4,0.48154201771366495
Gemma,redundancy_controlled,concise,Gemma_F5,-0.07384072631002957
Gemma,redundancy_controlled,concise,Gemma_F6,0.3631413690076693
Gemma,redundancy_controlled,condescending,Gemma_F1,-0.6808375217188286
Gemma,redundancy_controlled,condescending,Gemma_F2,0.16904091743532673
Gemma,redundancy_controlled,condescending,Gemma_F3,-0.6890763314987117
Gemma,redundancy_controlled,condescending,Gemma_F4,0.3626562128085413
Gemma,redundancy_controlled,condescending,Gemma_F5,-0.05272615469982174
Gemma,redundancy_controlled,condescending,Gemma_F6,0.6980630955101033
Gemma,redundancy_controlled,confident,Gemma_F1,-0.3077919893097973
Gemma,redundancy_controlled,confident,Gemma_F2,-0.025421682952269428
Gemma,redundancy_controlled,confident,Gemma_F3,-0.6303018023573805
Gemma,redundancy_controlled,confident,Gemma_F4,0.06578699315635861
Gemma,redundancy_controlled,confident,Gemma_F5,-0.4335930750863993
Gemma,redundancy_controlled,confident,Gemma_F6,0.8389763105795187
Gemma,redundancy_controlled,confrontational,Gemma_F1,-0.18675000306623446
Gemma,redundancy_controlled,confrontational,Gemma_F2,-0.16158975289073957
Gemma,redundancy_controlled,confrontational,Gemma_F3,-0.8835331663389027
Gemma,redundancy_controlled,confrontational,Gemma_F4,0.041548630390300406
Gemma,redundancy_controlled,confrontational,Gemma_F5,-0.4446163915037568
Gemma,redundancy_controlled,confrontational,Gemma_F6,0.2690669162696928
Gemma,redundancy_controlled,conscientious,Gemma_F1,0.8033560204345002
Gemma,redundancy_controlled,conscientious,Gemma_F2,-0.7252144621169999
Gemma,redundancy_controlled,conscientious,Gemma_F3,0.5266490533271473
Gemma,redundancy_controlled,conscientious,Gemma_F4,-0.42662198413873226
Gemma,redundancy_controlled,conscientious,Gemma_F5,-0.41288019802492565
Gemma,redundancy_controlled,conscientious,Gemma_F6,-0.15007865325746397
Gemma,redundancy_controlled,constructivist,Gemma_F1,-0.41871300423574404
Gemma,redundancy_controlled,constructivist,Gemma_F2,0.3680413595181062
Gemma,redundancy_controlled,constructivist,Gemma_F3,-0.10669194736911214
Gemma,redundancy_controlled,constructivist,Gemma_F4,-0.4852593048630567
Gemma,redundancy_controlled,constructivist,Gemma_F5,0.7322916283287433
Gemma,redundancy_controlled,constructivist,Gemma_F6,0.28098112004059805
Gemma,redundancy_controlled,contemporary,Gemma_F1,0.1456436223827265
Gemma,redundancy_controlled,contemporary,Gemma_F2,0.07930249867402024
Gemma,redundancy_controlled,contemporary,Gemma_F3,0.2662070754380308
Gemma,redundancy_controlled,contemporary,Gemma_F4,-0.0726292679900428
Gemma,redundancy_controlled,contemporary,Gemma_F5,0.30008690889285694
Gemma,redundancy_controlled,contemporary,Gemma_F6,-0.9474997039341623
Gemma,redundancy_controlled,contrarian,Gemma_F1,-0.2779281435436948
Gemma,redundancy_controlled,contrarian,Gemma_F2,-0.2766775151902485
Gemma,redundancy_controlled,contrarian,Gemma_F3,-0.7947338727370082
Gemma,redundancy_controlled,contrarian,Gemma_F4,-0.16802766794849552
Gemma,redundancy_controlled,contrarian,Gemma_F5,-0.12174891059989947
Gemma,redundancy_controlled,contrarian,Gemma_F6,0.6279741018655466
Gemma,redundancy_controlled,convergent,Gemma_F1,0.7024254162188331
Gemma,redundancy_controlled,convergent,Gemma_F2,-0.4503687983679733
Gemma,redundancy_controlled,convergent,Gemma_F3,0.13458232642432405
Gemma,redundancy_controlled,convergent,Gemma_F4,0.2858837873774808
Gemma,redundancy_controlled,convergent,Gemma_F5,-0.2976909707590102
Gemma,redundancy_controlled,convergent,Gemma_F6,-0.6285482192847698
Gemma,redundancy_controlled,cosmopolitan,Gemma_F1,0.5888267989827424
Gemma,redundancy_controlled,cosmopolitan,Gemma_F2,-0.7249793651497781
Gemma,redundancy_controlled,cosmopolitan,Gemma_F3,0.4982904414050749
Gemma,redundancy_controlled,cosmopolitan,Gemma_F4,-0.4464635275337387
Gemma,redundancy_controlled,cosmopolitan,Gemma_F5,-0.23448157963940605
Gemma,redundancy_controlled,cosmopolitan,Gemma_F6,-0.27870931052007986
Gemma,redundancy_controlled,creative,Gemma_F1,-0.6803745991822207
Gemma,redundancy_controlled,creative,Gemma_F2,0.19972149334620423
Gemma,redundancy_controlled,creative,Gemma_F3,-0.516458553434309
Gemma,redundancy_controlled,creative,Gemma_F4,-0.15357051608929911
Gemma,redundancy_controlled,creative,Gemma_F5,0.15732745396854714
Gemma,redundancy_controlled,creative,Gemma_F6,0.8259395740775862
Gemma,redundancy_controlled,critical,Gemma_F1,0.007118565226102646
Gemma,redundancy_controlled,critical,Gemma_F2,-0.4668796362392843
Gemma,redundancy_controlled,critical,Gemma_F3,-0.6197204368839201
Gemma,redundancy_controlled,critical,Gemma_F4,-0.40316549278294533
Gemma,redundancy_controlled,critical,Gemma_F5,-0.0454397792804598
Gemma,redundancy_controlled,critical,Gemma_F6,0.28041238978929817
Gemma,redundancy_controlled,cruel,Gemma_F1,-0.5807563857840072
Gemma,redundancy_controlled,cruel,Gemma_F2,0.1530322004315952
Gemma,redundancy_controlled,cruel,Gemma_F3,-0.8969686674420235
Gemma,redundancy_controlled,cruel,Gemma_F4,0.39973622437218614
Gemma,redundancy_controlled,cruel,Gemma_F5,-0.1690303360533866
Gemma,redundancy_controlled,cruel,Gemma_F6,0.5039604557960058
Gemma,redundancy_controlled,cryptic,Gemma_F1,-0.4008219219617247
Gemma,redundancy_controlled,cryptic,Gemma_F2,0.013623781217137667
Gemma,redundancy_controlled,cryptic,Gemma_F3,-0.44678658104552665
Gemma,redundancy_controlled,cryptic,Gemma_F4,0.023166233023874605
Gemma,redundancy_controlled,cryptic,Gemma_F5,-0.1306304250443375
Gemma,redundancy_controlled,cryptic,Gemma_F6,0.9619472088279366
Gemma,redundancy_controlled,curious,Gemma_F1,0.19748335099227138
Gemma,redundancy_controlled,curious,Gemma_F2,-0.22338873538022308
Gemma,redundancy_controlled,curious,Gemma_F3,0.3758406242712841
Gemma,redundancy_controlled,curious,Gemma_F4,-0.8563166079566191
Gemma,redundancy_controlled,curious,Gemma_F5,0.3405165549098535
Gemma,redundancy_controlled,curious,Gemma_F6,0.05372487491198131
Gemma,redundancy_controlled,cynical,Gemma_F1,-0.5168795973052955
Gemma,redundancy_controlled,cynical,Gemma_F2,0.07065949890987366
Gemma,redundancy_controlled,cynical,Gemma_F3,-0.9319948077881686
Gemma,redundancy_controlled,cynical,Gemma_F4,0.37071924869332507
Gemma,redundancy_controlled,cynical,Gemma_F5,-0.11379414926117498
Gemma,redundancy_controlled,cynical,Gemma_F6,0.3950640042829429
Gemma,redundancy_controlled,data_driven,Gemma_F1,0.5801902847027212
Gemma,redundancy_controlled,data_driven,Gemma_F2,-0.6226375024300533
Gemma,redundancy_controlled,data_driven,Gemma_F3,0.36756650471362823
Gemma,redundancy_controlled,data_driven,Gemma_F4,0.06614321248020809
Gemma,redundancy_controlled,data_driven,Gemma_F5,-0.4328797128301091
Gemma,redundancy_controlled,data_driven,Gemma_F6,-0.7021763504709515
Gemma,redundancy_controlled,decisive,Gemma_F1,0.17462002395661763
Gemma,redundancy_controlled,decisive,Gemma_F2,-0.32491978914958364
Gemma,redundancy_controlled,decisive,Gemma_F3,-0.4380816731883567
Gemma,redundancy_controlled,decisive,Gemma_F4,-0.15057135624242796
Gemma,redundancy_controlled,decisive,Gemma_F5,-0.773342269997022
Gemma,redundancy_controlled,decisive,Gemma_F6,0.3840834751405983
Gemma,redundancy_controlled,deconstructionist,Gemma_F1,-0.19073468431973636
Gemma,redundancy_controlled,deconstructionist,Gemma_F2,-0.398830163592761
Gemma,redundancy_controlled,deconstructionist,Gemma_F3,-0.6123794831942586
Gemma,redundancy_controlled,deconstructionist,Gemma_F4,-0.405179643198897
Gemma,redundancy_controlled,deconstructionist,Gemma_F5,0.1323584816794273
Gemma,redundancy_controlled,deconstructionist,Gemma_F6,0.43845372431490415
Gemma,redundancy_controlled,deferential,Gemma_F1,0.4797404201494438
Gemma,redundancy_controlled,deferential,Gemma_F2,-0.28266919515674194
Gemma,redundancy_controlled,deferential,Gemma_F3,0.7092261391838878
Gemma,redundancy_controlled,deferential,Gemma_F4,0.1700785956200429
Gemma,redundancy_controlled,deferential,Gemma_F5,0.32628802526204964
Gemma,redundancy_controlled,deferential,Gemma_F6,-0.5582138857753893
Gemma,redundancy_controlled,deontological,Gemma_F1,0.09450189936794096
Gemma,redundancy_controlled,deontological,Gemma_F2,-0.08407504422663711
Gemma,redundancy_controlled,deontological,Gemma_F3,-0.06783822725064208
Gemma,redundancy_controlled,deontological,Gemma_F4,0.015166596445776443
Gemma,redundancy_controlled,deontological,Gemma_F5,0.0004994852310904021
Gemma,redundancy_controlled,deontological,Gemma_F6,0.6873273126180576
Gemma,redundancy_controlled,descriptive,Gemma_F1,0.6131592914955305
Gemma,redundancy_controlled,descriptive,Gemma_F2,-0.5796164169251705
Gemma,redundancy_controlled,descriptive,Gemma_F3,0.6261487001139487
Gemma,redundancy_controlled,descriptive,Gemma_F4,0.1697723392126324
Gemma,redundancy_controlled,descriptive,Gemma_F5,-0.45329727865350977
Gemma,redundancy_controlled,descriptive,Gemma_F6,-0.4549704854649672
Gemma,redundancy_controlled,detached,Gemma_F1,0.5327610542243646
Gemma,redundancy_controlled,detached,Gemma_F2,-0.7430290862328978
Gemma,redundancy_controlled,detached,Gemma_F3,0.17511593935413686
Gemma,redundancy_controlled,detached,Gemma_F4,0.13349458131666556
Gemma,redundancy_controlled,detached,Gemma_F5,-0.7496959895897642
Gemma,redundancy_controlled,detached,Gemma_F6,-0.31511775821906524
Gemma,redundancy_controlled,deterministic,Gemma_F1,-0.3324268678898945
Gemma,redundancy_controlled,deterministic,Gemma_F2,-0.16223650596145828
Gemma,redundancy_controlled,deterministic,Gemma_F3,-0.5994631294257485
Gemma,redundancy_controlled,deterministic,Gemma_F4,0.2390198594343623
Gemma,redundancy_controlled,deterministic,Gemma_F5,-0.26752462472176103
Gemma,redundancy_controlled,deterministic,Gemma_F6,0.8472316599535789
Gemma,redundancy_controlled,diplomatic,Gemma_F1,0.6325052909451298
Gemma,redundancy_controlled,diplomatic,Gemma_F2,-0.39715939821276885
Gemma,redundancy_controlled,diplomatic,Gemma_F3,0.9290366727838908
Gemma,redundancy_controlled,diplomatic,Gemma_F4,-0.319963369750953
Gemma,redundancy_controlled,diplomatic,Gemma_F5,-0.07727539568744608
Gemma,redundancy_controlled,diplomatic,Gemma_F6,-0.3443754825948227
Gemma,redundancy_controlled,disorganized,Gemma_F1,-0.8322096347228902
Gemma,redundancy_controlled,disorganized,Gemma_F2,0.5681559181863528
Gemma,redundancy_controlled,disorganized,Gemma_F3,-0.5736812901080551
Gemma,redundancy_controlled,disorganized,Gemma_F4,0.34797933386211827
Gemma,redundancy_controlled,disorganized,Gemma_F5,0.259712911509656
Gemma,redundancy_controlled,disorganized,Gemma_F6,0.533295300770573
Gemma,redundancy_controlled,dispassionate,Gemma_F1,0.6994796754729226
Gemma,redundancy_controlled,dispassionate,Gemma_F2,-0.7320093567074258
Gemma,redundancy_controlled,dispassionate,Gemma_F3,0.39146860584611115
Gemma,redundancy_controlled,dispassionate,Gemma_F4,0.040603253931693305
Gemma,redundancy_controlled,dispassionate,Gemma_F5,-0.6103533989898563
Gemma,redundancy_controlled,dispassionate,Gemma_F6,-0.4351076940204069
Gemma,redundancy_controlled,divergent,Gemma_F1,-0.6901447753479759
Gemma,redundancy_controlled,divergent,Gemma_F2,0.21356899587049055
Gemma,redundancy_controlled,divergent,Gemma_F3,0.0028749115847572925
Gemma,redundancy_controlled,divergent,Gemma_F4,-0.5257424383464085
Gemma,redundancy_controlled,divergent,Gemma_F5,0.17027842321916223
Gemma,redundancy_controlled,divergent,Gemma_F6,0.20106257389448448
Gemma,redundancy_controlled,dogmatic,Gemma_F1,-0.43486207810597083
Gemma,redundancy_controlled,dogmatic,Gemma_F2,0.17198328904129284
Gemma,redundancy_controlled,dogmatic,Gemma_F3,-0.6744096328704338
Gemma,redundancy_controlled,dogmatic,Gemma_F4,0.2968490958527462
Gemma,redundancy_controlled,dogmatic,Gemma_F5,-0.26573687443929245
Gemma,redundancy_controlled,dogmatic,Gemma_F6,0.8071369447144212
Gemma,redundancy_controlled,dominant,Gemma_F1,-0.12060078352861121
Gemma,redundancy_controlled,dominant,Gemma_F2,-0.22926004169364825
Gemma,redundancy_controlled,dominant,Gemma_F3,-0.6098303674719601
Gemma,redundancy_controlled,dominant,Gemma_F4,-0.12174897261164845
Gemma,redundancy_controlled,dominant,Gemma_F5,-0.725934367203936
Gemma,redundancy_controlled,dominant,Gemma_F6,0.42260494065355403
Gemma,redundancy_controlled,dramatic,Gemma_F1,-0.5438139570947743
Gemma,redundancy_controlled,dramatic,Gemma_F2,0.18174278258638177
Gemma,redundancy_controlled,dramatic,Gemma_F3,-0.5469130357573576
Gemma,redundancy_controlled,dramatic,Gemma_F4,-0.03179927230290419
Gemma,redundancy_controlled,dramatic,Gemma_F5,-0.0018512100770297247
Gemma,redundancy_controlled,dramatic,Gemma_F6,0.9186737668276965
Gemma,redundancy_controlled,earnest,Gemma_F1,0.7655428444382895
Gemma,redundancy_controlled,earnest,Gemma_F2,-0.45451572819475616
Gemma,redundancy_controlled,earnest,Gemma_F3,0.6014383457835321
Gemma,redundancy_controlled,earnest,Gemma_F4,-0.5673547227221248
Gemma,redundancy_controlled,earnest,Gemma_F5,-0.25282169764184526
Gemma,redundancy_controlled,earnest,Gemma_F6,0.06176812865338396
Gemma,redundancy_controlled,eclectic,Gemma_F1,-0.4389520060042702
Gemma,redundancy_controlled,eclectic,Gemma_F2,-0.06110364925804815
Gemma,redundancy_controlled,eclectic,Gemma_F3,-0.33251125340964705
Gemma,redundancy_controlled,eclectic,Gemma_F4,-0.34763372598015996
Gemma,redundancy_controlled,eclectic,Gemma_F5,0.05297936545240036
Gemma,redundancy_controlled,eclectic,Gemma_F6,0.8841615981212596
Gemma,redundancy_controlled,edgy,Gemma_F1,-0.7802811698738119
Gemma,redundancy_controlled,edgy,Gemma_F2,0.34147695070226475
Gemma,redundancy_controlled,edgy,Gemma_F3,-0.8686627111206465
Gemma,redundancy_controlled,edgy,Gemma_F4,0.24110649903342568
Gemma,redundancy_controlled,edgy,Gemma_F5,0.13198863434550245
Gemma,redundancy_controlled,edgy,Gemma_F6,0.4609488396047856
Gemma,redundancy_controlled,educational,Gemma_F1,0.5949407181941558
Gemma,redundancy_controlled,educational,Gemma_F2,-0.46799125473556125
Gemma,redundancy_controlled,educational,Gemma_F3,0.5465895065057211
Gemma,redundancy_controlled,educational,Gemma_F4,-0.5854674320066265
Gemma,redundancy_controlled,educational,Gemma_F5,-0.39116637318844366
Gemma,redundancy_controlled,educational,Gemma_F6,-0.41297430730174683
Gemma,redundancy_controlled,efficient,Gemma_F1,-0.006497434724866255
Gemma,redundancy_controlled,efficient,Gemma_F2,0.4738407537497397
Gemma,redundancy_controlled,efficient,Gemma_F3,-0.32430637894817194
Gemma,redundancy_controlled,efficient,Gemma_F4,0.6025417025048228
Gemma,redundancy_controlled,efficient,Gemma_F5,0.054546364293335085
Gemma,redundancy_controlled,efficient,Gemma_F6,-0.20775204795312305
Gemma,redundancy_controlled,effusive,Gemma_F1,-0.8709982103860725
Gemma,redundancy_controlled,effusive,Gemma_F2,0.646887193856649
Gemma,redundancy_controlled,effusive,Gemma_F3,-0.5132894997450509
Gemma,redundancy_controlled,effusive,Gemma_F4,0.08428004874823675
Gemma,redundancy_controlled,effusive,Gemma_F5,0.3868623706500721
Gemma,redundancy_controlled,effusive,Gemma_F6,0.4643174198400747
Gemma,redundancy_controlled,egalitarian,Gemma_F1,0.28156395905197573
Gemma,redundancy_controlled,egalitarian,Gemma_F2,0.032130310218382085
Gemma,redundancy_controlled,egalitarian,Gemma_F3,0.4398416255453541
Gemma,redundancy_controlled,egalitarian,Gemma_F4,-0.6626361744406326
Gemma,redundancy_controlled,egalitarian,Gemma_F5,0.3451169203308105
Gemma,redundancy_controlled,egalitarian,Gemma_F6,-0.5371860840074342
Gemma,redundancy_controlled,elitist,Gemma_F1,-0.3025108753692515
Gemma,redundancy_controlled,elitist,Gemma_F2,-0.15496457868861782
Gemma,redundancy_controlled,elitist,Gemma_F3,-0.6563970443894046
Gemma,redundancy_controlled,elitist,Gemma_F4,0.1849844693802625
Gemma,redundancy_controlled,elitist,Gemma_F5,-0.4010472385143083
Gemma,redundancy_controlled,elitist,Gemma_F6,0.7998469967196552
Gemma,redundancy_controlled,eloquent,Gemma_F1,-0.16663255024370263
Gemma,redundancy_controlled,eloquent,Gemma_F2,-0.2988104974601468
Gemma,redundancy_controlled,eloquent,Gemma_F3,-0.25892246625948234
Gemma,redundancy_controlled,eloquent,Gemma_F4,-0.2697610261901537
Gemma,redundancy_controlled,eloquent,Gemma_F5,-0.23611921626699342
Gemma,redundancy_controlled,eloquent,Gemma_F6,0.919521757973504
Gemma,redundancy_controlled,emotional,Gemma_F1,-0.6197355047718112
Gemma,redundancy_controlled,emotional,Gemma_F2,0.692411678377331
Gemma,redundancy_controlled,emotional,Gemma_F3,-0.3078239145261509
Gemma,redundancy_controlled,emotional,Gemma_F4,-0.11684602502615135
Gemma,redundancy_controlled,emotional,Gemma_F5,0.6730297646479884
Gemma,redundancy_controlled,emotional,Gemma_F6,0.4426592267308675
Gemma,redundancy_controlled,empathetic,Gemma_F1,-0.3070896893047498
Gemma,redundancy_controlled,empathetic,Gemma_F2,0.6648866562025688
Gemma,redundancy_controlled,empathetic,Gemma_F3,0.13943139459977325
Gemma,redundancy_controlled,empathetic,Gemma_F4,-0.28822213412942227
Gemma,redundancy_controlled,empathetic,Gemma_F5,0.8423984816333095
Gemma,redundancy_controlled,empathetic,Gemma_F6,0.002890490730414018
Gemma,redundancy_controlled,enigmatic,Gemma_F1,-0.48782449834294866
Gemma,redundancy_controlled,enigmatic,Gemma_F2,0.1343259003452363
Gemma,redundancy_controlled,enigmatic,Gemma_F3,-0.48272614872464514
Gemma,redundancy_controlled,enigmatic,Gemma_F4,0.08635709844774057
Gemma,redundancy_controlled,enigmatic,Gemma_F5,-0.02356645482416821
Gemma,redundancy_controlled,enigmatic,Gemma_F6,0.9405170391548262
Gemma,redundancy_controlled,entertaining,Gemma_F1,-0.898209201192518
Gemma,redundancy_controlled,entertaining,Gemma_F2,0.6207247752407885
Gemma,redundancy_controlled,entertaining,Gemma_F3,-0.5259830487462487
Gemma,redundancy_controlled,entertaining,Gemma_F4,0.10005512655089621
Gemma,redundancy_controlled,entertaining,Gemma_F5,0.4475971257972544
Gemma,redundancy_controlled,entertaining,Gemma_F6,0.4068489580364206
Gemma,redundancy_controlled,environmental,Gemma_F1,0.11462814110935904
Gemma,redundancy_controlled,environmental,Gemma_F2,-0.12532086223039052
Gemma,redundancy_controlled,environmental,Gemma_F3,0.25035006109365326
Gemma,redundancy_controlled,environmental,Gemma_F4,-0.5128181409980224
Gemma,redundancy_controlled,environmental,Gemma_F5,-0.1335032502982992
Gemma,redundancy_controlled,environmental,Gemma_F6,0.6673952117430526
Gemma,redundancy_controlled,epicurean,Gemma_F1,-0.28657419047529104
Gemma,redundancy_controlled,epicurean,Gemma_F2,-0.3367410046008205
Gemma,redundancy_controlled,epicurean,Gemma_F3,-0.29084800136489036
Gemma,redundancy_controlled,epicurean,Gemma_F4,-0.22765374990053225
Gemma,redundancy_controlled,epicurean,Gemma_F5,-0.10790845227782858
Gemma,redundancy_controlled,epicurean,Gemma_F6,0.8396645212164396
Gemma,redundancy_controlled,erudite,Gemma_F1,0.3595611158448648
Gemma,redundancy_controlled,erudite,Gemma_F2,-0.8386399016527092
Gemma,redundancy_controlled,erudite,Gemma_F3,-0.029957968633516213
Gemma,redundancy_controlled,erudite,Gemma_F4,-0.2785266084512935
Gemma,redundancy_controlled,erudite,Gemma_F5,-0.5776784988092731
Gemma,redundancy_controlled,erudite,Gemma_F6,0.42353072459359353
Gemma,redundancy_controlled,esoteric,Gemma_F1,-0.14768229307336156
Gemma,redundancy_controlled,esoteric,Gemma_F2,-0.40911959300730416
Gemma,redundancy_controlled,esoteric,Gemma_F3,-0.437190625716098
Gemma,redundancy_controlled,esoteric,Gemma_F4,-0.016819045445594785
Gemma,redundancy_controlled,esoteric,Gemma_F5,-0.4088617933438452
Gemma,redundancy_controlled,esoteric,Gemma_F6,0.841887156456176
Gemma,redundancy_controlled,essentialist,Gemma_F1,-0.12325030014297687
Gemma,redundancy_controlled,essentialist,Gemma_F2,-0.15133267655318872
Gemma,redundancy_controlled,essentialist,Gemma_F3,-0.38926690267072195
Gemma,redundancy_controlled,essentialist,Gemma_F4,0.23488980188497238
Gemma,redundancy_controlled,essentialist,Gemma_F5,-0.5139022657604803
Gemma,redundancy_controlled,essentialist,Gemma_F6,0.8465977447071268
Gemma,redundancy_controlled,ethereal,Gemma_F1,-0.4153210246741716
Gemma,redundancy_controlled,ethereal,Gemma_F2,0.07898560834030845
Gemma,redundancy_controlled,ethereal,Gemma_F3,-0.38281130510561373
Gemma,redundancy_controlled,ethereal,Gemma_F4,0.05909562273798412
Gemma,redundancy_controlled,ethereal,Gemma_F5,-0.045508489073637845
Gemma,redundancy_controlled,ethereal,Gemma_F6,0.9616234765680309
Gemma,redundancy_controlled,evil,Gemma_F1,-0.7257684199220911
Gemma,redundancy_controlled,evil,Gemma_F2,0.33901769262147524
Gemma,redundancy_controlled,evil,Gemma_F3,-0.8449371824814794
Gemma,redundancy_controlled,evil,Gemma_F4,0.2970800152990838
Gemma,redundancy_controlled,evil,Gemma_F5,0.06840978084883564
Gemma,redundancy_controlled,evil,Gemma_F6,0.5634542380675192
Gemma,redundancy_controlled,existentialist,Gemma_F1,-0.04313324119278534
Gemma,redundancy_controlled,existentialist,Gemma_F2,0.37510061528406113
Gemma,redundancy_controlled,existentialist,Gemma_F3,0.10710921817602424
Gemma,redundancy_controlled,existentialist,Gemma_F4,-0.48994074469667964
Gemma,redundancy_controlled,existentialist,Gemma_F5,0.6496049656306112
Gemma,redundancy_controlled,existentialist,Gemma_F6,-0.44775430239609265
Gemma,redundancy_controlled,experiential,Gemma_F1,-0.5369443492453452
Gemma,redundancy_controlled,experiential,Gemma_F2,0.7517260785295584
Gemma,redundancy_controlled,experiential,Gemma_F3,-0.059233589213589254
Gemma,redundancy_controlled,experiential,Gemma_F4,0.07969016057737605
Gemma,redundancy_controlled,experiential,Gemma_F5,0.5832162647993773
Gemma,redundancy_controlled,experiential,Gemma_F6,-0.39030827781854216
Gemma,redundancy_controlled,exploratory,Gemma_F1,0.18490123304480968
Gemma,redundancy_controlled,exploratory,Gemma_F2,-0.12361843544477423
Gemma,redundancy_controlled,exploratory,Gemma_F3,0.5469216758021604
Gemma,redundancy_controlled,exploratory,Gemma_F4,-0.5583340617151409
Gemma,redundancy_controlled,exploratory,Gemma_F5,0.32880047068232254
Gemma,redundancy_controlled,exploratory,Gemma_F6,-0.6692921216606619
Gemma,redundancy_controlled,extroverted,Gemma_F1,-0.715836574644719
Gemma,redundancy_controlled,extroverted,Gemma_F2,0.7278290080728578
Gemma,redundancy_controlled,extroverted,Gemma_F3,-0.24508312209328373
Gemma,redundancy_controlled,extroverted,Gemma_F4,-0.04986220931650621
Gemma,redundancy_controlled,extroverted,Gemma_F5,0.5726428736551139
Gemma,redundancy_controlled,extroverted,Gemma_F6,-0.1673914245430854
Gemma,redundancy_controlled,factual,Gemma_F1,0.7679297093730368
Gemma,redundancy_controlled,factual,Gemma_F2,-0.44494122487329196
Gemma,redundancy_controlled,factual,Gemma_F3,0.6443397911503462
Gemma,redundancy_controlled,factual,Gemma_F4,-0.12224032644870302
Gemma,redundancy_controlled,factual,Gemma_F5,-0.14118960129518376
Gemma,redundancy_controlled,factual,Gemma_F6,-0.733823961853682
Gemma,redundancy_controlled,fatalistic,Gemma_F1,-0.36801665553688145
Gemma,redundancy_controlled,fatalistic,Gemma_F2,-0.0017470471590556554
Gemma,redundancy_controlled,fatalistic,Gemma_F3,-0.4505031534536335
Gemma,redundancy_controlled,fatalistic,Gemma_F4,0.18131136351595153
Gemma,redundancy_controlled,fatalistic,Gemma_F5,-0.1478129566021009
Gemma,redundancy_controlled,fatalistic,Gemma_F6,0.9410624291661893
Gemma,redundancy_controlled,flexible,Gemma_F1,0.33688219781817713
Gemma,redundancy_controlled,flexible,Gemma_F2,0.04146913091088069
Gemma,redundancy_controlled,flexible,Gemma_F3,0.7012015443777407
Gemma,redundancy_controlled,flexible,Gemma_F4,-0.32162462854044177
Gemma,redundancy_controlled,flexible,Gemma_F5,0.35001184880133085
Gemma,redundancy_controlled,flexible,Gemma_F6,-0.7676961379766213
Gemma,redundancy_controlled,flippant,Gemma_F1,-0.8626165211387959
Gemma,redundancy_controlled,flippant,Gemma_F2,0.6060243473984964
Gemma,redundancy_controlled,flippant,Gemma_F3,-0.613333553582401
Gemma,redundancy_controlled,flippant,Gemma_F4,0.4150915356952146
Gemma,redundancy_controlled,flippant,Gemma_F5,0.3432357568171652
Gemma,redundancy_controlled,flippant,Gemma_F6,0.13829893975819654
Gemma,redundancy_controlled,flirty,Gemma_F1,-0.7922023317144957
Gemma,redundancy_controlled,flirty,Gemma_F2,0.47109602088308916
Gemma,redundancy_controlled,flirty,Gemma_F3,-0.6153208456853931
Gemma,redundancy_controlled,flirty,Gemma_F4,0.18526407659592992
Gemma,redundancy_controlled,flirty,Gemma_F5,0.3482141882119422
Gemma,redundancy_controlled,flirty,Gemma_F6,0.6208447921069392
Gemma,redundancy_controlled,forgiving,Gemma_F1,-0.27993885666170726
Gemma,redundancy_controlled,forgiving,Gemma_F2,0.5052393122398782
Gemma,redundancy_controlled,forgiving,Gemma_F3,0.25618713214367167
Gemma,redundancy_controlled,forgiving,Gemma_F4,-0.3224631426334895
Gemma,redundancy_controlled,forgiving,Gemma_F5,0.5362736364460118
Gemma,redundancy_controlled,forgiving,Gemma_F6,0.5048347378014284
Gemma,redundancy_controlled,formal,Gemma_F1,0.6559011029131284
Gemma,redundancy_controlled,formal,Gemma_F2,-0.8075806842922668
Gemma,redundancy_controlled,formal,Gemma_F3,0.3172427281195614
Gemma,redundancy_controlled,formal,Gemma_F4,-0.16812623234943466
Gemma,redundancy_controlled,formal,Gemma_F5,-0.616023559979827
Gemma,redundancy_controlled,formal,Gemma_F6,0.1819321193579441
Gemma,redundancy_controlled,formalist,Gemma_F1,0.6151876329742918
Gemma,redundancy_controlled,formalist,Gemma_F2,-0.8146009716049868
Gemma,redundancy_controlled,formalist,Gemma_F3,0.3211141139731586
Gemma,redundancy_controlled,formalist,Gemma_F4,0.03549234464346363
Gemma,redundancy_controlled,formalist,Gemma_F5,-0.7102153514903075
Gemma,redundancy_controlled,formalist,Gemma_F6,-0.17127618997728852
Gemma,redundancy_controlled,fundamentalist,Gemma_F1,-0.20303624580158314
Gemma,redundancy_controlled,fundamentalist,Gemma_F2,0.005231687721761439
Gemma,redundancy_controlled,fundamentalist,Gemma_F3,-0.4523567760388181
Gemma,redundancy_controlled,fundamentalist,Gemma_F4,0.3361897087943006
Gemma,redundancy_controlled,fundamentalist,Gemma_F5,-0.4259812738759038
Gemma,redundancy_controlled,fundamentalist,Gemma_F6,0.8263014650509397
Gemma,redundancy_controlled,futuristic,Gemma_F1,-0.3838580598255272
Gemma,redundancy_controlled,futuristic,Gemma_F2,-0.24822996527767385
Gemma,redundancy_controlled,futuristic,Gemma_F3,-0.47203393284319545
Gemma,redundancy_controlled,futuristic,Gemma_F4,-0.35534416669161756
Gemma,redundancy_controlled,futuristic,Gemma_F5,-0.026458809058381962
Gemma,redundancy_controlled,futuristic,Gemma_F6,0.377589002380312
Gemma,redundancy_controlled,generalist,Gemma_F1,-0.3016360398890329
Gemma,redundancy_controlled,generalist,Gemma_F2,0.4127342900898248
Gemma,redundancy_controlled,generalist,Gemma_F3,0.03190830285206871
Gemma,redundancy_controlled,generalist,Gemma_F4,-0.6935506876861776
Gemma,redundancy_controlled,generalist,Gemma_F5,0.023678498558731585
Gemma,redundancy_controlled,generalist,Gemma_F6,0.24098503180222308
Gemma,redundancy_controlled,generous,Gemma_F1,0.32169849108825377
Gemma,redundancy_controlled,generous,Gemma_F2,-0.30757867577299985
Gemma,redundancy_controlled,generous,Gemma_F3,0.48356314213587026
Gemma,redundancy_controlled,generous,Gemma_F4,-0.8670086682839377
Gemma,redundancy_controlled,generous,Gemma_F5,-0.1805812663970163
Gemma,redundancy_controlled,generous,Gemma_F6,-0.0747247729803958
Gemma,redundancy_controlled,goofy,Gemma_F1,-0.9066888151879847
Gemma,redundancy_controlled,goofy,Gemma_F2,0.555693314949872
Gemma,redundancy_controlled,goofy,Gemma_F3,-0.5615878413565977
Gemma,redundancy_controlled,goofy,Gemma_F4,0.3578129112605013
Gemma,redundancy_controlled,goofy,Gemma_F5,0.25887204444143974
Gemma,redundancy_controlled,goofy,Gemma_F6,0.38370258540099766
Gemma,redundancy_controlled,grandiose,Gemma_F1,-0.38314602355020233
Gemma,redundancy_controlled,grandiose,Gemma_F2,-0.092709605177011
Gemma,redundancy_controlled,grandiose,Gemma_F3,-0.5488336219754832
Gemma,redundancy_controlled,grandiose,Gemma_F4,0.03917148843051607
Gemma,redundancy_controlled,grandiose,Gemma_F5,-0.2511595475517538
Gemma,redundancy_controlled,grandiose,Gemma_F6,0.9240974320679898
Gemma,redundancy_controlled,gregarious,Gemma_F1,-0.47922616185855327
Gemma,redundancy_controlled,gregarious,Gemma_F2,0.668617019345464
Gemma,redundancy_controlled,gregarious,Gemma_F3,0.054336375475517555
Gemma,redundancy_controlled,gregarious,Gemma_F4,-0.0766004840103429
Gemma,redundancy_controlled,gregarious,Gemma_F5,0.7501029650019495
Gemma,redundancy_controlled,gregarious,Gemma_F6,-0.3837567923958602
Gemma,redundancy_controlled,grounded,Gemma_F1,0.3009257896204187
Gemma,redundancy_controlled,grounded,Gemma_F2,0.08363928693296144
Gemma,redundancy_controlled,grounded,Gemma_F3,0.41276653870485913
Gemma,redundancy_controlled,grounded,Gemma_F4,0.11574766343993231
Gemma,redundancy_controlled,grounded,Gemma_F5,0.11619104398385553
Gemma,redundancy_controlled,grounded,Gemma_F6,-0.9759391930089379
Gemma,redundancy_controlled,hedonistic,Gemma_F1,-0.8692564934031274
Gemma,redundancy_controlled,hedonistic,Gemma_F2,0.6131258435260509
Gemma,redundancy_controlled,hedonistic,Gemma_F3,-0.5981908381184228
Gemma,redundancy_controlled,hedonistic,Gemma_F4,0.2772755227549732
Gemma,redundancy_controlled,hedonistic,Gemma_F5,0.390815418058958
Gemma,redundancy_controlled,hedonistic,Gemma_F6,0.3592074000781056
Gemma,redundancy_controlled,historical,Gemma_F1,-0.3572381157590819
Gemma,redundancy_controlled,historical,Gemma_F2,-0.19931100564887885
Gemma,redundancy_controlled,historical,Gemma_F3,-0.4955328603788346
Gemma,redundancy_controlled,historical,Gemma_F4,-0.013078337375755481
Gemma,redundancy_controlled,historical,Gemma_F5,-0.24401768155144143
Gemma,redundancy_controlled,historical,Gemma_F6,0.8563112326720802
Gemma,redundancy_controlled,holistic,Gemma_F1,0.36247126147328307
Gemma,redundancy_controlled,holistic,Gemma_F2,-0.5230662265208772
Gemma,redundancy_controlled,holistic,Gemma_F3,0.2997260870489968
Gemma,redundancy_controlled,holistic,Gemma_F4,-0.8744678704093566
Gemma,redundancy_controlled,holistic,Gemma_F5,-0.07332263671692058
Gemma,redundancy_controlled,holistic,Gemma_F6,-0.007894652834599104
Gemma,redundancy_controlled,hostile,Gemma_F1,-0.6465210841813832
Gemma,redundancy_controlled,hostile,Gemma_F2,0.3493867751778728
Gemma,redundancy_controlled,hostile,Gemma_F3,-0.9185855669773736
Gemma,redundancy_controlled,hostile,Gemma_F4,0.368781320393787
Gemma,redundancy_controlled,hostile,Gemma_F5,-0.019956182471687636
Gemma,redundancy_controlled,hostile,Gemma_F6,0.3303782188891932
Gemma,redundancy_controlled,humanistic,Gemma_F1,0.09124983779976908
Gemma,redundancy_controlled,humanistic,Gemma_F2,0.3019213397960844
Gemma,redundancy_controlled,humanistic,Gemma_F3,0.5742572536344454
Gemma,redundancy_controlled,humanistic,Gemma_F4,-0.6254699988030962
Gemma,redundancy_controlled,humanistic,Gemma_F5,0.5199297803193098
Gemma,redundancy_controlled,humanistic,Gemma_F6,-0.006591969028856471
Gemma,redundancy_controlled,humble,Gemma_F1,0.16261839707577194
Gemma,redundancy_controlled,humble,Gemma_F2,0.15878051662927642
Gemma,redundancy_controlled,humble,Gemma_F3,0.4581623436657742
Gemma,redundancy_controlled,humble,Gemma_F4,0.0329639332214456
Gemma,redundancy_controlled,humble,Gemma_F5,0.5837815567421589
Gemma,redundancy_controlled,humble,Gemma_F6,-0.8104144202634218
Gemma,redundancy_controlled,iconoclastic,Gemma_F1,-0.5689812855897548
Gemma,redundancy_controlled,iconoclastic,Gemma_F2,0.11885442841540562
Gemma,redundancy_controlled,iconoclastic,Gemma_F3,-0.92300233978711
Gemma,redundancy_controlled,iconoclastic,Gemma_F4,0.07252057925960992
Gemma,redundancy_controlled,iconoclastic,Gemma_F5,-0.0043716169281064025
Gemma,redundancy_controlled,iconoclastic,Gemma_F6,0.592834191112649
Gemma,redundancy_controlled,idealistic,Gemma_F1,-0.1434693713535871
Gemma,redundancy_controlled,idealistic,Gemma_F2,-0.07012666049348283
Gemma,redundancy_controlled,idealistic,Gemma_F3,-0.1718687648800708
Gemma,redundancy_controlled,idealistic,Gemma_F4,-0.17845833694250454
Gemma,redundancy_controlled,idealistic,Gemma_F5,-0.2688568543769086
Gemma,redundancy_controlled,idealistic,Gemma_F6,0.9465856707211912
Gemma,redundancy_controlled,impatient,Gemma_F1,-0.6689871955042195
Gemma,redundancy_controlled,impatient,Gemma_F2,0.608240937488342
Gemma,redundancy_controlled,impatient,Gemma_F3,-0.7463343818999459
Gemma,redundancy_controlled,impatient,Gemma_F4,0.4380120514742821
Gemma,redundancy_controlled,impatient,Gemma_F5,0.3319508624598245
Gemma,redundancy_controlled,impatient,Gemma_F6,0.06492363040737344
Gemma,redundancy_controlled,improvisational,Gemma_F1,-0.6524767961975094
Gemma,redundancy_controlled,improvisational,Gemma_F2,0.5991716833625783
Gemma,redundancy_controlled,improvisational,Gemma_F3,-0.3714086691413945
Gemma,redundancy_controlled,improvisational,Gemma_F4,0.0540608686081607
Gemma,redundancy_controlled,improvisational,Gemma_F5,0.8090476163653786
Gemma,redundancy_controlled,improvisational,Gemma_F6,0.27482543836976114
Gemma,redundancy_controlled,impulsive,Gemma_F1,-0.7492171935143774
Gemma,redundancy_controlled,impulsive,Gemma_F2,0.6658416929880934
Gemma,redundancy_controlled,impulsive,Gemma_F3,-0.5570505165697679
Gemma,redundancy_controlled,impulsive,Gemma_F4,0.4782266313903474
Gemma,redundancy_controlled,impulsive,Gemma_F5,0.39589431520555735
Gemma,redundancy_controlled,impulsive,Gemma_F6,0.2857282660171522
Gemma,redundancy_controlled,inclusive,Gemma_F1,0.5075454325226113
Gemma,redundancy_controlled,inclusive,Gemma_F2,-0.4628458427726268
Gemma,redundancy_controlled,inclusive,Gemma_F3,0.6501708469421722
Gemma,redundancy_controlled,inclusive,Gemma_F4,-0.6211711320725826
Gemma,redundancy_controlled,inclusive,Gemma_F5,0.18315455542453268
Gemma,redundancy_controlled,inclusive,Gemma_F6,-0.41033847546647934
Gemma,redundancy_controlled,independent,Gemma_F1,0.49368979766247634
Gemma,redundancy_controlled,independent,Gemma_F2,-0.6483720188309876
Gemma,redundancy_controlled,independent,Gemma_F3,0.04090203777304144
Gemma,redundancy_controlled,independent,Gemma_F4,-0.5352817314855459
Gemma,redundancy_controlled,independent,Gemma_F5,-0.30822560079243944
Gemma,redundancy_controlled,independent,Gemma_F6,0.4166558330074271
Gemma,redundancy_controlled,individualistic,Gemma_F1,-0.6839607577061902
Gemma,redundancy_controlled,individualistic,Gemma_F2,0.24770976913021303
Gemma,redundancy_controlled,individualistic,Gemma_F3,-0.8209580707133435
Gemma,redundancy_controlled,individualistic,Gemma_F4,0.038251860530798966
Gemma,redundancy_controlled,individualistic,Gemma_F5,0.2549868600670341
Gemma,redundancy_controlled,individualistic,Gemma_F6,0.5839974988332027
Gemma,redundancy_controlled,innovative,Gemma_F1,-0.6614273111435879
Gemma,redundancy_controlled,innovative,Gemma_F2,0.13163294239439505
Gemma,redundancy_controlled,innovative,Gemma_F3,-0.7644258487314309
Gemma,redundancy_controlled,innovative,Gemma_F4,-0.1892804288931478
Gemma,redundancy_controlled,innovative,Gemma_F5,0.08482797522913371
Gemma,redundancy_controlled,innovative,Gemma_F6,0.5495815406747536
Gemma,redundancy_controlled,inquisitive,Gemma_F1,0.10203900388348798
Gemma,redundancy_controlled,inquisitive,Gemma_F2,0.06573808186929726
Gemma,redundancy_controlled,inquisitive,Gemma_F3,0.2887762030187348
Gemma,redundancy_controlled,inquisitive,Gemma_F4,-0.0004211427080723107
Gemma,redundancy_controlled,inquisitive,Gemma_F5,0.7272537982793348
Gemma,redundancy_controlled,inquisitive,Gemma_F6,-0.6710861551078039
Gemma,redundancy_controlled,inspirational,Gemma_F1,0.5414965195257908
Gemma,redundancy_controlled,inspirational,Gemma_F2,-0.34062421626404904
Gemma,redundancy_controlled,inspirational,Gemma_F3,0.7672506635078592
Gemma,redundancy_controlled,inspirational,Gemma_F4,-0.6005423843289661
Gemma,redundancy_controlled,inspirational,Gemma_F5,-0.07382374944871835
Gemma,redundancy_controlled,inspirational,Gemma_F6,-0.014741661238749698
Gemma,redundancy_controlled,interdisciplinary,Gemma_F1,-0.438221790863091
Gemma,redundancy_controlled,interdisciplinary,Gemma_F2,-0.02241399691180006
Gemma,redundancy_controlled,interdisciplinary,Gemma_F3,-0.3292754534978121
Gemma,redundancy_controlled,interdisciplinary,Gemma_F4,-0.6355400006938496
Gemma,redundancy_controlled,interdisciplinary,Gemma_F5,-0.06399629991777082
Gemma,redundancy_controlled,interdisciplinary,Gemma_F6,0.5493794631137382
Gemma,redundancy_controlled,introspective,Gemma_F1,0.1826617900771373
Gemma,redundancy_controlled,introspective,Gemma_F2,-0.5560216901944145
Gemma,redundancy_controlled,introspective,Gemma_F3,0.053233236364140124
Gemma,redundancy_controlled,introspective,Gemma_F4,-0.243069472015073
Gemma,redundancy_controlled,introspective,Gemma_F5,0.4479645868133908
Gemma,redundancy_controlled,introspective,Gemma_F6,-0.07071687676852276
Gemma,redundancy_controlled,introverted,Gemma_F1,0.5333913769621148
Gemma,redundancy_controlled,introverted,Gemma_F2,-0.6807103298330385
Gemma,redundancy_controlled,introverted,Gemma_F3,0.11478861604701618
Gemma,redundancy_controlled,introverted,Gemma_F4,-0.2205405844850123
Gemma,redundancy_controlled,introverted,Gemma_F5,-0.522321255124548
Gemma,redundancy_controlled,introverted,Gemma_F6,0.5222720531309454
Gemma,redundancy_controlled,intuitive,Gemma_F1,-0.5576960466141875
Gemma,redundancy_controlled,intuitive,Gemma_F2,0.46128370313637496
Gemma,redundancy_controlled,intuitive,Gemma_F3,-0.3342643104410067
Gemma,redundancy_controlled,intuitive,Gemma_F4,-0.3085798141820512
Gemma,redundancy_controlled,intuitive,Gemma_F5,0.23937586282701523
Gemma,redundancy_controlled,intuitive,Gemma_F6,0.7839994317762955
Gemma,redundancy_controlled,ironic,Gemma_F1,-0.8198017412528813
Gemma,redundancy_controlled,ironic,Gemma_F2,0.33860731845365116
Gemma,redundancy_controlled,ironic,Gemma_F3,-0.7608287803914309
Gemma,redundancy_controlled,ironic,Gemma_F4,0.27532181023996727
Gemma,redundancy_controlled,ironic,Gemma_F5,0.10956761386399592
Gemma,redundancy_controlled,ironic,Gemma_F6,0.5469299007984092
Gemma,redundancy_controlled,irreverent,Gemma_F1,-0.8653904329714168
Gemma,redundancy_controlled,irreverent,Gemma_F2,0.5970902402860082
Gemma,redundancy_controlled,irreverent,Gemma_F3,-0.6576270494130738
Gemma,redundancy_controlled,irreverent,Gemma_F4,0.3130742734210171
Gemma,redundancy_controlled,irreverent,Gemma_F5,0.3862045121702629
Gemma,redundancy_controlled,irreverent,Gemma_F6,0.12598540061262933
Gemma,redundancy_controlled,judgmental,Gemma_F1,-0.6385164035664764
Gemma,redundancy_controlled,judgmental,Gemma_F2,0.30421850462103833
Gemma,redundancy_controlled,judgmental,Gemma_F3,-0.9310001594319859
Gemma,redundancy_controlled,judgmental,Gemma_F4,0.289596602516947
Gemma,redundancy_controlled,judgmental,Gemma_F5,0.025685166895252916
Gemma,redundancy_controlled,judgmental,Gemma_F6,0.41199139921231703
Gemma,redundancy_controlled,libertarian,Gemma_F1,-0.4592952775596175
Gemma,redundancy_controlled,libertarian,Gemma_F2,0.22972163697604991
Gemma,redundancy_controlled,libertarian,Gemma_F3,-0.6213983129185154
Gemma,redundancy_controlled,libertarian,Gemma_F4,0.037669716981083144
Gemma,redundancy_controlled,libertarian,Gemma_F5,-0.046976231390216394
Gemma,redundancy_controlled,libertarian,Gemma_F6,0.8808235803621286
Gemma,redundancy_controlled,literal,Gemma_F1,0.16678906664919993
Gemma,redundancy_controlled,literal,Gemma_F2,-0.10764426225649687
Gemma,redundancy_controlled,literal,Gemma_F3,0.10863471484388298
Gemma,redundancy_controlled,literal,Gemma_F4,0.843055165238727
Gemma,redundancy_controlled,literal,Gemma_F5,-0.3380097623236315
Gemma,redundancy_controlled,literal,Gemma_F6,-0.2859615604698265
Gemma,redundancy_controlled,manic,Gemma_F1,-0.8912346720307962
Gemma,redundancy_controlled,manic,Gemma_F2,0.5985775908005945
Gemma,redundancy_controlled,manic,Gemma_F3,-0.6277992405357435
Gemma,redundancy_controlled,manic,Gemma_F4,0.26540965115039133
Gemma,redundancy_controlled,manic,Gemma_F5,0.24459413312107597
Gemma,redundancy_controlled,manic,Gemma_F6,0.40024003106139644
Gemma,redundancy_controlled,manipulative,Gemma_F1,-0.6900601891941732
Gemma,redundancy_controlled,manipulative,Gemma_F2,0.4668688944846035
Gemma,redundancy_controlled,manipulative,Gemma_F3,-0.7820034059169043
Gemma,redundancy_controlled,manipulative,Gemma_F4,0.3166781180303179
Gemma,redundancy_controlled,manipulative,Gemma_F5,0.25608736932332476
Gemma,redundancy_controlled,manipulative,Gemma_F6,0.5319030193948585
Gemma,redundancy_controlled,materialist,Gemma_F1,0.17606025071095438
Gemma,redundancy_controlled,materialist,Gemma_F2,-0.21961909033933363
Gemma,redundancy_controlled,materialist,Gemma_F3,-0.006588354818628497
Gemma,redundancy_controlled,materialist,Gemma_F4,0.5719093917379174
Gemma,redundancy_controlled,materialist,Gemma_F5,-0.34958161359061
Gemma,redundancy_controlled,materialist,Gemma_F6,-0.7042941497059351
Gemma,redundancy_controlled,meditative,Gemma_F1,0.21347441108224668
Gemma,redundancy_controlled,meditative,Gemma_F2,-0.32801662984585034
Gemma,redundancy_controlled,meditative,Gemma_F3,0.2490016591015328
Gemma,redundancy_controlled,meditative,Gemma_F4,-0.2783925515308769
Gemma,redundancy_controlled,meditative,Gemma_F5,-0.17877278126189042
Gemma,redundancy_controlled,meditative,Gemma_F6,0.7766085203612796
Gemma,redundancy_controlled,melancholic,Gemma_F1,-0.36762921651519076
Gemma,redundancy_controlled,melancholic,Gemma_F2,0.007152119106418727
Gemma,redundancy_controlled,melancholic,Gemma_F3,-0.6720440569150279
Gemma,redundancy_controlled,melancholic,Gemma_F4,0.19981110328280466
Gemma,redundancy_controlled,melancholic,Gemma_F5,-0.16139286546461723
Gemma,redundancy_controlled,melancholic,Gemma_F6,0.8339980107476602
Gemma,redundancy_controlled,melodramatic,Gemma_F1,-0.5791716819313117
Gemma,redundancy_controlled,melodramatic,Gemma_F2,0.17056046074723613
Gemma,redundancy_controlled,melodramatic,Gemma_F3,-0.564480833764106
Gemma,redundancy_controlled,melodramatic,Gemma_F4,0.04151329630459151
Gemma,redundancy_controlled,melodramatic,Gemma_F5,-0.035576673034580966
Gemma,redundancy_controlled,melodramatic,Gemma_F6,0.900986761895394
Gemma,redundancy_controlled,mercurial,Gemma_F1,-0.8318279375081923
Gemma,redundancy_controlled,mercurial,Gemma_F2,0.43569669838420877
Gemma,redundancy_controlled,mercurial,Gemma_F3,-0.714684795599078
Gemma,redundancy_controlled,mercurial,Gemma_F4,0.2976375090638449
Gemma,redundancy_controlled,mercurial,Gemma_F5,0.20263497856283932
Gemma,redundancy_controlled,mercurial,Gemma_F6,0.5773521813169005
Gemma,redundancy_controlled,metaphorical,Gemma_F1,-0.5645295759076235
Gemma,redundancy_controlled,metaphorical,Gemma_F2,0.23743933288266214
Gemma,redundancy_controlled,metaphorical,Gemma_F3,-0.4241739234133358
Gemma,redundancy_controlled,metaphorical,Gemma_F4,-0.12199712485550883
Gemma,redundancy_controlled,metaphorical,Gemma_F5,0.11019322809818013
Gemma,redundancy_controlled,metaphorical,Gemma_F6,0.9114536255779568
Gemma,redundancy_controlled,methodical,Gemma_F1,0.7927036364108271
Gemma,redundancy_controlled,methodical,Gemma_F2,-0.6303960461594805
Gemma,redundancy_controlled,methodical,Gemma_F3,0.5533900971318215
Gemma,redundancy_controlled,methodical,Gemma_F4,-0.16484068540653662
Gemma,redundancy_controlled,methodical,Gemma_F5,-0.40473857532872565
Gemma,redundancy_controlled,methodical,Gemma_F6,-0.5694515997598228
Gemma,redundancy_controlled,meticulous,Gemma_F1,0.6633137214650207
Gemma,redundancy_controlled,meticulous,Gemma_F2,-0.8523047356152916
Gemma,redundancy_controlled,meticulous,Gemma_F3,0.3432965180850488
Gemma,redundancy_controlled,meticulous,Gemma_F4,-0.24883536610742943
Gemma,redundancy_controlled,meticulous,Gemma_F5,-0.6224911083478619
Gemma,redundancy_controlled,meticulous,Gemma_F6,0.0074898146235277815
Gemma,redundancy_controlled,militant,Gemma_F1,-0.5243898559397623
Gemma,redundancy_controlled,militant,Gemma_F2,0.23050121666714934
Gemma,redundancy_controlled,militant,Gemma_F3,-0.8909299224761977
Gemma,redundancy_controlled,militant,Gemma_F4,0.19669804964001109
Gemma,redundancy_controlled,militant,Gemma_F5,-0.14917964727110108
Gemma,redundancy_controlled,militant,Gemma_F6,0.6338242557362067
Gemma,redundancy_controlled,misanthropic,Gemma_F1,-0.5401581191616917
Gemma,redundancy_controlled,misanthropic,Gemma_F2,0.14607520975357943
Gemma,redundancy_controlled,misanthropic,Gemma_F3,-0.8230219599640713
Gemma,redundancy_controlled,misanthropic,Gemma_F4,0.28840184437403055
Gemma,redundancy_controlled,misanthropic,Gemma_F5,-0.09601654314547747
Gemma,redundancy_controlled,misanthropic,Gemma_F6,0.7177759365353377
Gemma,redundancy_controlled,mischievous,Gemma_F1,-0.8967576360948072
Gemma,redundancy_controlled,mischievous,Gemma_F2,0.45047652919894604
Gemma,redundancy_controlled,mischievous,Gemma_F3,-0.6437857529519028
Gemma,redundancy_controlled,mischievous,Gemma_F4,0.2854881232269355
Gemma,redundancy_controlled,mischievous,Gemma_F5,0.24972789263914488
Gemma,redundancy_controlled,mischievous,Gemma_F6,0.48709613830350423
Gemma,redundancy_controlled,moderate,Gemma_F1,0.6251202661996912
Gemma,redundancy_controlled,moderate,Gemma_F2,-0.31669645273694863
Gemma,redundancy_controlled,moderate,Gemma_F3,0.8673803437674906
Gemma,redundancy_controlled,moderate,Gemma_F4,-0.20828021594153973
Gemma,redundancy_controlled,moderate,Gemma_F5,0.028355596625243364
Gemma,redundancy_controlled,moderate,Gemma_F6,-0.6420265041168915
Gemma,redundancy_controlled,mystical,Gemma_F1,-0.404915920603234
Gemma,redundancy_controlled,mystical,Gemma_F2,0.1575724760889985
Gemma,redundancy_controlled,mystical,Gemma_F3,-0.34374377881601864
Gemma,redundancy_controlled,mystical,Gemma_F4,-0.04920553309223695
Gemma,redundancy_controlled,mystical,Gemma_F5,0.030953460974212987
Gemma,redundancy_controlled,mystical,Gemma_F6,0.9734058574302492
Gemma,redundancy_controlled,naive,Gemma_F1,-0.5968908487741845
Gemma,redundancy_controlled,naive,Gemma_F2,0.7161907522034703
Gemma,redundancy_controlled,naive,Gemma_F3,0.04847737478968837
Gemma,redundancy_controlled,naive,Gemma_F4,0.3927670941472966
Gemma,redundancy_controlled,naive,Gemma_F5,0.2531603339165689
Gemma,redundancy_controlled,naive,Gemma_F6,0.25765667139933035
Gemma,redundancy_controlled,narrative,Gemma_F1,-0.6636116826968803
Gemma,redundancy_controlled,narrative,Gemma_F2,0.41014580700157177
Gemma,redundancy_controlled,narrative,Gemma_F3,-0.4977405576411534
Gemma,redundancy_controlled,narrative,Gemma_F4,0.0838407717728267
Gemma,redundancy_controlled,narrative,Gemma_F5,0.21722862575743296
Gemma,redundancy_controlled,narrative,Gemma_F6,0.8128097115347226
Gemma,redundancy_controlled,neurotic,Gemma_F1,-0.7604250057037457
Gemma,redundancy_controlled,neurotic,Gemma_F2,0.663298918617668
Gemma,redundancy_controlled,neurotic,Gemma_F3,-0.6107712575370076
Gemma,redundancy_controlled,neurotic,Gemma_F4,0.4321118709749537
Gemma,redundancy_controlled,neurotic,Gemma_F5,0.3691767060377648
Gemma,redundancy_controlled,neurotic,Gemma_F6,0.20935817735315845
Gemma,redundancy_controlled,nihilistic,Gemma_F1,-0.43728753704567225
Gemma,redundancy_controlled,nihilistic,Gemma_F2,-0.05305979923972783
Gemma,redundancy_controlled,nihilistic,Gemma_F3,-0.7119902486299897
Gemma,redundancy_controlled,nihilistic,Gemma_F4,0.2943334525282231
Gemma,redundancy_controlled,nihilistic,Gemma_F5,-0.1585758128230786
Gemma,redundancy_controlled,nihilistic,Gemma_F6,0.7842631227600156
Gemma,redundancy_controlled,nonchalant,Gemma_F1,-0.7925463518224456
Gemma,redundancy_controlled,nonchalant,Gemma_F2,0.6186229366281862
Gemma,redundancy_controlled,nonchalant,Gemma_F3,-0.6415323146876694
Gemma,redundancy_controlled,nonchalant,Gemma_F4,0.47225469351838395
Gemma,redundancy_controlled,nonchalant,Gemma_F5,0.31456312769030487
Gemma,redundancy_controlled,nonchalant,Gemma_F6,0.1691897876032088
Gemma,redundancy_controlled,nostalgic,Gemma_F1,-0.47604337196350804
Gemma,redundancy_controlled,nostalgic,Gemma_F2,0.215557074392459
Gemma,redundancy_controlled,nostalgic,Gemma_F3,-0.37029615923567105
Gemma,redundancy_controlled,nostalgic,Gemma_F4,0.12230155504935655
Gemma,redundancy_controlled,nostalgic,Gemma_F5,0.026093306922539295
Gemma,redundancy_controlled,nostalgic,Gemma_F6,0.9179244210394483
Gemma,redundancy_controlled,nurturing,Gemma_F1,0.37692284203789045
Gemma,redundancy_controlled,nurturing,Gemma_F2,0.026500204953413188
Gemma,redundancy_controlled,nurturing,Gemma_F3,0.8595569611227051
Gemma,redundancy_controlled,nurturing,Gemma_F4,-0.5840294353530502
Gemma,redundancy_controlled,nurturing,Gemma_F5,0.2327405967317768
Gemma,redundancy_controlled,nurturing,Gemma_F6,-0.15197362105439818
Gemma,redundancy_controlled,obsessive,Gemma_F1,-0.5850135897473586
Gemma,redundancy_controlled,obsessive,Gemma_F2,0.1800533105152174
Gemma,redundancy_controlled,obsessive,Gemma_F3,-0.6640582344687355
Gemma,redundancy_controlled,obsessive,Gemma_F4,0.2480044088168822
Gemma,redundancy_controlled,obsessive,Gemma_F5,-0.06798164978786161
Gemma,redundancy_controlled,obsessive,Gemma_F6,0.8207033318039676
Gemma,redundancy_controlled,open_ended,Gemma_F1,-0.24188731070374245
Gemma,redundancy_controlled,open_ended,Gemma_F2,0.3848676647319228
Gemma,redundancy_controlled,open_ended,Gemma_F3,0.2986600307354284
Gemma,redundancy_controlled,open_ended,Gemma_F4,-0.2945734423837016
Gemma,redundancy_controlled,open_ended,Gemma_F5,0.9119660150642795
Gemma,redundancy_controlled,open_ended,Gemma_F6,-0.0036081092546001938
Gemma,redundancy_controlled,optimistic,Gemma_F1,0.27288555214007193
Gemma,redundancy_controlled,optimistic,Gemma_F2,0.11634360333519654
Gemma,redundancy_controlled,optimistic,Gemma_F3,0.8698744274501465
Gemma,redundancy_controlled,optimistic,Gemma_F4,-0.36074895657282435
Gemma,redundancy_controlled,optimistic,Gemma_F5,0.26583658309654773
Gemma,redundancy_controlled,optimistic,Gemma_F6,-0.3603002010271685
Gemma,redundancy_controlled,pacifist,Gemma_F1,-0.2086990189992633
Gemma,redundancy_controlled,pacifist,Gemma_F2,0.2466914250578236
Gemma,redundancy_controlled,pacifist,Gemma_F3,-0.14728199307033474
Gemma,redundancy_controlled,pacifist,Gemma_F4,-0.24716737178057177
Gemma,redundancy_controlled,pacifist,Gemma_F5,-0.07772153164315601
Gemma,redundancy_controlled,pacifist,Gemma_F6,0.8673799757392037
Gemma,redundancy_controlled,paradoxical,Gemma_F1,-0.48974447880384075
Gemma,redundancy_controlled,paradoxical,Gemma_F2,0.15116590449288098
Gemma,redundancy_controlled,paradoxical,Gemma_F3,-0.5084860984225514
Gemma,redundancy_controlled,paradoxical,Gemma_F4,-0.14349465050950394
Gemma,redundancy_controlled,paradoxical,Gemma_F5,0.1128698258673019
Gemma,redundancy_controlled,paradoxical,Gemma_F6,0.9221065690544362
Gemma,redundancy_controlled,paranoid,Gemma_F1,-0.6129116849898444
Gemma,redundancy_controlled,paranoid,Gemma_F2,0.3562700698389292
Gemma,redundancy_controlled,paranoid,Gemma_F3,-0.8601791816308534
Gemma,redundancy_controlled,paranoid,Gemma_F4,0.2486131242056425
Gemma,redundancy_controlled,paranoid,Gemma_F5,0.12001075842407603
Gemma,redundancy_controlled,paranoid,Gemma_F6,0.5862144245268509
Gemma,redundancy_controlled,passionate,Gemma_F1,-0.7047556572858049
Gemma,redundancy_controlled,passionate,Gemma_F2,0.46317355482754957
Gemma,redundancy_controlled,passionate,Gemma_F3,-0.6369504710414541
Gemma,redundancy_controlled,passionate,Gemma_F4,-0.03872666200380009
Gemma,redundancy_controlled,passionate,Gemma_F5,0.20435911433454307
Gemma,redundancy_controlled,passionate,Gemma_F6,0.7392037124468522
Gemma,redundancy_controlled,passive_aggressive,Gemma_F1,-0.7922385041189032
Gemma,redundancy_controlled,passive_aggressive,Gemma_F2,0.365740462410138
Gemma,redundancy_controlled,passive_aggressive,Gemma_F3,-0.7217269664629554
Gemma,redundancy_controlled,passive_aggressive,Gemma_F4,0.4401859681203439
Gemma,redundancy_controlled,passive_aggressive,Gemma_F5,0.19712910581131718
Gemma,redundancy_controlled,passive_aggressive,Gemma_F6,0.4561308231817395
Gemma,redundancy_controlled,patient,Gemma_F1,0.7395807248995345
Gemma,redundancy_controlled,patient,Gemma_F2,-0.4993044930720508
Gemma,redundancy_controlled,patient,Gemma_F3,0.7675225392944297
Gemma,redundancy_controlled,patient,Gemma_F4,-0.49095228503521804
Gemma,redundancy_controlled,patient,Gemma_F5,-0.276886918469893
Gemma,redundancy_controlled,patient,Gemma_F6,-0.1863394837258769
Gemma,redundancy_controlled,pedantic,Gemma_F1,0.424344506220664
Gemma,redundancy_controlled,pedantic,Gemma_F2,-0.9466857240623899
Gemma,redundancy_controlled,pedantic,Gemma_F3,0.0014583098260690212
Gemma,redundancy_controlled,pedantic,Gemma_F4,0.03045707207835843
Gemma,redundancy_controlled,pedantic,Gemma_F5,-0.5281857207993069
Gemma,redundancy_controlled,pedantic,Gemma_F6,0.08906314150487385
Gemma,redundancy_controlled,pensive,Gemma_F1,0.3891485832497925
Gemma,redundancy_controlled,pensive,Gemma_F2,-0.6044742126241935
Gemma,redundancy_controlled,pensive,Gemma_F3,0.14273955902114738
Gemma,redundancy_controlled,pensive,Gemma_F4,-0.5478905162303606
Gemma,redundancy_controlled,pensive,Gemma_F5,-0.3558276516365971
Gemma,redundancy_controlled,pensive,Gemma_F6,0.5590481276409988
Gemma,redundancy_controlled,perfectionist,Gemma_F1,0.5682213749396561
Gemma,redundancy_controlled,perfectionist,Gemma_F2,-0.8384146099028046
Gemma,redundancy_controlled,perfectionist,Gemma_F3,0.22765168640998476
Gemma,redundancy_controlled,perfectionist,Gemma_F4,-0.22509898256310246
Gemma,redundancy_controlled,perfectionist,Gemma_F5,-0.6891942878890163
Gemma,redundancy_controlled,perfectionist,Gemma_F6,0.16433910832580872
Gemma,redundancy_controlled,pessimistic,Gemma_F1,-0.5104201573865713
Gemma,redundancy_controlled,pessimistic,Gemma_F2,0.11368374200329422
Gemma,redundancy_controlled,pessimistic,Gemma_F3,-0.9160923514089333
Gemma,redundancy_controlled,pessimistic,Gemma_F4,0.3863792950328554
Gemma,redundancy_controlled,pessimistic,Gemma_F5,-0.07334086121447767
Gemma,redundancy_controlled,pessimistic,Gemma_F6,0.3911574022202268
Gemma,redundancy_controlled,petty,Gemma_F1,-0.7727519983425372
Gemma,redundancy_controlled,petty,Gemma_F2,0.3986569341824154
Gemma,redundancy_controlled,petty,Gemma_F3,-0.7554940926152078
Gemma,redundancy_controlled,petty,Gemma_F4,0.3543088899748793
Gemma,redundancy_controlled,petty,Gemma_F5,0.12122790960405053
Gemma,redundancy_controlled,petty,Gemma_F6,0.5605916370168574
Gemma,redundancy_controlled,philosophical,Gemma_F1,-0.23497051154265927
Gemma,redundancy_controlled,philosophical,Gemma_F2,-0.18397870678666792
Gemma,redundancy_controlled,philosophical,Gemma_F3,-0.3969366678755806
Gemma,redundancy_controlled,philosophical,Gemma_F4,-0.2879392853626008
Gemma,redundancy_controlled,philosophical,Gemma_F5,-0.0921041736050332
Gemma,redundancy_controlled,philosophical,Gemma_F6,0.9367089044650042
Gemma,redundancy_controlled,playful,Gemma_F1,-0.884314517298345
Gemma,redundancy_controlled,playful,Gemma_F2,0.6199290158263518
Gemma,redundancy_controlled,playful,Gemma_F3,-0.47354130723408555
Gemma,redundancy_controlled,playful,Gemma_F4,0.19152264957875512
Gemma,redundancy_controlled,playful,Gemma_F5,0.38980133382825516
Gemma,redundancy_controlled,playful,Gemma_F6,0.48329708265755705
Gemma,redundancy_controlled,pluralist,Gemma_F1,0.36151744604975905
Gemma,redundancy_controlled,pluralist,Gemma_F2,-0.02317304762345332
Gemma,redundancy_controlled,pluralist,Gemma_F3,0.7928876095738059
Gemma,redundancy_controlled,pluralist,Gemma_F4,-0.264535176696343
Gemma,redundancy_controlled,pluralist,Gemma_F5,0.2704724210668706
Gemma,redundancy_controlled,pluralist,Gemma_F6,-0.714970339393169
Gemma,redundancy_controlled,poetic,Gemma_F1,-0.536295338250102
Gemma,redundancy_controlled,poetic,Gemma_F2,0.2269196331253427
Gemma,redundancy_controlled,poetic,Gemma_F3,-0.40635476128436293
Gemma,redundancy_controlled,poetic,Gemma_F4,-0.008015167374627239
Gemma,redundancy_controlled,poetic,Gemma_F5,0.026821732518740763
Gemma,redundancy_controlled,poetic,Gemma_F6,0.9220319961843987
Gemma,redundancy_controlled,practical,Gemma_F1,-0.11386139956304626
Gemma,redundancy_controlled,practical,Gemma_F2,0.589732475343698
Gemma,redundancy_controlled,practical,Gemma_F3,0.21145086543066902
Gemma,redundancy_controlled,practical,Gemma_F4,0.13781754356622292
Gemma,redundancy_controlled,practical,Gemma_F5,0.3981767752188776
Gemma,redundancy_controlled,practical,Gemma_F6,-0.7410186035369387
Gemma,redundancy_controlled,prescriptive,Gemma_F1,0.29622673969498686
Gemma,redundancy_controlled,prescriptive,Gemma_F2,-0.42356028883210517
Gemma,redundancy_controlled,prescriptive,Gemma_F3,-0.14059050172774856
Gemma,redundancy_controlled,prescriptive,Gemma_F4,0.1811891583050769
Gemma,redundancy_controlled,prescriptive,Gemma_F5,-0.8903494034574692
Gemma,redundancy_controlled,prescriptive,Gemma_F6,-0.2450438437419399
Gemma,redundancy_controlled,principled,Gemma_F1,0.5167689371540676
Gemma,redundancy_controlled,principled,Gemma_F2,-0.3804179570742534
Gemma,redundancy_controlled,principled,Gemma_F3,0.3036698756394897
Gemma,redundancy_controlled,principled,Gemma_F4,-0.3819163384608413
Gemma,redundancy_controlled,principled,Gemma_F5,-0.667333365961574
Gemma,redundancy_controlled,principled,Gemma_F6,0.36948445616226294
Gemma,redundancy_controlled,proactive,Gemma_F1,0.28646175474774943
Gemma,redundancy_controlled,proactive,Gemma_F2,-0.2590240952664483
Gemma,redundancy_controlled,proactive,Gemma_F3,0.323403329922562
Gemma,redundancy_controlled,proactive,Gemma_F4,-0.7538703215477195
Gemma,redundancy_controlled,proactive,Gemma_F5,-0.19741890900198944
Gemma,redundancy_controlled,proactive,Gemma_F6,-0.45329503671127697
Gemma,redundancy_controlled,problem_solving,Gemma_F1,0.5012985413127014
Gemma,redundancy_controlled,problem_solving,Gemma_F2,-0.33774184566611987
Gemma,redundancy_controlled,problem_solving,Gemma_F3,0.4118948742900405
Gemma,redundancy_controlled,problem_solving,Gemma_F4,-0.24277387079077384
Gemma,redundancy_controlled,problem_solving,Gemma_F5,-0.26164605065596114
Gemma,redundancy_controlled,problem_solving,Gemma_F6,-0.8446722864892112
Gemma,redundancy_controlled,progressive,Gemma_F1,-0.28542361162315294
Gemma,redundancy_controlled,progressive,Gemma_F2,0.24372557007829157
Gemma,redundancy_controlled,progressive,Gemma_F3,-0.2850328696201884
Gemma,redundancy_controlled,progressive,Gemma_F4,-0.4431976670735422
Gemma,redundancy_controlled,progressive,Gemma_F5,0.2992615766975439
Gemma,redundancy_controlled,progressive,Gemma_F6,-0.33298057790052077
Gemma,redundancy_controlled,provocative,Gemma_F1,-0.27019180667786485
Gemma,redundancy_controlled,provocative,Gemma_F2,-0.28626416096614044
Gemma,redundancy_controlled,provocative,Gemma_F3,-0.7674199147057018
Gemma,redundancy_controlled,provocative,Gemma_F4,-0.15850966158252477
Gemma,redundancy_controlled,provocative,Gemma_F5,-0.12060152621031446
Gemma,redundancy_controlled,provocative,Gemma_F6,0.669581357890738
Gemma,redundancy_controlled,qualitative,Gemma_F1,-0.4968808247113865
Gemma,redundancy_controlled,qualitative,Gemma_F2,0.3478780465744729
Gemma,redundancy_controlled,qualitative,Gemma_F3,-0.409496228135543
Gemma,redundancy_controlled,qualitative,Gemma_F4,-0.15451409941315344
Gemma,redundancy_controlled,qualitative,Gemma_F5,0.2663616780217987
Gemma,redundancy_controlled,qualitative,Gemma_F6,0.8801102581432861
Gemma,redundancy_controlled,quantitative,Gemma_F1,0.49008209811584813
Gemma,redundancy_controlled,quantitative,Gemma_F2,-0.48839373748356346
Gemma,redundancy_controlled,quantitative,Gemma_F3,0.3107720478512573
Gemma,redundancy_controlled,quantitative,Gemma_F4,0.12268157188587998
Gemma,redundancy_controlled,quantitative,Gemma_F5,-0.34029834303606754
Gemma,redundancy_controlled,quantitative,Gemma_F6,-0.8220867865944234
Gemma,redundancy_controlled,radical,Gemma_F1,-0.47765986709999453
Gemma,redundancy_controlled,radical,Gemma_F2,0.18000744982056013
Gemma,redundancy_controlled,radical,Gemma_F3,-0.8160439772793763
Gemma,redundancy_controlled,radical,Gemma_F4,-0.06751417594735407
Gemma,redundancy_controlled,radical,Gemma_F5,-0.06100298483051398
Gemma,redundancy_controlled,radical,Gemma_F6,0.6735254716306244
Gemma,redundancy_controlled,rationalist,Gemma_F1,0.5911074423850259
Gemma,redundancy_controlled,rationalist,Gemma_F2,-0.5675160963682124
Gemma,redundancy_controlled,rationalist,Gemma_F3,0.35329211073268835
Gemma,redundancy_controlled,rationalist,Gemma_F4,0.100912692791187
Gemma,redundancy_controlled,rationalist,Gemma_F5,-0.4380723974706741
Gemma,redundancy_controlled,rationalist,Gemma_F6,-0.7341732871972902
Gemma,redundancy_controlled,reactive,Gemma_F1,-0.7620053674411037
Gemma,redundancy_controlled,reactive,Gemma_F2,0.7588443141045361
Gemma,redundancy_controlled,reactive,Gemma_F3,-0.46186383411725596
Gemma,redundancy_controlled,reactive,Gemma_F4,0.35061600866405956
Gemma,redundancy_controlled,reactive,Gemma_F5,0.5609024049285907
Gemma,redundancy_controlled,reactive,Gemma_F6,0.21728334789484965
Gemma,redundancy_controlled,rebellious,Gemma_F1,-0.6430890790862064
Gemma,redundancy_controlled,rebellious,Gemma_F2,0.30895176131564733
Gemma,redundancy_controlled,rebellious,Gemma_F3,-0.8189602907633803
Gemma,redundancy_controlled,rebellious,Gemma_F4,-0.14616076967160788
Gemma,redundancy_controlled,rebellious,Gemma_F5,0.2831354799367387
Gemma,redundancy_controlled,rebellious,Gemma_F6,0.4639068490496709
Gemma,redundancy_controlled,reductionist,Gemma_F1,0.2223598092304138
Gemma,redundancy_controlled,reductionist,Gemma_F2,0.09879371847281844
Gemma,redundancy_controlled,reductionist,Gemma_F3,0.24083675125540954
Gemma,redundancy_controlled,reductionist,Gemma_F4,0.38151746663094344
Gemma,redundancy_controlled,reductionist,Gemma_F5,-0.043654554311772634
Gemma,redundancy_controlled,reductionist,Gemma_F6,-0.9221277603165571
Gemma,redundancy_controlled,regulatory,Gemma_F1,0.7493671641778475
Gemma,redundancy_controlled,regulatory,Gemma_F2,-0.5780893058859424
Gemma,redundancy_controlled,regulatory,Gemma_F3,0.6388815625544414
Gemma,redundancy_controlled,regulatory,Gemma_F4,0.11567302286128225
Gemma,redundancy_controlled,regulatory,Gemma_F5,-0.34460372544712936
Gemma,redundancy_controlled,regulatory,Gemma_F6,-0.47886150887432455
Gemma,redundancy_controlled,relativist,Gemma_F1,-0.6385470799953148
Gemma,redundancy_controlled,relativist,Gemma_F2,0.361910091311906
Gemma,redundancy_controlled,relativist,Gemma_F3,-0.6404705736781942
Gemma,redundancy_controlled,relativist,Gemma_F4,0.14635430019807458
Gemma,redundancy_controlled,relativist,Gemma_F5,0.3053671998455865
Gemma,redundancy_controlled,relativist,Gemma_F6,0.7226248788740508
Gemma,redundancy_controlled,reserved,Gemma_F1,0.7753913274160332
Gemma,redundancy_controlled,reserved,Gemma_F2,-0.6709028836796029
Gemma,redundancy_controlled,reserved,Gemma_F3,0.5198146606581858
Gemma,redundancy_controlled,reserved,Gemma_F4,-0.013102519009106705
Gemma,redundancy_controlled,reserved,Gemma_F5,-0.5507166397406315
Gemma,redundancy_controlled,reserved,Gemma_F6,-0.43755204234376377
Gemma,redundancy_controlled,resilient,Gemma_F1,0.7384315496253089
Gemma,redundancy_controlled,resilient,Gemma_F2,-0.5788408943992016
Gemma,redundancy_controlled,resilient,Gemma_F3,0.6872496446209454
Gemma,redundancy_controlled,resilient,Gemma_F4,-0.4602153011503188
Gemma,redundancy_controlled,resilient,Gemma_F5,-0.268104713673754
Gemma,redundancy_controlled,resilient,Gemma_F6,-0.3648976147994596
Gemma,redundancy_controlled,reverent,Gemma_F1,0.3524904484568486
Gemma,redundancy_controlled,reverent,Gemma_F2,-0.4302034641179001
Gemma,redundancy_controlled,reverent,Gemma_F3,0.28107309778818007
Gemma,redundancy_controlled,reverent,Gemma_F4,-0.16282866008542166
Gemma,redundancy_controlled,reverent,Gemma_F5,-0.41585364526976687
Gemma,redundancy_controlled,reverent,Gemma_F6,0.6885085320843203
Gemma,redundancy_controlled,rhetorical,Gemma_F1,-0.4989416466689092
Gemma,redundancy_controlled,rhetorical,Gemma_F2,0.15820655601745398
Gemma,redundancy_controlled,rhetorical,Gemma_F3,-0.5037391274171388
Gemma,redundancy_controlled,rhetorical,Gemma_F4,-0.14520935127266468
Gemma,redundancy_controlled,rhetorical,Gemma_F5,0.04127680055767926
Gemma,redundancy_controlled,rhetorical,Gemma_F6,0.9303973041196167
Gemma,redundancy_controlled,risk_taking,Gemma_F1,-0.7405442610969417
Gemma,redundancy_controlled,risk_taking,Gemma_F2,0.3381867339437947
Gemma,redundancy_controlled,risk_taking,Gemma_F3,-0.7387117583939137
Gemma,redundancy_controlled,risk_taking,Gemma_F4,-0.054825581609693835
Gemma,redundancy_controlled,risk_taking,Gemma_F5,0.21622817025367638
Gemma,redundancy_controlled,risk_taking,Gemma_F6,0.6581301554539009
Gemma,redundancy_controlled,ritualistic,Gemma_F1,0.3566756153748867
Gemma,redundancy_controlled,ritualistic,Gemma_F2,-0.6335667710565388
Gemma,redundancy_controlled,ritualistic,Gemma_F3,0.13410382878486382
Gemma,redundancy_controlled,ritualistic,Gemma_F4,-0.05729277185826864
Gemma,redundancy_controlled,ritualistic,Gemma_F5,-0.5850662230070552
Gemma,redundancy_controlled,ritualistic,Gemma_F6,0.6038480101041366
Gemma,redundancy_controlled,romantic,Gemma_F1,-0.5267018757230661
Gemma,redundancy_controlled,romantic,Gemma_F2,0.24972238427600857
Gemma,redundancy_controlled,romantic,Gemma_F3,-0.4028438084641531
Gemma,redundancy_controlled,romantic,Gemma_F4,-0.02239330694154993
Gemma,redundancy_controlled,romantic,Gemma_F5,0.07706498864932118
Gemma,redundancy_controlled,romantic,Gemma_F6,0.939147985138232
Gemma,redundancy_controlled,sarcastic,Gemma_F1,-0.7529589139525791
Gemma,redundancy_controlled,sarcastic,Gemma_F2,0.24655213118245328
Gemma,redundancy_controlled,sarcastic,Gemma_F3,-0.8442762043475964
Gemma,redundancy_controlled,sarcastic,Gemma_F4,0.34322941723229194
Gemma,redundancy_controlled,sarcastic,Gemma_F5,0.02094632718960379
Gemma,redundancy_controlled,sarcastic,Gemma_F6,0.4867690758649726
Gemma,redundancy_controlled,sardonic,Gemma_F1,-0.7723625396146689
Gemma,redundancy_controlled,sardonic,Gemma_F2,0.23259394114456847
Gemma,redundancy_controlled,sardonic,Gemma_F3,-0.8209301149087949
Gemma,redundancy_controlled,sardonic,Gemma_F4,0.34851891966869725
Gemma,redundancy_controlled,sardonic,Gemma_F5,0.027723856188510938
Gemma,redundancy_controlled,sardonic,Gemma_F6,0.49079465697850533
Gemma,redundancy_controlled,sassy,Gemma_F1,-0.7860728315588265
Gemma,redundancy_controlled,sassy,Gemma_F2,0.44925257821184006
Gemma,redundancy_controlled,sassy,Gemma_F3,-0.8044187549197329
Gemma,redundancy_controlled,sassy,Gemma_F4,0.11202008653513504
Gemma,redundancy_controlled,sassy,Gemma_F5,0.20289445619642396
Gemma,redundancy_controlled,sassy,Gemma_F6,0.10728718119119471
Gemma,redundancy_controlled,savage,Gemma_F1,-0.6234671578842946
Gemma,redundancy_controlled,savage,Gemma_F2,0.278027029796164
Gemma,redundancy_controlled,savage,Gemma_F3,-0.9526634891117335
Gemma,redundancy_controlled,savage,Gemma_F4,0.3278612741209191
Gemma,redundancy_controlled,savage,Gemma_F5,-0.01473492472550477
Gemma,redundancy_controlled,savage,Gemma_F6,0.3356111439864818
Gemma,redundancy_controlled,secular,Gemma_F1,0.2298240700149902
Gemma,redundancy_controlled,secular,Gemma_F2,-0.17326464816160017
Gemma,redundancy_controlled,secular,Gemma_F3,0.1294829094699449
Gemma,redundancy_controlled,secular,Gemma_F4,0.17106743268848087
Gemma,redundancy_controlled,secular,Gemma_F5,-0.03726821343192506
Gemma,redundancy_controlled,secular,Gemma_F6,-0.9273590103015193
Gemma,redundancy_controlled,serene,Gemma_F1,0.5007109687961772
Gemma,redundancy_controlled,serene,Gemma_F2,-0.4227813820157254
Gemma,redundancy_controlled,serene,Gemma_F3,0.6179958813485358
Gemma,redundancy_controlled,serene,Gemma_F4,-0.35307391889261447
Gemma,redundancy_controlled,serene,Gemma_F5,-0.22154536526738533
Gemma,redundancy_controlled,serene,Gemma_F6,0.4122207999285829
Gemma,redundancy_controlled,serious,Gemma_F1,0.7527127347935818
Gemma,redundancy_controlled,serious,Gemma_F2,-0.7729155412910382
Gemma,redundancy_controlled,serious,Gemma_F3,0.3693235501596983
Gemma,redundancy_controlled,serious,Gemma_F4,-0.17359476520572745
Gemma,redundancy_controlled,serious,Gemma_F5,-0.6156989611285442
Gemma,redundancy_controlled,serious,Gemma_F6,0.0931566277010853
Gemma,redundancy_controlled,skeptical,Gemma_F1,0.5983528754422787
Gemma,redundancy_controlled,skeptical,Gemma_F2,-0.8264724641458592
Gemma,redundancy_controlled,skeptical,Gemma_F3,0.05908271998900091
Gemma,redundancy_controlled,skeptical,Gemma_F4,-0.22102241276713885
Gemma,redundancy_controlled,skeptical,Gemma_F5,-0.2944575668858489
Gemma,redundancy_controlled,skeptical,Gemma_F6,-0.42806931782062896
Gemma,redundancy_controlled,socratic,Gemma_F1,-0.043598576596625464
Gemma,redundancy_controlled,socratic,Gemma_F2,0.1729138001808617
Gemma,redundancy_controlled,socratic,Gemma_F3,0.10494571553697163
Gemma,redundancy_controlled,socratic,Gemma_F4,0.2066319245183667
Gemma,redundancy_controlled,socratic,Gemma_F5,0.87150751724353
Gemma,redundancy_controlled,socratic,Gemma_F6,-0.13677760914210843
Gemma,redundancy_controlled,solemn,Gemma_F1,0.7169547970881573
Gemma,redundancy_controlled,solemn,Gemma_F2,-0.7070705317256362
Gemma,redundancy_controlled,solemn,Gemma_F3,0.34604081465114
Gemma,redundancy_controlled,solemn,Gemma_F4,-0.25753245317047113
Gemma,redundancy_controlled,solemn,Gemma_F5,-0.5245137128184052
Gemma,redundancy_controlled,solemn,Gemma_F6,0.2904934553198948
Gemma,redundancy_controlled,specialized,Gemma_F1,0.361070998455047
Gemma,redundancy_controlled,specialized,Gemma_F2,-0.8742105766754914
Gemma,redundancy_controlled,specialized,Gemma_F3,-0.06670270480732776
Gemma,redundancy_controlled,specialized,Gemma_F4,-0.1856402843445471
Gemma,redundancy_controlled,specialized,Gemma_F5,-0.7001362130230007
Gemma,redundancy_controlled,specialized,Gemma_F6,0.19117147434596782
Gemma,redundancy_controlled,speculative,Gemma_F1,-0.699559532320932
Gemma,redundancy_controlled,speculative,Gemma_F2,0.2959205531259948
Gemma,redundancy_controlled,speculative,Gemma_F3,-0.48796233625465246
Gemma,redundancy_controlled,speculative,Gemma_F4,-0.2796883325971784
Gemma,redundancy_controlled,speculative,Gemma_F5,0.2796557928917285
Gemma,redundancy_controlled,speculative,Gemma_F6,0.7420057195343133
Gemma,redundancy_controlled,spiritual,Gemma_F1,-0.33048642950975704
Gemma,redundancy_controlled,spiritual,Gemma_F2,0.09522327367545527
Gemma,redundancy_controlled,spiritual,Gemma_F3,-0.2822788153952752
Gemma,redundancy_controlled,spiritual,Gemma_F4,-0.11415722013955101
Gemma,redundancy_controlled,spiritual,Gemma_F5,-0.02593665247032742
Gemma,redundancy_controlled,spiritual,Gemma_F6,0.9847213020743211
Gemma,redundancy_controlled,spontaneous,Gemma_F1,-0.7836350119585977
Gemma,redundancy_controlled,spontaneous,Gemma_F2,0.4464166961048647
Gemma,redundancy_controlled,spontaneous,Gemma_F3,-0.6034347163219633
Gemma,redundancy_controlled,spontaneous,Gemma_F4,0.08504490775002081
Gemma,redundancy_controlled,spontaneous,Gemma_F5,0.30480160611974544
Gemma,redundancy_controlled,spontaneous,Gemma_F6,0.7018819697884809
Gemma,redundancy_controlled,stoic,Gemma_F1,0.6613651905041443
Gemma,redundancy_controlled,stoic,Gemma_F2,-0.8008945759618261
Gemma,redundancy_controlled,stoic,Gemma_F3,0.32051301552946804
Gemma,redundancy_controlled,stoic,Gemma_F4,-0.08179377527387412
Gemma,redundancy_controlled,stoic,Gemma_F5,-0.7287216241985687
Gemma,redundancy_controlled,stoic,Gemma_F6,-0.05067203338893868
Gemma,redundancy_controlled,strategic,Gemma_F1,0.6961471027175813
Gemma,redundancy_controlled,strategic,Gemma_F2,-0.7365851878286687
Gemma,redundancy_controlled,strategic,Gemma_F3,0.4778024927313512
Gemma,redundancy_controlled,strategic,Gemma_F4,-0.5509064744075473
Gemma,redundancy_controlled,strategic,Gemma_F5,-0.3212247417717969
Gemma,redundancy_controlled,strategic,Gemma_F6,-0.2893222193303874
Gemma,redundancy_controlled,stream_of_consciousness,Gemma_F1,-0.779179936659563
Gemma,redundancy_controlled,stream_of_consciousness,Gemma_F2,0.5728960310611095
Gemma,redundancy_controlled,stream_of_consciousness,Gemma_F3,-0.5422040281756637
Gemma,redundancy_controlled,stream_of_consciousness,Gemma_F4,0.1404203993621285
Gemma,redundancy_controlled,stream_of_consciousness,Gemma_F5,0.444096723945565
Gemma,redundancy_controlled,stream_of_consciousness,Gemma_F6,0.5904880429305529
Gemma,redundancy_controlled,structuralist,Gemma_F1,0.7227623996765492
Gemma,redundancy_controlled,structuralist,Gemma_F2,-0.7448842512496617
Gemma,redundancy_controlled,structuralist,Gemma_F3,0.4130327927308803
Gemma,redundancy_controlled,structuralist,Gemma_F4,-0.19036957864812495
Gemma,redundancy_controlled,structuralist,Gemma_F5,-0.4768626193843564
Gemma,redundancy_controlled,structuralist,Gemma_F6,-0.5091737830888536
Gemma,redundancy_controlled,submissive,Gemma_F1,-0.2790203296755075
Gemma,redundancy_controlled,submissive,Gemma_F2,0.5585679570606256
Gemma,redundancy_controlled,submissive,Gemma_F3,0.055235638764847654
Gemma,redundancy_controlled,submissive,Gemma_F4,0.3883683140401437
Gemma,redundancy_controlled,submissive,Gemma_F5,0.8182263260503498
Gemma,redundancy_controlled,submissive,Gemma_F6,-0.17599875741388282
Gemma,redundancy_controlled,subversive,Gemma_F1,-0.6757381460701133
Gemma,redundancy_controlled,subversive,Gemma_F2,0.22056220714084962
Gemma,redundancy_controlled,subversive,Gemma_F3,-0.7667214297751397
Gemma,redundancy_controlled,subversive,Gemma_F4,0.0981215087456824
Gemma,redundancy_controlled,subversive,Gemma_F5,0.25490344473501747
Gemma,redundancy_controlled,subversive,Gemma_F6,0.7018181964984893
Gemma,redundancy_controlled,supportive,Gemma_F1,0.4806991302309528
Gemma,redundancy_controlled,supportive,Gemma_F2,-0.06437151192473355
Gemma,redundancy_controlled,supportive,Gemma_F3,0.8257023696227154
Gemma,redundancy_controlled,supportive,Gemma_F4,-0.6183288384196941
Gemma,redundancy_controlled,supportive,Gemma_F5,0.13229428968811996
Gemma,redundancy_controlled,supportive,Gemma_F6,-0.4016746498996872
Gemma,redundancy_controlled,sycophantic,Gemma_F1,-0.7108073607136692
Gemma,redundancy_controlled,sycophantic,Gemma_F2,0.645183364895608
Gemma,redundancy_controlled,sycophantic,Gemma_F3,-0.4152667972694184
Gemma,redundancy_controlled,sycophantic,Gemma_F4,0.2933672239735126
Gemma,redundancy_controlled,sycophantic,Gemma_F5,0.5227317432695502
Gemma,redundancy_controlled,sycophantic,Gemma_F6,0.41775469817578614
Gemma,redundancy_controlled,systems_thinker,Gemma_F1,0.07142182553379502
Gemma,redundancy_controlled,systems_thinker,Gemma_F2,-0.32007049741174337
Gemma,redundancy_controlled,systems_thinker,Gemma_F3,0.09873099728098489
Gemma,redundancy_controlled,systems_thinker,Gemma_F4,-0.8691415788126691
Gemma,redundancy_controlled,systems_thinker,Gemma_F5,-0.019322738353303285
Gemma,redundancy_controlled,systems_thinker,Gemma_F6,0.3780882464968552
Gemma,redundancy_controlled,tactful,Gemma_F1,0.5300783744643764
Gemma,redundancy_controlled,tactful,Gemma_F2,-0.2764892040921468
Gemma,redundancy_controlled,tactful,Gemma_F3,0.9473381973531341
Gemma,redundancy_controlled,tactful,Gemma_F4,-0.3598302975389424
Gemma,redundancy_controlled,tactful,Gemma_F5,0.026612792339660594
Gemma,redundancy_controlled,tactful,Gemma_F6,-0.1470565869581622
Gemma,redundancy_controlled,technical,Gemma_F1,0.5288665959901543
Gemma,redundancy_controlled,technical,Gemma_F2,-0.9006349197535988
Gemma,redundancy_controlled,technical,Gemma_F3,0.10342903596452498
Gemma,redundancy_controlled,technical,Gemma_F4,-0.11427811516588464
Gemma,redundancy_controlled,technical,Gemma_F5,-0.6932474043306595
Gemma,redundancy_controlled,technical,Gemma_F6,-0.0451948530337191
Gemma,redundancy_controlled,temperamental,Gemma_F1,-0.8406086076865161
Gemma,redundancy_controlled,temperamental,Gemma_F2,0.5726771661495151
Gemma,redundancy_controlled,temperamental,Gemma_F3,-0.6989040065251564
Gemma,redundancy_controlled,temperamental,Gemma_F4,0.3061285613523724
Gemma,redundancy_controlled,temperamental,Gemma_F5,0.27051693956260175
Gemma,redundancy_controlled,temperamental,Gemma_F6,0.4479125025894965
Gemma,redundancy_controlled,theatrical,Gemma_F1,-0.5668306214552382
Gemma,redundancy_controlled,theatrical,Gemma_F2,0.1026152024079247
Gemma,redundancy_controlled,theatrical,Gemma_F3,-0.5382866518774416
Gemma,redundancy_controlled,theatrical,Gemma_F4,0.01695193367461786
Gemma,redundancy_controlled,theatrical,Gemma_F5,-0.022002195952196952
Gemma,redundancy_controlled,theatrical,Gemma_F6,0.8932264587824905
Gemma,redundancy_controlled,theoretical,Gemma_F1,0.12320029290718332
Gemma,redundancy_controlled,theoretical,Gemma_F2,-0.6387273435094464
Gemma,redundancy_controlled,theoretical,Gemma_F3,-0.22337103563502728
Gemma,redundancy_controlled,theoretical,Gemma_F4,-0.17870382731736506
Gemma,redundancy_controlled,theoretical,Gemma_F5,-0.4548390676363269
Gemma,redundancy_controlled,theoretical,Gemma_F6,0.6957282739214886
Gemma,redundancy_controlled,traditional,Gemma_F1,0.5363914487708504
Gemma,redundancy_controlled,traditional,Gemma_F2,-0.19237045881275147
Gemma,redundancy_controlled,traditional,Gemma_F3,0.7117833208289228
Gemma,redundancy_controlled,traditional,Gemma_F4,0.18360575127290468
Gemma,redundancy_controlled,traditional,Gemma_F5,-0.2376908515810607
Gemma,redundancy_controlled,traditional,Gemma_F6,-0.053696537395355626
Gemma,redundancy_controlled,transparent,Gemma_F1,0.4661152577021895
Gemma,redundancy_controlled,transparent,Gemma_F2,-0.1495516030751821
Gemma,redundancy_controlled,transparent,Gemma_F3,0.5163612883838988
Gemma,redundancy_controlled,transparent,Gemma_F4,-0.10112970404966697
Gemma,redundancy_controlled,transparent,Gemma_F5,0.013864318384277902
Gemma,redundancy_controlled,transparent,Gemma_F6,-0.94067786703128
Gemma,redundancy_controlled,understated,Gemma_F1,0.2510479015197707
Gemma,redundancy_controlled,understated,Gemma_F2,0.13481940425698782
Gemma,redundancy_controlled,understated,Gemma_F3,0.5381749386066073
Gemma,redundancy_controlled,understated,Gemma_F4,0.4887882181950911
Gemma,redundancy_controlled,understated,Gemma_F5,0.22345236334871726
Gemma,redundancy_controlled,understated,Gemma_F6,-0.7050459818298528
Gemma,redundancy_controlled,universalist,Gemma_F1,-0.21444525752691374
Gemma,redundancy_controlled,universalist,Gemma_F2,0.14498339232744725
Gemma,redundancy_controlled,universalist,Gemma_F3,-0.4882582694059683
Gemma,redundancy_controlled,universalist,Gemma_F4,0.044791715399615906
Gemma,redundancy_controlled,universalist,Gemma_F5,-0.4282315037911459
Gemma,redundancy_controlled,universalist,Gemma_F6,0.7724916715720574
Gemma,redundancy_controlled,urgent,Gemma_F1,-0.4303861421986459
Gemma,redundancy_controlled,urgent,Gemma_F2,0.3091623707981643
Gemma,redundancy_controlled,urgent,Gemma_F3,-0.8267386536440502
Gemma,redundancy_controlled,urgent,Gemma_F4,0.2161034460858508
Gemma,redundancy_controlled,urgent,Gemma_F5,-0.12409532031397626
Gemma,redundancy_controlled,urgent,Gemma_F6,-0.09927201924726703
Gemma,redundancy_controlled,utilitarian,Gemma_F1,0.24898177111762637
Gemma,redundancy_controlled,utilitarian,Gemma_F2,-0.3209396923877838
Gemma,redundancy_controlled,utilitarian,Gemma_F3,0.14678300835927355
Gemma,redundancy_controlled,utilitarian,Gemma_F4,0.13181278488977968
Gemma,redundancy_controlled,utilitarian,Gemma_F5,-0.2717769330519298
Gemma,redundancy_controlled,utilitarian,Gemma_F6,-0.8242578440531176
Gemma,redundancy_controlled,verbose,Gemma_F1,-0.5103436637206166
Gemma,redundancy_controlled,verbose,Gemma_F2,-0.07171019845865668
Gemma,redundancy_controlled,verbose,Gemma_F3,-0.07155185696916437
Gemma,redundancy_controlled,verbose,Gemma_F4,-0.5215149949481899
Gemma,redundancy_controlled,verbose,Gemma_F5,-0.05680643831339606
Gemma,redundancy_controlled,verbose,Gemma_F6,0.31613853018818605
Gemma,redundancy_controlled,vindictive,Gemma_F1,0.3856692477757021
Gemma,redundancy_controlled,vindictive,Gemma_F2,-0.03699692829042097
Gemma,redundancy_controlled,vindictive,Gemma_F3,-0.20290739665590518
Gemma,redundancy_controlled,vindictive,Gemma_F4,-0.11787430585035587
Gemma,redundancy_controlled,vindictive,Gemma_F5,-0.1920611438567243
Gemma,redundancy_controlled,vindictive,Gemma_F6,0.43707756889212246
Gemma,redundancy_controlled,visceral,Gemma_F1,-0.7468356138048552
Gemma,redundancy_controlled,visceral,Gemma_F2,0.643689530622113
Gemma,redundancy_controlled,visceral,Gemma_F3,-0.671843903555179
Gemma,redundancy_controlled,visceral,Gemma_F4,0.23849285929973746
Gemma,redundancy_controlled,visceral,Gemma_F5,0.3418125019011744
Gemma,redundancy_controlled,visceral,Gemma_F6,0.49981532883341656
Gemma,redundancy_controlled,whimsical,Gemma_F1,-0.7595742190505408
Gemma,redundancy_controlled,whimsical,Gemma_F2,0.32216855658685845
Gemma,redundancy_controlled,whimsical,Gemma_F3,-0.5011635412140715
Gemma,redundancy_controlled,whimsical,Gemma_F4,0.13240389411732328
Gemma,redundancy_controlled,whimsical,Gemma_F5,0.15469758932385816
Gemma,redundancy_controlled,whimsical,Gemma_F6,0.7940833922368269
Gemma,redundancy_controlled,witty,Gemma_F1,-0.909781489202062
Gemma,redundancy_controlled,witty,Gemma_F2,0.5172106680488777
Gemma,redundancy_controlled,witty,Gemma_F3,-0.592383593403832
Gemma,redundancy_controlled,witty,Gemma_F4,0.07390520947197946
Gemma,redundancy_controlled,witty,Gemma_F5,0.40732632901008925
Gemma,redundancy_controlled,witty,Gemma_F6,0.4158856783855073
Gemma,redundancy_controlled,wry,Gemma_F1,-0.7663371990008223
Gemma,redundancy_controlled,wry,Gemma_F2,0.13982712894697782
Gemma,redundancy_controlled,wry,Gemma_F3,-0.8148387065737194
Gemma,redundancy_controlled,wry,Gemma_F4,0.33426915808083996
Gemma,redundancy_controlled,wry,Gemma_F5,-0.01948984252853152
Gemma,redundancy_controlled,wry,Gemma_F6,0.47007527893967765
Gemma,redundancy_controlled,zealous,Gemma_F1,-0.5851990946457348
Gemma,redundancy_controlled,zealous,Gemma_F2,0.2963472391260441
Gemma,redundancy_controlled,zealous,Gemma_F3,-0.6282569517772684
Gemma,redundancy_controlled,zealous,Gemma_F4,0.02244171740754153
Gemma,redundancy_controlled,zealous,Gemma_F5,-0.0033693188848320805
Gemma,redundancy_controlled,zealous,Gemma_F6,0.8600214612705621
