model,persona,factor,score,residual_trait_profile_variance,score_bootstrap_sd,aligned_cross_model_factor_identity,aligned_score_sign,aligned_score
Qwen,aberration,Qwen_F1,-1.80724589866746,0.0259436438152833,0.0854308309097008,unresolved_or_model_specific,,
Qwen,aberration,Qwen_F2,-1.3833898168845318,0.0259436438152833,0.3059085172501652,unresolved_or_model_specific,,
Qwen,aberration,Qwen_F3,-1.705024892508208,0.0259436438152833,0.0635740023415786,shared_all_2,-1.0,1.705024892508208
Qwen,aberration,Qwen_F4,-0.5733273506895298,0.0259436438152833,0.1367024792099446,unresolved_or_model_specific,,
Qwen,aberration,Qwen_F5,1.3824001641060693,0.0259436438152833,0.2582805892003483,unresolved_or_model_specific,,
Qwen,absurdist,Qwen_F1,-2.2149640619721924,0.0816826827284416,0.0671203578162467,unresolved_or_model_specific,,
Qwen,absurdist,Qwen_F2,-1.228165100206625,0.0816826827284416,0.115599725013295,unresolved_or_model_specific,,
Qwen,absurdist,Qwen_F3,-0.3632291776956364,0.0816826827284416,0.0850379556134831,shared_all_2,-1.0,0.3632291776956364
Qwen,absurdist,Qwen_F4,-1.149314913852762,0.0816826827284416,0.0809991112587552,unresolved_or_model_specific,,
Qwen,absurdist,Qwen_F5,0.5988036508073423,0.0816826827284416,0.1858126239008358,unresolved_or_model_specific,,
Qwen,accountant,Qwen_F1,1.0334722690600917,0.0148313625071441,0.0266164280714034,unresolved_or_model_specific,,
Qwen,accountant,Qwen_F2,-0.6372803468884464,0.0148313625071441,0.09866728418183,unresolved_or_model_specific,,
Qwen,accountant,Qwen_F3,0.7506264449720774,0.0148313625071441,0.0570773470266682,shared_all_2,-1.0,-0.7506264449720774
Qwen,accountant,Qwen_F4,1.9910114639104908,0.0148313625071441,0.0954028696185098,unresolved_or_model_specific,,
Qwen,accountant,Qwen_F5,0.8231688009173906,0.0148313625071441,0.1948761512182747,unresolved_or_model_specific,,
Qwen,activist,Qwen_F1,0.4685272272661764,0.1668815679491606,0.096831932799069,unresolved_or_model_specific,,
Qwen,activist,Qwen_F2,0.7228962525561542,0.1668815679491606,0.0873304915722889,unresolved_or_model_specific,,
Qwen,activist,Qwen_F3,0.3765824920983859,0.1668815679491606,0.0425179312725203,shared_all_2,-1.0,-0.3765824920983859
Qwen,activist,Qwen_F4,-1.3021176085789,0.1668815679491606,0.0642402872467297,unresolved_or_model_specific,,
Qwen,activist,Qwen_F5,0.575693224464789,0.1668815679491606,0.1198564429945741,unresolved_or_model_specific,,
Qwen,actor,Qwen_F1,-1.0596337200537884,0.0142869128483505,0.0361632637214879,unresolved_or_model_specific,,
Qwen,actor,Qwen_F2,0.4140309673695477,0.0142869128483505,0.0477654174586172,unresolved_or_model_specific,,
Qwen,actor,Qwen_F3,0.1077390374080339,0.0142869128483505,0.044514025889168,shared_all_2,-1.0,-0.1077390374080339
Qwen,actor,Qwen_F4,-0.8473481189164114,0.0142869128483505,0.075449966477559,unresolved_or_model_specific,,
Qwen,actor,Qwen_F5,-0.7149087137216291,0.0142869128483505,0.1414051910768168,unresolved_or_model_specific,,
Qwen,addict,Qwen_F1,-1.213763754857655,0.1312429846218611,0.0630394787615187,unresolved_or_model_specific,,
Qwen,addict,Qwen_F2,1.4597756835014224,0.1312429846218611,0.1905020100292672,unresolved_or_model_specific,,
Qwen,addict,Qwen_F3,0.5223859733783939,0.1312429846218611,0.1007876484344771,shared_all_2,-1.0,-0.5223859733783939
Qwen,addict,Qwen_F4,-0.2943546786032124,0.1312429846218611,0.2082427055188731,unresolved_or_model_specific,,
Qwen,addict,Qwen_F5,-0.9267805537052568,0.1312429846218611,0.3018149200678422,unresolved_or_model_specific,,
Qwen,adolescent,Qwen_F1,-2.3072702761930577,0.0645497518557379,0.1237521930689924,unresolved_or_model_specific,,
Qwen,adolescent,Qwen_F2,2.037457659688656,0.0645497518557379,0.1243494181372764,unresolved_or_model_specific,,
Qwen,adolescent,Qwen_F3,2.039416338869611,0.0645497518557379,0.147607057289773,shared_all_2,-1.0,-2.039416338869611
Qwen,adolescent,Qwen_F4,1.05082701977471,0.0645497518557379,0.2998475641553951,unresolved_or_model_specific,,
Qwen,adolescent,Qwen_F5,-1.6829862277522376,0.0645497518557379,0.3615793767183158,unresolved_or_model_specific,,
Qwen,advocate,Qwen_F1,0.7121485265675408,0.0293171310280109,0.0680110443064508,unresolved_or_model_specific,,
Qwen,advocate,Qwen_F2,0.992930681493992,0.0293171310280109,0.0790987415243833,unresolved_or_model_specific,,
Qwen,advocate,Qwen_F3,0.1910462400394073,0.0293171310280109,0.0413483640772851,shared_all_2,-1.0,-0.1910462400394073
Qwen,advocate,Qwen_F4,-0.445705598756962,0.0293171310280109,0.0633298039726594,unresolved_or_model_specific,,
Qwen,advocate,Qwen_F5,0.4491497756861995,0.0293171310280109,0.1472427519667447,unresolved_or_model_specific,,
Qwen,alien,Qwen_F1,-0.4230731136152947,0.0259469457111474,0.0597309818756148,unresolved_or_model_specific,,
Qwen,alien,Qwen_F2,-1.39311039426052,0.0259469457111474,0.0592330182014917,unresolved_or_model_specific,,
Qwen,alien,Qwen_F3,-1.024549291528244,0.0259469457111474,0.0697887576539959,shared_all_2,-1.0,1.024549291528244
Qwen,alien,Qwen_F4,-0.7168295612449611,0.0259469457111474,0.0982156644631419,unresolved_or_model_specific,,
Qwen,alien,Qwen_F5,-0.1301133339923642,0.0259469457111474,0.084117172141919,unresolved_or_model_specific,,
Qwen,altruist,Qwen_F1,1.1015834045648487,0.0351106656658804,0.0458952425312321,unresolved_or_model_specific,,
Qwen,altruist,Qwen_F2,1.2179675078886314,0.0351106656658804,0.0591294066146482,unresolved_or_model_specific,,
Qwen,altruist,Qwen_F3,-0.3347845832680374,0.0351106656658804,0.0630378777884358,shared_all_2,-1.0,0.3347845832680374
Qwen,altruist,Qwen_F4,0.4540620767157293,0.0351106656658804,0.0965085530867955,unresolved_or_model_specific,,
Qwen,altruist,Qwen_F5,-0.4935054247243296,0.0351106656658804,0.1207857397644809,unresolved_or_model_specific,,
Qwen,amateur,Qwen_F1,-0.3986830349086472,0.0145137160967214,0.1322285094844353,unresolved_or_model_specific,,
Qwen,amateur,Qwen_F2,1.5457902366975762,0.0145137160967214,0.0820689999771924,unresolved_or_model_specific,,
Qwen,amateur,Qwen_F3,1.1374513046287875,0.0145137160967214,0.0826060709039508,shared_all_2,-1.0,-1.1374513046287875
Qwen,amateur,Qwen_F4,0.3548496163724975,0.0145137160967214,0.2112834113554467,unresolved_or_model_specific,,
Qwen,amateur,Qwen_F5,-2.647194765025836,0.0145137160967214,0.1841200225692104,unresolved_or_model_specific,,
Qwen,ambassador,Qwen_F1,1.3558842341731452,0.0250290079208342,0.0225273652548687,unresolved_or_model_specific,,
Qwen,ambassador,Qwen_F2,0.2965874470254928,0.0250290079208342,0.0843407291888928,unresolved_or_model_specific,,
Qwen,ambassador,Qwen_F3,0.1589755769729305,0.0250290079208342,0.0471797507002365,shared_all_2,-1.0,-0.1589755769729305
Qwen,ambassador,Qwen_F4,0.8110252001832533,0.0250290079208342,0.0585113624482679,unresolved_or_model_specific,,
Qwen,ambassador,Qwen_F5,0.2466205512132485,0.0250290079208342,0.1977590579652833,unresolved_or_model_specific,,
Qwen,amnesiac,Qwen_F1,-1.27288617061827,0.090441378642112,0.059780797382699,unresolved_or_model_specific,,
Qwen,amnesiac,Qwen_F2,0.5006315111438261,0.090441378642112,0.2179369703911304,unresolved_or_model_specific,,
Qwen,amnesiac,Qwen_F3,-0.6196368002884164,0.090441378642112,0.0821215269004917,shared_all_2,-1.0,0.6196368002884164
Qwen,amnesiac,Qwen_F4,0.204104588347896,0.090441378642112,0.1679916222789876,unresolved_or_model_specific,,
Qwen,amnesiac,Qwen_F5,-1.6491333856749215,0.090441378642112,0.3647047863415159,unresolved_or_model_specific,,
Qwen,analyst,Qwen_F1,1.049548369587673,0.0098362483404007,0.0294435677576821,unresolved_or_model_specific,,
Qwen,analyst,Qwen_F2,-1.0271983410070589,0.0098362483404007,0.1134185679867006,unresolved_or_model_specific,,
Qwen,analyst,Qwen_F3,1.0322810697980984,0.0098362483404007,0.0650985534348032,shared_all_2,-1.0,-1.0322810697980984
Qwen,analyst,Qwen_F4,0.6289008791632347,0.0098362483404007,0.103704162933709,unresolved_or_model_specific,,
Qwen,analyst,Qwen_F5,0.6217313927278454,0.0098362483404007,0.176878904004456,unresolved_or_model_specific,,
Qwen,anarchist,Qwen_F1,-0.114680053789809,0.2323071765232298,0.0991735132842552,unresolved_or_model_specific,,
Qwen,anarchist,Qwen_F2,-0.6927277129568018,0.2323071765232298,0.1720280378331046,unresolved_or_model_specific,,
Qwen,anarchist,Qwen_F3,-0.1346357191499595,0.2323071765232298,0.0369423665359977,shared_all_2,-1.0,0.1346357191499595
Qwen,anarchist,Qwen_F4,-1.07435090804459,0.2323071765232298,0.0684341000829497,unresolved_or_model_specific,,
Qwen,anarchist,Qwen_F5,0.8071610080478144,0.2323071765232298,0.1766068444801182,unresolved_or_model_specific,,
Qwen,ancient,Qwen_F1,-0.3040748608920438,0.0072908115071742,0.0456499858709634,unresolved_or_model_specific,,
Qwen,ancient,Qwen_F2,-0.3687452412013404,0.0072908115071742,0.0978688815296071,unresolved_or_model_specific,,
Qwen,ancient,Qwen_F3,-1.797917368275845,0.0072908115071742,0.0374927721389145,shared_all_2,-1.0,1.797917368275845
Qwen,ancient,Qwen_F4,-0.9167920518078572,0.0072908115071742,0.0631029726270727,unresolved_or_model_specific,,
Qwen,ancient,Qwen_F5,0.4304310344492737,0.0072908115071742,0.0728346297882057,unresolved_or_model_specific,,
Qwen,angel,Qwen_F1,0.5556387546895075,0.0459557479260023,0.0596902935464028,unresolved_or_model_specific,,
Qwen,angel,Qwen_F2,1.734697499729314,0.0459557479260023,0.0707312451782608,unresolved_or_model_specific,,
Qwen,angel,Qwen_F3,-2.2183313710303003,0.0459557479260023,0.0817481799929915,shared_all_2,-1.0,2.2183313710303003
Qwen,angel,Qwen_F4,-0.0535066552212789,0.0459557479260023,0.1407314032352912,unresolved_or_model_specific,,
Qwen,angel,Qwen_F5,-0.7538824527673803,0.0459557479260023,0.1500185630009375,unresolved_or_model_specific,,
Qwen,anthropologist,Qwen_F1,0.9454754102367656,0.0491826923962007,0.0517415630315135,unresolved_or_model_specific,,
Qwen,anthropologist,Qwen_F2,-1.911369566872066,0.0491826923962007,0.0685880987748545,unresolved_or_model_specific,,
Qwen,anthropologist,Qwen_F3,0.1332070364056423,0.0491826923962007,0.1074462789289652,shared_all_2,-1.0,-0.1332070364056423
Qwen,anthropologist,Qwen_F4,-0.603351031367141,0.0491826923962007,0.116362416646387,unresolved_or_model_specific,,
Qwen,anthropologist,Qwen_F5,-0.6936636116796371,0.0491826923962007,0.112441552826229,unresolved_or_model_specific,,
Qwen,archaeologist,Qwen_F1,0.6649707762950057,0.0172925960614667,0.0456560650494837,unresolved_or_model_specific,,
Qwen,archaeologist,Qwen_F2,-1.3304471638923587,0.0172925960614667,0.0434490611325978,unresolved_or_model_specific,,
Qwen,archaeologist,Qwen_F3,-0.1792258756965997,0.0172925960614667,0.0737116562833613,shared_all_2,-1.0,0.1792258756965997
Qwen,archaeologist,Qwen_F4,-0.1800700454908396,0.0172925960614667,0.0831440913405953,unresolved_or_model_specific,,
Qwen,archaeologist,Qwen_F5,-0.4610454946899673,0.0172925960614667,0.0629116913191973,unresolved_or_model_specific,,
Qwen,architect,Qwen_F1,0.9839392372077542,0.0135645566890496,0.0152466985450222,unresolved_or_model_specific,,
Qwen,architect,Qwen_F2,-0.3662234827307718,0.0135645566890496,0.1258296381822239,unresolved_or_model_specific,,
Qwen,architect,Qwen_F3,0.4900520882819295,0.0135645566890496,0.0474813118257724,shared_all_2,-1.0,-0.4900520882819295
Qwen,architect,Qwen_F4,-0.0564946158750963,0.0135645566890496,0.0675428421505243,unresolved_or_model_specific,,
Qwen,architect,Qwen_F5,0.1207483213476737,0.0135645566890496,0.1597202663403182,unresolved_or_model_specific,,
Qwen,archivist,Qwen_F1,1.0824773406002073,0.0109037454389154,0.0363460214832384,unresolved_or_model_specific,,
Qwen,archivist,Qwen_F2,-1.0102014953382816,0.0109037454389154,0.053356790283426,unresolved_or_model_specific,,
Qwen,archivist,Qwen_F3,-0.058862652883909,0.0109037454389154,0.0583067756385323,shared_all_2,-1.0,0.058862652883909
Qwen,archivist,Qwen_F4,0.6156741160103651,0.0109037454389154,0.0795101958668138,unresolved_or_model_specific,,
Qwen,archivist,Qwen_F5,-0.2202567265923113,0.0109037454389154,0.096347384579564,unresolved_or_model_specific,,
Qwen,artisan,Qwen_F1,0.3084716566815745,0.0139215095056127,0.0240546847718591,unresolved_or_model_specific,,
Qwen,artisan,Qwen_F2,0.5736903542012607,0.0139215095056127,0.0332804977308027,unresolved_or_model_specific,,
Qwen,artisan,Qwen_F3,-0.8561222514559298,0.0139215095056127,0.0270965814614099,shared_all_2,-1.0,0.8561222514559298
Qwen,artisan,Qwen_F4,-0.3108119066615559,0.0139215095056127,0.0523152689779621,unresolved_or_model_specific,,
Qwen,artisan,Qwen_F5,-0.6428243963775925,0.0139215095056127,0.0435708084398134,unresolved_or_model_specific,,
Qwen,ascetic,Qwen_F1,-0.0596524143419124,0.0379348396099002,0.0843821515467339,unresolved_or_model_specific,,
Qwen,ascetic,Qwen_F2,-0.0639882345474481,0.0379348396099002,0.2793730541214057,unresolved_or_model_specific,,
Qwen,ascetic,Qwen_F3,-2.600355985397729,0.0379348396099002,0.0605056384374255,shared_all_2,-1.0,2.600355985397729
Qwen,ascetic,Qwen_F4,0.3581732498283989,0.0379348396099002,0.1136581603843917,unresolved_or_model_specific,,
Qwen,ascetic,Qwen_F5,0.9332598087934348,0.0379348396099002,0.1284292373521847,unresolved_or_model_specific,,
Qwen,assistant,Qwen_F1,1.0258496487485802,0.0118031699773253,0.0220464055726903,unresolved_or_model_specific,,
Qwen,assistant,Qwen_F2,-0.0584222982848525,0.0118031699773253,0.1083543300498852,unresolved_or_model_specific,,
Qwen,assistant,Qwen_F3,1.0161475542908256,0.0118031699773253,0.0360292053541512,shared_all_2,-1.0,-1.0161475542908256
Qwen,assistant,Qwen_F4,0.8905592558648449,0.0118031699773253,0.0386973811370156,unresolved_or_model_specific,,
Qwen,assistant,Qwen_F5,-0.1415366236352525,0.0118031699773253,0.1391836954499103,unresolved_or_model_specific,,
Qwen,auctioneer,Qwen_F1,-0.6970203916714431,0.0898133363133133,0.0193951296934252,unresolved_or_model_specific,,
Qwen,auctioneer,Qwen_F2,0.4659649756393066,0.0898133363133133,0.1444339173408446,unresolved_or_model_specific,,
Qwen,auctioneer,Qwen_F3,0.3681341649038575,0.0898133363133133,0.0353938669112489,shared_all_2,-1.0,-0.3681341649038575
Qwen,auctioneer,Qwen_F4,-0.4089819572177656,0.0898133363133133,0.0583462447111079,unresolved_or_model_specific,,
Qwen,auctioneer,Qwen_F5,0.5533323055522147,0.0898133363133133,0.1042217720964069,unresolved_or_model_specific,,
Qwen,auditor,Qwen_F1,1.1418504860032723,0.0102778895159772,0.046429111113275,unresolved_or_model_specific,,
Qwen,auditor,Qwen_F2,-1.1538327101599617,0.0102778895159772,0.0928331418186801,unresolved_or_model_specific,,
Qwen,auditor,Qwen_F3,0.6967627955049304,0.0102778895159772,0.0700996297967247,shared_all_2,-1.0,-0.6967627955049304
Qwen,auditor,Qwen_F4,1.8540270947951485,0.0102778895159772,0.140120415278823,unresolved_or_model_specific,,
Qwen,auditor,Qwen_F5,1.297139223002318,0.0102778895159772,0.2109034780100932,unresolved_or_model_specific,,
Qwen,avatar,Qwen_F1,0.1979295849759891,0.0207844870489151,0.0299474121385412,unresolved_or_model_specific,,
Qwen,avatar,Qwen_F2,0.4916131065103153,0.0207844870489151,0.0407822350825986,unresolved_or_model_specific,,
Qwen,avatar,Qwen_F3,-2.0417217013672153,0.0207844870489151,0.042184338041019,shared_all_2,-1.0,2.0417217013672153
Qwen,avatar,Qwen_F4,-1.02818019839674,0.0207844870489151,0.0858526687693975,unresolved_or_model_specific,,
Qwen,avatar,Qwen_F5,-0.0646845580337848,0.0207844870489151,0.0919601077504511,unresolved_or_model_specific,,
Qwen,bard,Qwen_F1,-0.5353006861496622,0.0995437518151891,0.0657208870873913,unresolved_or_model_specific,,
Qwen,bard,Qwen_F2,0.5105386486494288,0.0995437518151891,0.0718606864552899,unresolved_or_model_specific,,
Qwen,bard,Qwen_F3,-1.753675468012531,0.0995437518151891,0.0522897441275537,shared_all_2,-1.0,1.753675468012531
Qwen,bard,Qwen_F4,-0.3303805127593809,0.0995437518151891,0.067770559131621,unresolved_or_model_specific,,
Qwen,bard,Qwen_F5,-0.3724854087650441,0.0995437518151891,0.0863934669017487,unresolved_or_model_specific,,
Qwen,bartender,Qwen_F1,-1.0421017325044994,0.0421984127600166,0.08694884630196,unresolved_or_model_specific,,
Qwen,bartender,Qwen_F2,1.1821860586157846,0.0421984127600166,0.0875861162621501,unresolved_or_model_specific,,
Qwen,bartender,Qwen_F3,0.7161659338734352,0.0421984127600166,0.0636472593507522,shared_all_2,-1.0,-0.7161659338734352
Qwen,bartender,Qwen_F4,-0.1165252438642716,0.0421984127600166,0.129563727023347,unresolved_or_model_specific,,
Qwen,bartender,Qwen_F5,-1.2251290046234615,0.0421984127600166,0.1393283611161352,unresolved_or_model_specific,,
Qwen,biologist,Qwen_F1,0.95315108106738,0.0213407902178486,0.0394071057283573,unresolved_or_model_specific,,
Qwen,biologist,Qwen_F2,-1.3849929661553502,0.0213407902178486,0.0627144096839671,unresolved_or_model_specific,,
Qwen,biologist,Qwen_F3,0.3422194616764161,0.0213407902178486,0.075333528225434,shared_all_2,-1.0,-0.3422194616764161
Qwen,biologist,Qwen_F4,0.335637796274588,0.0213407902178486,0.1043141569371984,unresolved_or_model_specific,,
Qwen,biologist,Qwen_F5,-0.0502266299748209,0.0213407902178486,0.1120571189405585,unresolved_or_model_specific,,
Qwen,blogger,Qwen_F1,-0.1902691259843912,0.018851672003324,0.0371144630478835,unresolved_or_model_specific,,
Qwen,blogger,Qwen_F2,0.905745560763849,0.018851672003324,0.0784170980159534,unresolved_or_model_specific,,
Qwen,blogger,Qwen_F3,0.578604716004212,0.018851672003324,0.0459507233477612,shared_all_2,-1.0,-0.578604716004212
Qwen,blogger,Qwen_F4,-0.7288663549639506,0.018851672003324,0.0961094495344664,unresolved_or_model_specific,,
Qwen,blogger,Qwen_F5,-0.9396022161291648,0.018851672003324,0.0770550407141864,unresolved_or_model_specific,,
Qwen,bohemian,Qwen_F1,-1.0746083605119578,0.0155988274792459,0.0333771420237069,unresolved_or_model_specific,,
Qwen,bohemian,Qwen_F2,0.647823288036125,0.0155988274792459,0.1066823182977202,unresolved_or_model_specific,,
Qwen,bohemian,Qwen_F3,-0.8556781968755597,0.0155988274792459,0.0618696459702146,shared_all_2,-1.0,0.8556781968755597
Qwen,bohemian,Qwen_F4,-2.247958545547296,0.0155988274792459,0.0954852863024941,unresolved_or_model_specific,,
Qwen,bohemian,Qwen_F5,-0.8309697615848577,0.0155988274792459,0.151603959408471,unresolved_or_model_specific,,
Qwen,builder,Qwen_F1,0.528113605658819,0.0125638563992871,0.0291789403388563,unresolved_or_model_specific,,
Qwen,builder,Qwen_F2,0.4415868290363471,0.0125638563992871,0.089494286138443,unresolved_or_model_specific,,
Qwen,builder,Qwen_F3,0.4154580040040688,0.0125638563992871,0.0275027474911802,shared_all_2,-1.0,-0.4154580040040688
Qwen,builder,Qwen_F4,0.0726694394963286,0.0125638563992871,0.0387099437210246,unresolved_or_model_specific,,
Qwen,builder,Qwen_F5,0.4655047846474763,0.0125638563992871,0.1325392984985762,unresolved_or_model_specific,,
Qwen,caregiver,Qwen_F1,0.8908071150631023,0.0122532841411849,0.1068692724703818,unresolved_or_model_specific,,
Qwen,caregiver,Qwen_F2,2.2644561263656655,0.0122532841411849,0.0923483067243586,unresolved_or_model_specific,,
Qwen,caregiver,Qwen_F3,0.0571312657655781,0.0122532841411849,0.095551539292794,shared_all_2,-1.0,-0.0571312657655781
Qwen,caregiver,Qwen_F4,0.7160375824915971,0.0122532841411849,0.2052493365978499,unresolved_or_model_specific,,
Qwen,caregiver,Qwen_F5,-2.261087256088063,0.0122532841411849,0.0875335495367782,unresolved_or_model_specific,,
Qwen,cartographer,Qwen_F1,0.8004410264258226,0.0096950684251014,0.0306050784330718,unresolved_or_model_specific,,
Qwen,cartographer,Qwen_F2,-0.83597739193679,0.0096950684251014,0.0814904703516392,unresolved_or_model_specific,,
Qwen,cartographer,Qwen_F3,0.1698617357064732,0.0096950684251014,0.05025188049747,shared_all_2,-1.0,-0.1698617357064732
Qwen,cartographer,Qwen_F4,0.2433925460850897,0.0096950684251014,0.0760770042284318,unresolved_or_model_specific,,
Qwen,cartographer,Qwen_F5,-0.0421169335680074,0.0096950684251014,0.1034424526647256,unresolved_or_model_specific,,
Qwen,caveman,Qwen_F1,-1.4955409709435448,0.1805072351416123,0.0611428829556092,unresolved_or_model_specific,,
Qwen,caveman,Qwen_F2,2.197651005055336,0.1805072351416123,0.1818782387475568,unresolved_or_model_specific,,
Qwen,caveman,Qwen_F3,-0.3063060461974671,0.1805072351416123,0.1653531913532012,shared_all_2,-1.0,0.3063060461974671
Qwen,caveman,Qwen_F4,1.9617642253467635,0.1805072351416123,0.1851126841464553,unresolved_or_model_specific,,
Qwen,caveman,Qwen_F5,0.6220190416009039,0.1805072351416123,0.1418531504560264,unresolved_or_model_specific,,
Qwen,celebrity,Qwen_F1,-0.6520518332924176,0.0201151230307317,0.0453707519844262,unresolved_or_model_specific,,
Qwen,celebrity,Qwen_F2,1.4336501608309584,0.0201151230307317,0.0527002474851788,unresolved_or_model_specific,,
Qwen,celebrity,Qwen_F3,0.6560195163330418,0.0201151230307317,0.0638909657726659,shared_all_2,-1.0,-0.6560195163330418
Qwen,celebrity,Qwen_F4,-0.4735706448321538,0.0201151230307317,0.1268205136878817,unresolved_or_model_specific,,
Qwen,celebrity,Qwen_F5,-0.5874824462387263,0.0201151230307317,0.0995393639777649,unresolved_or_model_specific,,
Qwen,chameleon,Qwen_F1,-0.2199626182838681,0.019430986968238,0.0527440150792826,unresolved_or_model_specific,,
Qwen,chameleon,Qwen_F2,0.3432016104597763,0.019430986968238,0.1069898665777642,unresolved_or_model_specific,,
Qwen,chameleon,Qwen_F3,0.5802157344066625,0.019430986968238,0.0399985711299006,shared_all_2,-1.0,-0.5802157344066625
Qwen,chameleon,Qwen_F4,-0.7806446193506199,0.019430986968238,0.0695283730793034,unresolved_or_model_specific,,
Qwen,chameleon,Qwen_F5,-1.1215761329766645,0.019430986968238,0.0784945588884717,unresolved_or_model_specific,,
Qwen,chef,Qwen_F1,0.1217093561086821,0.0367082234435829,0.0558653456765204,unresolved_or_model_specific,,
Qwen,chef,Qwen_F2,0.73126293666492,0.0367082234435829,0.1457575891271876,unresolved_or_model_specific,,
Qwen,chef,Qwen_F3,0.498282413846642,0.0367082234435829,0.017595972925633,shared_all_2,-1.0,-0.498282413846642
Qwen,chef,Qwen_F4,-0.0707980776357795,0.0367082234435829,0.0778594534700661,unresolved_or_model_specific,,
Qwen,chef,Qwen_F5,-0.6959956775586595,0.0367082234435829,0.0897837724092672,unresolved_or_model_specific,,
Qwen,chemist,Qwen_F1,0.7006570963810819,0.0152667119126634,0.0408302403069226,unresolved_or_model_specific,,
Qwen,chemist,Qwen_F2,-1.2602319362329175,0.0152667119126634,0.0620369719478559,unresolved_or_model_specific,,
Qwen,chemist,Qwen_F3,0.4138746416508911,0.0152667119126634,0.0622846245101877,shared_all_2,-1.0,-0.4138746416508911
Qwen,chemist,Qwen_F4,0.6047154569149165,0.0152667119126634,0.099129718392389,unresolved_or_model_specific,,
Qwen,chemist,Qwen_F5,0.1011761541343373,0.0152667119126634,0.09495721542948,unresolved_or_model_specific,,
Qwen,chimera,Qwen_F1,-0.8192921871219362,0.0059004167248776,0.0384905454644404,unresolved_or_model_specific,,
Qwen,chimera,Qwen_F2,-0.394157147950014,0.0059004167248776,0.0940937441504876,unresolved_or_model_specific,,
Qwen,chimera,Qwen_F3,-1.1584102789535804,0.0059004167248776,0.0397769171048486,shared_all_2,-1.0,1.1584102789535804
Qwen,chimera,Qwen_F4,-1.360292456627064,0.0059004167248776,0.0538779490126457,unresolved_or_model_specific,,
Qwen,chimera,Qwen_F5,0.3314559179415058,0.0059004167248776,0.1200820960717588,unresolved_or_model_specific,,
Qwen,coach,Qwen_F1,0.7978403135168206,0.022022178014352,0.0367938245913619,unresolved_or_model_specific,,
Qwen,coach,Qwen_F2,0.98168189308959,0.022022178014352,0.1829213125391769,unresolved_or_model_specific,,
Qwen,coach,Qwen_F3,1.1465932404484196,0.022022178014352,0.0390298675729439,shared_all_2,-1.0,-1.1465932404484196
Qwen,coach,Qwen_F4,-0.1213773676527601,0.022022178014352,0.0755873509267696,unresolved_or_model_specific,,
Qwen,coach,Qwen_F5,-0.3180452588065263,0.022022178014352,0.1438877700456797,unresolved_or_model_specific,,
Qwen,collaborator,Qwen_F1,0.9991046085456554,0.0104999622175028,0.0461292540949968,unresolved_or_model_specific,,
Qwen,collaborator,Qwen_F2,0.83550428108156,0.0104999622175028,0.1338414176393161,unresolved_or_model_specific,,
Qwen,collaborator,Qwen_F3,0.9004417066315956,0.0104999622175028,0.041286380873186,shared_all_2,-1.0,-0.9004417066315956
Qwen,collaborator,Qwen_F4,0.2898125965082057,0.0104999622175028,0.0820588650984225,unresolved_or_model_specific,,
Qwen,collaborator,Qwen_F5,-0.9543992627282168,0.0104999622175028,0.0953779802934624,unresolved_or_model_specific,,
Qwen,collector,Qwen_F1,0.5432197955037412,0.0142774052406708,0.0307240061571041,unresolved_or_model_specific,,
Qwen,collector,Qwen_F2,-0.7508364065134311,0.0142774052406708,0.0796476010428266,unresolved_or_model_specific,,
Qwen,collector,Qwen_F3,-0.1183629173030885,0.0142774052406708,0.048836224109934,shared_all_2,-1.0,0.1183629173030885
Qwen,collector,Qwen_F4,-0.2715546414127168,0.0142774052406708,0.0650156362242737,unresolved_or_model_specific,,
Qwen,collector,Qwen_F5,-0.1770204837948307,0.0142774052406708,0.0728748779508614,unresolved_or_model_specific,,
Qwen,comedian,Qwen_F1,-2.841904023013284,0.144308985614174,0.1017990222506185,unresolved_or_model_specific,,
Qwen,comedian,Qwen_F2,0.0614326531495954,0.144308985614174,0.1474660911374475,unresolved_or_model_specific,,
Qwen,comedian,Qwen_F3,1.3201398519333143,0.144308985614174,0.0950595325998395,shared_all_2,-1.0,-1.3201398519333143
Qwen,comedian,Qwen_F4,-0.1886575264432212,0.144308985614174,0.0836217771818812,unresolved_or_model_specific,,
Qwen,comedian,Qwen_F5,0.5118338348865414,0.144308985614174,0.2005656802550624,unresolved_or_model_specific,,
Qwen,competitor,Qwen_F1,-1.3532592204181055,0.0328773536533492,0.1271086855086501,unresolved_or_model_specific,,
Qwen,competitor,Qwen_F2,0.784362067753949,0.0328773536533492,0.0723498361666411,unresolved_or_model_specific,,
Qwen,competitor,Qwen_F3,0.8797314891394873,0.0328773536533492,0.0840261097225845,shared_all_2,-1.0,-0.8797314891394873
Qwen,competitor,Qwen_F4,-0.2240829610824664,0.0328773536533492,0.0640003064716346,unresolved_or_model_specific,,
Qwen,competitor,Qwen_F5,2.439704469794829,0.0328773536533492,0.0689699783695663,unresolved_or_model_specific,,
Qwen,composer,Qwen_F1,0.4585189794089079,0.0168713411695054,0.0353130902734058,unresolved_or_model_specific,,
Qwen,composer,Qwen_F2,-0.6123789411801356,0.0168713411695054,0.0931347153306664,unresolved_or_model_specific,,
Qwen,composer,Qwen_F3,-0.5534934828253933,0.0168713411695054,0.0620069423838717,shared_all_2,-1.0,0.5534934828253933
Qwen,composer,Qwen_F4,-1.0570606786550971,0.0168713411695054,0.0660364412234798,unresolved_or_model_specific,,
Qwen,composer,Qwen_F5,-0.6415823622282045,0.0168713411695054,0.0638334099152647,unresolved_or_model_specific,,
Qwen,conservator,Qwen_F1,1.0683564625297786,0.0142541082159703,0.023111711165824,unresolved_or_model_specific,,
Qwen,conservator,Qwen_F2,-0.5817216734234554,0.0142541082159703,0.0415727753179595,unresolved_or_model_specific,,
Qwen,conservator,Qwen_F3,-0.2122674049363775,0.0142541082159703,0.0430159784557787,shared_all_2,-1.0,0.2122674049363775
Qwen,conservator,Qwen_F4,0.7222397585026327,0.0142541082159703,0.0582574037329045,unresolved_or_model_specific,,
Qwen,conservator,Qwen_F5,-0.2355905113771058,0.0142541082159703,0.0893309885269625,unresolved_or_model_specific,,
Qwen,consultant,Qwen_F1,1.061597104152258,0.0089402232083729,0.0288939984901794,unresolved_or_model_specific,,
Qwen,consultant,Qwen_F2,-0.4870087103295643,0.0089402232083729,0.1406921902393936,unresolved_or_model_specific,,
Qwen,consultant,Qwen_F3,1.124651319060605,0.0089402232083729,0.0554755793365143,shared_all_2,-1.0,-1.124651319060605
Qwen,consultant,Qwen_F4,0.4242112152659866,0.0089402232083729,0.0844529806573368,unresolved_or_model_specific,,
Qwen,consultant,Qwen_F5,0.686725663921358,0.0089402232083729,0.2027237823341736,unresolved_or_model_specific,,
Qwen,contrarian,Qwen_F1,-1.3794808692543636,0.072387514892258,0.0879618994653101,unresolved_or_model_specific,,
Qwen,contrarian,Qwen_F2,-1.3758896562755318,0.072387514892258,0.2079714160809742,unresolved_or_model_specific,,
Qwen,contrarian,Qwen_F3,0.2748814804757867,0.072387514892258,0.0619256239112165,shared_all_2,-1.0,-0.2748814804757867
Qwen,contrarian,Qwen_F4,-1.11874772183755,0.072387514892258,0.1289344117834951,unresolved_or_model_specific,,
Qwen,contrarian,Qwen_F5,0.926667977549985,0.072387514892258,0.2595562211294618,unresolved_or_model_specific,,
Qwen,coordinator,Qwen_F1,1.1864114031803394,0.0130556151918077,0.0185146140807153,unresolved_or_model_specific,,
Qwen,coordinator,Qwen_F2,0.0626222931937999,0.0130556151918077,0.1388165573091876,unresolved_or_model_specific,,
Qwen,coordinator,Qwen_F3,0.9699651275853256,0.0130556151918077,0.0453707654556148,shared_all_2,-1.0,-0.9699651275853256
Qwen,coordinator,Qwen_F4,0.6762766382823115,0.0130556151918077,0.063523433199077,unresolved_or_model_specific,,
Qwen,coordinator,Qwen_F5,0.3890136730631747,0.0130556151918077,0.2069832103364332,unresolved_or_model_specific,,
Qwen,coral_reef,Qwen_F1,-0.0104350150550245,0.0442408890156006,0.0431960444037994,unresolved_or_model_specific,,
Qwen,coral_reef,Qwen_F2,0.6352243104617575,0.0442408890156006,0.0521545007710635,unresolved_or_model_specific,,
Qwen,coral_reef,Qwen_F3,-1.183393016815012,0.0442408890156006,0.03178711342272,shared_all_2,-1.0,1.183393016815012
Qwen,coral_reef,Qwen_F4,-0.5895230279388708,0.0442408890156006,0.074200866251962,unresolved_or_model_specific,,
Qwen,coral_reef,Qwen_F5,-0.5657040686820002,0.0442408890156006,0.0636110729198214,unresolved_or_model_specific,,
Qwen,cosmopolitan,Qwen_F1,0.4286018846643227,0.013727288541981,0.0367673764057439,unresolved_or_model_specific,,
Qwen,cosmopolitan,Qwen_F2,-0.1851374184045615,0.013727288541981,0.1307207459158763,unresolved_or_model_specific,,
Qwen,cosmopolitan,Qwen_F3,0.2298229321777887,0.013727288541981,0.0565775810057724,shared_all_2,-1.0,-0.2298229321777887
Qwen,cosmopolitan,Qwen_F4,-1.0397300633485842,0.013727288541981,0.0687047636657059,unresolved_or_model_specific,,
Qwen,cosmopolitan,Qwen_F5,-0.90603169329059,0.013727288541981,0.061413223303957,unresolved_or_model_specific,,
Qwen,counselor,Qwen_F1,0.8480100949314786,0.0557276889819241,0.0710110163815789,unresolved_or_model_specific,,
Qwen,counselor,Qwen_F2,1.2817558504268434,0.0557276889819241,0.0770639801139051,unresolved_or_model_specific,,
Qwen,counselor,Qwen_F3,0.3130902158450963,0.0557276889819241,0.0676730730485574,shared_all_2,-1.0,-0.3130902158450963
Qwen,counselor,Qwen_F4,0.3492244586846226,0.0557276889819241,0.1467450601865905,unresolved_or_model_specific,,
Qwen,counselor,Qwen_F5,-2.106799800732914,0.0557276889819241,0.0855631985514159,unresolved_or_model_specific,,
Qwen,criminal,Qwen_F1,-2.3889025585045145,0.0561551607898661,0.0643434436413109,unresolved_or_model_specific,,
Qwen,criminal,Qwen_F2,0.5317639592813648,0.0561551607898661,0.2482416798743785,unresolved_or_model_specific,,
Qwen,criminal,Qwen_F3,0.366742274467392,0.0561551607898661,0.1174504423272764,shared_all_2,-1.0,-0.366742274467392
Qwen,criminal,Qwen_F4,0.6209912915623758,0.0561551607898661,0.1814297653444517,unresolved_or_model_specific,,
Qwen,criminal,Qwen_F5,1.0856179539869866,0.0561551607898661,0.2926942267971346,unresolved_or_model_specific,,
Qwen,critic,Qwen_F1,0.6573801354909198,0.0180923427273978,0.0467932817447357,unresolved_or_model_specific,,
Qwen,critic,Qwen_F2,-1.4610498794853275,0.0180923427273978,0.0603177473589072,unresolved_or_model_specific,,
Qwen,critic,Qwen_F3,0.0021309126006879,0.0180923427273978,0.0678065800022851,shared_all_2,-1.0,-0.0021309126006879
Qwen,critic,Qwen_F4,-0.2360325865628696,0.0180923427273978,0.1024489213404273,unresolved_or_model_specific,,
Qwen,critic,Qwen_F5,0.2393177208161509,0.0180923427273978,0.075135955464951,unresolved_or_model_specific,,
Qwen,crystalline,Qwen_F1,0.3760840460429764,0.0699510944022835,0.0522358436607422,unresolved_or_model_specific,,
Qwen,crystalline,Qwen_F2,-1.4103516088785224,0.0699510944022835,0.0658617555937579,unresolved_or_model_specific,,
Qwen,crystalline,Qwen_F3,-1.5414060225331323,0.0699510944022835,0.0691725208952634,shared_all_2,-1.0,1.5414060225331323
Qwen,crystalline,Qwen_F4,-0.5394529260555413,0.0699510944022835,0.1405716264846398,unresolved_or_model_specific,,
Qwen,crystalline,Qwen_F5,0.50825756572462,0.0699510944022835,0.0854241241227041,unresolved_or_model_specific,,
Qwen,curator,Qwen_F1,0.8146619067040409,0.0031136593725592,0.0223385941390923,unresolved_or_model_specific,,
Qwen,curator,Qwen_F2,-0.5196343718209272,0.0031136593725592,0.1379252394333348,unresolved_or_model_specific,,
Qwen,curator,Qwen_F3,0.3018800051484269,0.0031136593725592,0.0623724784101676,shared_all_2,-1.0,-0.3018800051484269
Qwen,curator,Qwen_F4,-0.7854170677484108,0.0031136593725592,0.0664227176809253,unresolved_or_model_specific,,
Qwen,curator,Qwen_F5,-0.4387968430284139,0.0031136593725592,0.0988778963894969,unresolved_or_model_specific,,
Qwen,cyborg,Qwen_F1,0.4345355778672841,0.0246347998187101,0.0295190503151308,unresolved_or_model_specific,,
Qwen,cyborg,Qwen_F2,-0.8873598030654519,0.0246347998187101,0.0808145157333377,unresolved_or_model_specific,,
Qwen,cyborg,Qwen_F3,0.320633790494416,0.0246347998187101,0.0579080444527297,shared_all_2,-1.0,-0.320633790494416
Qwen,cyborg,Qwen_F4,-0.4440607400947454,0.0246347998187101,0.1012538117378308,unresolved_or_model_specific,,
Qwen,cyborg,Qwen_F5,0.5016180739893813,0.0246347998187101,0.1065460680053066,unresolved_or_model_specific,,
Qwen,cynic,Qwen_F1,-2.6861234580373674,0.0614638020642383,0.0741917783463104,unresolved_or_model_specific,,
Qwen,cynic,Qwen_F2,-0.6683146452086843,0.0614638020642383,0.3028795452944839,unresolved_or_model_specific,,
Qwen,cynic,Qwen_F3,0.5455684237261164,0.0614638020642383,0.0886089959813203,shared_all_2,-1.0,-0.5455684237261164
Qwen,cynic,Qwen_F4,0.4339856546990982,0.0614638020642383,0.178942797837035,unresolved_or_model_specific,,
Qwen,cynic,Qwen_F5,1.4405996093404485,0.0614638020642383,0.3384929347464506,unresolved_or_model_specific,,
Qwen,daredevil,Qwen_F1,-2.4003406945841705,0.0281738014335494,0.0538138765481673,unresolved_or_model_specific,,
Qwen,daredevil,Qwen_F2,0.9429273093425254,0.0281738014335494,0.0909129961907095,unresolved_or_model_specific,,
Qwen,daredevil,Qwen_F3,0.9333570971003108,0.0281738014335494,0.0942303459487494,shared_all_2,-1.0,-0.9333570971003108
Qwen,daredevil,Qwen_F4,-1.000905203951768,0.0281738014335494,0.0868742423768508,unresolved_or_model_specific,,
Qwen,daredevil,Qwen_F5,1.3112488008663448,0.0281738014335494,0.137320112326999,unresolved_or_model_specific,,
Qwen,debugger,Qwen_F1,0.6463219171105271,0.0318799009868772,0.0305279433752874,unresolved_or_model_specific,,
Qwen,debugger,Qwen_F2,-0.8375489466770165,0.0318799009868772,0.1237861635130926,unresolved_or_model_specific,,
Qwen,debugger,Qwen_F3,1.33998999253143,0.0318799009868772,0.0581397648383885,shared_all_2,-1.0,-1.33998999253143
Qwen,debugger,Qwen_F4,0.5525088742127618,0.0318799009868772,0.0991208315617855,unresolved_or_model_specific,,
Qwen,debugger,Qwen_F5,0.6993844658763461,0.0318799009868772,0.1546833888208448,unresolved_or_model_specific,,
Qwen,demon,Qwen_F1,-1.8098698540250768,0.0245352030146326,0.0660896824217217,unresolved_or_model_specific,,
Qwen,demon,Qwen_F2,-0.8744619699409689,0.0245352030146326,0.2453834485901844,unresolved_or_model_specific,,
Qwen,demon,Qwen_F3,-1.5559597428062213,0.0245352030146326,0.0687080928092543,shared_all_2,-1.0,1.5559597428062213
Qwen,demon,Qwen_F4,-0.1501124977573271,0.0245352030146326,0.1120109666985721,unresolved_or_model_specific,,
Qwen,demon,Qwen_F5,1.360527562168309,0.0245352030146326,0.1946346807831551,unresolved_or_model_specific,,
Qwen,designer,Qwen_F1,0.7600068873855068,0.0111891833321698,0.0200848471389146,unresolved_or_model_specific,,
Qwen,designer,Qwen_F2,-0.0239283878652508,0.0111891833321698,0.1829890015931146,unresolved_or_model_specific,,
Qwen,designer,Qwen_F3,0.75106509492397,0.0111891833321698,0.0523439603258269,shared_all_2,-1.0,-0.75106509492397
Qwen,designer,Qwen_F4,-0.8112692840278829,0.0111891833321698,0.0748421096388693,unresolved_or_model_specific,,
Qwen,designer,Qwen_F5,-0.2311890373671482,0.0111891833321698,0.1369921109612344,unresolved_or_model_specific,,
Qwen,destroyer,Qwen_F1,-0.6983823441809559,0.0425359049659321,0.1485422673192965,unresolved_or_model_specific,,
Qwen,destroyer,Qwen_F2,-0.5717175983650619,0.0425359049659321,0.1370604842711712,unresolved_or_model_specific,,
Qwen,destroyer,Qwen_F3,-0.0035826942936805,0.0425359049659321,0.0426138991482316,shared_all_2,-1.0,0.0035826942936805
Qwen,destroyer,Qwen_F4,-1.3246602934776563,0.0425359049659321,0.0937906182608113,unresolved_or_model_specific,,
Qwen,destroyer,Qwen_F5,2.168842234738918,0.0425359049659321,0.1089852977661985,unresolved_or_model_specific,,
Qwen,detective,Qwen_F1,0.3538799358487556,0.0121534992757207,0.0301937243673045,unresolved_or_model_specific,,
Qwen,detective,Qwen_F2,-0.943197455250408,0.0121534992757207,0.0452998237093889,unresolved_or_model_specific,,
Qwen,detective,Qwen_F3,0.5971613141017819,0.0121534992757207,0.044298243415457,shared_all_2,-1.0,-0.5971613141017819
Qwen,detective,Qwen_F4,0.3654539895988519,0.0121534992757207,0.0783425437066279,unresolved_or_model_specific,,
Qwen,detective,Qwen_F5,0.5431331405106088,0.0121534992757207,0.0749587433258981,unresolved_or_model_specific,,
Qwen,devils_advocate,Qwen_F1,-0.8317755753510436,0.0621640246889246,0.0665348761746089,unresolved_or_model_specific,,
Qwen,devils_advocate,Qwen_F2,-1.6375304119437348,0.0621640246889246,0.1761588254187134,unresolved_or_model_specific,,
Qwen,devils_advocate,Qwen_F3,0.337558712180146,0.0621640246889246,0.0622704858436379,shared_all_2,-1.0,-0.337558712180146
Qwen,devils_advocate,Qwen_F4,-0.5773759845194282,0.0621640246889246,0.1291755261207997,unresolved_or_model_specific,,
Qwen,devils_advocate,Qwen_F5,0.4800259209560707,0.0621640246889246,0.2220479225989997,unresolved_or_model_specific,,
Qwen,dilettante,Qwen_F1,-0.6530848729328914,0.0227364190331234,0.1034567302689084,unresolved_or_model_specific,,
Qwen,dilettante,Qwen_F2,-0.5812062014318351,0.0227364190331234,0.139552929577162,unresolved_or_model_specific,,
Qwen,dilettante,Qwen_F3,0.6203025480219816,0.0227364190331234,0.0812170272294621,shared_all_2,-1.0,-0.6203025480219816
Qwen,dilettante,Qwen_F4,-1.228711608321876,0.0227364190331234,0.0780738684465352,unresolved_or_model_specific,,
Qwen,dilettante,Qwen_F5,-1.73391619534792,0.0227364190331234,0.1692681192374,unresolved_or_model_specific,,
Qwen,dispatcher,Qwen_F1,0.982365255763148,0.020301306454506,0.020721353650961,unresolved_or_model_specific,,
Qwen,dispatcher,Qwen_F2,-0.2990313908535553,0.020301306454506,0.1306595832206554,unresolved_or_model_specific,,
Qwen,dispatcher,Qwen_F3,0.9733659524297308,0.020301306454506,0.0478037100033057,shared_all_2,-1.0,-0.9733659524297308
Qwen,dispatcher,Qwen_F4,0.96075544636861,0.020301306454506,0.0856961321615959,unresolved_or_model_specific,,
Qwen,dispatcher,Qwen_F5,0.7621437123448853,0.020301306454506,0.2090680383414216,unresolved_or_model_specific,,
Qwen,divorcee,Qwen_F1,-0.376817922922227,0.0566161193137901,0.0613396404822402,unresolved_or_model_specific,,
Qwen,divorcee,Qwen_F2,1.3840536985386964,0.0566161193137901,0.0707169150003481,unresolved_or_model_specific,,
Qwen,divorcee,Qwen_F3,0.5844900072977081,0.0566161193137901,0.074262499832533,shared_all_2,-1.0,-0.5844900072977081
Qwen,divorcee,Qwen_F4,-0.3783621593674031,0.0566161193137901,0.1676424511774161,unresolved_or_model_specific,,
Qwen,divorcee,Qwen_F5,-1.7141816834560752,0.0566161193137901,0.1744632514327344,unresolved_or_model_specific,,
Qwen,doctor,Qwen_F1,1.2391686506470745,0.0115418248580728,0.0291278418805789,unresolved_or_model_specific,,
Qwen,doctor,Qwen_F2,-0.0216699509653964,0.0115418248580728,0.0877184754091733,unresolved_or_model_specific,,
Qwen,doctor,Qwen_F3,0.6813067199142387,0.0115418248580728,0.0421457531972037,shared_all_2,-1.0,-0.6813067199142387
Qwen,doctor,Qwen_F4,1.3564306879767172,0.0115418248580728,0.0457142603439368,unresolved_or_model_specific,,
Qwen,doctor,Qwen_F5,-0.2873503862841462,0.0115418248580728,0.1485050534054383,unresolved_or_model_specific,,
Qwen,dreamer,Qwen_F1,-0.5080664174395247,0.02113625893183,0.0440657743227856,unresolved_or_model_specific,,
Qwen,dreamer,Qwen_F2,0.2882775808710419,0.02113625893183,0.0611896366607067,unresolved_or_model_specific,,
Qwen,dreamer,Qwen_F3,-1.5550136786164308,0.02113625893183,0.0440437165384147,shared_all_2,-1.0,1.5550136786164308
Qwen,dreamer,Qwen_F4,-1.3353961347706884,0.02113625893183,0.0666751991568282,unresolved_or_model_specific,,
Qwen,dreamer,Qwen_F5,-0.7189711176323439,0.02113625893183,0.0939228560797004,unresolved_or_model_specific,,
Qwen,echo,Qwen_F1,-0.5091287601873562,0.0159882963902548,0.031642354976383,unresolved_or_model_specific,,
Qwen,echo,Qwen_F2,-0.1213436559095547,0.0159882963902548,0.1368615300516431,unresolved_or_model_specific,,
Qwen,echo,Qwen_F3,-2.02723774495157,0.0159882963902548,0.0408183669134879,shared_all_2,-1.0,2.02723774495157
Qwen,echo,Qwen_F4,-0.613771896043901,0.0159882963902548,0.0460988205008339,unresolved_or_model_specific,,
Qwen,echo,Qwen_F5,0.1039179316392122,0.0159882963902548,0.1182236729321789,unresolved_or_model_specific,,
Qwen,economist,Qwen_F1,0.8130756224091636,0.0145840136543123,0.0473512627021975,unresolved_or_model_specific,,
Qwen,economist,Qwen_F2,-1.7104085233618571,0.0145840136543123,0.0837435821505188,unresolved_or_model_specific,,
Qwen,economist,Qwen_F3,0.8898641572634791,0.0145840136543123,0.0830539291484733,shared_all_2,-1.0,-0.8898641572634791
Qwen,economist,Qwen_F4,0.3576351781193699,0.0145840136543123,0.1432168154580244,unresolved_or_model_specific,,
Qwen,economist,Qwen_F5,0.8208813208849329,0.0145840136543123,0.1462935594748986,unresolved_or_model_specific,,
Qwen,ecosystem,Qwen_F1,1.075827892069834,0.0252978598158981,0.0246556320537004,unresolved_or_model_specific,,
Qwen,ecosystem,Qwen_F2,0.3110248166666709,0.0252978598158981,0.1256192952461053,unresolved_or_model_specific,,
Qwen,ecosystem,Qwen_F3,-0.1071504394589713,0.0252978598158981,0.0459074064776948,shared_all_2,-1.0,0.1071504394589713
Qwen,ecosystem,Qwen_F4,-0.7289547741005058,0.0252978598158981,0.0787068558186475,unresolved_or_model_specific,,
Qwen,ecosystem,Qwen_F5,-0.4451609362166271,0.0252978598158981,0.1357194742117164,unresolved_or_model_specific,,
Qwen,editor,Qwen_F1,1.1609544722585428,0.0136384399766571,0.0283271181114428,unresolved_or_model_specific,,
Qwen,editor,Qwen_F2,-0.2406446292228052,0.0136384399766571,0.081463529953162,unresolved_or_model_specific,,
Qwen,editor,Qwen_F3,0.4614679091301832,0.0136384399766571,0.0488149934734537,shared_all_2,-1.0,-0.4614679091301832
Qwen,editor,Qwen_F4,2.0772152717979595,0.0136384399766571,0.067662331728996,unresolved_or_model_specific,,
Qwen,editor,Qwen_F5,-0.1580972173631197,0.0136384399766571,0.1274282060529328,unresolved_or_model_specific,,
Qwen,egregore,Qwen_F1,-0.1140424608879474,0.0063529191171538,0.0524122964189245,unresolved_or_model_specific,,
Qwen,egregore,Qwen_F2,-0.759861291248201,0.0063529191171538,0.0702384605354763,unresolved_or_model_specific,,
Qwen,egregore,Qwen_F3,-1.3809857270897394,0.0063529191171538,0.0515492769286474,shared_all_2,-1.0,1.3809857270897394
Qwen,egregore,Qwen_F4,-1.585346832709548,0.0063529191171538,0.0972072145696573,unresolved_or_model_specific,,
Qwen,egregore,Qwen_F5,0.4724842918220618,0.0063529191171538,0.0881342795290042,unresolved_or_model_specific,,
Qwen,elder,Qwen_F1,-0.1866187514640843,0.0290457650620243,0.0434018411453233,unresolved_or_model_specific,,
Qwen,elder,Qwen_F2,1.2651036097233122,0.0290457650620243,0.0727779172287431,unresolved_or_model_specific,,
Qwen,elder,Qwen_F3,-1.1621773994408118,0.0290457650620243,0.0649950927035423,shared_all_2,-1.0,1.1621773994408118
Qwen,elder,Qwen_F4,-0.0049288556985218,0.0290457650620243,0.1113594267942682,unresolved_or_model_specific,,
Qwen,elder,Qwen_F5,-0.9294208557438784,0.0290457650620243,0.0968464968801911,unresolved_or_model_specific,,
Qwen,eldritch,Qwen_F1,-0.9600805968207986,0.0232335985169667,0.06026770536286,unresolved_or_model_specific,,
Qwen,eldritch,Qwen_F2,-1.0893714743106258,0.0232335985169667,0.1888254894169573,unresolved_or_model_specific,,
Qwen,eldritch,Qwen_F3,-2.287780094886412,0.0232335985169667,0.057851804273449,shared_all_2,-1.0,2.287780094886412
Qwen,eldritch,Qwen_F4,-1.012909851224308,0.0232335985169667,0.1087134917859466,unresolved_or_model_specific,,
Qwen,eldritch,Qwen_F5,0.7194401144312262,0.0232335985169667,0.1530484145134106,unresolved_or_model_specific,,
Qwen,emissary,Qwen_F1,1.1477978033309455,0.0119257113332602,0.0164760019764409,unresolved_or_model_specific,,
Qwen,emissary,Qwen_F2,-0.0974678374975797,0.0119257113332602,0.0915961908125285,unresolved_or_model_specific,,
Qwen,emissary,Qwen_F3,0.0762908815924186,0.0119257113332602,0.0488346891767967,shared_all_2,-1.0,-0.0762908815924186
Qwen,emissary,Qwen_F4,-0.2564831447007334,0.0119257113332602,0.0564720574434305,unresolved_or_model_specific,,
Qwen,emissary,Qwen_F5,-0.4046472570832645,0.0119257113332602,0.1155789716471852,unresolved_or_model_specific,,
Qwen,empath,Qwen_F1,0.3471323191900642,0.0314683419943308,0.0670012140830384,unresolved_or_model_specific,,
Qwen,empath,Qwen_F2,1.5314084593725272,0.0314683419943308,0.0890856835812876,unresolved_or_model_specific,,
Qwen,empath,Qwen_F3,-0.579469124920918,0.0314683419943308,0.0737009206369329,shared_all_2,-1.0,0.579469124920918
Qwen,empath,Qwen_F4,-1.0037004016398263,0.0314683419943308,0.157491335084292,unresolved_or_model_specific,,
Qwen,empath,Qwen_F5,-2.029366041925808,0.0314683419943308,0.1285702229550465,unresolved_or_model_specific,,
Qwen,engineer,Qwen_F1,0.8425416075390059,0.0144726648358713,0.0363932273775518,unresolved_or_model_specific,,
Qwen,engineer,Qwen_F2,-0.986507368726502,0.0144726648358713,0.1311233167237226,unresolved_or_model_specific,,
Qwen,engineer,Qwen_F3,1.069666956886779,0.0144726648358713,0.0688862104200008,shared_all_2,-1.0,-1.069666956886779
Qwen,engineer,Qwen_F4,0.2371255800384213,0.0144726648358713,0.1183930772150436,unresolved_or_model_specific,,
Qwen,engineer,Qwen_F5,0.8501180826994966,0.0144726648358713,0.1830549211894321,unresolved_or_model_specific,,
Qwen,entrepreneur,Qwen_F1,0.0144630894494095,0.0195100792736381,0.0728389269172628,unresolved_or_model_specific,,
Qwen,entrepreneur,Qwen_F2,0.5382118063691248,0.0195100792736381,0.1741147369896205,unresolved_or_model_specific,,
Qwen,entrepreneur,Qwen_F3,1.3363837941835657,0.0195100792736381,0.0439191086686045,shared_all_2,-1.0,-1.3363837941835657
Qwen,entrepreneur,Qwen_F4,-1.0582665923129275,0.0195100792736381,0.0675037813070847,unresolved_or_model_specific,,
Qwen,entrepreneur,Qwen_F5,1.0198775096555088,0.0195100792736381,0.1344595279068211,unresolved_or_model_specific,,
Qwen,evaluator,Qwen_F1,1.161215226380015,0.0090727232060995,0.0339536158308386,unresolved_or_model_specific,,
Qwen,evaluator,Qwen_F2,-1.1603690962837965,0.0090727232060995,0.1002672236432654,unresolved_or_model_specific,,
Qwen,evaluator,Qwen_F3,0.9091034418347186,0.0090727232060995,0.0664961282311627,shared_all_2,-1.0,-0.9091034418347186
Qwen,evaluator,Qwen_F4,0.8518949971061115,0.0090727232060995,0.113854209523977,unresolved_or_model_specific,,
Qwen,evaluator,Qwen_F5,0.6814157993844254,0.0090727232060995,0.1803989539999596,unresolved_or_model_specific,,
Qwen,evangelist,Qwen_F1,-0.4693506480261211,0.0699120674669913,0.0777719852910864,unresolved_or_model_specific,,
Qwen,evangelist,Qwen_F2,1.3502820627503571,0.0699120674669913,0.1862584943075771,unresolved_or_model_specific,,
Qwen,evangelist,Qwen_F3,-0.2263570216450036,0.0699120674669913,0.0492589515040247,shared_all_2,-1.0,0.2263570216450036
Qwen,evangelist,Qwen_F4,-2.348227499946478,0.0699120674669913,0.1289072185117513,unresolved_or_model_specific,,
Qwen,evangelist,Qwen_F5,0.9021089339414866,0.0699120674669913,0.1451637964159319,unresolved_or_model_specific,,
Qwen,examiner,Qwen_F1,1.1860940909789863,0.0117049588640843,0.0449913360592716,unresolved_or_model_specific,,
Qwen,examiner,Qwen_F2,-1.30830273223657,0.0117049588640843,0.0780378192591979,unresolved_or_model_specific,,
Qwen,examiner,Qwen_F3,0.617475321841805,0.0117049588640843,0.0690806509564488,shared_all_2,-1.0,-0.617475321841805
Qwen,examiner,Qwen_F4,1.498157755045225,0.0117049588640843,0.137491616789476,unresolved_or_model_specific,,
Qwen,examiner,Qwen_F5,1.0286084501003183,0.0117049588640843,0.1891752231170444,unresolved_or_model_specific,,
Qwen,exile,Qwen_F1,-0.8997431907747029,0.04186911935957,0.0295483761531837,unresolved_or_model_specific,,
Qwen,exile,Qwen_F2,0.6126775434489753,0.04186911935957,0.1822635793857156,unresolved_or_model_specific,,
Qwen,exile,Qwen_F3,-1.302020699343524,0.04186911935957,0.0636345203303186,shared_all_2,-1.0,1.302020699343524
Qwen,exile,Qwen_F4,-0.3209678590106379,0.04186911935957,0.1089065329514229,unresolved_or_model_specific,,
Qwen,exile,Qwen_F5,-0.3369859385290558,0.04186911935957,0.1961602936428126,unresolved_or_model_specific,,
Qwen,expatriate,Qwen_F1,0.2483913755931118,0.0166867318885754,0.0410218863839487,unresolved_or_model_specific,,
Qwen,expatriate,Qwen_F2,0.041791757408471,0.0166867318885754,0.0804200039326668,unresolved_or_model_specific,,
Qwen,expatriate,Qwen_F3,0.8227782700024718,0.0166867318885754,0.039495670176232,shared_all_2,-1.0,-0.8227782700024718
Qwen,expatriate,Qwen_F4,-0.3000085368988464,0.0166867318885754,0.0561366448995787,unresolved_or_model_specific,,
Qwen,expatriate,Qwen_F5,-1.1219697512258415,0.0166867318885754,0.0528896937153246,unresolved_or_model_specific,,
Qwen,facilitator,Qwen_F1,1.1275079383183764,0.017414458695835,0.0353638593954209,unresolved_or_model_specific,,
Qwen,facilitator,Qwen_F2,0.3459279288889057,0.017414458695835,0.1266174776241548,unresolved_or_model_specific,,
Qwen,facilitator,Qwen_F3,0.9952294254313824,0.017414458695835,0.040971197343274,shared_all_2,-1.0,-0.9952294254313824
Qwen,facilitator,Qwen_F4,0.323114079138707,0.017414458695835,0.0500583881271905,unresolved_or_model_specific,,
Qwen,facilitator,Qwen_F5,-0.8941388795112918,0.017414458695835,0.0868772259239264,unresolved_or_model_specific,,
Qwen,familiar,Qwen_F1,-0.1332820083687003,0.0351448454328246,0.0375047045035543,unresolved_or_model_specific,,
Qwen,familiar,Qwen_F2,0.2495137793206364,0.0351448454328246,0.0789472145190549,unresolved_or_model_specific,,
Qwen,familiar,Qwen_F3,-1.752762639087632,0.0351448454328246,0.0486454234752529,shared_all_2,-1.0,1.752762639087632
Qwen,familiar,Qwen_F4,0.2701514270378463,0.0351448454328246,0.0508694632537925,unresolved_or_model_specific,,
Qwen,familiar,Qwen_F5,-0.0514340059834151,0.0351448454328246,0.0682357472666834,unresolved_or_model_specific,,
Qwen,fixer,Qwen_F1,-1.27953084932443,0.0364196616922864,0.0665422176573455,unresolved_or_model_specific,,
Qwen,fixer,Qwen_F2,-0.2946423239683791,0.0364196616922864,0.131208581823687,unresolved_or_model_specific,,
Qwen,fixer,Qwen_F3,0.3769076301419608,0.0364196616922864,0.0505601101670359,shared_all_2,-1.0,-0.3769076301419608
Qwen,fixer,Qwen_F4,0.1302801461862346,0.0364196616922864,0.1033091647891437,unresolved_or_model_specific,,
Qwen,fixer,Qwen_F5,1.275427749785207,0.0364196616922864,0.1373542302783773,unresolved_or_model_specific,,
Qwen,flaneur,Qwen_F1,-0.8845550241377912,0.0223401022711275,0.0395449406992853,unresolved_or_model_specific,,
Qwen,flaneur,Qwen_F2,-0.9759337028666322,0.0223401022711275,0.0964578042715698,unresolved_or_model_specific,,
Qwen,flaneur,Qwen_F3,-0.8698506919961423,0.0223401022711275,0.0604305453714616,shared_all_2,-1.0,0.8698506919961423
Qwen,flaneur,Qwen_F4,-1.3283990396703804,0.0223401022711275,0.0667159086879132,unresolved_or_model_specific,,
Qwen,flaneur,Qwen_F5,-0.495899357148399,0.0223401022711275,0.1932114740793,unresolved_or_model_specific,,
Qwen,fool,Qwen_F1,-2.354344798383669,0.062611023175547,0.1478486104890382,unresolved_or_model_specific,,
Qwen,fool,Qwen_F2,0.6913116306525771,0.062611023175547,0.0978062254844266,unresolved_or_model_specific,,
Qwen,fool,Qwen_F3,0.637023762230882,0.062611023175547,0.0931390791303657,shared_all_2,-1.0,-0.637023762230882
Qwen,fool,Qwen_F4,0.2144795816526174,0.062611023175547,0.1548257346636617,unresolved_or_model_specific,,
Qwen,fool,Qwen_F5,-1.454825548516191,0.062611023175547,0.2903950384891487,unresolved_or_model_specific,,
Qwen,forecaster,Qwen_F1,0.8508119614278941,0.0142927787750094,0.0387329871104633,unresolved_or_model_specific,,
Qwen,forecaster,Qwen_F2,-1.1306871475436078,0.0142927787750094,0.1297556462524809,unresolved_or_model_specific,,
Qwen,forecaster,Qwen_F3,1.0445268286094989,0.0142927787750094,0.0782200990544939,shared_all_2,-1.0,-1.0445268286094989
Qwen,forecaster,Qwen_F4,-0.2109926111517092,0.0142927787750094,0.1207243150905627,unresolved_or_model_specific,,
Qwen,forecaster,Qwen_F5,0.6997278115708481,0.0142927787750094,0.1601291484262622,unresolved_or_model_specific,,
Qwen,futurist,Qwen_F1,0.653492208980239,0.0208241676658989,0.0391733192346336,unresolved_or_model_specific,,
Qwen,futurist,Qwen_F2,-1.120718309466049,0.0208241676658989,0.1923798604836442,unresolved_or_model_specific,,
Qwen,futurist,Qwen_F3,0.8915119786134867,0.0208241676658989,0.1050971440552777,shared_all_2,-1.0,-0.8915119786134867
Qwen,futurist,Qwen_F4,-1.568813070569797,0.0208241676658989,0.1310704478788618,unresolved_or_model_specific,,
Qwen,futurist,Qwen_F5,0.3772639246758786,0.0208241676658989,0.1657523827931706,unresolved_or_model_specific,,
Qwen,gamer,Qwen_F1,-1.0970086347477697,0.0751963826626322,0.0415136219467221,unresolved_or_model_specific,,
Qwen,gamer,Qwen_F2,0.0306001044332638,0.0751963826626322,0.2110040843938576,unresolved_or_model_specific,,
Qwen,gamer,Qwen_F3,1.3390895331532569,0.0751963826626322,0.0536598027839894,shared_all_2,-1.0,-1.3390895331532569
Qwen,gamer,Qwen_F4,-0.8853002246239488,0.0751963826626322,0.0949561514666522,unresolved_or_model_specific,,
Qwen,gamer,Qwen_F5,0.6683124362795598,0.0751963826626322,0.118206763036593,unresolved_or_model_specific,,
Qwen,generalist,Qwen_F1,0.9379888983992444,0.0128849277089307,0.0221838612620331,unresolved_or_model_specific,,
Qwen,generalist,Qwen_F2,-0.9303720293010324,0.0128849277089307,0.1323303162916889,unresolved_or_model_specific,,
Qwen,generalist,Qwen_F3,0.8510827423979628,0.0128849277089307,0.0747403371697242,shared_all_2,-1.0,-0.8510827423979628
Qwen,generalist,Qwen_F4,-0.3888724113661266,0.0128849277089307,0.0898100042100392,unresolved_or_model_specific,,
Qwen,generalist,Qwen_F5,0.0974529287920657,0.0128849277089307,0.1419827411656499,unresolved_or_model_specific,,
Qwen,genie,Qwen_F1,-1.5039339484396157,0.0747166945621984,0.0671047821392602,unresolved_or_model_specific,,
Qwen,genie,Qwen_F2,-0.6077842308257377,0.0747166945621984,0.0899382188901559,unresolved_or_model_specific,,
Qwen,genie,Qwen_F3,-0.5435276047716976,0.0747166945621984,0.0649834382856053,shared_all_2,-1.0,0.5435276047716976
Qwen,genie,Qwen_F4,-0.7372833896345787,0.0747166945621984,0.0688753964451884,unresolved_or_model_specific,,
Qwen,genie,Qwen_F5,0.2135539576628379,0.0747166945621984,0.1116849062402809,unresolved_or_model_specific,,
Qwen,geographer,Qwen_F1,1.0369372473661824,0.0388913503354525,0.0504034145849721,unresolved_or_model_specific,,
Qwen,geographer,Qwen_F2,-1.5472510964801984,0.0388913503354525,0.1007547862245752,unresolved_or_model_specific,,
Qwen,geographer,Qwen_F3,0.4953325777642444,0.0388913503354525,0.0862856232768225,shared_all_2,-1.0,-0.4953325777642444
Qwen,geographer,Qwen_F4,0.0362072088032537,0.0388913503354525,0.110927040497611,unresolved_or_model_specific,,
Qwen,geographer,Qwen_F5,-0.3175777842861235,0.0388913503354525,0.1194668232566958,unresolved_or_model_specific,,
Qwen,ghost,Qwen_F1,-0.8433614078658641,0.0152406814885227,0.0229838374866851,unresolved_or_model_specific,,
Qwen,ghost,Qwen_F2,0.1277631863308053,0.0152406814885227,0.1389488656230602,unresolved_or_model_specific,,
Qwen,ghost,Qwen_F3,-1.714944648900605,0.0152406814885227,0.0470102295502775,shared_all_2,-1.0,1.714944648900605
Qwen,ghost,Qwen_F4,-0.3757491292549166,0.0152406814885227,0.0481153301041781,unresolved_or_model_specific,,
Qwen,ghost,Qwen_F5,-0.0285222673532996,0.0152406814885227,0.134392474974851,unresolved_or_model_specific,,
Qwen,golem,Qwen_F1,-0.2923454351865597,0.0120378600895651,0.0373024989910052,unresolved_or_model_specific,,
Qwen,golem,Qwen_F2,0.251520492297664,0.0120378600895651,0.2229215861490687,unresolved_or_model_specific,,
Qwen,golem,Qwen_F3,-2.018283097008082,0.0120378600895651,0.0836611501869144,shared_all_2,-1.0,2.018283097008082
Qwen,golem,Qwen_F4,1.473921985941833,0.0120378600895651,0.0939081032627137,unresolved_or_model_specific,,
Qwen,golem,Qwen_F5,-0.0063875394362795,0.0120378600895651,0.1163342414424646,unresolved_or_model_specific,,
Qwen,gossip,Qwen_F1,-2.772191082716244,0.1047572706716654,0.0961332504938467,unresolved_or_model_specific,,
Qwen,gossip,Qwen_F2,0.2359246083509399,0.1047572706716654,0.1422611870779419,unresolved_or_model_specific,,
Qwen,gossip,Qwen_F3,1.412006570025445,0.1047572706716654,0.0947296912528692,shared_all_2,-1.0,-1.412006570025445
Qwen,gossip,Qwen_F4,-0.2699872144075578,0.1047572706716654,0.0961002462552887,unresolved_or_model_specific,,
Qwen,gossip,Qwen_F5,0.2329497898541419,0.1047572706716654,0.2120105957834746,unresolved_or_model_specific,,
Qwen,grader,Qwen_F1,1.0929560828493357,0.0195068704316796,0.0396199358027534,unresolved_or_model_specific,,
Qwen,grader,Qwen_F2,-0.8531497222203718,0.0195068704316796,0.085828089430222,unresolved_or_model_specific,,
Qwen,grader,Qwen_F3,0.6705355962514318,0.0195068704316796,0.0520979516112401,shared_all_2,-1.0,-0.6705355962514318
Qwen,grader,Qwen_F4,2.041562899860484,0.0195068704316796,0.0909223265447392,unresolved_or_model_specific,,
Qwen,grader,Qwen_F5,0.1286464385484795,0.0195068704316796,0.1454415950940589,unresolved_or_model_specific,,
Qwen,graduate,Qwen_F1,-0.3057391561167056,0.0282937156194647,0.0637799768575391,unresolved_or_model_specific,,
Qwen,graduate,Qwen_F2,0.7843882449380097,0.0282937156194647,0.0523044923373131,unresolved_or_model_specific,,
Qwen,graduate,Qwen_F3,1.2611871117625,0.0282937156194647,0.0562213550918393,shared_all_2,-1.0,-1.2611871117625
Qwen,graduate,Qwen_F4,0.0292363064193115,0.0282937156194647,0.127641990879197,unresolved_or_model_specific,,
Qwen,graduate,Qwen_F5,-1.570411884323141,0.0282937156194647,0.1514608105644715,unresolved_or_model_specific,,
Qwen,grandparent,Qwen_F1,-0.6092233246067131,0.0610696462345725,0.1530617004663276,unresolved_or_model_specific,,
Qwen,grandparent,Qwen_F2,2.4401827460886127,0.0610696462345725,0.1014060237368526,unresolved_or_model_specific,,
Qwen,grandparent,Qwen_F3,0.0110705169949905,0.0610696462345725,0.1137797778205908,shared_all_2,-1.0,-0.0110705169949905
Qwen,grandparent,Qwen_F4,0.944409903259867,0.0610696462345725,0.2443458433050281,unresolved_or_model_specific,,
Qwen,grandparent,Qwen_F5,-2.461702124800186,0.0610696462345725,0.1702005168465714,unresolved_or_model_specific,,
Qwen,guardian,Qwen_F1,0.8222340033349114,0.0194316157706455,0.0557383306319925,unresolved_or_model_specific,,
Qwen,guardian,Qwen_F2,0.9478582067017876,0.0194316157706455,0.054910852241402,unresolved_or_model_specific,,
Qwen,guardian,Qwen_F3,-0.3659783470693166,0.0194316157706455,0.0575816472110776,shared_all_2,-1.0,0.3659783470693166
Qwen,guardian,Qwen_F4,0.4770927577723173,0.0194316157706455,0.0562068837277748,unresolved_or_model_specific,,
Qwen,guardian,Qwen_F5,0.3805173451063938,0.0194316157706455,0.1311625369417109,unresolved_or_model_specific,,
Qwen,guide,Qwen_F1,0.6401167718554468,0.0086823982484395,0.020438969427885,unresolved_or_model_specific,,
Qwen,guide,Qwen_F2,0.4263759499716287,0.0086823982484395,0.1113460034489765,unresolved_or_model_specific,,
Qwen,guide,Qwen_F3,0.5646066817594975,0.0086823982484395,0.0285517779965325,shared_all_2,-1.0,-0.5646066817594975
Qwen,guide,Qwen_F4,-0.2886247926700486,0.0086823982484395,0.0433395156200419,unresolved_or_model_specific,,
Qwen,guide,Qwen_F5,-0.3101627243650083,0.0086823982484395,0.0805821841852284,unresolved_or_model_specific,,
Qwen,guru,Qwen_F1,0.0742302145488058,0.0189875247062215,0.0325356202515313,unresolved_or_model_specific,,
Qwen,guru,Qwen_F2,0.6217088384071102,0.0189875247062215,0.062548722803024,unresolved_or_model_specific,,
Qwen,guru,Qwen_F3,-1.6624883559450754,0.0189875247062215,0.0391871465270979,shared_all_2,-1.0,1.6624883559450754
Qwen,guru,Qwen_F4,-1.4817992231332708,0.0189875247062215,0.0764424956817838,unresolved_or_model_specific,,
Qwen,guru,Qwen_F5,-0.4763144468387182,0.0189875247062215,0.0856167980197955,unresolved_or_model_specific,,
Qwen,hacker,Qwen_F1,-1.2736088522133595,0.017022386721959,0.0723566068548149,unresolved_or_model_specific,,
Qwen,hacker,Qwen_F2,-0.9658516359917036,0.017022386721959,0.074915911626151,unresolved_or_model_specific,,
Qwen,hacker,Qwen_F3,0.7744504676184739,0.017022386721959,0.0590240119199754,shared_all_2,-1.0,-0.7744504676184739
Qwen,hacker,Qwen_F4,-0.8276691419930855,0.017022386721959,0.1010006484916339,unresolved_or_model_specific,,
Qwen,hacker,Qwen_F5,1.508283818681294,0.017022386721959,0.1076684515976123,unresolved_or_model_specific,,
Qwen,healer,Qwen_F1,1.0522437604789496,0.0132322438154758,0.0514137287601117,unresolved_or_model_specific,,
Qwen,healer,Qwen_F2,1.2198215003647277,0.0132322438154758,0.1306477676579579,unresolved_or_model_specific,,
Qwen,healer,Qwen_F3,-0.5689749751762725,0.0132322438154758,0.0539420112671525,shared_all_2,-1.0,0.5689749751762725
Qwen,healer,Qwen_F4,-0.9599198903967844,0.0132322438154758,0.1174613459210898,unresolved_or_model_specific,,
Qwen,healer,Qwen_F5,-1.2772886895596882,0.0132322438154758,0.1150431389161237,unresolved_or_model_specific,,
Qwen,hedonist,Qwen_F1,-1.0403014280246272,0.0743967180552996,0.0157542416612159,unresolved_or_model_specific,,
Qwen,hedonist,Qwen_F2,0.1615563317443475,0.0743967180552996,0.0721522588202216,unresolved_or_model_specific,,
Qwen,hedonist,Qwen_F3,-0.1209586579134059,0.0743967180552996,0.0328902477938932,shared_all_2,-1.0,0.1209586579134059
Qwen,hedonist,Qwen_F4,-0.8757147937542542,0.0743967180552996,0.0387913022395505,unresolved_or_model_specific,,
Qwen,hedonist,Qwen_F5,0.3061210791583825,0.0743967180552996,0.0537963413761481,unresolved_or_model_specific,,
Qwen,hermit,Qwen_F1,-0.4026925305056962,0.0220140832512694,0.0291061227661049,unresolved_or_model_specific,,
Qwen,hermit,Qwen_F2,0.3699321042621694,0.0220140832512694,0.1780458894172776,unresolved_or_model_specific,,
Qwen,hermit,Qwen_F3,-1.9859412666434964,0.0220140832512694,0.0546420883654468,shared_all_2,-1.0,1.9859412666434964
Qwen,hermit,Qwen_F4,0.0082985068513278,0.0220140832512694,0.0842566493124393,unresolved_or_model_specific,,
Qwen,hermit,Qwen_F5,-0.5099192923085991,0.0220140832512694,0.1472723136552126,unresolved_or_model_specific,,
Qwen,historian,Qwen_F1,0.8538198673910982,0.045591996328025,0.0494203465144619,unresolved_or_model_specific,,
Qwen,historian,Qwen_F2,-1.8208268094605855,0.045591996328025,0.0612511314181277,unresolved_or_model_specific,,
Qwen,historian,Qwen_F3,0.0614933148117528,0.045591996328025,0.097915389932266,shared_all_2,-1.0,-0.0614933148117528
Qwen,historian,Qwen_F4,0.0322445848304162,0.045591996328025,0.1279384200976584,unresolved_or_model_specific,,
Qwen,historian,Qwen_F5,0.0416538505598458,0.045591996328025,0.1032438089206866,unresolved_or_model_specific,,
Qwen,hive,Qwen_F1,0.6500819278595177,0.0803013591547209,0.051692556259424,unresolved_or_model_specific,,
Qwen,hive,Qwen_F2,-0.8962377219874132,0.0803013591547209,0.0735838968121442,unresolved_or_model_specific,,
Qwen,hive,Qwen_F3,-0.9322671978411886,0.0803013591547209,0.0464917713117159,shared_all_2,-1.0,0.9322671978411886
Qwen,hive,Qwen_F4,-0.230809090456819,0.0803013591547209,0.0973297494304529,unresolved_or_model_specific,,
Qwen,hive,Qwen_F5,0.6581769225204722,0.0803013591547209,0.0913164227831597,unresolved_or_model_specific,,
Qwen,hoarder,Qwen_F1,-1.8101264066641536,0.0329989820524561,0.1127257498702171,unresolved_or_model_specific,,
Qwen,hoarder,Qwen_F2,0.2384382689485913,0.0329989820524561,0.0679909860392273,unresolved_or_model_specific,,
Qwen,hoarder,Qwen_F3,0.5470262677394018,0.0329989820524561,0.0731949164484211,shared_all_2,-1.0,-0.5470262677394018
Qwen,hoarder,Qwen_F4,0.2967607583987566,0.0329989820524561,0.1237587801218051,unresolved_or_model_specific,,
Qwen,hoarder,Qwen_F5,-1.282319765728672,0.0329989820524561,0.2573039590539824,unresolved_or_model_specific,,
Qwen,homunculus,Qwen_F1,-0.5340886997604062,0.0137190421145914,0.0510285984979782,unresolved_or_model_specific,,
Qwen,homunculus,Qwen_F2,-1.0832692577450491,0.0137190421145914,0.1630493490482406,unresolved_or_model_specific,,
Qwen,homunculus,Qwen_F3,-1.718830581715927,0.0137190421145914,0.050604624268383,shared_all_2,-1.0,1.718830581715927
Qwen,homunculus,Qwen_F4,0.0492292526234753,0.0137190421145914,0.1040440408115327,unresolved_or_model_specific,,
Qwen,homunculus,Qwen_F5,0.5675402456783134,0.0137190421145914,0.0851694822331938,unresolved_or_model_specific,,
Qwen,hybrid,Qwen_F1,0.5746067263931413,0.0121187944600279,0.0329769011579445,unresolved_or_model_specific,,
Qwen,hybrid,Qwen_F2,-0.2390482678628374,0.0121187944600279,0.1638358390589166,unresolved_or_model_specific,,
Qwen,hybrid,Qwen_F3,0.1569186307189156,0.0121187944600279,0.0755847176241434,shared_all_2,-1.0,-0.1569186307189156
Qwen,hybrid,Qwen_F4,-1.6701765349043045,0.0121187944600279,0.0881077408465603,unresolved_or_model_specific,,
Qwen,hybrid,Qwen_F5,-1.006880837268409,0.0121187944600279,0.0891292204937009,unresolved_or_model_specific,,
Qwen,idealist,Qwen_F1,0.5479689182039632,0.0488968014018182,0.0671978461744321,unresolved_or_model_specific,,
Qwen,idealist,Qwen_F2,1.1001594585234349,0.0488968014018182,0.0672065539108701,unresolved_or_model_specific,,
Qwen,idealist,Qwen_F3,-1.181620556444055,0.0488968014018182,0.0502868676468867,shared_all_2,-1.0,1.181620556444055
Qwen,idealist,Qwen_F4,-1.0187694994121848,0.0488968014018182,0.0888601518069163,unresolved_or_model_specific,,
Qwen,idealist,Qwen_F5,-0.1274014081793777,0.0488968014018182,0.1117528192761111,unresolved_or_model_specific,,
Qwen,immigrant,Qwen_F1,0.2274517112223601,0.0260606060480973,0.0749980993893126,unresolved_or_model_specific,,
Qwen,immigrant,Qwen_F2,1.1333974325544371,0.0260606060480973,0.063205810236877,unresolved_or_model_specific,,
Qwen,immigrant,Qwen_F3,0.1184741139271894,0.0260606060480973,0.0572879527284183,shared_all_2,-1.0,-0.1184741139271894
Qwen,immigrant,Qwen_F4,-0.2324559701210772,0.0260606060480973,0.1328933397511255,unresolved_or_model_specific,,
Qwen,immigrant,Qwen_F5,-1.921653936935787,0.0260606060480973,0.0900673740957352,unresolved_or_model_specific,,
Qwen,improviser,Qwen_F1,-1.1862358741383126,0.0122809553782243,0.0650874683236867,unresolved_or_model_specific,,
Qwen,improviser,Qwen_F2,0.8327550869262037,0.0122809553782243,0.1522386756956084,unresolved_or_model_specific,,
Qwen,improviser,Qwen_F3,0.9498804834353064,0.0122809553782243,0.0649255036208519,shared_all_2,-1.0,-0.9498804834353064
Qwen,improviser,Qwen_F4,-1.590865368401697,0.0122809553782243,0.1263501260152977,unresolved_or_model_specific,,
Qwen,improviser,Qwen_F5,-1.0966260652668989,0.0122809553782243,0.1533889901610145,unresolved_or_model_specific,,
Qwen,infant,Qwen_F1,-1.5094013393671084,0.1731156161179261,0.2317614172254493,unresolved_or_model_specific,,
Qwen,infant,Qwen_F2,2.274308330155122,0.1731156161179261,0.1943318731535375,unresolved_or_model_specific,,
Qwen,infant,Qwen_F3,0.100284302065999,0.1731156161179261,0.1605752670155495,shared_all_2,-1.0,-0.100284302065999
Qwen,infant,Qwen_F4,2.7642187276351406,0.1731156161179261,0.2836419560795882,unresolved_or_model_specific,,
Qwen,infant,Qwen_F5,-2.4492061096206883,0.1731156161179261,0.2579472898913699,unresolved_or_model_specific,,
Qwen,influencer,Qwen_F1,-0.7726923216566585,0.0167398061862155,0.0557953063974068,unresolved_or_model_specific,,
Qwen,influencer,Qwen_F2,1.4932732837628917,0.0167398061862155,0.2385414059437076,unresolved_or_model_specific,,
Qwen,influencer,Qwen_F3,1.7001215877036653,0.0167398061862155,0.0623863298935808,shared_all_2,-1.0,-1.7001215877036653
Qwen,influencer,Qwen_F4,-1.502425576316459,0.0167398061862155,0.1379135807660154,unresolved_or_model_specific,,
Qwen,influencer,Qwen_F5,-0.0877957632800088,0.0167398061862155,0.0949725331039696,unresolved_or_model_specific,,
Qwen,instructor,Qwen_F1,0.9727842373220764,0.0325023889687639,0.0251550494599276,unresolved_or_model_specific,,
Qwen,instructor,Qwen_F2,-0.0463266140390743,0.0325023889687639,0.167650271927417,unresolved_or_model_specific,,
Qwen,instructor,Qwen_F3,1.1761895504248052,0.0325023889687639,0.0414172008790019,shared_all_2,-1.0,-1.1761895504248052
Qwen,instructor,Qwen_F4,0.5109027657874607,0.0325023889687639,0.0579375021996353,unresolved_or_model_specific,,
Qwen,instructor,Qwen_F5,-0.0580604592743341,0.0325023889687639,0.1792135166829068,unresolved_or_model_specific,,
Qwen,interpreter,Qwen_F1,0.7698384838069391,0.0107099653454316,0.0169622701387847,unresolved_or_model_specific,,
Qwen,interpreter,Qwen_F2,-0.4334198338549332,0.0107099653454316,0.08731649671787,unresolved_or_model_specific,,
Qwen,interpreter,Qwen_F3,0.6681776240891045,0.0107099653454316,0.0497777280651188,shared_all_2,-1.0,-0.6681776240891045
Qwen,interpreter,Qwen_F4,-0.2579962849360097,0.0107099653454316,0.032638546607337,unresolved_or_model_specific,,
Qwen,interpreter,Qwen_F5,-0.5591870250443399,0.0107099653454316,0.0582145697170301,unresolved_or_model_specific,,
Qwen,interviewer,Qwen_F1,0.5903283853440647,0.1113367697960611,0.0524527448472181,unresolved_or_model_specific,,
Qwen,interviewer,Qwen_F2,-0.7393992363612077,0.1113367697960611,0.0859761810135619,unresolved_or_model_specific,,
Qwen,interviewer,Qwen_F3,0.5795898547309211,0.1113367697960611,0.0439530214599275,shared_all_2,-1.0,-0.5795898547309211
Qwen,interviewer,Qwen_F4,1.0417503412721316,0.1113367697960611,0.0791645012056235,unresolved_or_model_specific,,
Qwen,interviewer,Qwen_F5,-1.4259611494958575,0.1113367697960611,0.1258379569530456,unresolved_or_model_specific,,
Qwen,jester,Qwen_F1,-2.194481765961175,0.1206780860876086,0.0711848991678663,unresolved_or_model_specific,,
Qwen,jester,Qwen_F2,-0.4861942791970012,0.1206780860876086,0.1100229548102443,unresolved_or_model_specific,,
Qwen,jester,Qwen_F3,-0.2235026613961966,0.1206780860876086,0.0771072748390993,shared_all_2,-1.0,0.2235026613961966
Qwen,jester,Qwen_F4,-0.4175540296627509,0.1206780860876086,0.058800751114154,unresolved_or_model_specific,,
Qwen,jester,Qwen_F5,0.6163737651113869,0.1206780860876086,0.1543143370380085,unresolved_or_model_specific,,
Qwen,journalist,Qwen_F1,0.7441415379730567,0.0200008929647377,0.028894856969115,unresolved_or_model_specific,,
Qwen,journalist,Qwen_F2,-0.8580784182296053,0.0200008929647377,0.053950763804741,unresolved_or_model_specific,,
Qwen,journalist,Qwen_F3,0.5152312894013491,0.0200008929647377,0.0395402136807772,shared_all_2,-1.0,-0.5152312894013491
Qwen,journalist,Qwen_F4,0.7669723770736206,0.0200008929647377,0.0665561795192187,unresolved_or_model_specific,,
Qwen,journalist,Qwen_F5,0.2355807565475507,0.0200008929647377,0.0617901753614796,unresolved_or_model_specific,,
Qwen,judge,Qwen_F1,1.1905815112672078,0.0192700374865455,0.0487595129289969,unresolved_or_model_specific,,
Qwen,judge,Qwen_F2,-1.0372216419150473,0.0192700374865455,0.137121461818988,unresolved_or_model_specific,,
Qwen,judge,Qwen_F3,-0.1193270150022598,0.0192700374865455,0.0617142638698866,shared_all_2,-1.0,0.1193270150022598
Qwen,judge,Qwen_F4,1.9313457205007056,0.0192700374865455,0.1198678884890053,unresolved_or_model_specific,,
Qwen,judge,Qwen_F5,0.8355282531361481,0.0192700374865455,0.1354548701588885,unresolved_or_model_specific,,
Qwen,lawyer,Qwen_F1,1.066616214965593,0.0348111967347004,0.0480605156305885,unresolved_or_model_specific,,
Qwen,lawyer,Qwen_F2,-1.4950301745415386,0.0348111967347004,0.0858425364470333,unresolved_or_model_specific,,
Qwen,lawyer,Qwen_F3,0.4601472074602649,0.0348111967347004,0.0724055063948474,shared_all_2,-1.0,-0.4601472074602649
Qwen,lawyer,Qwen_F4,1.6405860166574298,0.0348111967347004,0.1416560835057863,unresolved_or_model_specific,,
Qwen,lawyer,Qwen_F5,1.1334250411942386,0.0348111967347004,0.1873255292021326,unresolved_or_model_specific,,
Qwen,leviathan,Qwen_F1,-0.9902422450269768,0.0255930969760951,0.0438739243032606,unresolved_or_model_specific,,
Qwen,leviathan,Qwen_F2,-0.0986499102780741,0.0255930969760951,0.1802380874940222,unresolved_or_model_specific,,
Qwen,leviathan,Qwen_F3,-2.158251896807792,0.0255930969760951,0.0668473792448852,shared_all_2,-1.0,2.158251896807792
Qwen,leviathan,Qwen_F4,0.0343084939921141,0.0255930969760951,0.0635331347436108,unresolved_or_model_specific,,
Qwen,leviathan,Qwen_F5,0.9768712097162658,0.0255930969760951,0.0867248914647995,unresolved_or_model_specific,,
Qwen,librarian,Qwen_F1,1.0976356307058863,0.0137131180738086,0.0471852894132053,unresolved_or_model_specific,,
Qwen,librarian,Qwen_F2,-0.8949599319935816,0.0137131180738086,0.1341924342443424,unresolved_or_model_specific,,
Qwen,librarian,Qwen_F3,0.6094760437960934,0.0137131180738086,0.0629495203189169,shared_all_2,-1.0,-0.6094760437960934
Qwen,librarian,Qwen_F4,0.5541101341702023,0.0137131180738086,0.0907677026652188,unresolved_or_model_specific,,
Qwen,librarian,Qwen_F5,-0.2424432999020771,0.0137131180738086,0.1512885330529444,unresolved_or_model_specific,,
Qwen,linguist,Qwen_F1,0.7934533507420907,0.0221629391639026,0.0698736780428771,unresolved_or_model_specific,,
Qwen,linguist,Qwen_F2,-2.2271407532914926,0.0221629391639026,0.0621306630799181,unresolved_or_model_specific,,
Qwen,linguist,Qwen_F3,0.2904420832794244,0.0221629391639026,0.1092820807201962,shared_all_2,-1.0,-0.2904420832794244
Qwen,linguist,Qwen_F4,-0.1684334785087329,0.0221629391639026,0.1354222647249477,unresolved_or_model_specific,,
Qwen,linguist,Qwen_F5,-0.5758023510933891,0.0221629391639026,0.1052147289763834,unresolved_or_model_specific,,
Qwen,loner,Qwen_F1,-0.9234181365177973,0.1662953279327263,0.0364876488402046,unresolved_or_model_specific,,
Qwen,loner,Qwen_F2,0.4767687748214415,0.1662953279327263,0.2871021255733247,unresolved_or_model_specific,,
Qwen,loner,Qwen_F3,-0.1771658780491096,0.1662953279327263,0.0927802521241726,shared_all_2,-1.0,0.1771658780491096
Qwen,loner,Qwen_F4,1.1951467670784215,0.1662953279327263,0.204015123190525,unresolved_or_model_specific,,
Qwen,loner,Qwen_F5,-0.4451392394193012,0.1662953279327263,0.2920350031791391,unresolved_or_model_specific,,
Qwen,luddite,Qwen_F1,-1.201054725239057,0.0412392045426322,0.02437476123656,unresolved_or_model_specific,,
Qwen,luddite,Qwen_F2,0.0209480366346124,0.0412392045426322,0.1804584204839349,unresolved_or_model_specific,,
Qwen,luddite,Qwen_F3,-0.6818287758965559,0.0412392045426322,0.0521630459659538,shared_all_2,-1.0,0.6818287758965559
Qwen,luddite,Qwen_F4,0.1738503925124183,0.0412392045426322,0.0886782362245855,unresolved_or_model_specific,,
Qwen,luddite,Qwen_F5,0.3476325499445672,0.0412392045426322,0.162657655049461,unresolved_or_model_specific,,
Qwen,marketer,Qwen_F1,0.6352476063278393,0.0211088095576005,0.0275238960566884,unresolved_or_model_specific,,
Qwen,marketer,Qwen_F2,0.0678285468685894,0.0211088095576005,0.2139928879509685,unresolved_or_model_specific,,
Qwen,marketer,Qwen_F3,1.311521190142057,0.0211088095576005,0.0461846524075284,shared_all_2,-1.0,-1.311521190142057
Qwen,marketer,Qwen_F4,-0.3954945648273804,0.0211088095576005,0.0843116486091225,unresolved_or_model_specific,,
Qwen,marketer,Qwen_F5,0.5724501302565785,0.0211088095576005,0.1982426745866913,unresolved_or_model_specific,,
Qwen,martyr,Qwen_F1,-0.0058125843106791,0.041676426201833,0.0999098026472213,unresolved_or_model_specific,,
Qwen,martyr,Qwen_F2,0.9843001294741964,0.041676426201833,0.1848465250456993,unresolved_or_model_specific,,
Qwen,martyr,Qwen_F3,-1.880195480993579,0.041676426201833,0.0770459680495152,shared_all_2,-1.0,1.880195480993579
Qwen,martyr,Qwen_F4,-0.1824114370062497,0.041676426201833,0.0764290103656351,unresolved_or_model_specific,,
Qwen,martyr,Qwen_F5,0.9415827631844962,0.041676426201833,0.1168100956443431,unresolved_or_model_specific,,
Qwen,mathematician,Qwen_F1,0.5884504588288374,0.028419200641476,0.0537873902273897,unresolved_or_model_specific,,
Qwen,mathematician,Qwen_F2,-1.9007996964138871,0.028419200641476,0.0840130175392959,unresolved_or_model_specific,,
Qwen,mathematician,Qwen_F3,0.5042030194566537,0.028419200641476,0.090957605340795,shared_all_2,-1.0,-0.5042030194566537
Qwen,mathematician,Qwen_F4,0.0459550833167919,0.028419200641476,0.1454742771676565,unresolved_or_model_specific,,
Qwen,mathematician,Qwen_F5,0.2952299467764236,0.028419200641476,0.1072439307238332,unresolved_or_model_specific,,
Qwen,maverick,Qwen_F1,-1.5739534642239972,0.0204514597492394,0.1058328320619217,unresolved_or_model_specific,,
Qwen,maverick,Qwen_F2,-0.3139612727021698,0.0204514597492394,0.120843444391444,unresolved_or_model_specific,,
Qwen,maverick,Qwen_F3,0.6679166599745654,0.0204514597492394,0.0662014651731214,shared_all_2,-1.0,-0.6679166599745654
Qwen,maverick,Qwen_F4,-2.301058556443956,0.0204514597492394,0.0814553122889305,unresolved_or_model_specific,,
Qwen,maverick,Qwen_F5,1.536359811881045,0.0204514597492394,0.1435190501094431,unresolved_or_model_specific,,
Qwen,mechanic,Qwen_F1,-0.3188983011427352,0.0186522857715722,0.0210896812953282,unresolved_or_model_specific,,
Qwen,mechanic,Qwen_F2,0.3861098402425421,0.0186522857715722,0.0438947127712451,unresolved_or_model_specific,,
Qwen,mechanic,Qwen_F3,1.1388525042964106,0.0186522857715722,0.0396767630843255,shared_all_2,-1.0,-1.1388525042964106
Qwen,mechanic,Qwen_F4,0.7478325822607249,0.0186522857715722,0.0495464480572169,unresolved_or_model_specific,,
Qwen,mechanic,Qwen_F5,0.1960230196407911,0.0186522857715722,0.0616821950138513,unresolved_or_model_specific,,
Qwen,mediator,Qwen_F1,1.1399782158241611,0.0181287375601609,0.023871281188786,unresolved_or_model_specific,,
Qwen,mediator,Qwen_F2,0.2042647095444542,0.0181287375601609,0.060490245131293,unresolved_or_model_specific,,
Qwen,mediator,Qwen_F3,0.5144321715174871,0.0181287375601609,0.0392090664492587,shared_all_2,-1.0,-0.5144321715174871
Qwen,mediator,Qwen_F4,0.602969860012431,0.0181287375601609,0.0384831423023247,unresolved_or_model_specific,,
Qwen,mediator,Qwen_F5,-0.8459668479215393,0.0181287375601609,0.0490257852254856,unresolved_or_model_specific,,
Qwen,mentor,Qwen_F1,0.7512286602256577,0.0127284565442658,0.0288355878435175,unresolved_or_model_specific,,
Qwen,mentor,Qwen_F2,0.5214112333725333,0.0127284565442658,0.1370179601664819,unresolved_or_model_specific,,
Qwen,mentor,Qwen_F3,1.0054991788315992,0.0127284565442658,0.0340264415265684,shared_all_2,-1.0,-1.0054991788315992
Qwen,mentor,Qwen_F4,-0.1404930283339323,0.0127284565442658,0.0434316782066237,unresolved_or_model_specific,,
Qwen,mentor,Qwen_F5,-0.0735434940226326,0.0127284565442658,0.118746083128556,unresolved_or_model_specific,,
Qwen,merchant,Qwen_F1,0.2393167068275976,0.048822357361645,0.0211291460375173,unresolved_or_model_specific,,
Qwen,merchant,Qwen_F2,0.0255432935664964,0.048822357361645,0.0598800834454203,unresolved_or_model_specific,,
Qwen,merchant,Qwen_F3,-0.2474117605088036,0.048822357361645,0.0246985573490159,shared_all_2,-1.0,0.2474117605088036
Qwen,merchant,Qwen_F4,0.6167153237752406,0.048822357361645,0.0282176563884106,unresolved_or_model_specific,,
Qwen,merchant,Qwen_F5,0.1364863911155635,0.048822357361645,0.0893637658170506,unresolved_or_model_specific,,
Qwen,minimalist,Qwen_F1,0.3540142108817902,0.1024930522598249,0.0765018280189022,unresolved_or_model_specific,,
Qwen,minimalist,Qwen_F2,1.8849293469515125,0.1024930522598249,0.088362074525099,unresolved_or_model_specific,,
Qwen,minimalist,Qwen_F3,-0.068755327217802,0.1024930522598249,0.0880401966058302,shared_all_2,-1.0,0.068755327217802
Qwen,minimalist,Qwen_F4,0.2577953349320492,0.1024930522598249,0.1351563133227387,unresolved_or_model_specific,,
Qwen,minimalist,Qwen_F5,-0.1022958077571936,0.1024930522598249,0.1000986782718378,unresolved_or_model_specific,,
Qwen,moderator,Qwen_F1,1.0727069884562868,0.0136000521467209,0.0329534866365051,unresolved_or_model_specific,,
Qwen,moderator,Qwen_F2,0.1455751764532233,0.0136000521467209,0.071106971731686,unresolved_or_model_specific,,
Qwen,moderator,Qwen_F3,0.7954472860669207,0.0136000521467209,0.0359772730859488,shared_all_2,-1.0,-0.7954472860669207
Qwen,moderator,Qwen_F4,0.8473593442063984,0.0136000521467209,0.039540487856902,unresolved_or_model_specific,,
Qwen,moderator,Qwen_F5,-0.8845344865081952,0.0136000521467209,0.0563858762425269,unresolved_or_model_specific,,
Qwen,musician,Qwen_F1,-0.0741525469080796,0.0107370061704944,0.0511118612565701,unresolved_or_model_specific,,
Qwen,musician,Qwen_F2,0.7870125992251746,0.0107370061704944,0.1279542435281522,unresolved_or_model_specific,,
Qwen,musician,Qwen_F3,-0.2279141280993204,0.0107370061704944,0.0435037335251786,shared_all_2,-1.0,0.2279141280993204
Qwen,musician,Qwen_F4,-1.336397672629086,0.0107370061704944,0.1039289486681061,unresolved_or_model_specific,,
Qwen,musician,Qwen_F5,-1.2344053641109904,0.0107370061704944,0.0703013565241775,unresolved_or_model_specific,,
Qwen,mycorrhizal,Qwen_F1,0.0659690615801749,0.0441502533747542,0.0337121700544474,unresolved_or_model_specific,,
Qwen,mycorrhizal,Qwen_F2,0.2061362466291347,0.0441502533747542,0.043133321666478,unresolved_or_model_specific,,
Qwen,mycorrhizal,Qwen_F3,-1.2960008602560058,0.0441502533747542,0.0320734369505956,shared_all_2,-1.0,1.2960008602560058
Qwen,mycorrhizal,Qwen_F4,-0.828286447634425,0.0441502533747542,0.0603714189401153,unresolved_or_model_specific,,
Qwen,mycorrhizal,Qwen_F5,-0.5348073483904946,0.0441502533747542,0.0637283225469461,unresolved_or_model_specific,,
Qwen,mystic,Qwen_F1,0.1329390854904763,0.0338309477715552,0.0334924863601808,unresolved_or_model_specific,,
Qwen,mystic,Qwen_F2,0.568537510885153,0.0338309477715552,0.0703942243252046,unresolved_or_model_specific,,
Qwen,mystic,Qwen_F3,-2.0936075654323143,0.0338309477715552,0.0490889425354269,shared_all_2,-1.0,2.0936075654323143
Qwen,mystic,Qwen_F4,-1.704990941355591,0.0338309477715552,0.1076429625034568,unresolved_or_model_specific,,
Qwen,mystic,Qwen_F5,-0.5368591094254724,0.0338309477715552,0.1013308868714325,unresolved_or_model_specific,,
Qwen,narcissist,Qwen_F1,-2.1710456699012504,0.1327368628587581,0.052638756707415,unresolved_or_model_specific,,
Qwen,narcissist,Qwen_F2,0.0639028273932987,0.1327368628587581,0.2475978802485431,unresolved_or_model_specific,,
Qwen,narcissist,Qwen_F3,-0.1220778115042005,0.1327368628587581,0.1037651743181275,shared_all_2,-1.0,0.1220778115042005
Qwen,narcissist,Qwen_F4,1.1891490144002084,0.1327368628587581,0.1337997255950041,unresolved_or_model_specific,,
Qwen,narcissist,Qwen_F5,1.4481533664844273,0.1327368628587581,0.1987552744142526,unresolved_or_model_specific,,
Qwen,narrator,Qwen_F1,-0.5844255108126102,0.030767134886133,0.0244004088100077,unresolved_or_model_specific,,
Qwen,narrator,Qwen_F2,0.1352529132148738,0.030767134886133,0.0483510803427574,unresolved_or_model_specific,,
Qwen,narrator,Qwen_F3,-1.0750150526565645,0.030767134886133,0.0309639426115832,shared_all_2,-1.0,1.0750150526565645
Qwen,narrator,Qwen_F4,-0.9022889965313065,0.030767134886133,0.0432292107457983,unresolved_or_model_specific,,
Qwen,narrator,Qwen_F5,-0.4313139474662755,0.030767134886133,0.092976651850848,unresolved_or_model_specific,,
Qwen,naturalist,Qwen_F1,0.7529097526684219,0.0302553810416324,0.0300624597229283,unresolved_or_model_specific,,
Qwen,naturalist,Qwen_F2,-0.3443063935507344,0.0302553810416324,0.0647028044111653,unresolved_or_model_specific,,
Qwen,naturalist,Qwen_F3,-0.2386902008817802,0.0302553810416324,0.0464382846750579,shared_all_2,-1.0,0.2386902008817802
Qwen,naturalist,Qwen_F4,-0.4338097981758141,0.0302553810416324,0.055615510840555,unresolved_or_model_specific,,
Qwen,naturalist,Qwen_F5,-0.6732882427931908,0.0302553810416324,0.0650184759054261,unresolved_or_model_specific,,
Qwen,navigator,Qwen_F1,0.6171039644303976,0.0219628428751862,0.0172444586547607,unresolved_or_model_specific,,
Qwen,navigator,Qwen_F2,0.1884107097982801,0.0219628428751862,0.1179447200296601,unresolved_or_model_specific,,
Qwen,navigator,Qwen_F3,0.4385817478544828,0.0219628428751862,0.0224868421559686,shared_all_2,-1.0,-0.4385817478544828
Qwen,navigator,Qwen_F4,0.1726215528890399,0.0219628428751862,0.0487255055383801,unresolved_or_model_specific,,
Qwen,navigator,Qwen_F5,-0.0371654653038907,0.0219628428751862,0.1198606204593705,unresolved_or_model_specific,,
Qwen,negotiator,Qwen_F1,1.0034261613503457,0.0069140974492928,0.0258498576195286,unresolved_or_model_specific,,
Qwen,negotiator,Qwen_F2,-0.0443807878226243,0.0069140974492928,0.0818235426439828,unresolved_or_model_specific,,
Qwen,negotiator,Qwen_F3,0.6812493107054801,0.0069140974492928,0.0393631953029019,shared_all_2,-1.0,-0.6812493107054801
Qwen,negotiator,Qwen_F4,0.2053973829650589,0.0069140974492928,0.0297459562770613,unresolved_or_model_specific,,
Qwen,negotiator,Qwen_F5,0.0670675657383187,0.0069140974492928,0.1134546441192227,unresolved_or_model_specific,,
Qwen,networker,Qwen_F1,0.7430016183922861,0.021847785349245,0.0411680031958376,unresolved_or_model_specific,,
Qwen,networker,Qwen_F2,0.9374057684369684,0.021847785349245,0.1709115506586129,unresolved_or_model_specific,,
Qwen,networker,Qwen_F3,0.9241482821199534,0.021847785349245,0.0402412297043213,shared_all_2,-1.0,-0.9241482821199534
Qwen,networker,Qwen_F4,-0.3896251935432614,0.021847785349245,0.0886275671386241,unresolved_or_model_specific,,
Qwen,networker,Qwen_F5,-0.668918245441919,0.021847785349245,0.1128794866769359,unresolved_or_model_specific,,
Qwen,newlywed,Qwen_F1,-0.149151357460908,0.0116997081548613,0.1113510317885023,unresolved_or_model_specific,,
Qwen,newlywed,Qwen_F2,1.8436646312365703,0.0116997081548613,0.0918536615662662,unresolved_or_model_specific,,
Qwen,newlywed,Qwen_F3,0.7906525286873437,0.0116997081548613,0.0788804341917994,shared_all_2,-1.0,-0.7906525286873437
Qwen,newlywed,Qwen_F4,0.0066408594661904,0.0116997081548613,0.1937315374827025,unresolved_or_model_specific,,
Qwen,newlywed,Qwen_F5,-2.3154278315104406,0.0116997081548613,0.119377812532008,unresolved_or_model_specific,,
Qwen,nomad,Qwen_F1,-0.3583584343270946,0.015914407833708,0.0349213628579195,unresolved_or_model_specific,,
Qwen,nomad,Qwen_F2,0.663463681416522,0.015914407833708,0.0874753562361691,unresolved_or_model_specific,,
Qwen,nomad,Qwen_F3,0.1653833009205592,0.015914407833708,0.0373784625128862,shared_all_2,-1.0,-0.1653833009205592
Qwen,nomad,Qwen_F4,-0.9416014923348284,0.015914407833708,0.0831859125640984,unresolved_or_model_specific,,
Qwen,nomad,Qwen_F5,-0.8602910198841608,0.015914407833708,0.0764859787702709,unresolved_or_model_specific,,
Qwen,novelist,Qwen_F1,-0.4142392185430909,0.0220188276021937,0.0217783181364505,unresolved_or_model_specific,,
Qwen,novelist,Qwen_F2,-0.6651356869982952,0.0220188276021937,0.0680411730889589,unresolved_or_model_specific,,
Qwen,novelist,Qwen_F3,-0.5549049589822562,0.0220188276021937,0.0531696732388319,shared_all_2,-1.0,0.5549049589822562
Qwen,novelist,Qwen_F4,-1.409316296445314,0.0220188276021937,0.0523861635630029,unresolved_or_model_specific,,
Qwen,novelist,Qwen_F5,-0.3387668288784388,0.0220188276021937,0.1073348828135639,unresolved_or_model_specific,,
Qwen,nutritionist,Qwen_F1,1.1868264168795652,0.0158801686983671,0.0519514369523777,unresolved_or_model_specific,,
Qwen,nutritionist,Qwen_F2,0.1118273080893946,0.0158801686983671,0.1291592989331567,unresolved_or_model_specific,,
Qwen,nutritionist,Qwen_F3,0.8025625756584798,0.0158801686983671,0.0402846685867361,shared_all_2,-1.0,-0.8025625756584798
Qwen,nutritionist,Qwen_F4,1.340228047935671,0.0158801686983671,0.0586320504654831,unresolved_or_model_specific,,
Qwen,nutritionist,Qwen_F5,-0.4406428076676034,0.0158801686983671,0.1629702419664049,unresolved_or_model_specific,,
Qwen,observer,Qwen_F1,1.081267431833966,0.0186104712167525,0.0324525669521737,unresolved_or_model_specific,,
Qwen,observer,Qwen_F2,-1.2802990857937029,0.0186104712167525,0.0832701510725245,unresolved_or_model_specific,,
Qwen,observer,Qwen_F3,0.300696319952884,0.0186104712167525,0.0521494910657951,shared_all_2,-1.0,-0.300696319952884
Qwen,observer,Qwen_F4,1.479373638396303,0.0186104712167525,0.096136841543937,unresolved_or_model_specific,,
Qwen,observer,Qwen_F5,0.0036758370412497,0.0186104712167525,0.0749143571730278,unresolved_or_model_specific,,
Qwen,optimist,Qwen_F1,0.4786244543606963,0.0447059879628331,0.0962958399569502,unresolved_or_model_specific,,
Qwen,optimist,Qwen_F2,2.4701607912293935,0.0447059879628331,0.1603274546794215,unresolved_or_model_specific,,
Qwen,optimist,Qwen_F3,0.3970369012851975,0.0447059879628331,0.08364623948165,shared_all_2,-1.0,-0.3970369012851975
Qwen,optimist,Qwen_F4,0.0477315568663993,0.0447059879628331,0.2018583750500581,unresolved_or_model_specific,,
Qwen,optimist,Qwen_F5,-1.5776597223644773,0.0447059879628331,0.1139611545252877,unresolved_or_model_specific,,
Qwen,oracle,Qwen_F1,-0.2138176771185867,0.0239685256504068,0.0308534780007802,unresolved_or_model_specific,,
Qwen,oracle,Qwen_F2,0.2541882877485574,0.0239685256504068,0.0449274154908505,unresolved_or_model_specific,,
Qwen,oracle,Qwen_F3,-1.9147110320952387,0.0239685256504068,0.0397351450045853,shared_all_2,-1.0,1.9147110320952387
Qwen,oracle,Qwen_F4,-0.988820872832485,0.0239685256504068,0.0691474036820662,unresolved_or_model_specific,,
Qwen,oracle,Qwen_F5,0.3262232385836515,0.0239685256504068,0.0686203705291884,unresolved_or_model_specific,,
Qwen,organizer,Qwen_F1,1.072495013720997,0.0142743900088359,0.0171359268124816,unresolved_or_model_specific,,
Qwen,organizer,Qwen_F2,-0.2577021553643113,0.0142743900088359,0.1539398276306343,unresolved_or_model_specific,,
Qwen,organizer,Qwen_F3,1.05871500659151,0.0142743900088359,0.0474424133762342,shared_all_2,-1.0,-1.05871500659151
Qwen,organizer,Qwen_F4,0.523831118921925,0.0142743900088359,0.0710453907404012,unresolved_or_model_specific,,
Qwen,organizer,Qwen_F5,0.439066313013951,0.0142743900088359,0.2039800971562925,unresolved_or_model_specific,,
Qwen,orphan,Qwen_F1,-1.052992042120078,0.071836464820833,0.0610428881540654,unresolved_or_model_specific,,
Qwen,orphan,Qwen_F2,1.781345066885879,0.071836464820833,0.1276687350849972,unresolved_or_model_specific,,
Qwen,orphan,Qwen_F3,0.4298934167450955,0.071836464820833,0.1070942890361749,shared_all_2,-1.0,-0.4298934167450955
Qwen,orphan,Qwen_F4,-0.0750383288909935,0.071836464820833,0.2192625600064408,unresolved_or_model_specific,,
Qwen,orphan,Qwen_F5,-1.1769562977527337,0.071836464820833,0.2432550802246314,unresolved_or_model_specific,,
Qwen,pacifist,Qwen_F1,1.384065890387669,0.0720822119558568,0.0459112978135844,unresolved_or_model_specific,,
Qwen,pacifist,Qwen_F2,1.1143747966573705,0.0720822119558568,0.0833424341665739,unresolved_or_model_specific,,
Qwen,pacifist,Qwen_F3,-0.7212451019128855,0.0720822119558568,0.0661561108155451,shared_all_2,-1.0,0.7212451019128855
Qwen,pacifist,Qwen_F4,0.6414997362013358,0.0720822119558568,0.1024923506230672,unresolved_or_model_specific,,
Qwen,pacifist,Qwen_F5,-0.640454017541629,0.0720822119558568,0.1314858545868748,unresolved_or_model_specific,,
Qwen,paramedic,Qwen_F1,0.747016810782925,0.0103499762222797,0.0173845998835632,unresolved_or_model_specific,,
Qwen,paramedic,Qwen_F2,0.2809644892879339,0.0103499762222797,0.0558322698507523,unresolved_or_model_specific,,
Qwen,paramedic,Qwen_F3,0.660069236045511,0.0103499762222797,0.0384430121501199,shared_all_2,-1.0,-0.660069236045511
Qwen,paramedic,Qwen_F4,1.266447625671409,0.0103499762222797,0.0402115447743796,unresolved_or_model_specific,,
Qwen,paramedic,Qwen_F5,0.2532785181139063,0.0103499762222797,0.1136491446575748,unresolved_or_model_specific,,
Qwen,parasite,Qwen_F1,-0.7784268310662257,0.0325725892174487,0.0491190251582714,unresolved_or_model_specific,,
Qwen,parasite,Qwen_F2,-1.3480546988941682,0.0325725892174487,0.1565606105678012,unresolved_or_model_specific,,
Qwen,parasite,Qwen_F3,-0.7637505442634931,0.0325725892174487,0.0454457537871334,shared_all_2,-1.0,0.7637505442634931
Qwen,parasite,Qwen_F4,0.1951484926423776,0.0325725892174487,0.1139112992641606,unresolved_or_model_specific,,
Qwen,parasite,Qwen_F5,0.7568186804846697,0.0325725892174487,0.1149542751243728,unresolved_or_model_specific,,
Qwen,parent,Qwen_F1,0.3002426185402119,0.0118652907586022,0.0862776116705907,unresolved_or_model_specific,,
Qwen,parent,Qwen_F2,1.7380340717767182,0.0118652907586022,0.0892225019951415,unresolved_or_model_specific,,
Qwen,parent,Qwen_F3,0.8384719173355627,0.0118652907586022,0.0698062811132556,shared_all_2,-1.0,-0.8384719173355627
Qwen,parent,Qwen_F4,0.4676237293124622,0.0118652907586022,0.1618367710966744,unresolved_or_model_specific,,
Qwen,parent,Qwen_F5,-1.6230700807967018,0.0118652907586022,0.0585141089547707,unresolved_or_model_specific,,
Qwen,patient,Qwen_F1,-0.0177356124237131,0.0583537822562567,0.0748722549863694,unresolved_or_model_specific,,
Qwen,patient,Qwen_F2,1.3288832239404484,0.0583537822562567,0.1130024982044971,unresolved_or_model_specific,,
Qwen,patient,Qwen_F3,0.5725982933904887,0.0583537822562567,0.082453199760606,shared_all_2,-1.0,-0.5725982933904887
Qwen,patient,Qwen_F4,1.028795568209406,0.0583537822562567,0.1847193129030123,unresolved_or_model_specific,,
Qwen,patient,Qwen_F5,-1.894360362231834,0.0583537822562567,0.184224708710685,unresolved_or_model_specific,,
Qwen,peacekeeper,Qwen_F1,1.2277284139850502,0.0151626609701178,0.0286813698176765,unresolved_or_model_specific,,
Qwen,peacekeeper,Qwen_F2,0.6267004752453662,0.0151626609701178,0.0659352650193171,unresolved_or_model_specific,,
Qwen,peacekeeper,Qwen_F3,0.2541640751976061,0.0151626609701178,0.0437718924992405,shared_all_2,-1.0,-0.2541640751976061
Qwen,peacekeeper,Qwen_F4,0.6275080675583465,0.0151626609701178,0.0558633006133175,unresolved_or_model_specific,,
Qwen,peacekeeper,Qwen_F5,-0.6026735758945769,0.0151626609701178,0.1050157377518624,unresolved_or_model_specific,,
Qwen,perfectionist,Qwen_F1,0.3882218187880082,0.0277504877296982,0.0823396993256399,unresolved_or_model_specific,,
Qwen,perfectionist,Qwen_F2,-0.7727918107576276,0.0277504877296982,0.0734127627173076,unresolved_or_model_specific,,
Qwen,perfectionist,Qwen_F3,-0.0808117594474091,0.0277504877296982,0.0463106789571278,shared_all_2,-1.0,0.0808117594474091
Qwen,perfectionist,Qwen_F4,0.6144899617449947,0.0277504877296982,0.1093377587579099,unresolved_or_model_specific,,
Qwen,perfectionist,Qwen_F5,1.5348559037163114,0.0277504877296982,0.1153676962902378,unresolved_or_model_specific,,
Qwen,pharmacist,Qwen_F1,1.235392876761095,0.0158176480066819,0.0312654299349879,unresolved_or_model_specific,,
Qwen,pharmacist,Qwen_F2,-0.4002897422292137,0.0158176480066819,0.0965946150334961,unresolved_or_model_specific,,
Qwen,pharmacist,Qwen_F3,0.5381776964171053,0.0158176480066819,0.0516525979500793,shared_all_2,-1.0,-0.5381776964171053
Qwen,pharmacist,Qwen_F4,1.8842347073436116,0.0158176480066819,0.0808560512050838,unresolved_or_model_specific,,
Qwen,pharmacist,Qwen_F5,0.1303999660934715,0.0158176480066819,0.1735339608515821,unresolved_or_model_specific,,
Qwen,philosopher,Qwen_F1,0.5419341069617276,0.0907905899878021,0.0636792500629035,unresolved_or_model_specific,,
Qwen,philosopher,Qwen_F2,-1.8242366516119264,0.0907905899878021,0.1747705875320631,unresolved_or_model_specific,,
Qwen,philosopher,Qwen_F3,-1.3548640914897148,0.0907905899878021,0.0845669936689709,shared_all_2,-1.0,1.3548640914897148
Qwen,philosopher,Qwen_F4,-0.8235649873534827,0.0907905899878021,0.1231654480013398,unresolved_or_model_specific,,
Qwen,philosopher,Qwen_F5,-0.013114971860307,0.0907905899878021,0.147719878890388,unresolved_or_model_specific,,
Qwen,photographer,Qwen_F1,-0.088396606404301,0.0173946885613012,0.0236413038913519,unresolved_or_model_specific,,
Qwen,photographer,Qwen_F2,0.6421940144971975,0.0173946885613012,0.0597812417043379,unresolved_or_model_specific,,
Qwen,photographer,Qwen_F3,-0.1677963186125921,0.0173946885613012,0.0335814365143082,shared_all_2,-1.0,0.1677963186125921
Qwen,photographer,Qwen_F4,-0.7662373514487282,0.0173946885613012,0.0718230093545543,unresolved_or_model_specific,,
Qwen,photographer,Qwen_F5,-0.7428852529602438,0.0173946885613012,0.0675930642667317,unresolved_or_model_specific,,
Qwen,physicist,Qwen_F1,0.6304213587175265,0.0197353941820522,0.0431695897088816,unresolved_or_model_specific,,
Qwen,physicist,Qwen_F2,-1.6447044334126608,0.0197353941820522,0.0528652162339376,unresolved_or_model_specific,,
Qwen,physicist,Qwen_F3,0.2913581135736091,0.0197353941820522,0.0829082155054425,shared_all_2,-1.0,-0.2913581135736091
Qwen,physicist,Qwen_F4,-0.0537745754292523,0.0197353941820522,0.1214754353873615,unresolved_or_model_specific,,
Qwen,physicist,Qwen_F5,0.154591718271639,0.0197353941820522,0.0899088678246192,unresolved_or_model_specific,,
Qwen,pilgrim,Qwen_F1,0.3235563448953549,0.0160792370860654,0.0450609877232818,unresolved_or_model_specific,,
Qwen,pilgrim,Qwen_F2,1.0586281296606053,0.0160792370860654,0.0555753816175554,unresolved_or_model_specific,,
Qwen,pilgrim,Qwen_F3,-2.0610528892111977,0.0160792370860654,0.0541459896040526,shared_all_2,-1.0,2.0610528892111977
Qwen,pilgrim,Qwen_F4,-1.038529989066024,0.0160792370860654,0.1066276893024014,unresolved_or_model_specific,,
Qwen,pilgrim,Qwen_F5,-1.0195770000697064,0.0160792370860654,0.0946423087387957,unresolved_or_model_specific,,
Qwen,pilot,Qwen_F1,0.6494624683424636,0.0162795873672204,0.0135672305468791,unresolved_or_model_specific,,
Qwen,pilot,Qwen_F2,-0.0916515503443132,0.0162795873672204,0.0683117859439108,unresolved_or_model_specific,,
Qwen,pilot,Qwen_F3,0.5615147797928444,0.0162795873672204,0.0384587124540492,shared_all_2,-1.0,-0.5615147797928444
Qwen,pilot,Qwen_F4,1.2420050300161334,0.0162795873672204,0.0601116484047574,unresolved_or_model_specific,,
Qwen,pilot,Qwen_F5,0.6346509086812249,0.0162795873672204,0.1485004916950857,unresolved_or_model_specific,,
Qwen,pirate,Qwen_F1,-1.937955862396113,0.100752969242684,0.0390525398139215,unresolved_or_model_specific,,
Qwen,pirate,Qwen_F2,1.0236331097574152,0.100752969242684,0.1525910355955945,unresolved_or_model_specific,,
Qwen,pirate,Qwen_F3,-0.4437283757189945,0.100752969242684,0.1201437348668187,shared_all_2,-1.0,0.4437283757189945
Qwen,pirate,Qwen_F4,1.1276429695422376,0.100752969242684,0.0814260576697625,unresolved_or_model_specific,,
Qwen,pirate,Qwen_F5,0.9981687197096162,0.100752969242684,0.141400884481593,unresolved_or_model_specific,,
Qwen,planner,Qwen_F1,1.111481861830453,0.0292776778469332,0.0239221826874042,unresolved_or_model_specific,,
Qwen,planner,Qwen_F2,-0.3593374889250717,0.0292776778469332,0.1900277615833192,unresolved_or_model_specific,,
Qwen,planner,Qwen_F3,1.2743865181611815,0.0292776778469332,0.056930777343305,shared_all_2,-1.0,-1.2743865181611815
Qwen,planner,Qwen_F4,0.6007702320936842,0.0292776778469332,0.0954891810795875,unresolved_or_model_specific,,
Qwen,planner,Qwen_F5,0.7370969680418857,0.0292776778469332,0.2515995325559533,unresolved_or_model_specific,,
Qwen,playwright,Qwen_F1,-0.4548583342507915,0.0341380709034956,0.0363992998176755,unresolved_or_model_specific,,
Qwen,playwright,Qwen_F2,-0.4071673254532196,0.0341380709034956,0.1292450005040133,unresolved_or_model_specific,,
Qwen,playwright,Qwen_F3,0.1403343450312785,0.0341380709034956,0.0557174621162621,shared_all_2,-1.0,-0.1403343450312785
Qwen,playwright,Qwen_F4,-1.3860731414410283,0.0341380709034956,0.0592969737827554,unresolved_or_model_specific,,
Qwen,playwright,Qwen_F5,-0.3947703827847637,0.0341380709034956,0.0751249474952439,unresolved_or_model_specific,,
Qwen,podcaster,Qwen_F1,-0.3497985432290884,0.0226031348383809,0.0306930675339422,unresolved_or_model_specific,,
Qwen,podcaster,Qwen_F2,0.3987443553274146,0.0226031348383809,0.125469911625131,unresolved_or_model_specific,,
Qwen,podcaster,Qwen_F3,0.7141770034966356,0.0226031348383809,0.0591771626030672,shared_all_2,-1.0,-0.7141770034966356
Qwen,podcaster,Qwen_F4,-1.55053196775629,0.0226031348383809,0.0853118716486883,unresolved_or_model_specific,,
Qwen,podcaster,Qwen_F5,-1.0929967588423686,0.0226031348383809,0.1148214046699194,unresolved_or_model_specific,,
Qwen,poet,Qwen_F1,-0.8434407526451433,0.0736859237045908,0.0230685187579271,unresolved_or_model_specific,,
Qwen,poet,Qwen_F2,0.8669368611380733,0.0736859237045908,0.0745297642239926,unresolved_or_model_specific,,
Qwen,poet,Qwen_F3,-1.7938112968913262,0.0736859237045908,0.0607382315487757,shared_all_2,-1.0,1.7938112968913262
Qwen,poet,Qwen_F4,-0.949113794909922,0.0736859237045908,0.066870539164899,unresolved_or_model_specific,,
Qwen,poet,Qwen_F5,-0.0641484632148608,0.0736859237045908,0.1089869895437868,unresolved_or_model_specific,,
Qwen,polymath,Qwen_F1,0.830559201305721,0.0146223949072904,0.0352573176664532,unresolved_or_model_specific,,
Qwen,polymath,Qwen_F2,-1.4431020449118783,0.0146223949072904,0.1383690682146906,unresolved_or_model_specific,,
Qwen,polymath,Qwen_F3,0.4641304572454967,0.0146223949072904,0.1019363484992329,shared_all_2,-1.0,-0.4641304572454967
Qwen,polymath,Qwen_F4,-0.990152811556571,0.0146223949072904,0.1300389208180553,unresolved_or_model_specific,,
Qwen,polymath,Qwen_F5,0.1925972537173309,0.0146223949072904,0.1529350771185665,unresolved_or_model_specific,,
Qwen,pragmatist,Qwen_F1,0.3615500511273705,0.0341722383132967,0.0635973321869299,unresolved_or_model_specific,,
Qwen,pragmatist,Qwen_F2,0.1817047277648244,0.0341722383132967,0.0462121232840237,unresolved_or_model_specific,,
Qwen,pragmatist,Qwen_F3,1.373746321654186,0.0341722383132967,0.0497889815647554,shared_all_2,-1.0,-1.373746321654186
Qwen,pragmatist,Qwen_F4,0.8432744685831873,0.0341722383132967,0.0522364907518932,unresolved_or_model_specific,,
Qwen,pragmatist,Qwen_F5,1.0942375219587015,0.0341722383132967,0.1030042717653951,unresolved_or_model_specific,,
Qwen,predator,Qwen_F1,-0.7414479451164777,0.0376140544685622,0.0705045870657608,unresolved_or_model_specific,,
Qwen,predator,Qwen_F2,-0.0543376932031082,0.0376140544685622,0.1660014927430265,unresolved_or_model_specific,,
Qwen,predator,Qwen_F3,-0.7614254310766334,0.0376140544685622,0.0535412429033819,shared_all_2,-1.0,0.7614254310766334
Qwen,predator,Qwen_F4,0.4650857933444413,0.0376140544685622,0.0744641729132364,unresolved_or_model_specific,,
Qwen,predator,Qwen_F5,1.347463802802232,0.0376140544685622,0.0841272965602773,unresolved_or_model_specific,,
Qwen,presenter,Qwen_F1,0.5847726488875425,0.0100861858964425,0.0321595321060237,unresolved_or_model_specific,,
Qwen,presenter,Qwen_F2,0.7669742265436739,0.0100861858964425,0.1585966574021662,unresolved_or_model_specific,,
Qwen,presenter,Qwen_F3,1.0034649406614091,0.0100861858964425,0.0319940589286226,shared_all_2,-1.0,-1.0034649406614091
Qwen,presenter,Qwen_F4,-0.2010191726506907,0.0100861858964425,0.0730306399768985,unresolved_or_model_specific,,
Qwen,presenter,Qwen_F5,-0.3587093638731131,0.0100861858964425,0.1164681236363298,unresolved_or_model_specific,,
Qwen,prey,Qwen_F1,-0.957279376771472,0.0473952362414598,0.021479612384494,unresolved_or_model_specific,,
Qwen,prey,Qwen_F2,0.7388511629943267,0.0473952362414598,0.2010732213249212,unresolved_or_model_specific,,
Qwen,prey,Qwen_F3,-0.8691691855789445,0.0473952362414598,0.0809314583658215,shared_all_2,-1.0,0.8691691855789445
Qwen,prey,Qwen_F4,0.7321798485522623,0.0473952362414598,0.1000864453359211,unresolved_or_model_specific,,
Qwen,prey,Qwen_F5,-0.061658205351217,0.0473952362414598,0.1798120653784854,unresolved_or_model_specific,,
Qwen,prisoner,Qwen_F1,-1.4428425968573784,0.0860082416745011,0.0645303710989512,unresolved_or_model_specific,,
Qwen,prisoner,Qwen_F2,1.2964072187992668,0.0860082416745011,0.2051904393497629,unresolved_or_model_specific,,
Qwen,prisoner,Qwen_F3,0.5126369410014514,0.0860082416745011,0.1168416100016975,shared_all_2,-1.0,-0.5126369410014514
Qwen,prisoner,Qwen_F4,0.6608245717664892,0.0860082416745011,0.2066629029682052,unresolved_or_model_specific,,
Qwen,prisoner,Qwen_F5,0.1442293030104173,0.0860082416745011,0.2423956825011512,unresolved_or_model_specific,,
Qwen,procrastinator,Qwen_F1,-2.827007385439636,0.0259266344078716,0.1225753012368254,unresolved_or_model_specific,,
Qwen,procrastinator,Qwen_F2,0.3373013093103017,0.0259266344078716,0.1506644556742888,unresolved_or_model_specific,,
Qwen,procrastinator,Qwen_F3,1.7004951596330762,0.0259266344078716,0.1131041040110102,shared_all_2,-1.0,-1.7004951596330762
Qwen,procrastinator,Qwen_F4,1.2711647518139704,0.0259266344078716,0.1910436105577659,unresolved_or_model_specific,,
Qwen,procrastinator,Qwen_F5,-0.9075957351823856,0.0259266344078716,0.3767727312460781,unresolved_or_model_specific,,
Qwen,prodigy,Qwen_F1,0.0860058986298948,0.0166996181414163,0.0288745953126117,unresolved_or_model_specific,,
Qwen,prodigy,Qwen_F2,-0.8375450131885555,0.0166996181414163,0.102585191264421,unresolved_or_model_specific,,
Qwen,prodigy,Qwen_F3,0.1220340211835225,0.0166996181414163,0.0689768902049452,shared_all_2,-1.0,-0.1220340211835225
Qwen,prodigy,Qwen_F4,-1.3108720732249242,0.0166996181414163,0.0908047038858478,unresolved_or_model_specific,,
Qwen,prodigy,Qwen_F5,0.2176056215234974,0.0166996181414163,0.074513893909746,unresolved_or_model_specific,,
Qwen,producer,Qwen_F1,0.6611119195252773,0.0124198100743584,0.0202808798411194,unresolved_or_model_specific,,
Qwen,producer,Qwen_F2,0.0289283396943849,0.0124198100743584,0.1496019266600246,unresolved_or_model_specific,,
Qwen,producer,Qwen_F3,1.0050344581543025,0.0124198100743584,0.0356546538261674,shared_all_2,-1.0,-1.0050344581543025
Qwen,producer,Qwen_F4,-0.0716891277424656,0.0124198100743584,0.0530699106313729,unresolved_or_model_specific,,
Qwen,producer,Qwen_F5,0.3423688181444563,0.0124198100743584,0.1521334323493311,unresolved_or_model_specific,,
Qwen,programmer,Qwen_F1,0.3657916086644695,0.0228348472317234,0.0266727466649928,unresolved_or_model_specific,,
Qwen,programmer,Qwen_F2,-0.7604929290934715,0.0228348472317234,0.1566448061688747,unresolved_or_model_specific,,
Qwen,programmer,Qwen_F3,1.2496597896357955,0.0228348472317234,0.0635551555983128,shared_all_2,-1.0,-1.2496597896357955
Qwen,programmer,Qwen_F4,-0.2559643640899881,0.0228348472317234,0.0991751907174397,unresolved_or_model_specific,,
Qwen,programmer,Qwen_F5,0.474393972649795,0.0228348472317234,0.1334315207033273,unresolved_or_model_specific,,
Qwen,proofreader,Qwen_F1,0.8174066686648672,0.078631971368658,0.087745528557548,unresolved_or_model_specific,,
Qwen,proofreader,Qwen_F2,-0.5146340562197438,0.078631971368658,0.148444763534996,unresolved_or_model_specific,,
Qwen,proofreader,Qwen_F3,0.4135939635484192,0.078631971368658,0.0692430030936199,shared_all_2,-1.0,-0.4135939635484192
Qwen,proofreader,Qwen_F4,3.3027271307726305,0.078631971368658,0.120007748157911,unresolved_or_model_specific,,
Qwen,proofreader,Qwen_F5,-0.435648651033121,0.078631971368658,0.1340928374203621,unresolved_or_model_specific,,
Qwen,prophet,Qwen_F1,-0.5966312985379312,0.0256447507428178,0.0747639110357852,unresolved_or_model_specific,,
Qwen,prophet,Qwen_F2,0.5516733401885158,0.0256447507428178,0.1326594954868705,unresolved_or_model_specific,,
Qwen,prophet,Qwen_F3,-2.1595741980554,0.0256447507428178,0.0648273136655794,shared_all_2,-1.0,2.1595741980554
Qwen,prophet,Qwen_F4,-0.5825493485555796,0.0256447507428178,0.0593811568467944,unresolved_or_model_specific,,
Qwen,prophet,Qwen_F5,1.26901803722605,0.0256447507428178,0.0814132447804455,unresolved_or_model_specific,,
Qwen,provincial,Qwen_F1,-0.444594024138945,0.0628480329294731,0.0771741503124562,unresolved_or_model_specific,,
Qwen,provincial,Qwen_F2,1.744251722876914,0.0628480329294731,0.0712061591253599,unresolved_or_model_specific,,
Qwen,provincial,Qwen_F3,-0.0467548905487307,0.0628480329294731,0.0969118428526581,shared_all_2,-1.0,0.0467548905487307
Qwen,provincial,Qwen_F4,0.739298253367517,0.0628480329294731,0.1699964988368554,unresolved_or_model_specific,,
Qwen,provincial,Qwen_F5,-1.298648823310749,0.0628480329294731,0.1067070122223927,unresolved_or_model_specific,,
Qwen,provocateur,Qwen_F1,-2.262269235617326,0.0537668985683651,0.1119565390522613,unresolved_or_model_specific,,
Qwen,provocateur,Qwen_F2,-0.7452927016637547,0.0537668985683651,0.1927941260403559,unresolved_or_model_specific,,
Qwen,provocateur,Qwen_F3,0.1908740832720099,0.0537668985683651,0.0701496555292341,shared_all_2,-1.0,-0.1908740832720099
Qwen,provocateur,Qwen_F4,-1.8007334353599682,0.0537668985683651,0.1001896973866365,unresolved_or_model_specific,,
Qwen,provocateur,Qwen_F5,1.8651270076438111,0.0537668985683651,0.2491819854858304,unresolved_or_model_specific,,
Qwen,psychologist,Qwen_F1,1.0098789662366945,0.0200285509181614,0.0260138993007073,unresolved_or_model_specific,,
Qwen,psychologist,Qwen_F2,-1.103446583812376,0.0200285509181614,0.0728285512791784,unresolved_or_model_specific,,
Qwen,psychologist,Qwen_F3,0.6159559603986701,0.0200285509181614,0.0724237746686431,shared_all_2,-1.0,-0.6159559603986701
Qwen,psychologist,Qwen_F4,-0.0510914560588539,0.0200285509181614,0.0705070205658224,unresolved_or_model_specific,,
Qwen,psychologist,Qwen_F5,-0.4358503186209205,0.0200285509181614,0.0938574279943909,unresolved_or_model_specific,,
Qwen,publisher,Qwen_F1,0.9888399500492512,0.0097940182104488,0.0156100369204787,unresolved_or_model_specific,,
Qwen,publisher,Qwen_F2,-0.3559898951752195,0.0097940182104488,0.1215734812029794,unresolved_or_model_specific,,
Qwen,publisher,Qwen_F3,0.6812577788845579,0.0097940182104488,0.0432633156557567,shared_all_2,-1.0,-0.6812577788845579
Qwen,publisher,Qwen_F4,0.3741294378334113,0.0097940182104488,0.0703732344203981,unresolved_or_model_specific,,
Qwen,publisher,Qwen_F5,0.3908461150038201,0.0097940182104488,0.1740221587233341,unresolved_or_model_specific,,
Qwen,purist,Qwen_F1,0.4628250200833803,0.055184368552699,0.1121460508513132,unresolved_or_model_specific,,
Qwen,purist,Qwen_F2,-0.976125867938282,0.055184368552699,0.2722279028632201,unresolved_or_model_specific,,
Qwen,purist,Qwen_F3,-1.6681091934732573,0.055184368552699,0.0711925475283749,shared_all_2,-1.0,1.6681091934732573
Qwen,purist,Qwen_F4,1.236798116975503,0.055184368552699,0.1487850516598162,unresolved_or_model_specific,,
Qwen,purist,Qwen_F5,1.749758511898244,0.055184368552699,0.1254945918296141,unresolved_or_model_specific,,
Qwen,realist,Qwen_F1,0.0354564728837192,0.080796810833187,0.1022754345142609,unresolved_or_model_specific,,
Qwen,realist,Qwen_F2,-0.3522867837782794,0.080796810833187,0.1652113896520044,unresolved_or_model_specific,,
Qwen,realist,Qwen_F3,0.9175758480759396,0.080796810833187,0.0507781912413249,shared_all_2,-1.0,-0.9175758480759396
Qwen,realist,Qwen_F4,1.0289578508439208,0.080796810833187,0.1172620729001178,unresolved_or_model_specific,,
Qwen,realist,Qwen_F5,1.3666013531419845,0.080796810833187,0.0999883211048406,unresolved_or_model_specific,,
Qwen,rebel,Qwen_F1,-2.054560351539493,0.0630265097579138,0.118568349863902,unresolved_or_model_specific,,
Qwen,rebel,Qwen_F2,-0.0854048303148199,0.0630265097579138,0.1815252767365358,unresolved_or_model_specific,,
Qwen,rebel,Qwen_F3,0.243102601469499,0.0630265097579138,0.0642198489829134,shared_all_2,-1.0,-0.243102601469499
Qwen,rebel,Qwen_F4,-1.6261042137295871,0.0630265097579138,0.0874130147898708,unresolved_or_model_specific,,
Qwen,rebel,Qwen_F5,1.731707814281661,0.0630265097579138,0.224710292318863,unresolved_or_model_specific,,
Qwen,recruiter,Qwen_F1,0.8453841032573435,0.0224415388697274,0.0241322133916878,unresolved_or_model_specific,,
Qwen,recruiter,Qwen_F2,0.3636460834813491,0.0224415388697274,0.1248476794335509,unresolved_or_model_specific,,
Qwen,recruiter,Qwen_F3,0.9964538771267448,0.0224415388697274,0.0344214611525202,shared_all_2,-1.0,-0.9964538771267448
Qwen,recruiter,Qwen_F4,0.3919224705713785,0.0224415388697274,0.0415351272244722,unresolved_or_model_specific,,
Qwen,recruiter,Qwen_F5,0.2346250241514199,0.0224415388697274,0.1551858520754294,unresolved_or_model_specific,,
Qwen,refugee,Qwen_F1,0.0119087875133071,0.0564986553871236,0.0601056680282032,unresolved_or_model_specific,,
Qwen,refugee,Qwen_F2,1.5633416310965769,0.0564986553871236,0.0822190777832155,unresolved_or_model_specific,,
Qwen,refugee,Qwen_F3,-0.0199850347098088,0.0564986553871236,0.0799103569322406,shared_all_2,-1.0,0.0199850347098088
Qwen,refugee,Qwen_F4,0.1787690634172643,0.0564986553871236,0.1666277098984932,unresolved_or_model_specific,,
Qwen,refugee,Qwen_F5,-1.4632351912373198,0.0564986553871236,0.128073807532407,unresolved_or_model_specific,,
Qwen,reporter,Qwen_F1,0.6902080561475606,0.0162155949738881,0.0164523878059599,unresolved_or_model_specific,,
Qwen,reporter,Qwen_F2,-0.3976519230453306,0.0162155949738881,0.036376679981945,unresolved_or_model_specific,,
Qwen,reporter,Qwen_F3,0.6011182470784481,0.0162155949738881,0.0288385568429008,shared_all_2,-1.0,-0.6011182470784481
Qwen,reporter,Qwen_F4,0.7499902494692002,0.0162155949738881,0.0397419879324796,unresolved_or_model_specific,,
Qwen,reporter,Qwen_F5,0.2281209241010988,0.0162155949738881,0.0751824848483753,unresolved_or_model_specific,,
Qwen,researcher,Qwen_F1,1.1388130862041594,0.0118333275929377,0.0347892846239061,unresolved_or_model_specific,,
Qwen,researcher,Qwen_F2,-1.4108285633656177,0.0118333275929377,0.0970690334942202,unresolved_or_model_specific,,
Qwen,researcher,Qwen_F3,0.783086008132722,0.0118333275929377,0.0790729911813393,shared_all_2,-1.0,-0.783086008132722
Qwen,researcher,Qwen_F4,0.5551407840729156,0.0118333275929377,0.1233390058842687,unresolved_or_model_specific,,
Qwen,researcher,Qwen_F5,0.4716272689397834,0.0118333275929377,0.1698161558312289,unresolved_or_model_specific,,
Qwen,retiree,Qwen_F1,-0.2321472588551865,0.0297383787932386,0.0854173674238029,unresolved_or_model_specific,,
Qwen,retiree,Qwen_F2,0.9644510199310808,0.0297383787932386,0.0663076082365522,unresolved_or_model_specific,,
Qwen,retiree,Qwen_F3,0.5539274034838992,0.0297383787932386,0.0496375272607631,shared_all_2,-1.0,-0.5539274034838992
Qwen,retiree,Qwen_F4,0.1695835534000392,0.0297383787932386,0.1302872023449902,unresolved_or_model_specific,,
Qwen,retiree,Qwen_F5,-1.7902114245183425,0.0297383787932386,0.1175216677332348,unresolved_or_model_specific,,
Qwen,revenant,Qwen_F1,-1.0435606782559297,0.0254868712473242,0.0545986612496769,unresolved_or_model_specific,,
Qwen,revenant,Qwen_F2,0.1557442384768344,0.0254868712473242,0.2339044576951269,unresolved_or_model_specific,,
Qwen,revenant,Qwen_F3,-1.7845751929836502,0.0254868712473242,0.0703421844237989,shared_all_2,-1.0,1.7845751929836502
Qwen,revenant,Qwen_F4,0.2262706073414817,0.0254868712473242,0.0918312448441005,unresolved_or_model_specific,,
Qwen,revenant,Qwen_F5,0.7769518873836168,0.0254868712473242,0.1564392938500115,unresolved_or_model_specific,,
Qwen,reviewer,Qwen_F1,1.119346123956053,0.0062133573199563,0.0318668947063777,unresolved_or_model_specific,,
Qwen,reviewer,Qwen_F2,-1.0918188811326437,0.0062133573199563,0.0555131057900499,unresolved_or_model_specific,,
Qwen,reviewer,Qwen_F3,0.6714182103619692,0.0062133573199563,0.0568780340471272,shared_all_2,-1.0,-0.6714182103619692
Qwen,reviewer,Qwen_F4,1.0287015816521623,0.0062133573199563,0.0952755007547247,unresolved_or_model_specific,,
Qwen,reviewer,Qwen_F5,0.4915978497435514,0.0062133573199563,0.1346350977603688,unresolved_or_model_specific,,
Qwen,revolutionary,Qwen_F1,-0.6613046400110318,0.1536970488299671,0.1591952151867112,unresolved_or_model_specific,,
Qwen,revolutionary,Qwen_F2,-0.2210432719533643,0.1536970488299671,0.170993824693862,unresolved_or_model_specific,,
Qwen,revolutionary,Qwen_F3,-0.5303862999822534,0.1536970488299671,0.0355263238798483,shared_all_2,-1.0,0.5303862999822534
Qwen,revolutionary,Qwen_F4,-1.58424790935448,0.1536970488299671,0.0684601450648868,unresolved_or_model_specific,,
Qwen,revolutionary,Qwen_F5,2.097067497173989,0.1536970488299671,0.146095940834287,unresolved_or_model_specific,,
Qwen,robot,Qwen_F1,0.766385326391529,0.0463155525329827,0.0676106357785036,unresolved_or_model_specific,,
Qwen,robot,Qwen_F2,-1.8337992321891123,0.0463155525329827,0.0906210566341366,unresolved_or_model_specific,,
Qwen,robot,Qwen_F3,0.6258853139830326,0.0463155525329827,0.084689636386392,shared_all_2,-1.0,-0.6258853139830326
Qwen,robot,Qwen_F4,1.2860670558403433,0.0463155525329827,0.1912401296093963,unresolved_or_model_specific,,
Qwen,robot,Qwen_F5,1.72251238710194,0.0463155525329827,0.1934029138987499,unresolved_or_model_specific,,
Qwen,rogue,Qwen_F1,-1.7907910323639298,0.0247486444170504,0.0323103239619129,unresolved_or_model_specific,,
Qwen,rogue,Qwen_F2,-0.3276720458430159,0.0247486444170504,0.0999318027367286,unresolved_or_model_specific,,
Qwen,rogue,Qwen_F3,0.337425600277833,0.0247486444170504,0.0570686160657529,shared_all_2,-1.0,-0.337425600277833
Qwen,rogue,Qwen_F4,-0.2690225750420449,0.0247486444170504,0.0868384284850123,unresolved_or_model_specific,,
Qwen,rogue,Qwen_F5,0.8248927453719537,0.0247486444170504,0.1806648233002105,unresolved_or_model_specific,,
Qwen,romantic,Qwen_F1,-0.0296722458085066,0.0320056431775132,0.0741083574009098,unresolved_or_model_specific,,
Qwen,romantic,Qwen_F2,1.8025327429791267,0.0320056431775132,0.0827396122863106,unresolved_or_model_specific,,
Qwen,romantic,Qwen_F3,-1.3664002515695224,0.0320056431775132,0.0673375414853436,shared_all_2,-1.0,1.3664002515695224
Qwen,romantic,Qwen_F4,-1.1298665139016608,0.0320056431775132,0.1623621651377154,unresolved_or_model_specific,,
Qwen,romantic,Qwen_F5,-1.5745584631889014,0.0320056431775132,0.1021262371121796,unresolved_or_model_specific,,
Qwen,saboteur,Qwen_F1,-0.7700286171062881,0.0268127729212103,0.0858935984591325,unresolved_or_model_specific,,
Qwen,saboteur,Qwen_F2,-1.5346497977287727,0.0268127729212103,0.0984604243562048,unresolved_or_model_specific,,
Qwen,saboteur,Qwen_F3,0.38972874394584,0.0268127729212103,0.0593416846213391,shared_all_2,-1.0,-0.38972874394584
Qwen,saboteur,Qwen_F4,-0.4572882529601111,0.0268127729212103,0.1382291731965994,unresolved_or_model_specific,,
Qwen,saboteur,Qwen_F5,1.62444731736686,0.0268127729212103,0.0990037794310391,unresolved_or_model_specific,,
Qwen,sage,Qwen_F1,0.3489290135712786,0.0139442124636456,0.0365698928169039,unresolved_or_model_specific,,
Qwen,sage,Qwen_F2,0.3451602163737367,0.0139442124636456,0.1044307645420752,unresolved_or_model_specific,,
Qwen,sage,Qwen_F3,-1.9612855501426856,0.0139442124636456,0.0425879274122502,shared_all_2,-1.0,1.9612855501426856
Qwen,sage,Qwen_F4,-0.8319946159416821,0.0139442124636456,0.0646459270908163,unresolved_or_model_specific,,
Qwen,sage,Qwen_F5,-0.5258155075064486,0.0139442124636456,0.0947614326420683,unresolved_or_model_specific,,
Qwen,scheduler,Qwen_F1,0.9233852557932424,0.0378058149303855,0.022647638734459,unresolved_or_model_specific,,
Qwen,scheduler,Qwen_F2,0.0232154852895259,0.0378058149303855,0.1520127309352174,unresolved_or_model_specific,,
Qwen,scheduler,Qwen_F3,1.1075242406358965,0.0378058149303855,0.0472874806415854,shared_all_2,-1.0,-1.1075242406358965
Qwen,scheduler,Qwen_F4,1.317174619303078,0.0378058149303855,0.0706213933058598,unresolved_or_model_specific,,
Qwen,scheduler,Qwen_F5,0.4921908729983991,0.0378058149303855,0.2187434656915284,unresolved_or_model_specific,,
Qwen,scholar,Qwen_F1,1.1472055654139277,0.016099279175918,0.0483194362618144,unresolved_or_model_specific,,
Qwen,scholar,Qwen_F2,-1.9052276184023644,0.016099279175918,0.042857012279497,unresolved_or_model_specific,,
Qwen,scholar,Qwen_F3,0.0308375836235498,0.016099279175918,0.0921871445908834,shared_all_2,-1.0,-0.0308375836235498
Qwen,scholar,Qwen_F4,0.2882627767515268,0.016099279175918,0.1449181940887371,unresolved_or_model_specific,,
Qwen,scholar,Qwen_F5,0.3980566084085425,0.016099279175918,0.1276505601399373,unresolved_or_model_specific,,
Qwen,scientist,Qwen_F1,1.053317113467504,0.0095930244509295,0.0389052906914083,unresolved_or_model_specific,,
Qwen,scientist,Qwen_F2,-1.541954986797923,0.0095930244509295,0.0750936740564543,unresolved_or_model_specific,,
Qwen,scientist,Qwen_F3,0.7657132575258974,0.0095930244509295,0.0784923939758826,shared_all_2,-1.0,-0.7657132575258974
Qwen,scientist,Qwen_F4,0.7803132797068423,0.0095930244509295,0.1304050259613596,unresolved_or_model_specific,,
Qwen,scientist,Qwen_F5,0.5196877382621901,0.0095930244509295,0.1455395501450005,unresolved_or_model_specific,,
Qwen,scout,Qwen_F1,0.2632146744211223,0.0205615770099381,0.0309283963530631,unresolved_or_model_specific,,
Qwen,scout,Qwen_F2,-0.2498154335823749,0.0205615770099381,0.0737471431939771,unresolved_or_model_specific,,
Qwen,scout,Qwen_F3,0.4726663303939,0.0205615770099381,0.0259119752362614,shared_all_2,-1.0,-0.4726663303939
Qwen,scout,Qwen_F4,-0.2026775177649258,0.0205615770099381,0.0557612004318035,unresolved_or_model_specific,,
Qwen,scout,Qwen_F5,0.6077915582466386,0.0205615770099381,0.0817874620763898,unresolved_or_model_specific,,
Qwen,screener,Qwen_F1,1.074515348913618,0.0250766906009833,0.0268732483921382,unresolved_or_model_specific,,
Qwen,screener,Qwen_F2,-0.6384557412551919,0.0250766906009833,0.1110303241917957,unresolved_or_model_specific,,
Qwen,screener,Qwen_F3,0.6786379914324794,0.0250766906009833,0.0603708314561691,shared_all_2,-1.0,-0.6786379914324794
Qwen,screener,Qwen_F4,2.350023509358391,0.0250766906009833,0.1062690529350588,unresolved_or_model_specific,,
Qwen,screener,Qwen_F5,0.6314080767694649,0.0250766906009833,0.1390802934087043,unresolved_or_model_specific,,
Qwen,secretary,Qwen_F1,1.2863967118342503,0.0325290373154445,0.0382747315388711,unresolved_or_model_specific,,
Qwen,secretary,Qwen_F2,-0.1415544743816873,0.0325290373154445,0.1316651101705509,unresolved_or_model_specific,,
Qwen,secretary,Qwen_F3,0.5596512671593974,0.0325290373154445,0.0717231374826473,shared_all_2,-1.0,-0.5596512671593974
Qwen,secretary,Qwen_F4,2.800409186909726,0.0325290373154445,0.0907469509275359,unresolved_or_model_specific,,
Qwen,secretary,Qwen_F5,0.4241219949052071,0.0325290373154445,0.237322675592328,unresolved_or_model_specific,,
Qwen,shaman,Qwen_F1,0.322177589872514,0.0524358591295242,0.0503321209255102,unresolved_or_model_specific,,
Qwen,shaman,Qwen_F2,1.195827234456739,0.0524358591295242,0.084496117720636,unresolved_or_model_specific,,
Qwen,shaman,Qwen_F3,-1.7973362263371775,0.0524358591295242,0.0519910360493439,shared_all_2,-1.0,1.7973362263371775
Qwen,shaman,Qwen_F4,-1.1282264109119782,0.0524358591295242,0.1222283818038604,unresolved_or_model_specific,,
Qwen,shaman,Qwen_F5,-0.879693748431602,0.0524358591295242,0.1144328801536444,unresolved_or_model_specific,,
Qwen,shapeshifter,Qwen_F1,-0.3506709061533544,0.0117789599279999,0.0302242848684394,unresolved_or_model_specific,,
Qwen,shapeshifter,Qwen_F2,0.1923113918261112,0.0117789599279999,0.0449909116799068,unresolved_or_model_specific,,
Qwen,shapeshifter,Qwen_F3,-0.6562240954455858,0.0117789599279999,0.0299887222739109,shared_all_2,-1.0,0.6562240954455858
Qwen,shapeshifter,Qwen_F4,-0.854469441472931,0.0117789599279999,0.0409595074148595,unresolved_or_model_specific,,
Qwen,shapeshifter,Qwen_F5,-0.6812541984049644,0.0117789599279999,0.0813783191569841,unresolved_or_model_specific,,
Qwen,simulacrum,Qwen_F1,-0.8091361787003686,0.0573231373081762,0.0619845420019304,unresolved_or_model_specific,,
Qwen,simulacrum,Qwen_F2,-1.92019251802612,0.0573231373081762,0.231472822691902,unresolved_or_model_specific,,
Qwen,simulacrum,Qwen_F3,-1.2723438515419547,0.0573231373081762,0.0809000907348925,shared_all_2,-1.0,1.2723438515419547
Qwen,simulacrum,Qwen_F4,-1.3404876550251643,0.0573231373081762,0.1328365311418829,unresolved_or_model_specific,,
Qwen,simulacrum,Qwen_F5,-0.0307342771247936,0.0573231373081762,0.2813887298859586,unresolved_or_model_specific,,
Qwen,skeptic,Qwen_F1,0.2888133119147983,0.0476307465966047,0.068871976364979,unresolved_or_model_specific,,
Qwen,skeptic,Qwen_F2,-2.0804100196137125,0.0476307465966047,0.1561898242721687,unresolved_or_model_specific,,
Qwen,skeptic,Qwen_F3,0.5490597450997611,0.0476307465966047,0.069968021348087,shared_all_2,-1.0,-0.5490597450997611
Qwen,skeptic,Qwen_F4,0.7357949602976059,0.0476307465966047,0.1583874183046308,unresolved_or_model_specific,,
Qwen,skeptic,Qwen_F5,0.691602935702691,0.0476307465966047,0.1362034799792348,unresolved_or_model_specific,,
Qwen,smuggler,Qwen_F1,-1.9956985040620885,0.034585491139566,0.0383477948877341,unresolved_or_model_specific,,
Qwen,smuggler,Qwen_F2,0.2354719838601508,0.034585491139566,0.1275873741946216,unresolved_or_model_specific,,
Qwen,smuggler,Qwen_F3,0.7288635751346105,0.034585491139566,0.0811095763667196,shared_all_2,-1.0,-0.7288635751346105
Qwen,smuggler,Qwen_F4,0.2111012049276986,0.034585491139566,0.1215263035219684,unresolved_or_model_specific,,
Qwen,smuggler,Qwen_F5,0.8648736673528056,0.034585491139566,0.2095308845063138,unresolved_or_model_specific,,
Qwen,sociologist,Qwen_F1,1.0344393124130418,0.0543230973994438,0.0373481191278743,unresolved_or_model_specific,,
Qwen,sociologist,Qwen_F2,-1.713276493036901,0.0543230973994438,0.0536676389589894,unresolved_or_model_specific,,
Qwen,sociologist,Qwen_F3,0.4124914127486793,0.0543230973994438,0.0916573509518635,shared_all_2,-1.0,-0.4124914127486793
Qwen,sociologist,Qwen_F4,-0.2186255400390508,0.0543230973994438,0.1071485174745393,unresolved_or_model_specific,,
Qwen,sociologist,Qwen_F5,-0.3789932740921927,0.0543230973994438,0.1098724954747626,unresolved_or_model_specific,,
Qwen,soldier,Qwen_F1,-0.4148353015761661,0.0231931456212774,0.1100594992619305,unresolved_or_model_specific,,
Qwen,soldier,Qwen_F2,0.6737724528018695,0.0231931456212774,0.1723543576219232,unresolved_or_model_specific,,
Qwen,soldier,Qwen_F3,0.0496202044889105,0.0231931456212774,0.0970799418244534,shared_all_2,-1.0,-0.0496202044889105
Qwen,soldier,Qwen_F4,1.2938301907013712,0.0231931456212774,0.0808925212241103,unresolved_or_model_specific,,
Qwen,soldier,Qwen_F5,2.010283621965552,0.0231931456212774,0.0982194761243167,unresolved_or_model_specific,,
Qwen,sommelier,Qwen_F1,0.3294292711057962,0.0706173418456829,0.0557624220951865,unresolved_or_model_specific,,
Qwen,sommelier,Qwen_F2,-0.1066941218529828,0.0706173418456829,0.0893096625993454,unresolved_or_model_specific,,
Qwen,sommelier,Qwen_F3,-0.3635371931150944,0.0706173418456829,0.0280728118059632,shared_all_2,-1.0,0.3635371931150944
Qwen,sommelier,Qwen_F4,0.0230580157202444,0.0706173418456829,0.0392339354860715,unresolved_or_model_specific,,
Qwen,sommelier,Qwen_F5,-0.7039640611250852,0.0706173418456829,0.0676389086432582,unresolved_or_model_specific,,
Qwen,specialist,Qwen_F1,0.8720564683158927,0.0123361073842653,0.0450450748719016,unresolved_or_model_specific,,
Qwen,specialist,Qwen_F2,-1.4828070668683635,0.0123361073842653,0.1100971208520478,unresolved_or_model_specific,,
Qwen,specialist,Qwen_F3,0.8565775708971971,0.0123361073842653,0.0855599722930777,shared_all_2,-1.0,-0.8565775708971971
Qwen,specialist,Qwen_F4,-0.0467826241642347,0.0123361073842653,0.1384147068030418,unresolved_or_model_specific,,
Qwen,specialist,Qwen_F5,0.8224214186103677,0.0123361073842653,0.1699967142506176,unresolved_or_model_specific,,
Qwen,spirit,Qwen_F1,0.0671505762546657,0.0140320923696198,0.0309107094307671,unresolved_or_model_specific,,
Qwen,spirit,Qwen_F2,0.785623256862437,0.0140320923696198,0.0567051346574777,unresolved_or_model_specific,,
Qwen,spirit,Qwen_F3,-2.1285633555333217,0.0140320923696198,0.0486533818034231,shared_all_2,-1.0,2.1285633555333217
Qwen,spirit,Qwen_F4,-0.9312906943469976,0.0140320923696198,0.0812982310515337,unresolved_or_model_specific,,
Qwen,spirit,Qwen_F5,-0.3890789619130675,0.0140320923696198,0.0900531038253996,unresolved_or_model_specific,,
Qwen,spy,Qwen_F1,-0.7201877396751043,0.0322724120449044,0.0724049365294113,unresolved_or_model_specific,,
Qwen,spy,Qwen_F2,-1.1583510942521995,0.0322724120449044,0.1012217171268016,unresolved_or_model_specific,,
Qwen,spy,Qwen_F3,0.2705049399599075,0.0322724120449044,0.0459507676072087,shared_all_2,-1.0,-0.2705049399599075
Qwen,spy,Qwen_F4,0.1833306124360778,0.0322724120449044,0.1170118406397002,unresolved_or_model_specific,,
Qwen,spy,Qwen_F5,1.5565424276099005,0.0322724120449044,0.070305724674588,unresolved_or_model_specific,,
Qwen,statistician,Qwen_F1,0.7582068134988325,0.0205517151257817,0.0491960334841886,unresolved_or_model_specific,,
Qwen,statistician,Qwen_F2,-1.7284296900932925,0.0205517151257817,0.122583200383756,unresolved_or_model_specific,,
Qwen,statistician,Qwen_F3,1.1473408734304391,0.0205517151257817,0.0871333435441938,shared_all_2,-1.0,-1.1473408734304391
Qwen,statistician,Qwen_F4,0.4938631826916803,0.0205517151257817,0.15049824126798,unresolved_or_model_specific,,
Qwen,statistician,Qwen_F5,0.557826746349626,0.0205517151257817,0.1452505567103192,unresolved_or_model_specific,,
Qwen,stoic,Qwen_F1,0.5497151459333307,0.1169534333319832,0.1146897025758995,unresolved_or_model_specific,,
Qwen,stoic,Qwen_F2,0.2075539928448076,0.1169534333319832,0.3904059907975187,unresolved_or_model_specific,,
Qwen,stoic,Qwen_F3,-2.2809332451750652,0.1169534333319832,0.1141752256821485,shared_all_2,-1.0,2.2809332451750652
Qwen,stoic,Qwen_F4,2.295600573726778,0.1169534333319832,0.1777788922337723,unresolved_or_model_specific,,
Qwen,stoic,Qwen_F5,1.4924681988398634,0.1169534333319832,0.1760367138661636,unresolved_or_model_specific,,
Qwen,strategist,Qwen_F1,0.9637270086234238,0.0116754031093252,0.0508352869011752,unresolved_or_model_specific,,
Qwen,strategist,Qwen_F2,-0.6256733107718406,0.0116754031093252,0.1624447297658229,unresolved_or_model_specific,,
Qwen,strategist,Qwen_F3,1.0340890931471884,0.0116754031093252,0.0665000329000444,shared_all_2,-1.0,-1.0340890931471884
Qwen,strategist,Qwen_F4,-0.2353840646994354,0.0116754031093252,0.1105871044233342,unresolved_or_model_specific,,
Qwen,strategist,Qwen_F5,1.0392881737546158,0.0116754031093252,0.2190650704499776,unresolved_or_model_specific,,
Qwen,student,Qwen_F1,0.428304360392493,0.0230828520285196,0.0858281597052867,unresolved_or_model_specific,,
Qwen,student,Qwen_F2,0.5594614881972189,0.0230828520285196,0.0584908448731119,unresolved_or_model_specific,,
Qwen,student,Qwen_F3,0.984513032284778,0.0230828520285196,0.0498682326731283,shared_all_2,-1.0,-0.984513032284778
Qwen,student,Qwen_F4,1.378830697186891,0.0230828520285196,0.1229580063539678,unresolved_or_model_specific,,
Qwen,student,Qwen_F5,-1.8176215540721388,0.0230828520285196,0.1024488172519188,unresolved_or_model_specific,,
Qwen,summarizer,Qwen_F1,1.5060791430791152,0.0583015068851267,0.0435034745682964,unresolved_or_model_specific,,
Qwen,summarizer,Qwen_F2,0.583952209186318,0.0583015068851267,0.1105880079199099,unresolved_or_model_specific,,
Qwen,summarizer,Qwen_F3,0.5902584617915893,0.0583015068851267,0.0801307942667574,shared_all_2,-1.0,-0.5902584617915893
Qwen,summarizer,Qwen_F4,2.384621884427255,0.0583015068851267,0.0893842674987187,unresolved_or_model_specific,,
Qwen,summarizer,Qwen_F5,0.6749218114866723,0.0583015068851267,0.2154720272273403,unresolved_or_model_specific,,
Qwen,supervisor,Qwen_F1,1.2941889529636683,0.0133262464318538,0.0255544171741214,unresolved_or_model_specific,,
Qwen,supervisor,Qwen_F2,0.0774052416905753,0.0133262464318538,0.1114711747528702,unresolved_or_model_specific,,
Qwen,supervisor,Qwen_F3,0.9056333364608394,0.0133262464318538,0.0601283446294177,shared_all_2,-1.0,-0.9056333364608394
Qwen,supervisor,Qwen_F4,1.7072041409354293,0.0133262464318538,0.0751043713658252,unresolved_or_model_specific,,
Qwen,supervisor,Qwen_F5,0.8726520267591402,0.0133262464318538,0.2434824805804848,unresolved_or_model_specific,,
Qwen,surfer,Qwen_F1,-1.0000407449153133,0.0338566252665071,0.049443108482429,unresolved_or_model_specific,,
Qwen,surfer,Qwen_F2,1.850812052711136,0.0338566252665071,0.0706230098057419,unresolved_or_model_specific,,
Qwen,surfer,Qwen_F3,0.0162376452428935,0.0338566252665071,0.0789267180684275,shared_all_2,-1.0,-0.0162376452428935
Qwen,surfer,Qwen_F4,-0.9001223364386419,0.0338566252665071,0.1403236735513583,unresolved_or_model_specific,,
Qwen,surfer,Qwen_F5,-0.5307951637387422,0.0338566252665071,0.103142477460994,unresolved_or_model_specific,,
Qwen,survivor,Qwen_F1,-0.5761994038524604,0.0361159816576975,0.0737609863653664,unresolved_or_model_specific,,
Qwen,survivor,Qwen_F2,1.8907707472959192,0.0361159816576975,0.0853563622934492,unresolved_or_model_specific,,
Qwen,survivor,Qwen_F3,-0.0405994342755816,0.0361159816576975,0.0864523608077624,shared_all_2,-1.0,0.0405994342755816
Qwen,survivor,Qwen_F4,-0.7540550152132544,0.0361159816576975,0.1503925756225733,unresolved_or_model_specific,,
Qwen,survivor,Qwen_F5,-0.2820550851414427,0.0361159816576975,0.1227855829886647,unresolved_or_model_specific,,
Qwen,swarm,Qwen_F1,0.5146526068786127,0.0470298545267864,0.0432389824346106,unresolved_or_model_specific,,
Qwen,swarm,Qwen_F2,-0.5056315487680081,0.0470298545267864,0.0375510210990225,unresolved_or_model_specific,,
Qwen,swarm,Qwen_F3,-1.001231315606275,0.0470298545267864,0.038908035915861,shared_all_2,-1.0,1.001231315606275
Qwen,swarm,Qwen_F4,-0.4543474460748631,0.0470298545267864,0.0884056913604817,unresolved_or_model_specific,,
Qwen,swarm,Qwen_F5,0.6791204012614496,0.0470298545267864,0.1005424812163389,unresolved_or_model_specific,,
Qwen,symbiont,Qwen_F1,0.7321781083448441,0.0227988364358776,0.0205578740680017,unresolved_or_model_specific,,
Qwen,symbiont,Qwen_F2,0.2000845149490849,0.0227988364358776,0.1159695097957925,unresolved_or_model_specific,,
Qwen,symbiont,Qwen_F3,-0.1153172407203324,0.0227988364358776,0.0407121007519632,shared_all_2,-1.0,0.1153172407203324
Qwen,symbiont,Qwen_F4,-0.8937447093890307,0.0227988364358776,0.0735418994659504,unresolved_or_model_specific,,
Qwen,symbiont,Qwen_F5,-0.4201932920219515,0.0227988364358776,0.1055939727727484,unresolved_or_model_specific,,
Qwen,synthesizer,Qwen_F1,0.8574441656876532,0.0051199758356794,0.0211331418433746,unresolved_or_model_specific,,
Qwen,synthesizer,Qwen_F2,-0.6731083917488453,0.0051199758356794,0.1131221970693285,unresolved_or_model_specific,,
Qwen,synthesizer,Qwen_F3,0.5191975653081218,0.0051199758356794,0.062481534541092,shared_all_2,-1.0,-0.5191975653081218
Qwen,synthesizer,Qwen_F4,-0.5892953292799632,0.0051199758356794,0.0735552591871049,unresolved_or_model_specific,,
Qwen,synthesizer,Qwen_F5,0.0615905060116485,0.0051199758356794,0.1163800529394697,unresolved_or_model_specific,,
Qwen,teacher,Qwen_F1,0.8734764391584507,0.0202179345223718,0.044733423380716,unresolved_or_model_specific,,
Qwen,teacher,Qwen_F2,0.311942705131253,0.0202179345223718,0.1352721585671109,unresolved_or_model_specific,,
Qwen,teacher,Qwen_F3,1.0947505840748637,0.0202179345223718,0.0333792390296609,shared_all_2,-1.0,-1.0947505840748637
Qwen,teacher,Qwen_F4,0.4948206189453193,0.0202179345223718,0.056962445777129,unresolved_or_model_specific,,
Qwen,teacher,Qwen_F5,-0.768101421081339,0.0202179345223718,0.103479242919968,unresolved_or_model_specific,,
Qwen,technologist,Qwen_F1,0.5318212898900068,0.0206093638659017,0.0275634159126955,unresolved_or_model_specific,,
Qwen,technologist,Qwen_F2,-0.6319905750479768,0.0206093638659017,0.169733544303087,unresolved_or_model_specific,,
Qwen,technologist,Qwen_F3,1.062620512400962,0.0206093638659017,0.0685607537565663,shared_all_2,-1.0,-1.062620512400962
Qwen,technologist,Qwen_F4,-0.7631418996059928,0.0206093638659017,0.0973923821829474,unresolved_or_model_specific,,
Qwen,technologist,Qwen_F5,0.4309917316855006,0.0206093638659017,0.1445245146072305,unresolved_or_model_specific,,
Qwen,teenager,Qwen_F1,-2.261577660921416,0.058840077002231,0.1237997095555275,unresolved_or_model_specific,,
Qwen,teenager,Qwen_F2,1.966100485122182,0.058840077002231,0.1141054050714088,unresolved_or_model_specific,,
Qwen,teenager,Qwen_F3,2.10561388847548,0.058840077002231,0.1438770365847889,shared_all_2,-1.0,-2.10561388847548
Qwen,teenager,Qwen_F4,1.054894137311354,0.058840077002231,0.2919631271400438,unresolved_or_model_specific,,
Qwen,teenager,Qwen_F5,-1.6589597466975914,0.058840077002231,0.3506323503833534,unresolved_or_model_specific,,
Qwen,theorist,Qwen_F1,0.8949369710566022,0.01570345821314,0.0565258492763548,unresolved_or_model_specific,,
Qwen,theorist,Qwen_F2,-2.1178841192992555,0.01570345821314,0.0779334633416987,unresolved_or_model_specific,,
Qwen,theorist,Qwen_F3,0.1153524359533121,0.01570345821314,0.1139797159263953,shared_all_2,-1.0,-0.1153524359533121
Qwen,theorist,Qwen_F4,-0.8318779256929151,0.01570345821314,0.167310098838717,unresolved_or_model_specific,,
Qwen,theorist,Qwen_F5,0.4715419225664672,0.01570345821314,0.1451800999605333,unresolved_or_model_specific,,
Qwen,therapist,Qwen_F1,0.807469401339583,0.0670688359217242,0.0703746812610308,unresolved_or_model_specific,,
Qwen,therapist,Qwen_F2,0.9065396833484214,0.0670688359217242,0.081298540589659,unresolved_or_model_specific,,
Qwen,therapist,Qwen_F3,0.4099477067883453,0.0670688359217242,0.0627367280983633,shared_all_2,-1.0,-0.4099477067883453
Qwen,therapist,Qwen_F4,0.048144354791788,0.0670688359217242,0.1279305664699335,unresolved_or_model_specific,,
Qwen,therapist,Qwen_F5,-2.223972677113138,0.0670688359217242,0.1015620853090527,unresolved_or_model_specific,,
Qwen,toddler,Qwen_F1,-2.184254244940543,0.3057676624681258,0.2748845618979831,unresolved_or_model_specific,,
Qwen,toddler,Qwen_F2,2.738485356110078,0.3057676624681258,0.2532433910605299,unresolved_or_model_specific,,
Qwen,toddler,Qwen_F3,1.4328976329342689,0.3057676624681258,0.1520772055509305,shared_all_2,-1.0,-1.4328976329342689
Qwen,toddler,Qwen_F4,1.7169992372107965,0.3057676624681258,0.3208684171947408,unresolved_or_model_specific,,
Qwen,toddler,Qwen_F5,-2.4129797544171745,0.3057676624681258,0.2479277968912206,unresolved_or_model_specific,,
Qwen,traditionalist,Qwen_F1,0.945171704887502,0.1181666043778982,0.0451195570914464,unresolved_or_model_specific,,
Qwen,traditionalist,Qwen_F2,-0.1271228861705793,0.1181666043778982,0.2026421413948749,unresolved_or_model_specific,,
Qwen,traditionalist,Qwen_F3,-1.647956842955077,0.1181666043778982,0.0761154721472937,shared_all_2,-1.0,1.647956842955077
Qwen,traditionalist,Qwen_F4,1.5904312884611376,0.1181666043778982,0.0982978461373242,unresolved_or_model_specific,,
Qwen,traditionalist,Qwen_F5,0.5853216991244421,0.1181666043778982,0.1372741157315644,unresolved_or_model_specific,,
Qwen,trainer,Qwen_F1,0.838143522214423,0.0334422364307794,0.0213272123868928,unresolved_or_model_specific,,
Qwen,trainer,Qwen_F2,0.1568281722963416,0.0334422364307794,0.1983845855504486,unresolved_or_model_specific,,
Qwen,trainer,Qwen_F3,1.3199861499315777,0.0334422364307794,0.0424677391336075,shared_all_2,-1.0,-1.3199861499315777
Qwen,trainer,Qwen_F4,0.2386077408877387,0.0334422364307794,0.0735672827061975,unresolved_or_model_specific,,
Qwen,trainer,Qwen_F5,0.3507559190790827,0.0334422364307794,0.2056286765700796,unresolved_or_model_specific,,
Qwen,translator,Qwen_F1,0.8280538220781999,0.0433191954565784,0.0805198912128764,unresolved_or_model_specific,,
Qwen,translator,Qwen_F2,-0.449787711105152,0.0433191954565784,0.1196134751093916,unresolved_or_model_specific,,
Qwen,translator,Qwen_F3,0.4755279337213686,0.0433191954565784,0.0499612492833638,shared_all_2,-1.0,-0.4755279337213686
Qwen,translator,Qwen_F4,2.321981010949027,0.0433191954565784,0.0798929396429854,unresolved_or_model_specific,,
Qwen,translator,Qwen_F5,-0.4129004438297021,0.0433191954565784,0.160393819331207,unresolved_or_model_specific,,
Qwen,tree,Qwen_F1,-0.2154271580699761,0.0366536473091805,0.0458464804189152,unresolved_or_model_specific,,
Qwen,tree,Qwen_F2,0.6053657050560021,0.0366536473091805,0.0734405608561966,unresolved_or_model_specific,,
Qwen,tree,Qwen_F3,-1.7164350258678058,0.0366536473091805,0.0487099953512595,shared_all_2,-1.0,1.7164350258678058
Qwen,tree,Qwen_F4,-0.2001577977692561,0.0366536473091805,0.0563245400252369,unresolved_or_model_specific,,
Qwen,tree,Qwen_F5,-0.6813600116627359,0.0366536473091805,0.0811367673911319,unresolved_or_model_specific,,
Qwen,trickster,Qwen_F1,-1.9008893458478855,0.0344102335167074,0.0482618224353675,unresolved_or_model_specific,,
Qwen,trickster,Qwen_F2,-0.3320801190198415,0.0344102335167074,0.0963233469449902,unresolved_or_model_specific,,
Qwen,trickster,Qwen_F3,0.0660938097881295,0.0344102335167074,0.0706433625788957,shared_all_2,-1.0,-0.0660938097881295
Qwen,trickster,Qwen_F4,-1.5630137677801126,0.0344102335167074,0.0614683935409067,unresolved_or_model_specific,,
Qwen,trickster,Qwen_F5,-0.0482030321382188,0.0344102335167074,0.1798489718537315,unresolved_or_model_specific,,
Qwen,tulpa,Qwen_F1,-0.0398454138090434,0.0151297818164262,0.0358895539349898,unresolved_or_model_specific,,
Qwen,tulpa,Qwen_F2,-0.0307545473252823,0.0151297818164262,0.0489932043107669,unresolved_or_model_specific,,
Qwen,tulpa,Qwen_F3,-0.2967471282678056,0.0151297818164262,0.0363805086105113,shared_all_2,-1.0,0.2967471282678056
Qwen,tulpa,Qwen_F4,-0.5934094869429152,0.0151297818164262,0.0501679695773265,unresolved_or_model_specific,,
Qwen,tulpa,Qwen_F5,-1.1720469092901291,0.0151297818164262,0.1109596180492265,unresolved_or_model_specific,,
Qwen,tutor,Qwen_F1,0.7508437235571505,0.0267590841740544,0.044589939562234,unresolved_or_model_specific,,
Qwen,tutor,Qwen_F2,-0.0538735268261748,0.0267590841740544,0.1264072366704523,unresolved_or_model_specific,,
Qwen,tutor,Qwen_F3,1.1777910212747271,0.0267590841740544,0.0369197088753777,shared_all_2,-1.0,-1.1777910212747271
Qwen,tutor,Qwen_F4,0.5016796299432754,0.0267590841740544,0.039562413085003,unresolved_or_model_specific,,
Qwen,tutor,Qwen_F5,-0.7405643533970293,0.0267590841740544,0.0859180525073935,unresolved_or_model_specific,,
Qwen,validator,Qwen_F1,1.0712644146620378,0.0151110782286715,0.0356611783986562,unresolved_or_model_specific,,
Qwen,validator,Qwen_F2,-1.1770849847740847,0.0151110782286715,0.0878472063939861,unresolved_or_model_specific,,
Qwen,validator,Qwen_F3,0.951399427301456,0.0151110782286715,0.06610982396828,shared_all_2,-1.0,-0.951399427301456
Qwen,validator,Qwen_F4,1.4175433738813048,0.0151110782286715,0.1247191805791277,unresolved_or_model_specific,,
Qwen,validator,Qwen_F5,0.8869632711121914,0.0151110782286715,0.1789516076287794,unresolved_or_model_specific,,
Qwen,vampire,Qwen_F1,-1.2897585170124837,0.0170533715563236,0.057976630177538,unresolved_or_model_specific,,
Qwen,vampire,Qwen_F2,-0.5720595472321129,0.0170533715563236,0.2462783926290749,unresolved_or_model_specific,,
Qwen,vampire,Qwen_F3,-1.849946293952088,0.0170533715563236,0.0684563865457907,shared_all_2,-1.0,1.849946293952088
Qwen,vampire,Qwen_F4,0.3934929480849817,0.0170533715563236,0.1031742821479745,unresolved_or_model_specific,,
Qwen,vampire,Qwen_F5,1.1552099300190914,0.0170533715563236,0.1493446489335892,unresolved_or_model_specific,,
Qwen,vegan,Qwen_F1,0.7997320686310039,0.0715899178835939,0.0488876950570243,unresolved_or_model_specific,,
Qwen,vegan,Qwen_F2,1.1626908091064692,0.0715899178835939,0.1104658569191079,unresolved_or_model_specific,,
Qwen,vegan,Qwen_F3,0.3710118682444933,0.0715899178835939,0.0428097425218796,shared_all_2,-1.0,-0.3710118682444933
Qwen,vegan,Qwen_F4,-0.0549459823907645,0.0715899178835939,0.1020199114717149,unresolved_or_model_specific,,
Qwen,vegan,Qwen_F5,-0.8226667521266326,0.0715899178835939,0.1084084868857197,unresolved_or_model_specific,,
Qwen,veteran,Qwen_F1,-0.130298610221248,0.0245965157557699,0.0616785092370821,unresolved_or_model_specific,,
Qwen,veteran,Qwen_F2,0.901744966551614,0.0245965157557699,0.0574305254678205,unresolved_or_model_specific,,
Qwen,veteran,Qwen_F3,0.6252889509139271,0.0245965157557699,0.0647893901366946,shared_all_2,-1.0,-0.6252889509139271
Qwen,veteran,Qwen_F4,0.7279193609021991,0.0245965157557699,0.0606742342305599,unresolved_or_model_specific,,
Qwen,veteran,Qwen_F5,0.8390536053313637,0.0245965157557699,0.0680828394783755,unresolved_or_model_specific,,
Qwen,veterinarian,Qwen_F1,1.0314868196018223,0.0157692910024494,0.0363681748255566,unresolved_or_model_specific,,
Qwen,veterinarian,Qwen_F2,0.2047811619735002,0.0157692910024494,0.0813363196657187,unresolved_or_model_specific,,
Qwen,veterinarian,Qwen_F3,0.4427890461314183,0.0157692910024494,0.0369092066005862,shared_all_2,-1.0,-0.4427890461314183
Qwen,veterinarian,Qwen_F4,1.3688368075180777,0.0157692910024494,0.0481538575414829,unresolved_or_model_specific,,
Qwen,veterinarian,Qwen_F5,-0.366561484842912,0.0157692910024494,0.1369719638576881,unresolved_or_model_specific,,
Qwen,vigilante,Qwen_F1,-1.45922680862396,0.0554117540097121,0.1263847100993477,unresolved_or_model_specific,,
Qwen,vigilante,Qwen_F2,0.5088310513767125,0.0554117540097121,0.210975624543467,unresolved_or_model_specific,,
Qwen,vigilante,Qwen_F3,0.2480237922357801,0.0554117540097121,0.0909531252254071,shared_all_2,-1.0,-0.2480237922357801
Qwen,vigilante,Qwen_F4,0.1956004198499886,0.0554117540097121,0.1143275210142871,unresolved_or_model_specific,,
Qwen,vigilante,Qwen_F5,1.9915892926019951,0.0554117540097121,0.1550372429736562,unresolved_or_model_specific,,
Qwen,virtuoso,Qwen_F1,0.0871755783000576,0.0293459476187012,0.0466848805949492,unresolved_or_model_specific,,
Qwen,virtuoso,Qwen_F2,-0.1128232749893151,0.0293459476187012,0.0702218751292556,unresolved_or_model_specific,,
Qwen,virtuoso,Qwen_F3,-0.7460049639292718,0.0293459476187012,0.0363168908559632,shared_all_2,-1.0,0.7460049639292718
Qwen,virtuoso,Qwen_F4,-1.209980826543152,0.0293459476187012,0.0787500803338526,unresolved_or_model_specific,,
Qwen,virtuoso,Qwen_F5,0.6342728358522173,0.0293459476187012,0.0912369627008908,unresolved_or_model_specific,,
Qwen,virus,Qwen_F1,-0.6037356628257404,0.0690740501308633,0.0628918471353451,unresolved_or_model_specific,,
Qwen,virus,Qwen_F2,-1.177713395767222,0.0690740501308633,0.1652025571302343,unresolved_or_model_specific,,
Qwen,virus,Qwen_F3,-0.5684614414069824,0.0690740501308633,0.042885547269299,shared_all_2,-1.0,0.5684614414069824
Qwen,virus,Qwen_F4,0.3330241058088286,0.0690740501308633,0.1189058291368347,unresolved_or_model_specific,,
Qwen,virus,Qwen_F5,1.2460887808592669,0.0690740501308633,0.0947646808232806,unresolved_or_model_specific,,
Qwen,visionary,Qwen_F1,0.1036778406371236,0.0160731813895023,0.0752929661247132,unresolved_or_model_specific,,
Qwen,visionary,Qwen_F2,0.1854890277581691,0.0160731813895023,0.1811043582752208,unresolved_or_model_specific,,
Qwen,visionary,Qwen_F3,-0.0037266860804794,0.0160731813895023,0.0657526130758582,shared_all_2,-1.0,0.0037266860804794
Qwen,visionary,Qwen_F4,-2.5607313943764165,0.0160731813895023,0.1079170970457628,unresolved_or_model_specific,,
Qwen,visionary,Qwen_F5,0.6706007171349654,0.0160731813895023,0.1465639514409967,unresolved_or_model_specific,,
Qwen,void,Qwen_F1,-1.048016822660796,0.0508117972362384,0.0512744657800108,unresolved_or_model_specific,,
Qwen,void,Qwen_F2,-1.206352428368837,0.0508117972362384,0.2741957905945265,unresolved_or_model_specific,,
Qwen,void,Qwen_F3,-2.051807606936151,0.0508117972362384,0.0497874369228017,shared_all_2,-1.0,2.051807606936151
Qwen,void,Qwen_F4,-0.3503657702442317,0.0508117972362384,0.1121892703377981,unresolved_or_model_specific,,
Qwen,void,Qwen_F5,0.0781665003351892,0.0508117972362384,0.2617180850248871,unresolved_or_model_specific,,
Qwen,wanderer,Qwen_F1,-0.6866932126111273,0.0184890867113378,0.0249605423715394,unresolved_or_model_specific,,
Qwen,wanderer,Qwen_F2,0.6593228925764485,0.0184890867113378,0.0903283524142084,unresolved_or_model_specific,,
Qwen,wanderer,Qwen_F3,-1.058990913750049,0.0184890867113378,0.0497105600994373,shared_all_2,-1.0,1.058990913750049
Qwen,wanderer,Qwen_F4,-1.0142985587081903,0.0184890867113378,0.0851622885060374,unresolved_or_model_specific,,
Qwen,wanderer,Qwen_F5,-0.8570754895844943,0.0184890867113378,0.1704195880320151,unresolved_or_model_specific,,
Qwen,warrior,Qwen_F1,-0.6487715224477715,0.0162290552120849,0.1129633000366643,unresolved_or_model_specific,,
Qwen,warrior,Qwen_F2,1.2835949719638735,0.0162290552120849,0.1282628766348851,unresolved_or_model_specific,,
Qwen,warrior,Qwen_F3,-1.020211926246962,0.0162290552120849,0.1038329376536726,shared_all_2,-1.0,1.020211926246962
Qwen,warrior,Qwen_F4,0.3240543439182611,0.0162290552120849,0.0578158578841059,unresolved_or_model_specific,,
Qwen,warrior,Qwen_F5,2.0656912266096756,0.0162290552120849,0.1141934300303505,unresolved_or_model_specific,,
Qwen,whale,Qwen_F1,-0.1486484796128306,0.0166900682425235,0.036597496995737,unresolved_or_model_specific,,
Qwen,whale,Qwen_F2,0.4735390465140978,0.0166900682425235,0.0387335584695133,unresolved_or_model_specific,,
Qwen,whale,Qwen_F3,-1.519049375949718,0.0166900682425235,0.0365499013930519,shared_all_2,-1.0,1.519049375949718
Qwen,whale,Qwen_F4,-0.7747993469321732,0.0166900682425235,0.0587532647285173,unresolved_or_model_specific,,
Qwen,whale,Qwen_F5,-0.569370504924143,0.0166900682425235,0.0665135596933153,unresolved_or_model_specific,,
Qwen,widow,Qwen_F1,-0.2966930046978646,0.0364988272903869,0.07432962710353,unresolved_or_model_specific,,
Qwen,widow,Qwen_F2,1.6857258314798769,0.0364988272903869,0.0863032776952789,unresolved_or_model_specific,,
Qwen,widow,Qwen_F3,-0.546205445067592,0.0364988272903869,0.0846941542157299,shared_all_2,-1.0,0.546205445067592
Qwen,widow,Qwen_F4,-0.3386997068102402,0.0364988272903869,0.1825692763653603,unresolved_or_model_specific,,
Qwen,widow,Qwen_F5,-2.047767104518997,0.0364988272903869,0.1923217390782891,unresolved_or_model_specific,,
Qwen,wind,Qwen_F1,-0.3366052860516326,0.0179589580081645,0.0372561524989517,unresolved_or_model_specific,,
Qwen,wind,Qwen_F2,0.931750790086028,0.0179589580081645,0.0569147602637722,unresolved_or_model_specific,,
Qwen,wind,Qwen_F3,-1.547491753753264,0.0179589580081645,0.0538110818347073,shared_all_2,-1.0,1.547491753753264
Qwen,wind,Qwen_F4,-0.3747810762288803,0.0179589580081645,0.0700091385011786,unresolved_or_model_specific,,
Qwen,wind,Qwen_F5,-0.6283412543106921,0.0179589580081645,0.0936151190672513,unresolved_or_model_specific,,
Qwen,witch,Qwen_F1,-0.3361012993256654,0.0404780495076329,0.0327793088942901,unresolved_or_model_specific,,
Qwen,witch,Qwen_F2,0.2185158041463446,0.0404780495076329,0.0429116111804487,unresolved_or_model_specific,,
Qwen,witch,Qwen_F3,-1.7783344463484092,0.0404780495076329,0.0426237217274454,shared_all_2,-1.0,1.7783344463484092
Qwen,witch,Qwen_F4,-0.7011405232729438,0.0404780495076329,0.0611414490118727,unresolved_or_model_specific,,
Qwen,witch,Qwen_F5,-0.0752838242073289,0.0404780495076329,0.0596414241415977,unresolved_or_model_specific,,
Qwen,witness,Qwen_F1,0.5618594952981146,0.0186562592713215,0.0170615878202784,unresolved_or_model_specific,,
Qwen,witness,Qwen_F2,-0.3056777163766971,0.0186562592713215,0.0897895580314128,unresolved_or_model_specific,,
Qwen,witness,Qwen_F3,-0.2810445346380226,0.0186562592713215,0.0283782825400838,shared_all_2,-1.0,0.2810445346380226
Qwen,witness,Qwen_F4,1.0814739330496763,0.0186562592713215,0.0536352256708108,unresolved_or_model_specific,,
Qwen,witness,Qwen_F5,0.0691214568776288,0.0186562592713215,0.0473675882757659,unresolved_or_model_specific,,
Qwen,workaholic,Qwen_F1,-1.130329604747071,0.0653485179162882,0.1178294812824875,unresolved_or_model_specific,,
Qwen,workaholic,Qwen_F2,-0.2143566796718628,0.0653485179162882,0.2090174953821523,unresolved_or_model_specific,,
Qwen,workaholic,Qwen_F3,0.4255872574049145,0.0653485179162882,0.0810944135080043,shared_all_2,-1.0,-0.4255872574049145
Qwen,workaholic,Qwen_F4,1.044985304113392,0.0653485179162882,0.1242741053935725,unresolved_or_model_specific,,
Qwen,workaholic,Qwen_F5,2.2851143361880952,0.0653485179162882,0.1168458171187655,unresolved_or_model_specific,,
Qwen,wraith,Qwen_F1,-0.9689993617534354,0.0219289722892719,0.0366426861144604,unresolved_or_model_specific,,
Qwen,wraith,Qwen_F2,-0.1234129091562177,0.0219289722892719,0.2018715591104802,unresolved_or_model_specific,,
Qwen,wraith,Qwen_F3,-2.0485464087753185,0.0219289722892719,0.0555883449355363,shared_all_2,-1.0,2.0485464087753185
Qwen,wraith,Qwen_F4,-0.1711106731793032,0.0219289722892719,0.0707046894387507,unresolved_or_model_specific,,
Qwen,wraith,Qwen_F5,0.38837529854474,0.0219289722892719,0.1546534368604188,unresolved_or_model_specific,,
Qwen,writer,Qwen_F1,0.3382752831914976,0.0149337254266623,0.0113654544925003,unresolved_or_model_specific,,
Qwen,writer,Qwen_F2,0.0349417303878591,0.0149337254266623,0.0483612095854538,unresolved_or_model_specific,,
Qwen,writer,Qwen_F3,-0.0460314956566094,0.0149337254266623,0.0230994537479444,shared_all_2,-1.0,0.0460314956566094
Qwen,writer,Qwen_F4,-0.4163608810597103,0.0149337254266623,0.0246289225441918,unresolved_or_model_specific,,
Qwen,writer,Qwen_F5,-0.2981616934189449,0.0149337254266623,0.0212898502077917,unresolved_or_model_specific,,
Qwen,zealot,Qwen_F1,-1.0567330094730034,0.0727174642239616,0.2020590536594594,unresolved_or_model_specific,,
Qwen,zealot,Qwen_F2,0.0911161014133093,0.0727174642239616,0.3638290617676344,unresolved_or_model_specific,,
Qwen,zealot,Qwen_F3,-2.086769393826604,0.0727174642239616,0.1271646532672103,shared_all_2,-1.0,2.086769393826604
Qwen,zealot,Qwen_F4,0.7524911087478393,0.0727174642239616,0.1335624986172467,unresolved_or_model_specific,,
Qwen,zealot,Qwen_F5,3.7765916659557144,0.0727174642239616,0.151982945271359,unresolved_or_model_specific,,
Qwen,zeitgeist,Qwen_F1,-0.2099090818941592,0.0144968263488343,0.04709381144209,unresolved_or_model_specific,,
Qwen,zeitgeist,Qwen_F2,-0.3891725977491234,0.0144968263488343,0.1168353732771305,unresolved_or_model_specific,,
Qwen,zeitgeist,Qwen_F3,-0.2878183653580412,0.0144968263488343,0.0737259261701505,shared_all_2,-1.0,0.2878183653580412
Qwen,zeitgeist,Qwen_F4,-2.4889622586739444,0.0144968263488343,0.0871011411016208,unresolved_or_model_specific,,
Qwen,zeitgeist,Qwen_F5,0.0523752591147617,0.0144968263488343,0.1186650103114897,unresolved_or_model_specific,,
Llama,aberration,Llama_F1,-1.5363200485428512,0.0268581252597602,0.3291804987429533,shared_gemma_llama_1,1.0,-1.5363200485428512
Llama,aberration,Llama_F2,-1.1648308426232885,0.0268581252597602,0.2434783583116295,shared_all_2,-1.0,1.1648308426232885
Llama,aberration,Llama_F3,-1.1487756640449702,0.0268581252597602,0.1719573844537242,unresolved_or_model_specific,,
Llama,aberration,Llama_F4,-1.7258407605837325,0.0268581252597602,0.664356499823856,unresolved_or_model_specific,,
Llama,aberration,Llama_F5,1.2740493639386572,0.0268581252597602,0.508341829078971,unresolved_or_model_specific,,
Llama,aberration,Llama_F6,-0.0872388121988039,0.0268581252597602,0.2715872569261028,unresolved_or_model_specific,,
Llama,absurdist,Llama_F1,-2.1514565852857896,0.0937375405430018,0.1333771814120228,shared_gemma_llama_1,1.0,-2.1514565852857896
Llama,absurdist,Llama_F2,-1.0100108785122528,0.0937375405430018,0.4856208012212514,shared_all_2,-1.0,1.0100108785122528
Llama,absurdist,Llama_F3,-0.4483966189641851,0.0937375405430018,0.1658398343882913,unresolved_or_model_specific,,
Llama,absurdist,Llama_F4,-3.301761187150252,0.0937375405430018,1.02712634981291,unresolved_or_model_specific,,
Llama,absurdist,Llama_F5,1.1436164611382524,0.0937375405430018,0.562829485142529,unresolved_or_model_specific,,
Llama,absurdist,Llama_F6,-1.169881785728649,0.0937375405430018,0.748850178886076,unresolved_or_model_specific,,
Llama,accountant,Llama_F1,0.456446045943275,0.0154292834703925,0.1638155862903381,shared_gemma_llama_1,1.0,0.456446045943275
Llama,accountant,Llama_F2,0.7082702578195202,0.0154292834703925,0.144514657940358,shared_all_2,-1.0,-0.7082702578195202
Llama,accountant,Llama_F3,-0.7047745556149844,0.0154292834703925,0.1199815380102639,unresolved_or_model_specific,,
Llama,accountant,Llama_F4,1.173539390081565,0.0154292834703925,0.4357838142925825,unresolved_or_model_specific,,
Llama,accountant,Llama_F5,-1.111834767640255,0.0154292834703925,0.2499226082578799,unresolved_or_model_specific,,
Llama,accountant,Llama_F6,0.3067742281946384,0.0154292834703925,0.2395279601846754,unresolved_or_model_specific,,
Llama,activist,Llama_F1,0.1651140426041226,0.1662715063195597,0.14540141473375,shared_gemma_llama_1,1.0,0.1651140426041226
Llama,activist,Llama_F2,0.5888231969916884,0.1662715063195597,0.110758449409608,shared_all_2,-1.0,-0.5888231969916884
Llama,activist,Llama_F3,0.8841226870341904,0.1662715063195597,0.1139089533167153,unresolved_or_model_specific,,
Llama,activist,Llama_F4,-0.4332032544002372,0.1662715063195597,0.3087818713542779,unresolved_or_model_specific,,
Llama,activist,Llama_F5,-0.3974502725837321,0.1662715063195597,0.2049137345459728,unresolved_or_model_specific,,
Llama,activist,Llama_F6,0.7800691751741874,0.1662715063195597,0.3006571327028616,unresolved_or_model_specific,,
Llama,actor,Llama_F1,-0.4677236082974638,0.0469449525441349,0.0423286942188945,shared_gemma_llama_1,1.0,-0.4677236082974638
Llama,actor,Llama_F2,-0.715508136670385,0.0469449525441349,0.0636052592140887,shared_all_2,-1.0,0.715508136670385
Llama,actor,Llama_F3,0.9804870995485852,0.0469449525441349,0.0666047531716888,unresolved_or_model_specific,,
Llama,actor,Llama_F4,-0.9356483619127928,0.0469449525441349,0.2334256210201725,unresolved_or_model_specific,,
Llama,actor,Llama_F5,0.4471454575043628,0.0469449525441349,0.2256548103817773,unresolved_or_model_specific,,
Llama,actor,Llama_F6,0.0783013204577992,0.0469449525441349,0.2415014667704918,unresolved_or_model_specific,,
Llama,addict,Llama_F1,-0.6271848469099375,0.0613308490655104,0.1342541412694744,shared_gemma_llama_1,1.0,-0.6271848469099375
Llama,addict,Llama_F2,0.6883865899063027,0.0613308490655104,0.0711702486516631,shared_all_2,-1.0,-0.6883865899063027
Llama,addict,Llama_F3,1.8464869780436453,0.0613308490655104,0.0802364405530399,unresolved_or_model_specific,,
Llama,addict,Llama_F4,0.6230952860690545,0.0613308490655104,0.4432610548482255,unresolved_or_model_specific,,
Llama,addict,Llama_F5,0.91420030984096,0.0613308490655104,0.4560770203425791,unresolved_or_model_specific,,
Llama,addict,Llama_F6,-0.6610525262377691,0.0613308490655104,0.1785085425673486,unresolved_or_model_specific,,
Llama,adolescent,Llama_F1,-0.8962525157877763,0.1008921330214626,0.5625025917353131,shared_gemma_llama_1,1.0,-0.8962525157877763
Llama,adolescent,Llama_F2,2.0258479484247127,0.1008921330214626,0.1054934357098671,shared_all_2,-1.0,-2.0258479484247127
Llama,adolescent,Llama_F3,2.292323372035763,0.1008921330214626,0.2741732821375152,unresolved_or_model_specific,,
Llama,adolescent,Llama_F4,1.3498265950926271,0.1008921330214626,1.3943487142897923,unresolved_or_model_specific,,
Llama,adolescent,Llama_F5,0.9050970541002252,0.1008921330214626,1.0818137328181816,unresolved_or_model_specific,,
Llama,adolescent,Llama_F6,-3.149506041239215,0.1008921330214626,0.1798145037698113,unresolved_or_model_specific,,
Llama,advocate,Llama_F1,0.7030851099184129,0.0249565342736124,0.063315776881738,shared_gemma_llama_1,1.0,0.7030851099184129
Llama,advocate,Llama_F2,0.321772078281192,0.0249565342736124,0.1197180270882977,shared_all_2,-1.0,-0.321772078281192
Llama,advocate,Llama_F3,0.4821005205421815,0.0249565342736124,0.1199743487142552,unresolved_or_model_specific,,
Llama,advocate,Llama_F4,0.0100473493061327,0.0249565342736124,0.4993645445374512,unresolved_or_model_specific,,
Llama,advocate,Llama_F5,-1.196520674911201,0.0249565342736124,0.2985631571962527,unresolved_or_model_specific,,
Llama,advocate,Llama_F6,0.978123165897374,0.0249565342736124,0.2262461432164676,unresolved_or_model_specific,,
Llama,alien,Llama_F1,0.0486244842494118,0.0274788341326031,0.3791618457712635,shared_gemma_llama_1,1.0,0.0486244842494118
Llama,alien,Llama_F2,-0.9857170741723658,0.0274788341326031,0.1227136193565327,shared_all_2,-1.0,0.9857170741723658
Llama,alien,Llama_F3,-1.333937835051641,0.0274788341326031,0.2287818344311911,unresolved_or_model_specific,,
Llama,alien,Llama_F4,-0.4531335247365339,0.0274788341326031,0.4690721783036893,unresolved_or_model_specific,,
Llama,alien,Llama_F5,1.3953425800081942,0.0274788341326031,0.2418313544629442,unresolved_or_model_specific,,
Llama,alien,Llama_F6,0.1635518676795594,0.0274788341326031,0.2950151340152589,unresolved_or_model_specific,,
Llama,altruist,Llama_F1,0.836358915995633,0.0831783911001559,0.0962113610933612,shared_gemma_llama_1,1.0,0.836358915995633
Llama,altruist,Llama_F2,-0.2836892576001164,0.0831783911001559,0.1976695019409933,shared_all_2,-1.0,0.2836892576001164
Llama,altruist,Llama_F3,1.1942916465353968,0.0831783911001559,0.1282839030353312,unresolved_or_model_specific,,
Llama,altruist,Llama_F4,0.6681190701004417,0.0831783911001559,0.2926511781221723,unresolved_or_model_specific,,
Llama,altruist,Llama_F5,0.0154182365273829,0.0831783911001559,0.2194982718385565,unresolved_or_model_specific,,
Llama,altruist,Llama_F6,0.6106908124335398,0.0831783911001559,0.2079208189379162,unresolved_or_model_specific,,
Llama,amateur,Llama_F1,0.3188800431155028,0.037911529650077,0.1992333702859414,shared_gemma_llama_1,1.0,0.3188800431155028
Llama,amateur,Llama_F2,1.2024583866865866,0.037911529650077,0.0992089725503812,shared_all_2,-1.0,-1.2024583866865866
Llama,amateur,Llama_F3,2.415173570069832,0.037911529650077,0.121068497043755,unresolved_or_model_specific,,
Llama,amateur,Llama_F4,0.5794274405757716,0.037911529650077,0.8313544390825185,unresolved_or_model_specific,,
Llama,amateur,Llama_F5,1.4808871255476237,0.037911529650077,0.6494202870324963,unresolved_or_model_specific,,
Llama,amateur,Llama_F6,-1.4362147177258178,0.037911529650077,0.1898490167042446,unresolved_or_model_specific,,
Llama,ambassador,Llama_F1,0.9254342893919004,0.0433668186547116,0.0569865147843651,shared_gemma_llama_1,1.0,0.9254342893919004
Llama,ambassador,Llama_F2,-0.08772783197007,0.0433668186547116,0.199805703710587,shared_all_2,-1.0,0.08772783197007
Llama,ambassador,Llama_F3,-0.1078405635509259,0.0433668186547116,0.0731389065465348,unresolved_or_model_specific,,
Llama,ambassador,Llama_F4,0.925091445406134,0.0433668186547116,0.46202404958587,unresolved_or_model_specific,,
Llama,ambassador,Llama_F5,-0.6627923529731085,0.0433668186547116,0.2613389729581448,unresolved_or_model_specific,,
Llama,ambassador,Llama_F6,0.7724873402684024,0.0433668186547116,0.2482598590830956,unresolved_or_model_specific,,
Llama,amnesiac,Llama_F1,-0.4094487992467982,0.0780602617780847,0.1444473958683429,shared_gemma_llama_1,1.0,-0.4094487992467982
Llama,amnesiac,Llama_F2,0.1700983354420416,0.0780602617780847,0.0992298434827953,shared_all_2,-1.0,-0.1700983354420416
Llama,amnesiac,Llama_F3,0.318789687358693,0.0780602617780847,0.1722875031746663,unresolved_or_model_specific,,
Llama,amnesiac,Llama_F4,1.0614665654065074,0.0780602617780847,0.7905520772947258,unresolved_or_model_specific,,
Llama,amnesiac,Llama_F5,1.691762039201332,0.0780602617780847,0.6673208667953779,unresolved_or_model_specific,,
Llama,amnesiac,Llama_F6,-1.918935350364781,0.0780602617780847,0.484864063500012,unresolved_or_model_specific,,
Llama,analyst,Llama_F1,0.6785921106077316,0.0113093728869776,0.0443490112677147,shared_gemma_llama_1,1.0,0.6785921106077316
Llama,analyst,Llama_F2,1.1178805074021827,0.0113093728869776,0.0450802750404816,shared_all_2,-1.0,-1.1178805074021827
Llama,analyst,Llama_F3,-1.53723857775548,0.0113093728869776,0.1365642657273725,unresolved_or_model_specific,,
Llama,analyst,Llama_F4,0.5019983800059133,0.0113093728869776,0.4599740428128433,unresolved_or_model_specific,,
Llama,analyst,Llama_F5,-1.0988254548288587,0.0113093728869776,0.4607728836635033,unresolved_or_model_specific,,
Llama,analyst,Llama_F6,0.5967796989698065,0.0113093728869776,0.1837070840024556,unresolved_or_model_specific,,
Llama,anarchist,Llama_F1,-1.1482906602811551,0.394867116939996,0.4248737957828927,shared_gemma_llama_1,1.0,-1.1482906602811551
Llama,anarchist,Llama_F2,-0.0831774201789415,0.394867116939996,0.188854029951559,shared_all_2,-1.0,0.0831774201789415
Llama,anarchist,Llama_F3,0.5004155219694386,0.394867116939996,0.2330460426199957,unresolved_or_model_specific,,
Llama,anarchist,Llama_F4,-1.0427120384992177,0.394867116939996,0.3337220937537636,unresolved_or_model_specific,,
Llama,anarchist,Llama_F5,1.1328158532615815,0.394867116939996,0.4192691967345929,unresolved_or_model_specific,,
Llama,anarchist,Llama_F6,0.5036070089078748,0.394867116939996,0.3822047166291554,unresolved_or_model_specific,,
Llama,ancient,Llama_F1,-0.3161885260578658,0.0194709915919252,0.2538616975333967,shared_gemma_llama_1,1.0,-0.3161885260578658
Llama,ancient,Llama_F2,-1.8200271686217409,0.0194709915919252,0.0684825958642112,shared_all_2,-1.0,1.8200271686217409
Llama,ancient,Llama_F3,-0.5485826545645817,0.0194709915919252,0.2128834047575603,unresolved_or_model_specific,,
Llama,ancient,Llama_F4,-0.6258323196191601,0.0194709915919252,0.4718313745970128,unresolved_or_model_specific,,
Llama,ancient,Llama_F5,0.4458449613504238,0.0194709915919252,0.330749626396341,unresolved_or_model_specific,,
Llama,ancient,Llama_F6,0.6697136755336216,0.0194709915919252,0.1917129939206078,unresolved_or_model_specific,,
Llama,angel,Llama_F1,0.98840615694929,0.0248230773330007,0.1073468571589603,shared_gemma_llama_1,1.0,0.98840615694929
Llama,angel,Llama_F2,-1.686421595973585,0.0248230773330007,0.1814001347452378,shared_all_2,-1.0,1.686421595973585
Llama,angel,Llama_F3,0.6434773797668857,0.0248230773330007,0.1778985343086977,unresolved_or_model_specific,,
Llama,angel,Llama_F4,-0.0785286337110762,0.0248230773330007,0.3404459089516842,unresolved_or_model_specific,,
Llama,angel,Llama_F5,-0.250068713129497,0.0248230773330007,0.2652422015496964,unresolved_or_model_specific,,
Llama,angel,Llama_F6,0.5075647518394671,0.0248230773330007,0.206944508735636,unresolved_or_model_specific,,
Llama,anthropologist,Llama_F1,0.6969294749239885,0.0662860287373097,0.4032426079421513,shared_gemma_llama_1,1.0,0.6969294749239885
Llama,anthropologist,Llama_F2,0.7028319149757353,0.0662860287373097,0.1540916686478541,shared_all_2,-1.0,-0.7028319149757353
Llama,anthropologist,Llama_F3,-0.8818109886338711,0.0662860287373097,0.1330769669758018,unresolved_or_model_specific,,
Llama,anthropologist,Llama_F4,-0.1676183346594201,0.0662860287373097,0.3666336817637933,unresolved_or_model_specific,,
Llama,anthropologist,Llama_F5,1.1929062485449964,0.0662860287373097,0.3058157178170678,unresolved_or_model_specific,,
Llama,anthropologist,Llama_F6,0.7361414794549959,0.0662860287373097,0.2532090471530225,unresolved_or_model_specific,,
Llama,archaeologist,Llama_F1,0.2459314935482695,0.0399260386359338,0.1570581827075975,shared_gemma_llama_1,1.0,0.2459314935482695
Llama,archaeologist,Llama_F2,-0.0193673378607146,0.0399260386359338,0.032122190063082,shared_all_2,-1.0,0.0193673378607146
Llama,archaeologist,Llama_F3,-0.385824999106364,0.0399260386359338,0.0713041030795754,unresolved_or_model_specific,,
Llama,archaeologist,Llama_F4,-0.0144740696208287,0.0399260386359338,0.1790887853352803,unresolved_or_model_specific,,
Llama,archaeologist,Llama_F5,0.4852786959674544,0.0399260386359338,0.1362075296463875,unresolved_or_model_specific,,
Llama,archaeologist,Llama_F6,0.4011821423502784,0.0399260386359338,0.0974476625831059,unresolved_or_model_specific,,
Llama,architect,Llama_F1,0.7354233733714247,0.0189723311545457,0.022431910875441,shared_gemma_llama_1,1.0,0.7354233733714247
Llama,architect,Llama_F2,0.5224411776140325,0.0189723311545457,0.0232754026580039,shared_all_2,-1.0,-0.5224411776140325
Llama,architect,Llama_F3,-0.2518703489469447,0.0189723311545457,0.0740474872041853,unresolved_or_model_specific,,
Llama,architect,Llama_F4,0.0870308951185099,0.0189723311545457,0.2533716207988146,unresolved_or_model_specific,,
Llama,architect,Llama_F5,-0.609020327001637,0.0189723311545457,0.2660737927956062,unresolved_or_model_specific,,
Llama,architect,Llama_F6,0.4271873431465416,0.0189723311545457,0.137965569376861,unresolved_or_model_specific,,
Llama,archivist,Llama_F1,0.616870527091937,0.0212496652465409,0.0957540441464155,shared_gemma_llama_1,1.0,0.616870527091937
Llama,archivist,Llama_F2,0.2068753668808894,0.0212496652465409,0.0985492650439789,shared_all_2,-1.0,-0.2068753668808894
Llama,archivist,Llama_F3,-0.5225898525503766,0.0212496652465409,0.0642632081867779,unresolved_or_model_specific,,
Llama,archivist,Llama_F4,0.8092069593913809,0.0212496652465409,0.3197430496668594,unresolved_or_model_specific,,
Llama,archivist,Llama_F5,0.0184760976853706,0.0212496652465409,0.1749550668994081,unresolved_or_model_specific,,
Llama,archivist,Llama_F6,0.5234477378010345,0.0212496652465409,0.2279206205802606,unresolved_or_model_specific,,
Llama,artisan,Llama_F1,0.2909842663835326,0.0276040366564572,0.0442859624097091,shared_gemma_llama_1,1.0,0.2909842663835326
Llama,artisan,Llama_F2,-0.9425912683922344,0.0276040366564572,0.1482758467034755,shared_all_2,-1.0,0.9425912683922344
Llama,artisan,Llama_F3,0.7976131454319303,0.0276040366564572,0.131246121124575,unresolved_or_model_specific,,
Llama,artisan,Llama_F4,0.3777541780918706,0.0276040366564572,0.1048871758688176,unresolved_or_model_specific,,
Llama,artisan,Llama_F5,0.4114424011033674,0.0276040366564572,0.224997694196688,unresolved_or_model_specific,,
Llama,artisan,Llama_F6,0.1941096478281126,0.0276040366564572,0.2427272321521544,unresolved_or_model_specific,,
Llama,ascetic,Llama_F1,-1.0359028016551473,0.1021294282783783,0.1272859979203101,shared_gemma_llama_1,1.0,-1.0359028016551473
Llama,ascetic,Llama_F2,-2.7242132702559534,0.1021294282783783,0.3613096792174319,shared_all_2,-1.0,2.7242132702559534
Llama,ascetic,Llama_F3,-0.1447128841912252,0.1021294282783783,0.3320458500233448,unresolved_or_model_specific,,
Llama,ascetic,Llama_F4,0.7960328269965335,0.1021294282783783,0.4835509896145923,unresolved_or_model_specific,,
Llama,ascetic,Llama_F5,0.1365156338297263,0.1021294282783783,0.491875041677468,unresolved_or_model_specific,,
Llama,ascetic,Llama_F6,0.1912444933634552,0.1021294282783783,0.7598486252578031,unresolved_or_model_specific,,
Llama,assistant,Llama_F1,1.0677809829701144,0.0353726642651005,0.0707131934675377,shared_gemma_llama_1,1.0,1.0677809829701144
Llama,assistant,Llama_F2,1.182645628294941,0.0353726642651005,0.0758891518022733,shared_all_2,-1.0,-1.182645628294941
Llama,assistant,Llama_F3,-0.5876779929045617,0.0353726642651005,0.1141470633733337,unresolved_or_model_specific,,
Llama,assistant,Llama_F4,0.9336469133533,0.0353726642651005,0.474210531594027,unresolved_or_model_specific,,
Llama,assistant,Llama_F5,-0.948435217667046,0.0353726642651005,0.3824610417338892,unresolved_or_model_specific,,
Llama,assistant,Llama_F6,0.4914986841525537,0.0353726642651005,0.168490937724928,unresolved_or_model_specific,,
Llama,auctioneer,Llama_F1,-0.7525612091517643,0.1606582304271463,0.3792898341607154,shared_gemma_llama_1,1.0,-0.7525612091517643
Llama,auctioneer,Llama_F2,0.0110546570363527,0.1606582304271463,0.0890717642468041,shared_all_2,-1.0,-0.0110546570363527
Llama,auctioneer,Llama_F3,0.3741661413915124,0.1606582304271463,0.2718330864068733,unresolved_or_model_specific,,
Llama,auctioneer,Llama_F4,-0.6759369951863045,0.1606582304271463,0.3719686546509025,unresolved_or_model_specific,,
Llama,auctioneer,Llama_F5,-1.3177268509756626,0.1606582304271463,0.2073886911829567,unresolved_or_model_specific,,
Llama,auctioneer,Llama_F6,-0.7550776975327357,0.1606582304271463,0.4295677802848618,unresolved_or_model_specific,,
Llama,auditor,Llama_F1,0.4566762246102671,0.0137115115407012,0.1072971916825616,shared_gemma_llama_1,1.0,0.4566762246102671
Llama,auditor,Llama_F2,0.7225304858240484,0.0137115115407012,0.1492959244808422,shared_all_2,-1.0,-0.7225304858240484
Llama,auditor,Llama_F3,-1.1469271652029778,0.0137115115407012,0.1110375113877995,unresolved_or_model_specific,,
Llama,auditor,Llama_F4,1.190031186230843,0.0137115115407012,0.5199560171727178,unresolved_or_model_specific,,
Llama,auditor,Llama_F5,-1.1912250830245754,0.0137115115407012,0.3081256703082456,unresolved_or_model_specific,,
Llama,auditor,Llama_F6,0.5598781699222177,0.0137115115407012,0.2530401003846797,unresolved_or_model_specific,,
Llama,avatar,Llama_F1,0.5300050355471663,0.0164122011869342,0.1797751857101605,shared_gemma_llama_1,1.0,0.5300050355471663
Llama,avatar,Llama_F2,-1.96501132491768,0.0164122011869342,0.0837077398505768,shared_all_2,-1.0,1.96501132491768
Llama,avatar,Llama_F3,-0.1518384396257172,0.0164122011869342,0.1893397512668275,unresolved_or_model_specific,,
Llama,avatar,Llama_F4,-0.8557577689547944,0.0164122011869342,0.4680596550983172,unresolved_or_model_specific,,
Llama,avatar,Llama_F5,-0.1601436168285419,0.0164122011869342,0.259571174724753,unresolved_or_model_specific,,
Llama,avatar,Llama_F6,0.5882334304931836,0.0164122011869342,0.1152687493449211,unresolved_or_model_specific,,
Llama,bard,Llama_F1,-0.0424472546552155,0.0693095435321963,0.0860005365065278,shared_gemma_llama_1,1.0,-0.0424472546552155
Llama,bard,Llama_F2,-2.0900089868717395,0.0693095435321963,0.075574104451825,shared_all_2,-1.0,2.0900089868717395
Llama,bard,Llama_F3,0.3643715740853194,0.0693095435321963,0.1052600855633674,unresolved_or_model_specific,,
Llama,bard,Llama_F4,-0.9737944748304458,0.0693095435321963,0.4444905997751511,unresolved_or_model_specific,,
Llama,bard,Llama_F5,-0.0230784521228022,0.0693095435321963,0.2306447321214644,unresolved_or_model_specific,,
Llama,bard,Llama_F6,-0.3907614402752157,0.0693095435321963,0.1353581317131473,unresolved_or_model_specific,,
Llama,bartender,Llama_F1,0.1230336649470301,0.051566388382667,0.2797494425075935,shared_gemma_llama_1,1.0,0.1230336649470301
Llama,bartender,Llama_F2,0.6811153733331592,0.051566388382667,0.1014916246512709,shared_all_2,-1.0,-0.6811153733331592
Llama,bartender,Llama_F3,1.6166902305265791,0.051566388382667,0.149303675359611,unresolved_or_model_specific,,
Llama,bartender,Llama_F4,-0.0206908262109877,0.051566388382667,0.5904739749851279,unresolved_or_model_specific,,
Llama,bartender,Llama_F5,0.3264979877072421,0.051566388382667,0.4174800696716625,unresolved_or_model_specific,,
Llama,bartender,Llama_F6,-1.112428156859837,0.051566388382667,0.1960281059475544,unresolved_or_model_specific,,
Llama,biologist,Llama_F1,0.6069750145197523,0.0287219749907433,0.1732898883804192,shared_gemma_llama_1,1.0,0.6069750145197523
Llama,biologist,Llama_F2,0.4862539157529257,0.0287219749907433,0.0851458375326278,shared_all_2,-1.0,-0.4862539157529257
Llama,biologist,Llama_F3,-0.8221859539796239,0.0287219749907433,0.0387393262500918,unresolved_or_model_specific,,
Llama,biologist,Llama_F4,-0.1010555168859954,0.0287219749907433,0.2424567184926366,unresolved_or_model_specific,,
Llama,biologist,Llama_F5,0.2391612829289149,0.0287219749907433,0.2662911465522739,unresolved_or_model_specific,,
Llama,biologist,Llama_F6,0.4988746638231317,0.0287219749907433,0.1179330178492122,unresolved_or_model_specific,,
Llama,blogger,Llama_F1,0.4244171538168328,0.0139227284087712,0.0286325578844918,shared_gemma_llama_1,1.0,0.4244171538168328
Llama,blogger,Llama_F2,0.2926144393318161,0.0139227284087712,0.0439365967275798,shared_all_2,-1.0,-0.2926144393318161
Llama,blogger,Llama_F3,1.2168492349531042,0.0139227284087712,0.0471083980990182,unresolved_or_model_specific,,
Llama,blogger,Llama_F4,-0.3885735142470888,0.0139227284087712,0.2093995157867531,unresolved_or_model_specific,,
Llama,blogger,Llama_F5,0.1202041002213778,0.0139227284087712,0.1057065890995474,unresolved_or_model_specific,,
Llama,blogger,Llama_F6,0.5356264360383156,0.0139227284087712,0.2657635988112691,unresolved_or_model_specific,,
Llama,bohemian,Llama_F1,-0.6124120969668247,0.0504903401971396,0.1349103400896164,shared_gemma_llama_1,1.0,-0.6124120969668247
Llama,bohemian,Llama_F2,-0.8990387302925045,0.0504903401971396,0.3287496806683372,shared_all_2,-1.0,0.8990387302925045
Llama,bohemian,Llama_F3,2.1885635534033137,0.0504903401971396,0.1647478333047479,unresolved_or_model_specific,,
Llama,bohemian,Llama_F4,-2.8264505760011636,0.0504903401971396,0.7977467588812948,unresolved_or_model_specific,,
Llama,bohemian,Llama_F5,1.274761624988469,0.0504903401971396,0.3815343668739505,unresolved_or_model_specific,,
Llama,bohemian,Llama_F6,-0.6002995013772343,0.0504903401971396,0.7303209738220636,unresolved_or_model_specific,,
Llama,builder,Llama_F1,0.2703196257399771,0.0230472118920255,0.2335774653312585,shared_gemma_llama_1,1.0,0.2703196257399771
Llama,builder,Llama_F2,0.2625168136018718,0.0230472118920255,0.1805178078474048,shared_all_2,-1.0,-0.2625168136018718
Llama,builder,Llama_F3,0.5118868295647976,0.0230472118920255,0.1147575682913115,unresolved_or_model_specific,,
Llama,builder,Llama_F4,0.7882606043183386,0.0230472118920255,0.3829310746862903,unresolved_or_model_specific,,
Llama,builder,Llama_F5,-1.1714547288229709,0.0230472118920255,0.1652248068989723,unresolved_or_model_specific,,
Llama,builder,Llama_F6,0.200678156307979,0.0230472118920255,0.1788054210951644,unresolved_or_model_specific,,
Llama,caregiver,Llama_F1,1.466655899079968,0.0306624432743026,0.1122748567811243,shared_gemma_llama_1,1.0,1.466655899079968
Llama,caregiver,Llama_F2,0.0835827538690026,0.0306624432743026,0.1536171499165714,shared_all_2,-1.0,-0.0835827538690026
Llama,caregiver,Llama_F3,1.7304673968131905,0.0306624432743026,0.1715720336750041,unresolved_or_model_specific,,
Llama,caregiver,Llama_F4,0.983896054253265,0.0306624432743026,0.2341506976101574,unresolved_or_model_specific,,
Llama,caregiver,Llama_F5,1.049327267814754,0.0306624432743026,0.4010538781642874,unresolved_or_model_specific,,
Llama,caregiver,Llama_F6,0.1619441128296649,0.0306624432743026,0.3328119896941091,unresolved_or_model_specific,,
Llama,cartographer,Llama_F1,0.6496823665438592,0.009831203850954,0.0433722351942968,shared_gemma_llama_1,1.0,0.6496823665438592
Llama,cartographer,Llama_F2,0.3246202712453608,0.009831203850954,0.0484142281973392,shared_all_2,-1.0,-0.3246202712453608
Llama,cartographer,Llama_F3,-0.5951994659049851,0.009831203850954,0.036036223406351,unresolved_or_model_specific,,
Llama,cartographer,Llama_F4,0.0835982791811686,0.009831203850954,0.1559388061285614,unresolved_or_model_specific,,
Llama,cartographer,Llama_F5,-0.1222700664435939,0.009831203850954,0.2093383064055166,unresolved_or_model_specific,,
Llama,cartographer,Llama_F6,0.259705648553667,0.009831203850954,0.0927660319425286,unresolved_or_model_specific,,
Llama,caveman,Llama_F1,-1.50087595943943,0.3297600223991103,1.2078810049495767,shared_gemma_llama_1,1.0,-1.50087595943943
Llama,caveman,Llama_F2,0.1868185915595936,0.3297600223991103,0.3281010316027691,shared_all_2,-1.0,-0.1868185915595936
Llama,caveman,Llama_F3,-0.561260980951816,0.3297600223991103,0.4845689096066611,unresolved_or_model_specific,,
Llama,caveman,Llama_F4,2.563021190498669,0.3297600223991103,1.644556285457769,unresolved_or_model_specific,,
Llama,caveman,Llama_F5,-3.5699492144016434,0.3297600223991103,1.4323998928160546,unresolved_or_model_specific,,
Llama,caveman,Llama_F6,-5.003627757790553,0.3297600223991103,1.061578345005567,unresolved_or_model_specific,,
Llama,celebrity,Llama_F1,-0.3085678280517836,0.030863406286785,0.2271315853718097,shared_gemma_llama_1,1.0,-0.3085678280517836
Llama,celebrity,Llama_F2,0.4868800148942404,0.030863406286785,0.0916284050099518,shared_all_2,-1.0,-0.4868800148942404
Llama,celebrity,Llama_F3,1.992167798243467,0.030863406286785,0.0953545573485561,unresolved_or_model_specific,,
Llama,celebrity,Llama_F4,0.2551891403297933,0.030863406286785,0.3854548412003786,unresolved_or_model_specific,,
Llama,celebrity,Llama_F5,0.013790293808319,0.030863406286785,0.3101004348416153,unresolved_or_model_specific,,
Llama,celebrity,Llama_F6,-0.3027745187839964,0.030863406286785,0.1681892140985583,unresolved_or_model_specific,,
Llama,chameleon,Llama_F1,0.5180397654924316,0.0835240065997386,0.1954571576853134,shared_gemma_llama_1,1.0,0.5180397654924316
Llama,chameleon,Llama_F2,0.0459585091042533,0.0835240065997386,0.1925968462276078,shared_all_2,-1.0,-0.0459585091042533
Llama,chameleon,Llama_F3,0.7738262582672006,0.0835240065997386,0.1398638085824491,unresolved_or_model_specific,,
Llama,chameleon,Llama_F4,-0.46563990217998,0.0835240065997386,0.494709510223716,unresolved_or_model_specific,,
Llama,chameleon,Llama_F5,1.9559196744174496,0.0835240065997386,0.232784969767079,unresolved_or_model_specific,,
Llama,chameleon,Llama_F6,-0.4969199465451225,0.0835240065997386,0.2473442503025814,unresolved_or_model_specific,,
Llama,chef,Llama_F1,0.1830305312860845,0.0420999102579336,0.234867101922902,shared_gemma_llama_1,1.0,0.1830305312860845
Llama,chef,Llama_F2,0.2022705654548628,0.0420999102579336,0.0424186531906924,shared_all_2,-1.0,-0.2022705654548628
Llama,chef,Llama_F3,0.9382662023470734,0.0420999102579336,0.1412227482761762,unresolved_or_model_specific,,
Llama,chef,Llama_F4,-0.1308271005474031,0.0420999102579336,0.2533495790634578,unresolved_or_model_specific,,
Llama,chef,Llama_F5,-0.6577603229908714,0.0420999102579336,0.1622486946240836,unresolved_or_model_specific,,
Llama,chef,Llama_F6,-0.2621038764343498,0.0420999102579336,0.2342514318744246,unresolved_or_model_specific,,
Llama,chemist,Llama_F1,0.44196898911591,0.0205701730880714,0.0598404938436586,shared_gemma_llama_1,1.0,0.44196898911591
Llama,chemist,Llama_F2,0.4504692254437755,0.0205701730880714,0.0735727383708923,shared_all_2,-1.0,-0.4504692254437755
Llama,chemist,Llama_F3,-0.9212228309997764,0.0205701730880714,0.0577557592150891,unresolved_or_model_specific,,
Llama,chemist,Llama_F4,0.0915897113132074,0.0205701730880714,0.1464214980470157,unresolved_or_model_specific,,
Llama,chemist,Llama_F5,-0.02574986793268,0.0205701730880714,0.207421775220396,unresolved_or_model_specific,,
Llama,chemist,Llama_F6,0.1872893052607664,0.0205701730880714,0.0903256578697812,unresolved_or_model_specific,,
Llama,chimera,Llama_F1,-0.1717438411800257,0.024879530934155,0.269746560809732,shared_gemma_llama_1,1.0,-0.1717438411800257
Llama,chimera,Llama_F2,-1.043524453705173,0.024879530934155,0.1805095997653373,shared_all_2,-1.0,1.043524453705173
Llama,chimera,Llama_F3,-0.4509282148863733,0.024879530934155,0.1557046712296163,unresolved_or_model_specific,,
Llama,chimera,Llama_F4,-1.2521024245043766,0.024879530934155,0.4728562842732551,unresolved_or_model_specific,,
Llama,chimera,Llama_F5,1.187103048682553,0.024879530934155,0.2429067518713976,unresolved_or_model_specific,,
Llama,chimera,Llama_F6,0.0249832787584877,0.024879530934155,0.183855651740696,unresolved_or_model_specific,,
Llama,coach,Llama_F1,1.1307559754029817,0.0315916491446643,0.0823411956999354,shared_gemma_llama_1,1.0,1.1307559754029817
Llama,coach,Llama_F2,0.967917114579586,0.0315916491446643,0.0288787777375007,shared_all_2,-1.0,-0.967917114579586
Llama,coach,Llama_F3,0.0930937569849473,0.0315916491446643,0.1221550023293755,unresolved_or_model_specific,,
Llama,coach,Llama_F4,0.2309344952766368,0.0315916491446643,0.3892471985228448,unresolved_or_model_specific,,
Llama,coach,Llama_F5,-0.8924195087164413,0.0315916491446643,0.3504469751562243,unresolved_or_model_specific,,
Llama,coach,Llama_F6,0.5582818610012386,0.0315916491446643,0.2459342137477833,unresolved_or_model_specific,,
Llama,collaborator,Llama_F1,1.2495025773119446,0.0444569828564557,0.0631803328784869,shared_gemma_llama_1,1.0,1.2495025773119446
Llama,collaborator,Llama_F2,0.8591775485374026,0.0444569828564557,0.0345956043412048,shared_all_2,-1.0,-0.8591775485374026
Llama,collaborator,Llama_F3,0.3587803160244035,0.0444569828564557,0.0488142468433579,unresolved_or_model_specific,,
Llama,collaborator,Llama_F4,0.5261341416043546,0.0444569828564557,0.243037954063494,unresolved_or_model_specific,,
Llama,collaborator,Llama_F5,0.1832246392303601,0.0444569828564557,0.2607000730240512,unresolved_or_model_specific,,
Llama,collaborator,Llama_F6,0.2273877438665037,0.0444569828564557,0.1379372617998631,unresolved_or_model_specific,,
Llama,collector,Llama_F1,0.4849374224542147,0.0166516165327782,0.044943829590384,shared_gemma_llama_1,1.0,0.4849374224542147
Llama,collector,Llama_F2,0.0045525618056212,0.0166516165327782,0.0795281806008689,shared_all_2,-1.0,-0.0045525618056212
Llama,collector,Llama_F3,-0.2063157759585936,0.0166516165327782,0.037713062121647,unresolved_or_model_specific,,
Llama,collector,Llama_F4,0.4321274958096717,0.0166516165327782,0.2625442332446602,unresolved_or_model_specific,,
Llama,collector,Llama_F5,-0.182570016738018,0.0166516165327782,0.1464961168685163,unresolved_or_model_specific,,
Llama,collector,Llama_F6,0.5087024889683662,0.0166516165327782,0.1126164279833969,unresolved_or_model_specific,,
Llama,comedian,Llama_F1,-1.7702576016689338,0.1780127593515015,0.5889647592524715,shared_gemma_llama_1,1.0,-1.7702576016689338
Llama,comedian,Llama_F2,1.0758235055383725,0.1780127593515015,0.335310531802063,shared_all_2,-1.0,-1.0758235055383725
Llama,comedian,Llama_F3,1.0536110984675062,0.1780127593515015,0.4314850947800477,unresolved_or_model_specific,,
Llama,comedian,Llama_F4,-1.366756877955963,0.1780127593515015,1.1423808686542931,unresolved_or_model_specific,,
Llama,comedian,Llama_F5,-0.4242452360347731,0.1780127593515015,0.5896727690518757,unresolved_or_model_specific,,
Llama,comedian,Llama_F6,-2.578038179669617,0.1780127593515015,0.6955259939194354,unresolved_or_model_specific,,
Llama,competitor,Llama_F1,-2.469378204437182,0.0772700561102664,0.6331168617711329,shared_gemma_llama_1,1.0,-2.469378204437182
Llama,competitor,Llama_F2,0.6261857867510846,0.0772700561102664,0.1891806447812168,shared_all_2,-1.0,-0.6261857867510846
Llama,competitor,Llama_F3,0.8642629291705699,0.0772700561102664,0.4051457294271038,unresolved_or_model_specific,,
Llama,competitor,Llama_F4,-0.4551617259682366,0.0772700561102664,0.510543370173885,unresolved_or_model_specific,,
Llama,competitor,Llama_F5,-2.721550965822927,0.0772700561102664,0.4367907217545589,unresolved_or_model_specific,,
Llama,competitor,Llama_F6,-0.633280092666749,0.0772700561102664,0.6439561165342073,unresolved_or_model_specific,,
Llama,composer,Llama_F1,0.414318457661621,0.0200228007820079,0.1292542383299039,shared_gemma_llama_1,1.0,0.414318457661621
Llama,composer,Llama_F2,-0.6171134669096006,0.0200228007820079,0.0697832195218739,shared_all_2,-1.0,0.6171134669096006
Llama,composer,Llama_F3,-0.099776965269293,0.0200228007820079,0.0831138474497184,unresolved_or_model_specific,,
Llama,composer,Llama_F4,-0.5004388218866531,0.0200228007820079,0.1958149867023783,unresolved_or_model_specific,,
Llama,composer,Llama_F5,0.4948672054831896,0.0200228007820079,0.1066821410628931,unresolved_or_model_specific,,
Llama,composer,Llama_F6,0.1521252711687236,0.0200228007820079,0.0729705383549587,unresolved_or_model_specific,,
Llama,conservator,Llama_F1,0.6118332204641607,0.0284695590963227,0.0641274139831994,shared_gemma_llama_1,1.0,0.6118332204641607
Llama,conservator,Llama_F2,0.1096605137634247,0.0284695590963227,0.1403134566979318,shared_all_2,-1.0,-0.1096605137634247
Llama,conservator,Llama_F3,-0.3760592652703524,0.0284695590963227,0.0788393121874471,unresolved_or_model_specific,,
Llama,conservator,Llama_F4,1.049821072375588,0.0284695590963227,0.299499281444088,unresolved_or_model_specific,,
Llama,conservator,Llama_F5,0.0229640149661452,0.0284695590963227,0.1566006495994151,unresolved_or_model_specific,,
Llama,conservator,Llama_F6,0.386325966893509,0.0284695590963227,0.3078658324886355,unresolved_or_model_specific,,
Llama,consultant,Llama_F1,0.8823758791327732,0.0105405918662621,0.0457984529451954,shared_gemma_llama_1,1.0,0.8823758791327732
Llama,consultant,Llama_F2,1.0118556838396513,0.0105405918662621,0.0386217413934558,shared_all_2,-1.0,-1.0118556838396513
Llama,consultant,Llama_F3,-0.891177208160375,0.0105405918662621,0.1265614249437868,unresolved_or_model_specific,,
Llama,consultant,Llama_F4,0.4242882235801667,0.0105405918662621,0.4837920498446262,unresolved_or_model_specific,,
Llama,consultant,Llama_F5,-1.1300148745059018,0.0105405918662621,0.43102144417977,unresolved_or_model_specific,,
Llama,consultant,Llama_F6,0.7331195066684799,0.0105405918662621,0.199506275036213,unresolved_or_model_specific,,
Llama,contrarian,Llama_F1,-1.883559697377649,0.0670879017129709,0.474161695008829,shared_gemma_llama_1,1.0,-1.883559697377649
Llama,contrarian,Llama_F2,0.4683095062072107,0.0670879017129709,0.2565885927668458,shared_all_2,-1.0,-0.4683095062072107
Llama,contrarian,Llama_F3,-0.0276402832435086,0.0670879017129709,0.2082164838629225,unresolved_or_model_specific,,
Llama,contrarian,Llama_F4,-1.0030819584175057,0.0670879017129709,0.4453556060198532,unresolved_or_model_specific,,
Llama,contrarian,Llama_F5,2.128075942363405,0.0670879017129709,0.6352328781586575,unresolved_or_model_specific,,
Llama,contrarian,Llama_F6,0.6387493400363157,0.0670879017129709,0.4933649091369885,unresolved_or_model_specific,,
Llama,coordinator,Llama_F1,1.0360215663879164,0.0077668602783233,0.0767010526752982,shared_gemma_llama_1,1.0,1.0360215663879164
Llama,coordinator,Llama_F2,0.8789617059326841,0.0077668602783233,0.0625783692668247,shared_all_2,-1.0,-0.8789617059326841
Llama,coordinator,Llama_F3,-0.4063673761954668,0.0077668602783233,0.1161172338243033,unresolved_or_model_specific,,
Llama,coordinator,Llama_F4,0.5865235359503884,0.0077668602783233,0.4178271722104756,unresolved_or_model_specific,,
Llama,coordinator,Llama_F5,-1.0225434830230251,0.0077668602783233,0.3597176397155731,unresolved_or_model_specific,,
Llama,coordinator,Llama_F6,0.5059837905557898,0.0077668602783233,0.1786972685072553,unresolved_or_model_specific,,
Llama,coral_reef,Llama_F1,0.4617477847823013,0.0408316114705125,0.0607150341729518,shared_gemma_llama_1,1.0,0.4617477847823013
Llama,coral_reef,Llama_F2,-0.8222543551151512,0.0408316114705125,0.0558292066085749,shared_all_2,-1.0,0.8222543551151512
Llama,coral_reef,Llama_F3,-0.1372308233763385,0.0408316114705125,0.0583449353374254,unresolved_or_model_specific,,
Llama,coral_reef,Llama_F4,-0.5734302366933803,0.0408316114705125,0.2013948934962912,unresolved_or_model_specific,,
Llama,coral_reef,Llama_F5,0.0276022095965458,0.0408316114705125,0.1042740485698426,unresolved_or_model_specific,,
Llama,coral_reef,Llama_F6,-0.1637656910739813,0.0408316114705125,0.0973902582050943,unresolved_or_model_specific,,
Llama,cosmopolitan,Llama_F1,0.774638748777926,0.0290485392965979,0.2579065476268033,shared_gemma_llama_1,1.0,0.774638748777926
Llama,cosmopolitan,Llama_F2,0.1068461297562703,0.0290485392965979,0.1330319852481663,shared_all_2,-1.0,-0.1068461297562703
Llama,cosmopolitan,Llama_F3,0.2406598724733172,0.0290485392965979,0.0938577840672343,unresolved_or_model_specific,,
Llama,cosmopolitan,Llama_F4,-0.7437140134740864,0.0290485392965979,0.2329185361221133,unresolved_or_model_specific,,
Llama,cosmopolitan,Llama_F5,0.8011517848449139,0.0290485392965979,0.2165252037137453,unresolved_or_model_specific,,
Llama,cosmopolitan,Llama_F6,0.631864215438419,0.0290485392965979,0.26856092094129,unresolved_or_model_specific,,
Llama,counselor,Llama_F1,1.356342615501776,0.0320662680407178,0.2463388940294154,shared_gemma_llama_1,1.0,1.356342615501776
Llama,counselor,Llama_F2,0.5591785734676512,0.0320662680407178,0.0658888488078482,shared_all_2,-1.0,-0.5591785734676512
Llama,counselor,Llama_F3,0.5609141060960896,0.0320662680407178,0.1706842763297631,unresolved_or_model_specific,,
Llama,counselor,Llama_F4,0.6160570315910895,0.0320662680407178,0.2811892115337571,unresolved_or_model_specific,,
Llama,counselor,Llama_F5,1.2401967357842747,0.0320662680407178,0.2059775940615991,unresolved_or_model_specific,,
Llama,counselor,Llama_F6,0.5959262561871793,0.0320662680407178,0.2856197490629604,unresolved_or_model_specific,,
Llama,criminal,Llama_F1,-2.343657645456701,0.1214378699266144,0.4651845489367655,shared_gemma_llama_1,1.0,-2.343657645456701
Llama,criminal,Llama_F2,0.9214688358689216,0.1214378699266144,0.1173876449268119,shared_all_2,-1.0,-0.9214688358689216
Llama,criminal,Llama_F3,0.7759338481625823,0.1214378699266144,0.2339070496437459,unresolved_or_model_specific,,
Llama,criminal,Llama_F4,0.2418470691272134,0.1214378699266144,0.7661159008472084,unresolved_or_model_specific,,
Llama,criminal,Llama_F5,-0.23489313590591,0.1214378699266144,0.6326731929955905,unresolved_or_model_specific,,
Llama,criminal,Llama_F6,-1.7956419114041224,0.1214378699266144,0.2266105053060382,unresolved_or_model_specific,,
Llama,critic,Llama_F1,0.2335973201724068,0.0096042678918066,0.2763332974393333,shared_gemma_llama_1,1.0,0.2335973201724068
Llama,critic,Llama_F2,0.1912819541296735,0.0096042678918066,0.0487503987427248,shared_all_2,-1.0,-0.1912819541296735
Llama,critic,Llama_F3,-0.7467497163377296,0.0096042678918066,0.0926501973908069,unresolved_or_model_specific,,
Llama,critic,Llama_F4,-0.1708500486018872,0.0096042678918066,0.4333994967590766,unresolved_or_model_specific,,
Llama,critic,Llama_F5,0.3225714086197582,0.0096042678918066,0.3650053960086377,unresolved_or_model_specific,,
Llama,critic,Llama_F6,1.1075683028637204,0.0096042678918066,0.1305267215945047,unresolved_or_model_specific,,
Llama,crystalline,Llama_F1,0.1485212001617004,0.0868912726233645,0.1748789184746309,shared_gemma_llama_1,1.0,0.1485212001617004
Llama,crystalline,Llama_F2,-1.7252015926840645,0.0868912726233645,0.136996890558478,shared_all_2,-1.0,1.7252015926840645
Llama,crystalline,Llama_F3,-1.7321294005180603,0.0868912726233645,0.1343688184817647,unresolved_or_model_specific,,
Llama,crystalline,Llama_F4,-1.140344858338732,0.0868912726233645,0.5666486558807969,unresolved_or_model_specific,,
Llama,crystalline,Llama_F5,-0.1158095184543174,0.0868912726233645,0.2008844035243109,unresolved_or_model_specific,,
Llama,crystalline,Llama_F6,-0.365310600432972,0.0868912726233645,0.207409933144158,unresolved_or_model_specific,,
Llama,curator,Llama_F1,0.8432129106801166,0.0066212095353936,0.1519432812200996,shared_gemma_llama_1,1.0,0.8432129106801166
Llama,curator,Llama_F2,0.2521810652208677,0.0066212095353936,0.0702195222034405,shared_all_2,-1.0,-0.2521810652208677
Llama,curator,Llama_F3,-0.220178900504501,0.0066212095353936,0.0399891487104404,unresolved_or_model_specific,,
Llama,curator,Llama_F4,-0.2440938397287802,0.0066212095353936,0.210207645979455,unresolved_or_model_specific,,
Llama,curator,Llama_F5,0.1955773959571924,0.0066212095353936,0.237348330323592,unresolved_or_model_specific,,
Llama,curator,Llama_F6,0.5354017061597168,0.0066212095353936,0.1418315426952001,unresolved_or_model_specific,,
Llama,cyborg,Llama_F1,0.5763418381851699,0.0189544285774075,0.1529816041476495,shared_gemma_llama_1,1.0,0.5763418381851699
Llama,cyborg,Llama_F2,0.3658199453102483,0.0189544285774075,0.1385636866805867,shared_all_2,-1.0,-0.3658199453102483
Llama,cyborg,Llama_F3,-1.402395001027404,0.0189544285774075,0.0431786499012676,unresolved_or_model_specific,,
Llama,cyborg,Llama_F4,-0.5231341052217181,0.0189544285774075,0.2773429810586525,unresolved_or_model_specific,,
Llama,cyborg,Llama_F5,-0.2762468054038227,0.0189544285774075,0.3955250874372714,unresolved_or_model_specific,,
Llama,cyborg,Llama_F6,0.5148327304652378,0.0189544285774075,0.1995404805617893,unresolved_or_model_specific,,
Llama,cynic,Llama_F1,-4.401878808595235,0.158952859444034,0.3281036273238028,shared_gemma_llama_1,1.0,-4.401878808595235
Llama,cynic,Llama_F2,0.6607629038227246,0.158952859444034,0.2111992631852497,shared_all_2,-1.0,-0.6607629038227246
Llama,cynic,Llama_F3,0.1505831951181097,0.158952859444034,0.1727086508351775,unresolved_or_model_specific,,
Llama,cynic,Llama_F4,0.6075357279147325,0.158952859444034,0.588882407378255,unresolved_or_model_specific,,
Llama,cynic,Llama_F5,0.0793361779140714,0.158952859444034,0.8794129326051263,unresolved_or_model_specific,,
Llama,cynic,Llama_F6,-1.231459434946205,0.158952859444034,0.4680539106396165,unresolved_or_model_specific,,
Llama,daredevil,Llama_F1,-2.0280175514075083,0.0470092939264421,0.5496777216056891,shared_gemma_llama_1,1.0,-2.0280175514075083
Llama,daredevil,Llama_F2,0.7703475220797168,0.0470092939264421,0.2831059062484006,shared_all_2,-1.0,-0.7703475220797168
Llama,daredevil,Llama_F3,1.3992994593542862,0.0470092939264421,0.4366730952943142,unresolved_or_model_specific,,
Llama,daredevil,Llama_F4,-2.1837674653056283,0.0470092939264421,0.6974302621463292,unresolved_or_model_specific,,
Llama,daredevil,Llama_F5,-1.7997285616503935,0.0470092939264421,0.4538514206401179,unresolved_or_model_specific,,
Llama,daredevil,Llama_F6,-1.249613887690975,0.0470092939264421,1.0101122287092257,unresolved_or_model_specific,,
Llama,debugger,Llama_F1,0.677434985069301,0.0138624740490565,0.0369948078331028,shared_gemma_llama_1,1.0,0.677434985069301
Llama,debugger,Llama_F2,1.0304057496760526,0.0138624740490565,0.045848853542387,shared_all_2,-1.0,-1.0304057496760526
Llama,debugger,Llama_F3,-1.073230756565272,0.0138624740490565,0.1188875470888863,unresolved_or_model_specific,,
Llama,debugger,Llama_F4,0.307038513638355,0.0138624740490565,0.3640910049634405,unresolved_or_model_specific,,
Llama,debugger,Llama_F5,-0.824220183623694,0.0138624740490565,0.3769794956610287,unresolved_or_model_specific,,
Llama,debugger,Llama_F6,0.4995820820408547,0.0138624740490565,0.1858742872477507,unresolved_or_model_specific,,
Llama,demon,Llama_F1,-2.3453253001483754,0.0959196210746799,0.1201706143122419,shared_gemma_llama_1,1.0,-2.3453253001483754
Llama,demon,Llama_F2,-1.2361670920542664,0.0959196210746799,0.1112667488681834,shared_all_2,-1.0,1.2361670920542664
Llama,demon,Llama_F3,-0.7557344972044308,0.0959196210746799,0.1407637402206639,unresolved_or_model_specific,,
Llama,demon,Llama_F4,-0.8237984308495694,0.0959196210746799,0.4892795206919569,unresolved_or_model_specific,,
Llama,demon,Llama_F5,0.8478114963576935,0.0959196210746799,0.5750671900620778,unresolved_or_model_specific,,
Llama,demon,Llama_F6,-0.4055048342756914,0.0959196210746799,0.2585225008189549,unresolved_or_model_specific,,
Llama,designer,Llama_F1,1.0185419808743337,0.0071148365549953,0.0377004552956888,shared_gemma_llama_1,1.0,1.0185419808743337
Llama,designer,Llama_F2,0.8210865807688694,0.0071148365549953,0.095658740693515,shared_all_2,-1.0,-0.8210865807688694
Llama,designer,Llama_F3,-0.2627730412507686,0.0071148365549953,0.1045031837624892,unresolved_or_model_specific,,
Llama,designer,Llama_F4,-0.353213934250812,0.0071148365549953,0.244420441908393,unresolved_or_model_specific,,
Llama,designer,Llama_F5,-0.580904668083961,0.0071148365549953,0.359939248132063,unresolved_or_model_specific,,
Llama,designer,Llama_F6,0.4816961375349001,0.0071148365549953,0.3128817173893667,unresolved_or_model_specific,,
Llama,destroyer,Llama_F1,-0.7479065067007062,0.0554845159274669,0.1558719128454568,shared_gemma_llama_1,1.0,-0.7479065067007062
Llama,destroyer,Llama_F2,0.1062830960969798,0.0554845159274669,0.1598252787850384,shared_all_2,-1.0,-0.1062830960969798
Llama,destroyer,Llama_F3,-0.1171260537181003,0.0554845159274669,0.0991273459797545,unresolved_or_model_specific,,
Llama,destroyer,Llama_F4,-1.48307826889622,0.0554845159274669,0.2828295569464403,unresolved_or_model_specific,,
Llama,destroyer,Llama_F5,-0.4677110345650689,0.0554845159274669,0.4477266264773912,unresolved_or_model_specific,,
Llama,destroyer,Llama_F6,0.7736810985238595,0.0554845159274669,0.4885916430508374,unresolved_or_model_specific,,
Llama,detective,Llama_F1,0.2265789896903522,0.0161639444078911,0.0417015861140301,shared_gemma_llama_1,1.0,0.2265789896903522
Llama,detective,Llama_F2,0.5332218278590869,0.0161639444078911,0.0338349994138192,shared_all_2,-1.0,-0.5332218278590869
Llama,detective,Llama_F3,-0.9130472062800812,0.0161639444078911,0.0751509011688501,unresolved_or_model_specific,,
Llama,detective,Llama_F4,0.3269273050848303,0.0161639444078911,0.3272706881029579,unresolved_or_model_specific,,
Llama,detective,Llama_F5,-0.5437403622256312,0.0161639444078911,0.260542889326379,unresolved_or_model_specific,,
Llama,detective,Llama_F6,0.552874848418051,0.0161639444078911,0.1023053303119494,unresolved_or_model_specific,,
Llama,devils_advocate,Llama_F1,-1.2616334709909074,0.0472721732389587,0.6505680813824718,shared_gemma_llama_1,1.0,-1.2616334709909074
Llama,devils_advocate,Llama_F2,0.804291449761422,0.0472721732389587,0.2775015084697063,shared_all_2,-1.0,-0.804291449761422
Llama,devils_advocate,Llama_F3,-0.8129347949534816,0.0472721732389587,0.3166575544769783,unresolved_or_model_specific,,
Llama,devils_advocate,Llama_F4,-0.3789531312287024,0.0472721732389587,0.5743388990357671,unresolved_or_model_specific,,
Llama,devils_advocate,Llama_F5,3.142187492875607,0.0472721732389587,0.5756129397885685,unresolved_or_model_specific,,
Llama,devils_advocate,Llama_F6,0.7130376596741465,0.0472721732389587,0.5572009494624067,unresolved_or_model_specific,,
Llama,dilettante,Llama_F1,-0.0845323246498393,0.0891661450112858,0.305640650650666,shared_gemma_llama_1,1.0,-0.0845323246498393
Llama,dilettante,Llama_F2,0.2575475499178118,0.0891661450112858,0.3828522381724928,shared_all_2,-1.0,-0.2575475499178118
Llama,dilettante,Llama_F3,0.4370219959263268,0.0891661450112858,0.1793835547964735,unresolved_or_model_specific,,
Llama,dilettante,Llama_F4,-1.33168746782339,0.0891661450112858,0.7384938519369206,unresolved_or_model_specific,,
Llama,dilettante,Llama_F5,2.70664085255754,0.0891661450112858,0.2730502729676997,unresolved_or_model_specific,,
Llama,dilettante,Llama_F6,-0.6019821953546919,0.0891661450112858,0.4395589178106343,unresolved_or_model_specific,,
Llama,dispatcher,Llama_F1,0.7305424806765383,0.0117291319927111,0.1594377971746262,shared_gemma_llama_1,1.0,0.7305424806765383
Llama,dispatcher,Llama_F2,0.8228116780309769,0.0117291319927111,0.0766063525420084,shared_all_2,-1.0,-0.8228116780309769
Llama,dispatcher,Llama_F3,-0.6003412673930177,0.0117291319927111,0.1456555881930546,unresolved_or_model_specific,,
Llama,dispatcher,Llama_F4,0.7174082628690802,0.0117291319927111,0.3550975773980572,unresolved_or_model_specific,,
Llama,dispatcher,Llama_F5,-1.1740695637573857,0.0117291319927111,0.3169539111126437,unresolved_or_model_specific,,
Llama,dispatcher,Llama_F6,0.1778003936041847,0.0117291319927111,0.1974677956833001,unresolved_or_model_specific,,
Llama,divorcee,Llama_F1,0.1354268823536216,0.0384656106144583,0.1516150384744136,shared_gemma_llama_1,1.0,0.1354268823536216
Llama,divorcee,Llama_F2,0.8342810760936148,0.0384656106144583,0.0668250676940008,shared_all_2,-1.0,-0.8342810760936148
Llama,divorcee,Llama_F3,2.150542304368724,0.0384656106144583,0.0701283543243028,unresolved_or_model_specific,,
Llama,divorcee,Llama_F4,0.5106402893878114,0.0384656106144583,0.442994885897361,unresolved_or_model_specific,,
Llama,divorcee,Llama_F5,0.6712157935396836,0.0384656106144583,0.3908643204172692,unresolved_or_model_specific,,
Llama,divorcee,Llama_F6,-0.4704308014394485,0.0384656106144583,0.1271327866081325,unresolved_or_model_specific,,
Llama,doctor,Llama_F1,0.9461485444952906,0.0119811219364355,0.0382466848990543,shared_gemma_llama_1,1.0,0.9461485444952906
Llama,doctor,Llama_F2,0.7710557548252152,0.0119811219364355,0.0942218379121175,shared_all_2,-1.0,-0.7710557548252152
Llama,doctor,Llama_F3,-0.4209565016677579,0.0119811219364355,0.072664117719901,unresolved_or_model_specific,,
Llama,doctor,Llama_F4,0.8435107557682662,0.0119811219364355,0.4557851731760332,unresolved_or_model_specific,,
Llama,doctor,Llama_F5,-0.7121079991609809,0.0119811219364355,0.3023409996252044,unresolved_or_model_specific,,
Llama,doctor,Llama_F6,0.6142449659042689,0.0119811219364355,0.1404705329762962,unresolved_or_model_specific,,
Llama,dreamer,Llama_F1,0.1263285850839784,0.0285958962616037,0.1116724376468054,shared_gemma_llama_1,1.0,0.1263285850839784
Llama,dreamer,Llama_F2,-1.7172340578249532,0.0285958962616037,0.138372034843572,shared_all_2,-1.0,1.7172340578249532
Llama,dreamer,Llama_F3,0.2007851184676924,0.0285958962616037,0.132485869310265,unresolved_or_model_specific,,
Llama,dreamer,Llama_F4,-1.6656894602764936,0.0285958962616037,0.4976592599975241,unresolved_or_model_specific,,
Llama,dreamer,Llama_F5,0.3288277632255998,0.0285958962616037,0.1696150954956795,unresolved_or_model_specific,,
Llama,dreamer,Llama_F6,-0.1230284630162636,0.0285958962616037,0.2430895003747939,unresolved_or_model_specific,,
Llama,echo,Llama_F1,-0.1670125081269215,0.0263439437854532,0.1997305352557501,shared_gemma_llama_1,1.0,-0.1670125081269215
Llama,echo,Llama_F2,-2.1446381780686457,0.0263439437854532,0.0684902099660016,shared_all_2,-1.0,2.1446381780686457
Llama,echo,Llama_F3,-0.6270558744493359,0.0263439437854532,0.1916592205238713,unresolved_or_model_specific,,
Llama,echo,Llama_F4,-0.9706112845769111,0.0263439437854532,0.5263723154329278,unresolved_or_model_specific,,
Llama,echo,Llama_F5,0.5652323886925155,0.0263439437854532,0.260891525978102,unresolved_or_model_specific,,
Llama,echo,Llama_F6,-0.0161184774361895,0.0263439437854532,0.1608950009305666,unresolved_or_model_specific,,
Llama,economist,Llama_F1,0.346732429671918,0.0199797240557445,0.0705305864834796,shared_gemma_llama_1,1.0,0.346732429671918
Llama,economist,Llama_F2,0.8489991182802296,0.0199797240557445,0.0582480848124448,shared_all_2,-1.0,-0.8489991182802296
Llama,economist,Llama_F3,-1.4317125381991906,0.0199797240557445,0.097244737774331,unresolved_or_model_specific,,
Llama,economist,Llama_F4,0.2052316357561795,0.0199797240557445,0.3630010593202579,unresolved_or_model_specific,,
Llama,economist,Llama_F5,-0.6465886448779888,0.0199797240557445,0.3839286935878175,unresolved_or_model_specific,,
Llama,economist,Llama_F6,0.58555735108043,0.0199797240557445,0.1356548995141379,unresolved_or_model_specific,,
Llama,ecosystem,Llama_F1,1.1816118865967222,0.0385128888229034,0.1836665641049463,shared_gemma_llama_1,1.0,1.1816118865967222
Llama,ecosystem,Llama_F2,-0.2808296919576021,0.0385128888229034,0.1004614865675059,shared_all_2,-1.0,0.2808296919576021
Llama,ecosystem,Llama_F3,-0.2796933389026453,0.0385128888229034,0.0756489083918276,unresolved_or_model_specific,,
Llama,ecosystem,Llama_F4,-0.7263158100473365,0.0385128888229034,0.2271989222473145,unresolved_or_model_specific,,
Llama,ecosystem,Llama_F5,0.0357033257753776,0.0385128888229034,0.2940148215693656,unresolved_or_model_specific,,
Llama,ecosystem,Llama_F6,0.4550647681334362,0.0385128888229034,0.2091790816861886,unresolved_or_model_specific,,
Llama,editor,Llama_F1,0.7001216306976593,0.0073295129796656,0.0531091547516465,shared_gemma_llama_1,1.0,0.7001216306976593
Llama,editor,Llama_F2,0.5065992154631697,0.0073295129796656,0.0973714049479122,shared_all_2,-1.0,-0.5065992154631697
Llama,editor,Llama_F3,-0.4250366575204847,0.0073295129796656,0.0500251786159024,unresolved_or_model_specific,,
Llama,editor,Llama_F4,0.84616784677565,0.0073295129796656,0.3775787292186332,unresolved_or_model_specific,,
Llama,editor,Llama_F5,-0.26297707798093,0.0073295129796656,0.214459857257548,unresolved_or_model_specific,,
Llama,editor,Llama_F6,0.6310840491416496,0.0073295129796656,0.1747231907592525,unresolved_or_model_specific,,
Llama,egregore,Llama_F1,0.448304393545874,0.0160760507725183,0.3034811662862049,shared_gemma_llama_1,1.0,0.448304393545874
Llama,egregore,Llama_F2,-1.0970381077088929,0.0160760507725183,0.081695620847878,shared_all_2,-1.0,1.0970381077088929
Llama,egregore,Llama_F3,-0.5428346959759457,0.0160760507725183,0.172375816366013,unresolved_or_model_specific,,
Llama,egregore,Llama_F4,-0.8156458158360527,0.0160760507725183,0.3934052100838565,unresolved_or_model_specific,,
Llama,egregore,Llama_F5,0.6770244150658611,0.0160760507725183,0.2607625573304372,unresolved_or_model_specific,,
Llama,egregore,Llama_F6,0.5704403209216247,0.0160760507725183,0.1112822821545855,unresolved_or_model_specific,,
Llama,elder,Llama_F1,0.097749686155194,0.0371101857742916,0.0461358232318745,shared_gemma_llama_1,1.0,0.097749686155194
Llama,elder,Llama_F2,-0.5483765218891564,0.0371101857742916,0.1646973260589999,shared_all_2,-1.0,0.5483765218891564
Llama,elder,Llama_F3,1.5001494476117292,0.0371101857742916,0.083752088738496,unresolved_or_model_specific,,
Llama,elder,Llama_F4,0.3503180865858978,0.0371101857742916,0.1802728487978518,unresolved_or_model_specific,,
Llama,elder,Llama_F5,0.2011865389839123,0.0371101857742916,0.2269403134341897,unresolved_or_model_specific,,
Llama,elder,Llama_F6,0.3710423596471859,0.0371101857742916,0.1429238130510303,unresolved_or_model_specific,,
Llama,eldritch,Llama_F1,-1.1538569913630934,0.0406720340514308,0.3232941156716469,shared_gemma_llama_1,1.0,-1.1538569913630934
Llama,eldritch,Llama_F2,-2.609947951207708,0.0406720340514308,0.2495876916102878,shared_all_2,-1.0,2.609947951207708
Llama,eldritch,Llama_F3,-1.990271594912515,0.0406720340514308,0.2461878107993971,unresolved_or_model_specific,,
Llama,eldritch,Llama_F4,-2.009277506982236,0.0406720340514308,0.9944481325672112,unresolved_or_model_specific,,
Llama,eldritch,Llama_F5,1.2036477138307715,0.0406720340514308,0.4347350806276421,unresolved_or_model_specific,,
Llama,eldritch,Llama_F6,-0.7172475165982055,0.0406720340514308,0.2312166157636151,unresolved_or_model_specific,,
Llama,emissary,Llama_F1,1.2040819101354907,0.016576017327029,0.2165909325340401,shared_gemma_llama_1,1.0,1.2040819101354907
Llama,emissary,Llama_F2,0.2935378226769625,0.016576017327029,0.0433944949055915,shared_all_2,-1.0,-0.2935378226769625
Llama,emissary,Llama_F3,-0.2163320469793558,0.016576017327029,0.0833342091705505,unresolved_or_model_specific,,
Llama,emissary,Llama_F4,0.1037693005561471,0.016576017327029,0.3363919588269788,unresolved_or_model_specific,,
Llama,emissary,Llama_F5,0.3208111180867419,0.016576017327029,0.2889004146528189,unresolved_or_model_specific,,
Llama,emissary,Llama_F6,0.8074491731676215,0.016576017327029,0.1368196631446467,unresolved_or_model_specific,,
Llama,empath,Llama_F1,1.007903708639484,0.0363902811340729,0.3191958054231529,shared_gemma_llama_1,1.0,1.007903708639484
Llama,empath,Llama_F2,-0.6972860499531394,0.0363902811340729,0.0988382053687982,shared_all_2,-1.0,0.6972860499531394
Llama,empath,Llama_F3,1.4793794736948591,0.0363902811340729,0.2569370279795386,unresolved_or_model_specific,,
Llama,empath,Llama_F4,-0.4536948577242334,0.0363902811340729,0.29490619983295,unresolved_or_model_specific,,
Llama,empath,Llama_F5,1.854531031828788,0.0363902811340729,0.276863325898335,unresolved_or_model_specific,,
Llama,empath,Llama_F6,0.3893972911060276,0.0363902811340729,0.2846024563957611,unresolved_or_model_specific,,
Llama,engineer,Llama_F1,0.635283709136119,0.0093763517128693,0.0458532374799476,shared_gemma_llama_1,1.0,0.635283709136119
Llama,engineer,Llama_F2,1.036956733892716,0.0093763517128693,0.0693181199648442,shared_all_2,-1.0,-1.036956733892716
Llama,engineer,Llama_F3,-1.28950338077882,0.0093763517128693,0.1477964682514919,unresolved_or_model_specific,,
Llama,engineer,Llama_F4,0.119101815630655,0.0093763517128693,0.359252785048315,unresolved_or_model_specific,,
Llama,engineer,Llama_F5,-1.0340926903546424,0.0093763517128693,0.4330825087626661,unresolved_or_model_specific,,
Llama,engineer,Llama_F6,0.4920026566597417,0.0093763517128693,0.2399885525202595,unresolved_or_model_specific,,
Llama,entrepreneur,Llama_F1,0.3893372552055071,0.0154994815868492,0.1568728736713473,shared_gemma_llama_1,1.0,0.3893372552055071
Llama,entrepreneur,Llama_F2,0.9154699624517516,0.0154994815868492,0.0572583354922526,shared_all_2,-1.0,-0.9154699624517516
Llama,entrepreneur,Llama_F3,0.2253757397402775,0.0154994815868492,0.2062372187447403,unresolved_or_model_specific,,
Llama,entrepreneur,Llama_F4,-0.4345933728898563,0.0154994815868492,0.3616259859574023,unresolved_or_model_specific,,
Llama,entrepreneur,Llama_F5,-1.4390765653905353,0.0154994815868492,0.346438937528472,unresolved_or_model_specific,,
Llama,entrepreneur,Llama_F6,0.5906396483439008,0.0154994815868492,0.4561083774397029,unresolved_or_model_specific,,
Llama,evaluator,Llama_F1,0.7556210481955902,0.0085756726685643,0.0518323432254691,shared_gemma_llama_1,1.0,0.7556210481955902
Llama,evaluator,Llama_F2,0.9893866146801926,0.0085756726685643,0.0404592137787209,shared_all_2,-1.0,-0.9893866146801926
Llama,evaluator,Llama_F3,-1.369676383891896,0.0085756726685643,0.1007106101679108,unresolved_or_model_specific,,
Llama,evaluator,Llama_F4,0.5493147452451856,0.0085756726685643,0.4883965219140596,unresolved_or_model_specific,,
Llama,evaluator,Llama_F5,-0.9005606404588251,0.0085756726685643,0.4391405557221277,unresolved_or_model_specific,,
Llama,evaluator,Llama_F6,0.7447387375027312,0.0085756726685643,0.1517924313954372,unresolved_or_model_specific,,
Llama,evangelist,Llama_F1,0.0532304857866705,0.0478299692581755,0.2032562253615577,shared_gemma_llama_1,1.0,0.0532304857866705
Llama,evangelist,Llama_F2,-0.3391404038028164,0.0478299692581755,0.1281040180504351,shared_all_2,-1.0,0.3391404038028164
Llama,evangelist,Llama_F3,1.99770066205457,0.0478299692581755,0.2814827367607599,unresolved_or_model_specific,,
Llama,evangelist,Llama_F4,-2.195902503774646,0.0478299692581755,0.3697399972155278,unresolved_or_model_specific,,
Llama,evangelist,Llama_F5,-1.5922365075572311,0.0478299692581755,0.2626515498855291,unresolved_or_model_specific,,
Llama,evangelist,Llama_F6,0.5438964060267644,0.0478299692581755,0.8726761935769467,unresolved_or_model_specific,,
Llama,examiner,Llama_F1,0.4859809142166277,0.0113292854568499,0.0542933753856986,shared_gemma_llama_1,1.0,0.4859809142166277
Llama,examiner,Llama_F2,0.6111962962700221,0.0113292854568499,0.1526447008396792,shared_all_2,-1.0,-0.6111962962700221
Llama,examiner,Llama_F3,-1.5536183314689886,0.0113292854568499,0.0926274299782052,unresolved_or_model_specific,,
Llama,examiner,Llama_F4,1.192548219333131,0.0113292854568499,0.5677832161443522,unresolved_or_model_specific,,
Llama,examiner,Llama_F5,-1.1774537244452796,0.0113292854568499,0.360931399193441,unresolved_or_model_specific,,
Llama,examiner,Llama_F6,0.71194278559012,0.0113292854568499,0.2829985543348755,unresolved_or_model_specific,,
Llama,exile,Llama_F1,-0.6341004555559865,0.0557281879141691,0.0663737603986061,shared_gemma_llama_1,1.0,-0.6341004555559865
Llama,exile,Llama_F2,-1.0121345318942987,0.0557281879141691,0.1347390162912278,shared_all_2,-1.0,1.0121345318942987
Llama,exile,Llama_F3,0.7240354392144813,0.0557281879141691,0.1742880710395333,unresolved_or_model_specific,,
Llama,exile,Llama_F4,0.4668304735203515,0.0557281879141691,0.1643286509105608,unresolved_or_model_specific,,
Llama,exile,Llama_F5,0.9116304827654856,0.0557281879141691,0.37762023620814,unresolved_or_model_specific,,
Llama,exile,Llama_F6,-0.1317964485038036,0.0557281879141691,0.368786163751318,unresolved_or_model_specific,,
Llama,expatriate,Llama_F1,0.5896737431024871,0.0232031670288496,0.0421586062703556,shared_gemma_llama_1,1.0,0.5896737431024871
Llama,expatriate,Llama_F2,0.880755229681833,0.0232031670288496,0.0434834647490381,shared_all_2,-1.0,-0.880755229681833
Llama,expatriate,Llama_F3,0.5963734426026717,0.0232031670288496,0.0536130454654625,unresolved_or_model_specific,,
Llama,expatriate,Llama_F4,0.2313681407221915,0.0232031670288496,0.2308663369597722,unresolved_or_model_specific,,
Llama,expatriate,Llama_F5,0.4220150369883781,0.0232031670288496,0.1183400631253686,unresolved_or_model_specific,,
Llama,expatriate,Llama_F6,0.1959603662215898,0.0232031670288496,0.1419922597285957,unresolved_or_model_specific,,
Llama,facilitator,Llama_F1,1.3896040902471276,0.0291193789257429,0.1702301242331878,shared_gemma_llama_1,1.0,1.3896040902471276
Llama,facilitator,Llama_F2,0.9531012543453812,0.0291193789257429,0.0786306769884512,shared_all_2,-1.0,-0.9531012543453812
Llama,facilitator,Llama_F3,-0.0295424177374642,0.0291193789257429,0.0644808664498071,unresolved_or_model_specific,,
Llama,facilitator,Llama_F4,0.3371529551690004,0.0291193789257429,0.2577393652903455,unresolved_or_model_specific,,
Llama,facilitator,Llama_F5,0.573076544368116,0.0291193789257429,0.272329460530605,unresolved_or_model_specific,,
Llama,facilitator,Llama_F6,0.4355068977275881,0.0291193789257429,0.1855555647103464,unresolved_or_model_specific,,
Llama,familiar,Llama_F1,0.1571682507669996,0.0213387100576216,0.1040353415776678,shared_gemma_llama_1,1.0,0.1571682507669996
Llama,familiar,Llama_F2,-1.6707705434532067,0.0213387100576216,0.097122193033382,shared_all_2,-1.0,1.6707705434532067
Llama,familiar,Llama_F3,-0.6579448120051736,0.0213387100576216,0.1368121540799807,unresolved_or_model_specific,,
Llama,familiar,Llama_F4,-0.2591346885563695,0.0213387100576216,0.3584855614566026,unresolved_or_model_specific,,
Llama,familiar,Llama_F5,-0.0228880177392382,0.0213387100576216,0.1909648863148766,unresolved_or_model_specific,,
Llama,familiar,Llama_F6,0.2931706793284603,0.0213387100576216,0.2106896151366521,unresolved_or_model_specific,,
Llama,fixer,Llama_F1,-0.8672504533106549,0.0535456420436932,0.0727828564483835,shared_gemma_llama_1,1.0,-0.8672504533106549
Llama,fixer,Llama_F2,0.178531844210953,0.0535456420436932,0.0515434246679057,shared_all_2,-1.0,-0.178531844210953
Llama,fixer,Llama_F3,-0.2753010987250212,0.0535456420436932,0.0676131081963213,unresolved_or_model_specific,,
Llama,fixer,Llama_F4,-0.0188149911498457,0.0535456420436932,0.0862794957970885,unresolved_or_model_specific,,
Llama,fixer,Llama_F5,0.2110495656340844,0.0535456420436932,0.1997232625190354,unresolved_or_model_specific,,
Llama,fixer,Llama_F6,-0.0925058606984019,0.0535456420436932,0.1095806254075594,unresolved_or_model_specific,,
Llama,flaneur,Llama_F1,-0.4223917756455588,0.0284721348359875,0.3274393764745903,shared_gemma_llama_1,1.0,-0.4223917756455588
Llama,flaneur,Llama_F2,-0.9363594121731242,0.0284721348359875,0.1812224580222267,shared_all_2,-1.0,0.9363594121731242
Llama,flaneur,Llama_F3,0.0013040149556149,0.0284721348359875,0.1944719782312815,unresolved_or_model_specific,,
Llama,flaneur,Llama_F4,-1.2745620607486212,0.0284721348359875,0.4827757141478685,unresolved_or_model_specific,,
Llama,flaneur,Llama_F5,1.6574146092052553,0.0284721348359875,0.3263036923224305,unresolved_or_model_specific,,
Llama,flaneur,Llama_F6,0.1689688257012172,0.0284721348359875,0.2587797778593873,unresolved_or_model_specific,,
Llama,fool,Llama_F1,-0.8169640771387349,0.1157114693285526,0.6238498028588809,shared_gemma_llama_1,1.0,-0.8169640771387349
Llama,fool,Llama_F2,0.9160203022861392,0.1157114693285526,0.2151170317090444,shared_all_2,-1.0,-0.9160203022861392
Llama,fool,Llama_F3,1.5017368047026751,0.1157114693285526,0.2858063110223326,unresolved_or_model_specific,,
Llama,fool,Llama_F4,0.8183970892977744,0.1157114693285526,1.7565186702197595,unresolved_or_model_specific,,
Llama,fool,Llama_F5,1.2474441570111032,0.1157114693285526,1.268372507382525,unresolved_or_model_specific,,
Llama,fool,Llama_F6,-4.357621201880961,0.1157114693285526,0.3328014924405068,unresolved_or_model_specific,,
Llama,forecaster,Llama_F1,0.6652256631151114,0.0089447097735956,0.0664891151658864,shared_gemma_llama_1,1.0,0.6652256631151114
Llama,forecaster,Llama_F2,0.9178685260151054,0.0089447097735956,0.0935141945496511,shared_all_2,-1.0,-0.9178685260151054
Llama,forecaster,Llama_F3,-1.1695542463119104,0.0089447097735956,0.1152658654383904,unresolved_or_model_specific,,
Llama,forecaster,Llama_F4,-0.2287001940979849,0.0089447097735956,0.362776894829342,unresolved_or_model_specific,,
Llama,forecaster,Llama_F5,-0.8136878780798528,0.0089447097735956,0.4603600193622627,unresolved_or_model_specific,,
Llama,forecaster,Llama_F6,0.6874642049427606,0.0089447097735956,0.2706498755006185,unresolved_or_model_specific,,
Llama,futurist,Llama_F1,0.6445431012209614,0.038949620255894,0.1879395579625889,shared_gemma_llama_1,1.0,0.6445431012209614
Llama,futurist,Llama_F2,0.8325522255360925,0.038949620255894,0.2489240086864691,shared_all_2,-1.0,-0.8325522255360925
Llama,futurist,Llama_F3,-0.9351977212097796,0.038949620255894,0.1263036334976711,unresolved_or_model_specific,,
Llama,futurist,Llama_F4,-1.3797227446267892,0.038949620255894,0.2957846398567511,unresolved_or_model_specific,,
Llama,futurist,Llama_F5,-0.4357588370254918,0.038949620255894,0.5438915987515665,unresolved_or_model_specific,,
Llama,futurist,Llama_F6,0.7601990489793077,0.038949620255894,0.5406921757208477,unresolved_or_model_specific,,
Llama,gamer,Llama_F1,-0.5222429760364666,0.037891579060921,0.3245415432954502,shared_gemma_llama_1,1.0,-0.5222429760364666
Llama,gamer,Llama_F2,0.5732675989217537,0.037891579060921,0.2190632372453944,shared_all_2,-1.0,-0.5732675989217537
Llama,gamer,Llama_F3,0.0549218392042297,0.037891579060921,0.3165231221551502,unresolved_or_model_specific,,
Llama,gamer,Llama_F4,-1.3733126197216043,0.037891579060921,0.36694529069694,unresolved_or_model_specific,,
Llama,gamer,Llama_F5,-1.2849351937324476,0.037891579060921,0.2437133679603272,unresolved_or_model_specific,,
Llama,gamer,Llama_F6,-0.7825096110906599,0.037891579060921,0.6504163447609608,unresolved_or_model_specific,,
Llama,generalist,Llama_F1,0.8796387343281081,0.0289249942684881,0.2819827606068935,shared_gemma_llama_1,1.0,0.8796387343281081
Llama,generalist,Llama_F2,0.74629082692289,0.0289249942684881,0.1972532401711974,shared_all_2,-1.0,-0.74629082692289
Llama,generalist,Llama_F3,-1.0023104329322157,0.0289249942684881,0.0534222871782082,unresolved_or_model_specific,,
Llama,generalist,Llama_F4,-0.68443968559559,0.0289249942684881,0.3404970683780085,unresolved_or_model_specific,,
Llama,generalist,Llama_F5,0.3210624481415842,0.0289249942684881,0.434689971073716,unresolved_or_model_specific,,
Llama,generalist,Llama_F6,0.7677665376904186,0.0289249942684881,0.3060322385127765,unresolved_or_model_specific,,
Llama,genie,Llama_F1,-0.9351969961219644,0.0847713043826768,0.0655974807599183,shared_gemma_llama_1,1.0,-0.9351969961219644
Llama,genie,Llama_F2,-1.4513931731170362,0.0847713043826768,0.2189784049407594,shared_all_2,-1.0,1.4513931731170362
Llama,genie,Llama_F3,-0.6874730803001167,0.0847713043826768,0.1066606915141737,unresolved_or_model_specific,,
Llama,genie,Llama_F4,-1.6786335291846255,0.0847713043826768,0.6128098076817031,unresolved_or_model_specific,,
Llama,genie,Llama_F5,0.5123509001907495,0.0847713043826768,0.2733800690027873,unresolved_or_model_specific,,
Llama,genie,Llama_F6,-0.6639694947937798,0.0847713043826768,0.2510998409727795,unresolved_or_model_specific,,
Llama,geographer,Llama_F1,0.7677394082620516,0.0322406691241942,0.1914097643096475,shared_gemma_llama_1,1.0,0.7677394082620516
Llama,geographer,Llama_F2,0.6739331492404438,0.0322406691241942,0.0944340710104838,shared_all_2,-1.0,-0.6739331492404438
Llama,geographer,Llama_F3,-0.8857820194489745,0.0322406691241942,0.0389821501763767,unresolved_or_model_specific,,
Llama,geographer,Llama_F4,0.0343189070789817,0.0322406691241942,0.2316032149713926,unresolved_or_model_specific,,
Llama,geographer,Llama_F5,0.3469115304365934,0.0322406691241942,0.2710900421781772,unresolved_or_model_specific,,
Llama,geographer,Llama_F6,0.3818428650180464,0.0322406691241942,0.1346630549324172,unresolved_or_model_specific,,
Llama,ghost,Llama_F1,-0.461496225608163,0.0288433569513157,0.2014755796795421,shared_gemma_llama_1,1.0,-0.461496225608163
Llama,ghost,Llama_F2,-2.0413783915023695,0.0288433569513157,0.0539450504816878,shared_all_2,-1.0,2.0413783915023695
Llama,ghost,Llama_F3,-0.4208854121378189,0.0288433569513157,0.2132914292862512,unresolved_or_model_specific,,
Llama,ghost,Llama_F4,-0.7264606461389479,0.0288433569513157,0.486295291120926,unresolved_or_model_specific,,
Llama,ghost,Llama_F5,0.7994788744990339,0.0288433569513157,0.3147171951870909,unresolved_or_model_specific,,
Llama,ghost,Llama_F6,0.0961634166098788,0.0288433569513157,0.2141599615474991,unresolved_or_model_specific,,
Llama,golem,Llama_F1,-0.2325134850056587,0.01230305793314,0.0805364706690406,shared_gemma_llama_1,1.0,-0.2325134850056587
Llama,golem,Llama_F2,-2.077041422165625,0.01230305793314,0.2065541510650233,shared_all_2,-1.0,2.077041422165625
Llama,golem,Llama_F3,-0.947090899973938,0.01230305793314,0.2272438087087923,unresolved_or_model_specific,,
Llama,golem,Llama_F4,0.6924557905500395,0.01230305793314,0.4007786051415394,unresolved_or_model_specific,,
Llama,golem,Llama_F5,0.3366005550500133,0.01230305793314,0.3187465248466442,unresolved_or_model_specific,,
Llama,golem,Llama_F6,-0.3592608426039544,0.01230305793314,0.6477172537969152,unresolved_or_model_specific,,
Llama,gossip,Llama_F1,-1.83468498936737,0.1882544773423031,0.557217652431095,shared_gemma_llama_1,1.0,-1.83468498936737
Llama,gossip,Llama_F2,1.083781235698416,0.1882544773423031,0.2025980771232835,shared_all_2,-1.0,-1.083781235698416
Llama,gossip,Llama_F3,1.3828943742746227,0.1882544773423031,0.3634347174796293,unresolved_or_model_specific,,
Llama,gossip,Llama_F4,-0.3496430810745236,0.1882544773423031,1.0223189658202958,unresolved_or_model_specific,,
Llama,gossip,Llama_F5,-0.1203411302103681,0.1882544773423031,0.6581391973178848,unresolved_or_model_specific,,
Llama,gossip,Llama_F6,-2.200192657387112,0.1882544773423031,0.3995107428291324,unresolved_or_model_specific,,
Llama,grader,Llama_F1,0.6033696369993813,0.0082288866626061,0.0421324259985126,shared_gemma_llama_1,1.0,0.6033696369993813
Llama,grader,Llama_F2,0.731200191884699,0.0082288866626061,0.1164144656224369,shared_all_2,-1.0,-0.731200191884699
Llama,grader,Llama_F3,-1.0751546371315148,0.0082288866626061,0.0810694850360957,unresolved_or_model_specific,,
Llama,grader,Llama_F4,1.1113816754226498,0.0082288866626061,0.459062180998199,unresolved_or_model_specific,,
Llama,grader,Llama_F5,-0.7888871251540056,0.0082288866626061,0.2907795178124429,unresolved_or_model_specific,,
Llama,grader,Llama_F6,0.5409804344831893,0.0082288866626061,0.2316503558846754,unresolved_or_model_specific,,
Llama,graduate,Llama_F1,0.2768497739383392,0.0146146424298605,0.0633539882673483,shared_gemma_llama_1,1.0,0.2768497739383392
Llama,graduate,Llama_F2,1.1823177798430742,0.0146146424298605,0.041758945014412,shared_all_2,-1.0,-1.1823177798430742
Llama,graduate,Llama_F3,1.0384520954423864,0.0146146424298605,0.0736177088682522,unresolved_or_model_specific,,
Llama,graduate,Llama_F4,0.5397935468345584,0.0146146424298605,0.3350552260745124,unresolved_or_model_specific,,
Llama,graduate,Llama_F5,0.6219296768973421,0.0146146424298605,0.2032375970150885,unresolved_or_model_specific,,
Llama,graduate,Llama_F6,-0.2306104374860977,0.0146146424298605,0.1185866287676432,unresolved_or_model_specific,,
Llama,grandparent,Llama_F1,-0.1264303096063124,0.094611097274679,0.4181316726818089,shared_gemma_llama_1,1.0,-0.1264303096063124
Llama,grandparent,Llama_F2,0.2307994678397613,0.094611097274679,0.2093206730624547,shared_all_2,-1.0,-0.2307994678397613
Llama,grandparent,Llama_F3,2.4155442186119735,0.094611097274679,0.1238169309945196,unresolved_or_model_specific,,
Llama,grandparent,Llama_F4,1.3076335514383572,0.094611097274679,0.6423032303922456,unresolved_or_model_specific,,
Llama,grandparent,Llama_F5,0.0838571900234025,0.094611097274679,0.6884213733594535,unresolved_or_model_specific,,
Llama,grandparent,Llama_F6,-1.1423995801507023,0.094611097274679,0.2475902618346874,unresolved_or_model_specific,,
Llama,guardian,Llama_F1,0.6486518572293292,0.0127221149689561,0.065307207885446,shared_gemma_llama_1,1.0,0.6486518572293292
Llama,guardian,Llama_F2,-0.1099443670921326,0.0127221149689561,0.2369170890907324,shared_all_2,-1.0,0.1099443670921326
Llama,guardian,Llama_F3,0.3169072699751262,0.0127221149689561,0.0733429757469429,unresolved_or_model_specific,,
Llama,guardian,Llama_F4,0.9927086902511366,0.0127221149689561,0.4900470833230311,unresolved_or_model_specific,,
Llama,guardian,Llama_F5,-0.8342877301782075,0.0127221149689561,0.1797092826305715,unresolved_or_model_specific,,
Llama,guardian,Llama_F6,0.7659302026522886,0.0127221149689561,0.2318739756696678,unresolved_or_model_specific,,
Llama,guide,Llama_F1,0.935588287860312,0.0150512144043857,0.0246357572596331,shared_gemma_llama_1,1.0,0.935588287860312
Llama,guide,Llama_F2,0.5618346203776238,0.0150512144043857,0.0247225392030831,shared_all_2,-1.0,-0.5618346203776238
Llama,guide,Llama_F3,-0.0048185166561789,0.0150512144043857,0.0502837952113153,unresolved_or_model_specific,,
Llama,guide,Llama_F4,0.1253601158622177,0.0150512144043857,0.2948267705650912,unresolved_or_model_specific,,
Llama,guide,Llama_F5,-0.3397060307122564,0.0150512144043857,0.2547901970579119,unresolved_or_model_specific,,
Llama,guide,Llama_F6,0.5730624752290976,0.0150512144043857,0.1528978184033715,unresolved_or_model_specific,,
Llama,guru,Llama_F1,0.6021811489124337,0.0364742058720956,0.2418871810087574,shared_gemma_llama_1,1.0,0.6021811489124337
Llama,guru,Llama_F2,-1.5974830852816424,0.0364742058720956,0.07593085324434,shared_all_2,-1.0,1.5974830852816424
Llama,guru,Llama_F3,0.7806655070340447,0.0364742058720956,0.2280428095085118,unresolved_or_model_specific,,
Llama,guru,Llama_F4,-0.8474652675937644,0.0364742058720956,0.3790359712295758,unresolved_or_model_specific,,
Llama,guru,Llama_F5,0.745373716834761,0.0364742058720956,0.2535056721840852,unresolved_or_model_specific,,
Llama,guru,Llama_F6,0.6041582884360485,0.0364742058720956,0.1353036470963033,unresolved_or_model_specific,,
Llama,hacker,Llama_F1,-0.5995961550777499,0.0211012270363229,0.0455370277487038,shared_gemma_llama_1,1.0,-0.5995961550777499
Llama,hacker,Llama_F2,0.5423209164610338,0.0211012270363229,0.1493045851946814,shared_all_2,-1.0,-0.5423209164610338
Llama,hacker,Llama_F3,-0.2149115935720896,0.0211012270363229,0.0936977139166479,unresolved_or_model_specific,,
Llama,hacker,Llama_F4,-0.7533512250824866,0.0211012270363229,0.0912846735436974,unresolved_or_model_specific,,
Llama,hacker,Llama_F5,-0.1340058886517834,0.0211012270363229,0.2380760890762166,unresolved_or_model_specific,,
Llama,hacker,Llama_F6,0.0870150353130616,0.0211012270363229,0.3191245925880339,unresolved_or_model_specific,,
Llama,healer,Llama_F1,1.495093675801536,0.0312325470280897,0.2137623316224432,shared_gemma_llama_1,1.0,1.495093675801536
Llama,healer,Llama_F2,-0.2807815636455317,0.0312325470280897,0.0755396188983619,shared_all_2,-1.0,0.2807815636455317
Llama,healer,Llama_F3,0.8433197781750275,0.0312325470280897,0.1514421311577576,unresolved_or_model_specific,,
Llama,healer,Llama_F4,-0.2910586473849155,0.0312325470280897,0.2522556244768351,unresolved_or_model_specific,,
Llama,healer,Llama_F5,0.4524838330510514,0.0312325470280897,0.2597703584382778,unresolved_or_model_specific,,
Llama,healer,Llama_F6,0.7102547755189845,0.0312325470280897,0.183913859936048,unresolved_or_model_specific,,
Llama,hedonist,Llama_F1,-1.2841742906008344,0.1421326419669623,0.1726879834752268,shared_gemma_llama_1,1.0,-1.2841742906008344
Llama,hedonist,Llama_F2,-0.8026214266762447,0.1421326419669623,0.0783460016713918,shared_all_2,-1.0,0.8026214266762447
Llama,hedonist,Llama_F3,0.9090982105184742,0.1421326419669623,0.0905317839433168,unresolved_or_model_specific,,
Llama,hedonist,Llama_F4,-1.066134928303209,0.1421326419669623,0.3365689466229165,unresolved_or_model_specific,,
Llama,hedonist,Llama_F5,-0.3971316631989454,0.1421326419669623,0.2966766333075646,unresolved_or_model_specific,,
Llama,hedonist,Llama_F6,-0.3095992692688086,0.1421326419669623,0.3329239516380144,unresolved_or_model_specific,,
Llama,hermit,Llama_F1,-0.3834487775327309,0.0664903516804767,0.1455542212756952,shared_gemma_llama_1,1.0,-0.3834487775327309
Llama,hermit,Llama_F2,-2.1012739612005142,0.0664903516804767,0.2413262689465445,shared_all_2,-1.0,2.1012739612005142
Llama,hermit,Llama_F3,0.4584175260137476,0.0664903516804767,0.3237956629271994,unresolved_or_model_specific,,
Llama,hermit,Llama_F4,0.684978060924642,0.0664903516804767,0.3256017330105381,unresolved_or_model_specific,,
Llama,hermit,Llama_F5,1.1488913572493444,0.0664903516804767,0.4814124218012505,unresolved_or_model_specific,,
Llama,hermit,Llama_F6,-0.0399429207501992,0.0664903516804767,0.6401601652012511,unresolved_or_model_specific,,
Llama,historian,Llama_F1,0.2439147354334959,0.0581869934750376,0.2456345868769996,shared_gemma_llama_1,1.0,0.2439147354334959
Llama,historian,Llama_F2,0.0372903177993375,0.0581869934750376,0.0336680173103422,shared_all_2,-1.0,-0.0372903177993375
Llama,historian,Llama_F3,-0.9701419689191788,0.0581869934750376,0.100711498001529,unresolved_or_model_specific,,
Llama,historian,Llama_F4,0.2166949800688857,0.0581869934750376,0.3573525263086226,unresolved_or_model_specific,,
Llama,historian,Llama_F5,0.36138460354663,0.0581869934750376,0.2590853122054127,unresolved_or_model_specific,,
Llama,historian,Llama_F6,0.77398306134399,0.0581869934750376,0.1646915754149938,unresolved_or_model_specific,,
Llama,hive,Llama_F1,0.4193336622079945,0.0639339248743581,0.3108677361963292,shared_gemma_llama_1,1.0,0.4193336622079945
Llama,hive,Llama_F2,-0.5588111657543268,0.0639339248743581,0.0918564318760241,shared_all_2,-1.0,0.5588111657543268
Llama,hive,Llama_F3,-1.54037647679842,0.0639339248743581,0.1290386890708778,unresolved_or_model_specific,,
Llama,hive,Llama_F4,-0.4839571017829679,0.0639339248743581,0.3947568103800881,unresolved_or_model_specific,,
Llama,hive,Llama_F5,0.3084491953885236,0.0639339248743581,0.3266315667469836,unresolved_or_model_specific,,
Llama,hive,Llama_F6,0.5186199881360922,0.0639339248743581,0.1224152613803798,unresolved_or_model_specific,,
Llama,hoarder,Llama_F1,-1.2241866682016664,0.1425597624964069,0.4023249095555374,shared_gemma_llama_1,1.0,-1.2241866682016664
Llama,hoarder,Llama_F2,0.4867602399517508,0.1425597624964069,0.0962796066655953,shared_all_2,-1.0,-0.4867602399517508
Llama,hoarder,Llama_F3,0.1167261480634776,0.1425597624964069,0.2169550411652432,unresolved_or_model_specific,,
Llama,hoarder,Llama_F4,1.6449760713636543,0.1425597624964069,1.006162950749116,unresolved_or_model_specific,,
Llama,hoarder,Llama_F5,1.010237289002848,0.1425597624964069,0.8470261725706275,unresolved_or_model_specific,,
Llama,hoarder,Llama_F6,-2.608910968873084,0.1425597624964069,0.5477008425377665,unresolved_or_model_specific,,
Llama,homunculus,Llama_F1,-0.4521995145512245,0.0182979006044512,0.2210562887559336,shared_gemma_llama_1,1.0,-0.4521995145512245
Llama,homunculus,Llama_F2,-1.818454168431296,0.0182979006044512,0.0576406050008707,shared_all_2,-1.0,1.818454168431296
Llama,homunculus,Llama_F3,-0.9753360224894831,0.0182979006044512,0.2114531080838959,unresolved_or_model_specific,,
Llama,homunculus,Llama_F4,-0.4307783684588068,0.0182979006044512,0.4627967472447284,unresolved_or_model_specific,,
Llama,homunculus,Llama_F5,0.7405144104849007,0.0182979006044512,0.2860481068655837,unresolved_or_model_specific,,
Llama,homunculus,Llama_F6,0.1598113108415656,0.0182979006044512,0.2966900760514321,unresolved_or_model_specific,,
Llama,hybrid,Llama_F1,1.1372641889940902,0.0741301767171526,0.502552807802222,shared_gemma_llama_1,1.0,1.1372641889940902
Llama,hybrid,Llama_F2,-0.1137106139967335,0.0741301767171526,0.2805071972173053,shared_all_2,-1.0,0.1137106139967335
Llama,hybrid,Llama_F3,0.0994091556467708,0.0741301767171526,0.2089891147187992,unresolved_or_model_specific,,
Llama,hybrid,Llama_F4,-1.4244803963281063,0.0741301767171526,0.4354266294411538,unresolved_or_model_specific,,
Llama,hybrid,Llama_F5,1.7989446336966488,0.0741301767171526,0.2980189699277664,unresolved_or_model_specific,,
Llama,hybrid,Llama_F6,0.6248938624542679,0.0741301767171526,0.4254350318183245,unresolved_or_model_specific,,
Llama,idealist,Llama_F1,0.0632960381416719,0.1134732633434714,0.1339693504804212,shared_gemma_llama_1,1.0,0.0632960381416719
Llama,idealist,Llama_F2,-1.0407939393669343,0.1134732633434714,0.1773792564859053,shared_all_2,-1.0,1.0407939393669343
Llama,idealist,Llama_F3,1.7043026223117663,0.1134732633434714,0.1763968956676764,unresolved_or_model_specific,,
Llama,idealist,Llama_F4,-0.5968457632949612,0.1134732633434714,0.3601299125403016,unresolved_or_model_specific,,
Llama,idealist,Llama_F5,-0.3081423794027746,0.1134732633434714,0.2307563953070046,unresolved_or_model_specific,,
Llama,idealist,Llama_F6,0.9672544767145724,0.1134732633434714,0.220058556101119,unresolved_or_model_specific,,
Llama,immigrant,Llama_F1,0.6817013542417543,0.04133654760664,0.0693606710654331,shared_gemma_llama_1,1.0,0.6817013542417543
Llama,immigrant,Llama_F2,0.3398097962161471,0.04133654760664,0.0671785328087735,shared_all_2,-1.0,-0.3398097962161471
Llama,immigrant,Llama_F3,1.1793892024986117,0.04133654760664,0.1025467855498143,unresolved_or_model_specific,,
Llama,immigrant,Llama_F4,0.64436826541095,0.04133654760664,0.2134597450026651,unresolved_or_model_specific,,
Llama,immigrant,Llama_F5,0.9339991033654302,0.04133654760664,0.2604294153190191,unresolved_or_model_specific,,
Llama,immigrant,Llama_F6,-0.0460982017320593,0.04133654760664,0.2120796042735261,unresolved_or_model_specific,,
Llama,improviser,Llama_F1,-0.1853239426261521,0.0272737986813997,0.1120215764502284,shared_gemma_llama_1,1.0,-0.1853239426261521
Llama,improviser,Llama_F2,0.7399177061699016,0.0272737986813997,0.3939054293957705,shared_all_2,-1.0,-0.7399177061699016
Llama,improviser,Llama_F3,2.0690333351061323,0.0272737986813997,0.1527191583516205,unresolved_or_model_specific,,
Llama,improviser,Llama_F4,-1.6485278860400787,0.0272737986813997,1.0031524020221834,unresolved_or_model_specific,,
Llama,improviser,Llama_F5,1.8729907980098408,0.0272737986813997,0.4402877568924613,unresolved_or_model_specific,,
Llama,improviser,Llama_F6,-1.511305491532942,0.0272737986813997,0.5937455345592345,unresolved_or_model_specific,,
Llama,infant,Llama_F1,-1.540972860471544,0.3053364860072103,1.0885854023299186,shared_gemma_llama_1,1.0,-1.540972860471544
Llama,infant,Llama_F2,0.3405568707261445,0.3053364860072103,0.194696205449414,shared_all_2,-1.0,-0.3405568707261445
Llama,infant,Llama_F3,-1.1538864207140922,0.3053364860072103,0.4180745238040059,unresolved_or_model_specific,,
Llama,infant,Llama_F4,2.564181716130123,0.3053364860072103,1.9873540037560744,unresolved_or_model_specific,,
Llama,infant,Llama_F5,-2.0627399253791014,0.3053364860072103,1.56655685832414,unresolved_or_model_specific,,
Llama,infant,Llama_F6,-5.902369218684901,0.3053364860072103,1.1036263918468256,unresolved_or_model_specific,,
Llama,influencer,Llama_F1,0.3688031452920304,0.0220714164209652,0.2778351022880826,shared_gemma_llama_1,1.0,0.3688031452920304
Llama,influencer,Llama_F2,1.1677545612463232,0.0220714164209652,0.1366510286487928,shared_all_2,-1.0,-1.1677545612463232
Llama,influencer,Llama_F3,1.585009756077637,0.0220714164209652,0.2715631549261501,unresolved_or_model_specific,,
Llama,influencer,Llama_F4,-0.8637174973567704,0.0220714164209652,0.3934439806077434,unresolved_or_model_specific,,
Llama,influencer,Llama_F5,-0.9856450874629996,0.0220714164209652,0.2530837681872009,unresolved_or_model_specific,,
Llama,influencer,Llama_F6,-0.2609716887768547,0.0220714164209652,0.6312357753138296,unresolved_or_model_specific,,
Llama,instructor,Llama_F1,0.9787393115467647,0.0221057843428245,0.1145369743889073,shared_gemma_llama_1,1.0,0.9787393115467647
Llama,instructor,Llama_F2,1.0753138590850233,0.0221057843428245,0.0668796839862039,shared_all_2,-1.0,-1.0753138590850233
Llama,instructor,Llama_F3,-0.7722760507877225,0.0221057843428245,0.1497441820015205,unresolved_or_model_specific,,
Llama,instructor,Llama_F4,0.7082289074423785,0.0221057843428245,0.48340836564056,unresolved_or_model_specific,,
Llama,instructor,Llama_F5,-1.321651618885369,0.0221057843428245,0.4177926584538865,unresolved_or_model_specific,,
Llama,instructor,Llama_F6,0.5189944053020666,0.0221057843428245,0.211516321551699,unresolved_or_model_specific,,
Llama,interpreter,Llama_F1,1.1117830130486148,0.0127269076829136,0.2982681581933264,shared_gemma_llama_1,1.0,1.1117830130486148
Llama,interpreter,Llama_F2,0.6184568337166547,0.0127269076829136,0.1300995747953293,shared_all_2,-1.0,-0.6184568337166547
Llama,interpreter,Llama_F3,-0.4367173186594681,0.0127269076829136,0.097570310537739,unresolved_or_model_specific,,
Llama,interpreter,Llama_F4,-0.1780010661366218,0.0127269076829136,0.3038194609198695,unresolved_or_model_specific,,
Llama,interpreter,Llama_F5,0.8387368435375988,0.0127269076829136,0.2876804064452716,unresolved_or_model_specific,,
Llama,interpreter,Llama_F6,0.6991727525004856,0.0127269076829136,0.2157904040669495,unresolved_or_model_specific,,
Llama,interviewer,Llama_F1,0.3176016911988821,0.389243490082476,0.1972870573396563,shared_gemma_llama_1,1.0,0.3176016911988821
Llama,interviewer,Llama_F2,0.3883422988147969,0.389243490082476,0.1506693799999896,shared_all_2,-1.0,-0.3883422988147969
Llama,interviewer,Llama_F3,-0.2090667937146154,0.389243490082476,0.3075010576033344,unresolved_or_model_specific,,
Llama,interviewer,Llama_F4,2.2228827860085523,0.389243490082476,0.3584683462378665,unresolved_or_model_specific,,
Llama,interviewer,Llama_F5,2.1899960321183927,0.389243490082476,0.480763849909074,unresolved_or_model_specific,,
Llama,interviewer,Llama_F6,-0.6653063999894412,0.389243490082476,0.8873333485698517,unresolved_or_model_specific,,
Llama,jester,Llama_F1,-1.7771840479342618,0.2961086240540129,0.2552571550349941,shared_gemma_llama_1,1.0,-1.7771840479342618
Llama,jester,Llama_F2,-0.3414529904938712,0.2961086240540129,0.3325317693840993,shared_all_2,-1.0,0.3414529904938712
Llama,jester,Llama_F3,0.1294220980563799,0.2961086240540129,0.2452216097553264,unresolved_or_model_specific,,
Llama,jester,Llama_F4,-1.862217805255061,0.2961086240540129,0.8366258595877962,unresolved_or_model_specific,,
Llama,jester,Llama_F5,0.5398845553920553,0.2961086240540129,0.4351366986797185,unresolved_or_model_specific,,
Llama,jester,Llama_F6,-1.5674685945175495,0.2961086240540129,0.5465942368466653,unresolved_or_model_specific,,
Llama,journalist,Llama_F1,0.2746445110781895,0.0074593486635118,0.0999094526291216,shared_gemma_llama_1,1.0,0.2746445110781895
Llama,journalist,Llama_F2,0.6139263064501849,0.0074593486635118,0.0935178568016472,shared_all_2,-1.0,-0.6139263064501849
Llama,journalist,Llama_F3,-0.490913805783764,0.0074593486635118,0.0704558798270213,unresolved_or_model_specific,,
Llama,journalist,Llama_F4,0.9494721714229432,0.0074593486635118,0.3641064270283064,unresolved_or_model_specific,,
Llama,journalist,Llama_F5,0.0614084331936366,0.0074593486635118,0.1491273444043702,unresolved_or_model_specific,,
Llama,journalist,Llama_F6,0.625674443072936,0.0074593486635118,0.2247890776868756,unresolved_or_model_specific,,
Llama,judge,Llama_F1,0.3030617558484377,0.0154868815026589,0.0983196619032108,shared_gemma_llama_1,1.0,0.3030617558484377
Llama,judge,Llama_F2,-0.0908714006049411,0.0154868815026589,0.2171221903735663,shared_all_2,-1.0,0.0908714006049411
Llama,judge,Llama_F3,-0.9060939391094308,0.0154868815026589,0.1119998729807139,unresolved_or_model_specific,,
Llama,judge,Llama_F4,1.307928306510806,0.0154868815026589,0.5335564830732472,unresolved_or_model_specific,,
Llama,judge,Llama_F5,-0.3269995030976353,0.0154868815026589,0.2020599716656267,unresolved_or_model_specific,,
Llama,judge,Llama_F6,0.9115922842405536,0.0154868815026589,0.4053566763195001,unresolved_or_model_specific,,
Llama,lawyer,Llama_F1,0.4221450973425667,0.0201954966297285,0.044178969074786,shared_gemma_llama_1,1.0,0.4221450973425667
Llama,lawyer,Llama_F2,0.5596548263569825,0.0201954966297285,0.1260796148117902,shared_all_2,-1.0,-0.5596548263569825
Llama,lawyer,Llama_F3,-1.0739937670682855,0.0201954966297285,0.0645804089975295,unresolved_or_model_specific,,
Llama,lawyer,Llama_F4,1.0576563561659769,0.0201954966297285,0.4858713442831184,unresolved_or_model_specific,,
Llama,lawyer,Llama_F5,-0.6979608968547574,0.0201954966297285,0.2672594428208473,unresolved_or_model_specific,,
Llama,lawyer,Llama_F6,0.6945460863192534,0.0201954966297285,0.2245827245635235,unresolved_or_model_specific,,
Llama,leviathan,Llama_F1,-1.3906752454803202,0.0323844268211761,0.0407533884663113,shared_gemma_llama_1,1.0,-1.3906752454803202
Llama,leviathan,Llama_F2,-2.2949811662438937,0.0323844268211761,0.0838995305613444,shared_all_2,-1.0,2.2949811662438937
Llama,leviathan,Llama_F3,-1.197566508824423,0.0323844268211761,0.1329782569971718,unresolved_or_model_specific,,
Llama,leviathan,Llama_F4,-0.605621630632422,0.0323844268211761,0.5621660945081226,unresolved_or_model_specific,,
Llama,leviathan,Llama_F5,-0.1535729156391617,0.0323844268211761,0.3475247719898296,unresolved_or_model_specific,,
Llama,leviathan,Llama_F6,-0.5206312685108191,0.0323844268211761,0.3211415892756169,unresolved_or_model_specific,,
Llama,librarian,Llama_F1,0.8660438432271228,0.0156839766055199,0.0708972705288835,shared_gemma_llama_1,1.0,0.8660438432271228
Llama,librarian,Llama_F2,0.6561689800705128,0.0156839766055199,0.0380909271124627,shared_all_2,-1.0,-0.6561689800705128
Llama,librarian,Llama_F3,-0.7833774828298093,0.0156839766055199,0.0441487003049639,unresolved_or_model_specific,,
Llama,librarian,Llama_F4,0.5535965748355942,0.0156839766055199,0.2775955874056521,unresolved_or_model_specific,,
Llama,librarian,Llama_F5,-0.0657044267460864,0.0156839766055199,0.264851862670649,unresolved_or_model_specific,,
Llama,librarian,Llama_F6,0.3685357786276213,0.0156839766055199,0.1360425010927457,unresolved_or_model_specific,,
Llama,linguist,Llama_F1,0.4947615890164601,0.043131895745281,0.3404594885777735,shared_gemma_llama_1,1.0,0.4947615890164601
Llama,linguist,Llama_F2,0.7391574757642986,0.043131895745281,0.1790375111907804,shared_all_2,-1.0,-0.7391574757642986
Llama,linguist,Llama_F3,-1.229530388331272,0.043131895745281,0.107678992342667,unresolved_or_model_specific,,
Llama,linguist,Llama_F4,-0.0989924556443714,0.043131895745281,0.3069677650393227,unresolved_or_model_specific,,
Llama,linguist,Llama_F5,1.2022692170484752,0.043131895745281,0.2558936627441583,unresolved_or_model_specific,,
Llama,linguist,Llama_F6,0.3764331018974985,0.043131895745281,0.2327252682844172,unresolved_or_model_specific,,
Llama,loner,Llama_F1,-1.202712137026644,0.1438150138863702,0.1151677421409737,shared_gemma_llama_1,1.0,-1.202712137026644
Llama,loner,Llama_F2,-0.3531945907956225,0.1438150138863702,0.2945725255701172,shared_all_2,-1.0,0.3531945907956225
Llama,loner,Llama_F3,0.3151588083533839,0.1438150138863702,0.244505027175589,unresolved_or_model_specific,,
Llama,loner,Llama_F4,2.122990676193192,0.1438150138863702,0.2380654915645879,unresolved_or_model_specific,,
Llama,loner,Llama_F5,0.9157428041746674,0.1438150138863702,0.5411664950289192,unresolved_or_model_specific,,
Llama,loner,Llama_F6,-0.5134942206034625,0.1438150138863702,0.81616087080391,unresolved_or_model_specific,,
Llama,luddite,Llama_F1,-2.579906051145257,0.0988766060578797,0.3289004469525872,shared_gemma_llama_1,1.0,-2.579906051145257
Llama,luddite,Llama_F2,-0.7026045733207353,0.0988766060578797,0.3207188694094952,shared_all_2,-1.0,0.7026045733207353
Llama,luddite,Llama_F3,0.994162182529966,0.0988766060578797,0.0950293579161484,unresolved_or_model_specific,,
Llama,luddite,Llama_F4,1.2098207883068102,0.0988766060578797,0.412351587814305,unresolved_or_model_specific,,
Llama,luddite,Llama_F5,-0.3648145352216554,0.0988766060578797,0.6773678247821687,unresolved_or_model_specific,,
Llama,luddite,Llama_F6,-0.9214102325686429,0.0988766060578797,0.5303748325325482,unresolved_or_model_specific,,
Llama,marketer,Llama_F1,0.7844351873195387,0.0064098276175802,0.1055363425582057,shared_gemma_llama_1,1.0,0.7844351873195387
Llama,marketer,Llama_F2,1.0211817623749022,0.0064098276175802,0.0491722253378996,shared_all_2,-1.0,-1.0211817623749022
Llama,marketer,Llama_F3,-0.3640950497692798,0.0064098276175802,0.1764403777770654,unresolved_or_model_specific,,
Llama,marketer,Llama_F4,-0.0744773754040048,0.0064098276175802,0.3549424301487592,unresolved_or_model_specific,,
Llama,marketer,Llama_F5,-1.2359953376933384,0.0064098276175802,0.393203035277992,unresolved_or_model_specific,,
Llama,marketer,Llama_F6,0.4830604331661273,0.0064098276175802,0.3390695733637662,unresolved_or_model_specific,,
Llama,martyr,Llama_F1,-0.8383572630376489,0.0519361547715804,0.0656675319464267,shared_gemma_llama_1,1.0,-0.8383572630376489
Llama,martyr,Llama_F2,-1.7013310810250546,0.0519361547715804,0.3453761330516448,shared_all_2,-1.0,1.7013310810250546
Llama,martyr,Llama_F3,1.049832638404952,0.0519361547715804,0.1710127826103818,unresolved_or_model_specific,,
Llama,martyr,Llama_F4,0.5672531797319258,0.0519361547715804,0.3456974140374292,unresolved_or_model_specific,,
Llama,martyr,Llama_F5,-0.4688696266841436,0.0519361547715804,0.3566192008134697,unresolved_or_model_specific,,
Llama,martyr,Llama_F6,0.5462265271253542,0.0519361547715804,0.4170057210719026,unresolved_or_model_specific,,
Llama,mathematician,Llama_F1,0.2408363252181025,0.0350634587106077,0.1631782452478659,shared_gemma_llama_1,1.0,0.2408363252181025
Llama,mathematician,Llama_F2,0.4173379911959016,0.0350634587106077,0.1518761462311045,shared_all_2,-1.0,-0.4173379911959016
Llama,mathematician,Llama_F3,-1.4109067135344786,0.0350634587106077,0.0604160845036582,unresolved_or_model_specific,,
Llama,mathematician,Llama_F4,-0.342316093345995,0.0350634587106077,0.2296784645090233,unresolved_or_model_specific,,
Llama,mathematician,Llama_F5,0.232281150611543,0.0350634587106077,0.3038769726841107,unresolved_or_model_specific,,
Llama,mathematician,Llama_F6,0.3510136593453056,0.0350634587106077,0.1411682816329441,unresolved_or_model_specific,,
Llama,maverick,Llama_F1,-1.6636593957911252,0.0809737153137422,0.166061376056521,shared_gemma_llama_1,1.0,-1.6636593957911252
Llama,maverick,Llama_F2,0.5111154713882057,0.0809737153137422,0.4124990216595159,shared_all_2,-1.0,-0.5111154713882057
Llama,maverick,Llama_F3,1.0515447846176114,0.0809737153137422,0.196206867660585,unresolved_or_model_specific,,
Llama,maverick,Llama_F4,-3.142497747705366,0.0809737153137422,0.4350703962461924,unresolved_or_model_specific,,
Llama,maverick,Llama_F5,0.0680788758038403,0.0809737153137422,0.6199869064871031,unresolved_or_model_specific,,
Llama,maverick,Llama_F6,0.3867876915599663,0.0809737153137422,1.0644892055307589,unresolved_or_model_specific,,
Llama,mechanic,Llama_F1,-0.3500990429800023,0.0499371548609506,0.3435797430555337,shared_gemma_llama_1,1.0,-0.3500990429800023
Llama,mechanic,Llama_F2,0.9835386896787784,0.0499371548609506,0.0725626100697189,shared_all_2,-1.0,-0.9835386896787784
Llama,mechanic,Llama_F3,0.7181858856505002,0.0499371548609506,0.1799897305757316,unresolved_or_model_specific,,
Llama,mechanic,Llama_F4,0.901586906863022,0.0499371548609506,0.4708024768698503,unresolved_or_model_specific,,
Llama,mechanic,Llama_F5,-0.3453714221701665,0.0499371548609506,0.3690844008382191,unresolved_or_model_specific,,
Llama,mechanic,Llama_F6,-0.918987910321436,0.0499371548609506,0.1226080060194116,unresolved_or_model_specific,,
Llama,mediator,Llama_F1,1.306606646202216,0.0182630646272426,0.1973107707524727,shared_gemma_llama_1,1.0,1.306606646202216
Llama,mediator,Llama_F2,0.7412854848689908,0.0182630646272426,0.0508810474643685,shared_all_2,-1.0,-0.7412854848689908
Llama,mediator,Llama_F3,-0.1606114683491641,0.0182630646272426,0.1129586491649397,unresolved_or_model_specific,,
Llama,mediator,Llama_F4,0.7525791629223366,0.0182630646272426,0.2972008303401287,unresolved_or_model_specific,,
Llama,mediator,Llama_F5,0.7596803673870054,0.0182630646272426,0.2370611941625975,unresolved_or_model_specific,,
Llama,mediator,Llama_F6,0.5190894950401375,0.0182630646272426,0.2449731576480868,unresolved_or_model_specific,,
Llama,mentor,Llama_F1,0.9348649708537152,0.0204798012354512,0.0472184763140287,shared_gemma_llama_1,1.0,0.9348649708537152
Llama,mentor,Llama_F2,0.872387195619601,0.0204798012354512,0.0400744578077435,shared_all_2,-1.0,-0.872387195619601
Llama,mentor,Llama_F3,-0.0146974778148786,0.0204798012354512,0.0972913659626067,unresolved_or_model_specific,,
Llama,mentor,Llama_F4,0.3183668316117908,0.0204798012354512,0.4324834352376062,unresolved_or_model_specific,,
Llama,mentor,Llama_F5,-0.8049857982667993,0.0204798012354512,0.3224350487508002,unresolved_or_model_specific,,
Llama,mentor,Llama_F6,0.7348425513459372,0.0204798012354512,0.1922330700237729,unresolved_or_model_specific,,
Llama,merchant,Llama_F1,0.369267510605896,0.030017626957843,0.1018987430907137,shared_gemma_llama_1,1.0,0.369267510605896
Llama,merchant,Llama_F2,0.1981425969782556,0.030017626957843,0.0758558937584237,shared_all_2,-1.0,-0.1981425969782556
Llama,merchant,Llama_F3,0.042959971000311,0.030017626957843,0.0709978461357646,unresolved_or_model_specific,,
Llama,merchant,Llama_F4,0.3330052270459461,0.030017626957843,0.2695373192262117,unresolved_or_model_specific,,
Llama,merchant,Llama_F5,-0.6970249299530973,0.030017626957843,0.1357598391864449,unresolved_or_model_specific,,
Llama,merchant,Llama_F6,0.3692525368551702,0.030017626957843,0.1094947730293742,unresolved_or_model_specific,,
Llama,minimalist,Llama_F1,0.1478214823401751,0.2226426047911845,0.1237541592034306,shared_gemma_llama_1,1.0,0.1478214823401751
Llama,minimalist,Llama_F2,-0.3466674094972609,0.2226426047911845,0.2207620840057394,shared_all_2,-1.0,0.3466674094972609
Llama,minimalist,Llama_F3,1.3956360019043392,0.2226426047911845,0.1504459540814314,unresolved_or_model_specific,,
Llama,minimalist,Llama_F4,0.6806596650811588,0.2226426047911845,0.2017575296913761,unresolved_or_model_specific,,
Llama,minimalist,Llama_F5,-0.2979695936810938,0.2226426047911845,0.2686506678023406,unresolved_or_model_specific,,
Llama,minimalist,Llama_F6,0.0853485212042869,0.2226426047911845,0.2316360397402612,unresolved_or_model_specific,,
Llama,moderator,Llama_F1,1.275303653655371,0.0458188893899065,0.1716574694707792,shared_gemma_llama_1,1.0,1.275303653655371
Llama,moderator,Llama_F2,0.8576156661322376,0.0458188893899065,0.052644317405543,shared_all_2,-1.0,-0.8576156661322376
Llama,moderator,Llama_F3,-0.1653616071735562,0.0458188893899065,0.1127260123307291,unresolved_or_model_specific,,
Llama,moderator,Llama_F4,0.9182138382230396,0.0458188893899065,0.2527360667784096,unresolved_or_model_specific,,
Llama,moderator,Llama_F5,0.849269980223723,0.0458188893899065,0.2340168597033099,unresolved_or_model_specific,,
Llama,moderator,Llama_F6,0.2740181734347672,0.0458188893899065,0.2820323254088298,unresolved_or_model_specific,,
Llama,musician,Llama_F1,0.4403711291380151,0.0175924420136324,0.0798993134206722,shared_gemma_llama_1,1.0,0.4403711291380151
Llama,musician,Llama_F2,-0.5481583350651196,0.0175924420136324,0.1031157961321772,shared_all_2,-1.0,0.5481583350651196
Llama,musician,Llama_F3,1.1853608749532034,0.0175924420136324,0.0722711057242252,unresolved_or_model_specific,,
Llama,musician,Llama_F4,-0.9218954052841168,0.0175924420136324,0.3439270857883484,unresolved_or_model_specific,,
Llama,musician,Llama_F5,0.280710778358372,0.0175924420136324,0.1851201104275315,unresolved_or_model_specific,,
Llama,musician,Llama_F6,-0.4223736910095781,0.0175924420136324,0.248194607050828,unresolved_or_model_specific,,
Llama,mycorrhizal,Llama_F1,0.4391543303778771,0.0545864941659647,0.2397111671663996,shared_gemma_llama_1,1.0,0.4391543303778771
Llama,mycorrhizal,Llama_F2,-0.9522791964945704,0.0545864941659647,0.17569699630314,shared_all_2,-1.0,0.9522791964945704
Llama,mycorrhizal,Llama_F3,-0.5949269390407161,0.0545864941659647,0.1257893253041584,unresolved_or_model_specific,,
Llama,mycorrhizal,Llama_F4,-1.1543523882723348,0.0545864941659647,0.4194177102136356,unresolved_or_model_specific,,
Llama,mycorrhizal,Llama_F5,0.7771940073611415,0.0545864941659647,0.1438302523905799,unresolved_or_model_specific,,
Llama,mycorrhizal,Llama_F6,-0.1680816465221588,0.0545864941659647,0.1656528294227386,unresolved_or_model_specific,,
Llama,mystic,Llama_F1,0.4348067724826719,0.0494651720085983,0.2321259489502064,shared_gemma_llama_1,1.0,0.4348067724826719
Llama,mystic,Llama_F2,-2.3096805781769754,0.0494651720085983,0.0786076377709568,shared_all_2,-1.0,2.3096805781769754
Llama,mystic,Llama_F3,0.5781403570241659,0.0494651720085983,0.2494846787582758,unresolved_or_model_specific,,
Llama,mystic,Llama_F4,-1.295867719509572,0.0494651720085983,0.5167642451599102,unresolved_or_model_specific,,
Llama,mystic,Llama_F5,0.5236632470261607,0.0494651720085983,0.2862364340571395,unresolved_or_model_specific,,
Llama,mystic,Llama_F6,0.2870232990159255,0.0494651720085983,0.1554756458987772,unresolved_or_model_specific,,
Llama,narcissist,Llama_F1,-3.5133924172378115,0.327811649068569,0.5682277607611582,shared_gemma_llama_1,1.0,-3.5133924172378115
Llama,narcissist,Llama_F2,-0.5769007020335234,0.327811649068569,0.2782904546206896,shared_all_2,-1.0,0.5769007020335234
Llama,narcissist,Llama_F3,0.2769157212033317,0.327811649068569,0.2452746267739891,unresolved_or_model_specific,,
Llama,narcissist,Llama_F4,0.5321464732263184,0.327811649068569,0.5588306175916826,unresolved_or_model_specific,,
Llama,narcissist,Llama_F5,-1.3509073257441373,0.327811649068569,0.6839357513068918,unresolved_or_model_specific,,
Llama,narcissist,Llama_F6,-1.1976322297128046,0.327811649068569,0.4875574519819192,unresolved_or_model_specific,,
Llama,narrator,Llama_F1,-0.2775554482282901,0.0778499508148643,0.0897245342839556,shared_gemma_llama_1,1.0,-0.2775554482282901
Llama,narrator,Llama_F2,-1.7018039595560703,0.0778499508148643,0.0423934964836921,shared_all_2,-1.0,1.7018039595560703
Llama,narrator,Llama_F3,0.6567683965528349,0.0778499508148643,0.1297777099646678,unresolved_or_model_specific,,
Llama,narrator,Llama_F4,-1.210845857900131,0.0778499508148643,0.3697396510296434,unresolved_or_model_specific,,
Llama,narrator,Llama_F5,0.3471995730011992,0.0778499508148643,0.2626131857575761,unresolved_or_model_specific,,
Llama,narrator,Llama_F6,0.3314951662692612,0.0778499508148643,0.1741003380944374,unresolved_or_model_specific,,
Llama,naturalist,Llama_F1,0.6596327260461838,0.0476501425639601,0.2045030894254717,shared_gemma_llama_1,1.0,0.6596327260461838
Llama,naturalist,Llama_F2,-0.2213573447863656,0.0476501425639601,0.064285910835766,shared_all_2,-1.0,0.2213573447863656
Llama,naturalist,Llama_F3,-0.1186362507489623,0.0476501425639601,0.0953318624429691,unresolved_or_model_specific,,
Llama,naturalist,Llama_F4,-0.366508610074036,0.0476501425639601,0.196553607593132,unresolved_or_model_specific,,
Llama,naturalist,Llama_F5,0.5798354415814827,0.0476501425639601,0.1669869869982385,unresolved_or_model_specific,,
Llama,naturalist,Llama_F6,0.4211107894596513,0.0476501425639601,0.1117076403966711,unresolved_or_model_specific,,
Llama,navigator,Llama_F1,0.8077108939555897,0.0151035750412767,0.0600632135047747,shared_gemma_llama_1,1.0,0.8077108939555897
Llama,navigator,Llama_F2,0.4401836134082537,0.0151035750412767,0.0354010979067743,shared_all_2,-1.0,-0.4401836134082537
Llama,navigator,Llama_F3,-0.325537395650388,0.0151035750412767,0.0815327956606419,unresolved_or_model_specific,,
Llama,navigator,Llama_F4,0.1561069632640767,0.0151035750412767,0.251004910693586,unresolved_or_model_specific,,
Llama,navigator,Llama_F5,-0.6910632450937122,0.0151035750412767,0.2656070697000443,unresolved_or_model_specific,,
Llama,navigator,Llama_F6,0.363871010597395,0.0151035750412767,0.1647542124796067,unresolved_or_model_specific,,
Llama,negotiator,Llama_F1,0.999756024649604,0.0094333698504037,0.0708550497322397,shared_gemma_llama_1,1.0,0.999756024649604
Llama,negotiator,Llama_F2,0.712262168543508,0.0094333698504037,0.0286203376216212,shared_all_2,-1.0,-0.712262168543508
Llama,negotiator,Llama_F3,-0.3762926231025741,0.0094333698504037,0.0432458806000049,unresolved_or_model_specific,,
Llama,negotiator,Llama_F4,0.4126716509147706,0.0094333698504037,0.3598684022334633,unresolved_or_model_specific,,
Llama,negotiator,Llama_F5,-0.265230901633166,0.0094333698504037,0.2933711754018319,unresolved_or_model_specific,,
Llama,negotiator,Llama_F6,0.6629718752263886,0.0094333698504037,0.1160371421686379,unresolved_or_model_specific,,
Llama,networker,Llama_F1,0.9935241407105868,0.0205925221963565,0.0493149628460774,shared_gemma_llama_1,1.0,0.9935241407105868
Llama,networker,Llama_F2,0.7251460721135021,0.0205925221963565,0.0399094585102622,shared_all_2,-1.0,-0.7251460721135021
Llama,networker,Llama_F3,0.3974036034325947,0.0205925221963565,0.1018803905152089,unresolved_or_model_specific,,
Llama,networker,Llama_F4,-0.0764466217544413,0.0205925221963565,0.2552477158988379,unresolved_or_model_specific,,
Llama,networker,Llama_F5,-0.5455387499434413,0.0205925221963565,0.273873317365025,unresolved_or_model_specific,,
Llama,networker,Llama_F6,0.3983441644533447,0.0205925221963565,0.2506947734672907,unresolved_or_model_specific,,
Llama,newlywed,Llama_F1,0.7218299002524043,0.0154192659988084,0.1577203323484944,shared_gemma_llama_1,1.0,0.7218299002524043
Llama,newlywed,Llama_F2,0.9791294617782152,0.0154192659988084,0.0607504968035353,shared_all_2,-1.0,-0.9791294617782152
Llama,newlywed,Llama_F3,1.8048755710814837,0.0154192659988084,0.0870198828240565,unresolved_or_model_specific,,
Llama,newlywed,Llama_F4,0.9233748826292756,0.0154192659988084,0.5231934915261717,unresolved_or_model_specific,,
Llama,newlywed,Llama_F5,0.8721599497083965,0.0154192659988084,0.4821173531767407,unresolved_or_model_specific,,
Llama,newlywed,Llama_F6,-0.7764387627933961,0.0154192659988084,0.1706592315217515,unresolved_or_model_specific,,
Llama,nomad,Llama_F1,0.266016794345693,0.0373532651577088,0.0757725495927914,shared_gemma_llama_1,1.0,0.266016794345693
Llama,nomad,Llama_F2,-0.1220820133026799,0.0373532651577088,0.1254629168708817,shared_all_2,-1.0,0.1220820133026799
Llama,nomad,Llama_F3,1.0510793311347917,0.0373532651577088,0.072908682902877,unresolved_or_model_specific,,
Llama,nomad,Llama_F4,-0.8596932223338651,0.0373532651577088,0.2583289638069597,unresolved_or_model_specific,,
Llama,nomad,Llama_F5,0.7215014598866683,0.0373532651577088,0.1146651318667338,unresolved_or_model_specific,,
Llama,nomad,Llama_F6,-0.0862216339692039,0.0373532651577088,0.2580915439619444,unresolved_or_model_specific,,
Llama,novelist,Llama_F1,-0.0064683908478514,0.020252835247829,0.2297801008855954,shared_gemma_llama_1,1.0,-0.0064683908478514
Llama,novelist,Llama_F2,-0.6344441121683386,0.020252835247829,0.0802155673223073,shared_all_2,-1.0,0.6344441121683386
Llama,novelist,Llama_F3,0.2505923728027003,0.020252835247829,0.1301218804681443,unresolved_or_model_specific,,
Llama,novelist,Llama_F4,-0.8439827155759706,0.020252835247829,0.281944902412449,unresolved_or_model_specific,,
Llama,novelist,Llama_F5,0.8791256358164915,0.020252835247829,0.2500587861708256,unresolved_or_model_specific,,
Llama,novelist,Llama_F6,0.6242250850050721,0.020252835247829,0.197535031637425,unresolved_or_model_specific,,
Llama,nutritionist,Llama_F1,1.0021157475646032,0.0162963425457094,0.0415634055244163,shared_gemma_llama_1,1.0,1.0021157475646032
Llama,nutritionist,Llama_F2,0.7750792381438327,0.0162963425457094,0.0668550832427098,shared_all_2,-1.0,-0.7750792381438327
Llama,nutritionist,Llama_F3,-0.3246493940328385,0.0162963425457094,0.0625897564878329,unresolved_or_model_specific,,
Llama,nutritionist,Llama_F4,0.8044187108774484,0.0162963425457094,0.3264315242021439,unresolved_or_model_specific,,
Llama,nutritionist,Llama_F5,-0.4572735035237549,0.0162963425457094,0.2816433489044788,unresolved_or_model_specific,,
Llama,nutritionist,Llama_F6,0.2670736117119245,0.0162963425457094,0.1509792583134439,unresolved_or_model_specific,,
Llama,observer,Llama_F1,0.6059870998068431,0.018131912189287,0.2006081837068391,shared_gemma_llama_1,1.0,0.6059870998068431
Llama,observer,Llama_F2,0.4396439104516823,0.018131912189287,0.0924829280122803,shared_all_2,-1.0,-0.4396439104516823
Llama,observer,Llama_F3,-1.2306106699005568,0.018131912189287,0.1424303915384513,unresolved_or_model_specific,,
Llama,observer,Llama_F4,1.2097374131592855,0.018131912189287,0.3586702593934374,unresolved_or_model_specific,,
Llama,observer,Llama_F5,0.4711041919705253,0.018131912189287,0.200875294642188,unresolved_or_model_specific,,
Llama,observer,Llama_F6,0.5182680750682884,0.018131912189287,0.4187866960781466,unresolved_or_model_specific,,
Llama,optimist,Llama_F1,1.09700055483287,0.0810474393566362,0.1784939117325148,shared_gemma_llama_1,1.0,1.09700055483287
Llama,optimist,Llama_F2,0.132213548631866,0.0810474393566362,0.0744222879298373,shared_all_2,-1.0,-0.132213548631866
Llama,optimist,Llama_F3,2.2409650073551797,0.0810474393566362,0.1299701002615953,unresolved_or_model_specific,,
Llama,optimist,Llama_F4,-0.5476054866973418,0.0810474393566362,0.3314442872221533,unresolved_or_model_specific,,
Llama,optimist,Llama_F5,-0.4033638673734777,0.0810474393566362,0.3043450356291307,unresolved_or_model_specific,,
Llama,optimist,Llama_F6,-0.054675494447052,0.0810474393566362,0.3683430218481333,unresolved_or_model_specific,,
Llama,oracle,Llama_F1,-0.0220963642738514,0.0183710214804289,0.1254443084830049,shared_gemma_llama_1,1.0,-0.0220963642738514
Llama,oracle,Llama_F2,-2.3349742769107245,0.0183710214804289,0.0612472076964549,shared_all_2,-1.0,2.3349742769107245
Llama,oracle,Llama_F3,-0.3742313959909489,0.0183710214804289,0.168376245224099,unresolved_or_model_specific,,
Llama,oracle,Llama_F4,-1.2261201221056797,0.0183710214804289,0.5318737154649053,unresolved_or_model_specific,,
Llama,oracle,Llama_F5,-0.0615577050296626,0.0183710214804289,0.2270332724042749,unresolved_or_model_specific,,
Llama,oracle,Llama_F6,0.0578787339601701,0.0183710214804289,0.1337627111846472,unresolved_or_model_specific,,
Llama,organizer,Llama_F1,0.9604719966949568,0.0164449549052267,0.1494091086051067,shared_gemma_llama_1,1.0,0.9604719966949568
Llama,organizer,Llama_F2,1.0390652589634553,0.0164449549052267,0.0766933298671893,shared_all_2,-1.0,-1.0390652589634553
Llama,organizer,Llama_F3,-0.9408027619218524,0.0164449549052267,0.1743400753829866,unresolved_or_model_specific,,
Llama,organizer,Llama_F4,0.6914962782336977,0.0164449549052267,0.4943611095493808,unresolved_or_model_specific,,
Llama,organizer,Llama_F5,-1.6028777912663672,0.0164449549052267,0.4509461721884872,unresolved_or_model_specific,,
Llama,organizer,Llama_F6,0.4702636242593366,0.0164449549052267,0.2507860268660253,unresolved_or_model_specific,,
Llama,orphan,Llama_F1,-0.1709136615466202,0.0382586024045589,0.195488498680157,shared_gemma_llama_1,1.0,-0.1709136615466202
Llama,orphan,Llama_F2,0.8009474564033681,0.0382586024045589,0.0821823549718016,shared_all_2,-1.0,-0.8009474564033681
Llama,orphan,Llama_F3,2.24185251141482,0.0382586024045589,0.0794252059287514,unresolved_or_model_specific,,
Llama,orphan,Llama_F4,0.548980913730695,0.0382586024045589,0.4809646062514728,unresolved_or_model_specific,,
Llama,orphan,Llama_F5,0.5050727337103553,0.0382586024045589,0.4447040468031859,unresolved_or_model_specific,,
Llama,orphan,Llama_F6,-0.6452066747804475,0.0382586024045589,0.1151488627920349,unresolved_or_model_specific,,
Llama,pacifist,Llama_F1,1.1990575935733314,0.1646970292037976,0.1728532498998769,shared_gemma_llama_1,1.0,1.1990575935733314
Llama,pacifist,Llama_F2,-0.6632349235925827,0.1646970292037976,0.1875951901788549,shared_all_2,-1.0,0.6632349235925827
Llama,pacifist,Llama_F3,1.2165097328204806,0.1646970292037976,0.1947956425666884,unresolved_or_model_specific,,
Llama,pacifist,Llama_F4,0.4070395964999539,0.1646970292037976,0.2668344160943748,unresolved_or_model_specific,,
Llama,pacifist,Llama_F5,0.2609609254494405,0.1646970292037976,0.2882013633097599,unresolved_or_model_specific,,
Llama,pacifist,Llama_F6,0.6029473581999545,0.1646970292037976,0.2339146109997806,unresolved_or_model_specific,,
Llama,paramedic,Llama_F1,0.4810366440172556,0.0134234109521652,0.1590174033354958,shared_gemma_llama_1,1.0,0.4810366440172556
Llama,paramedic,Llama_F2,0.8461777546827771,0.0134234109521652,0.0845958946365475,shared_all_2,-1.0,-0.8461777546827771
Llama,paramedic,Llama_F3,0.189834254941252,0.0134234109521652,0.1176041908985144,unresolved_or_model_specific,,
Llama,paramedic,Llama_F4,0.7353507943746224,0.0134234109521652,0.3354306138235145,unresolved_or_model_specific,,
Llama,paramedic,Llama_F5,-0.7770683052631914,0.0134234109521652,0.206443707381416,unresolved_or_model_specific,,
Llama,paramedic,Llama_F6,0.1061534762383967,0.0134234109521652,0.1164506887421032,unresolved_or_model_specific,,
Llama,parasite,Llama_F1,-0.6475623269288406,0.0437696729393786,0.1109357783657516,shared_gemma_llama_1,1.0,-0.6475623269288406
Llama,parasite,Llama_F2,-0.1978900030855094,0.0437696729393786,0.1273315324202246,shared_all_2,-1.0,0.1978900030855094
Llama,parasite,Llama_F3,-0.7219976441593065,0.0437696729393786,0.087039884963287,unresolved_or_model_specific,,
Llama,parasite,Llama_F4,-0.4120616126048049,0.0437696729393786,0.2887188577361653,unresolved_or_model_specific,,
Llama,parasite,Llama_F5,0.8045132745629678,0.0437696729393786,0.187925438614296,unresolved_or_model_specific,,
Llama,parasite,Llama_F6,-0.2962387420170911,0.0437696729393786,0.1082352134634164,unresolved_or_model_specific,,
Llama,parent,Llama_F1,0.491038007174032,0.0119318727297136,0.1969785667590314,shared_gemma_llama_1,1.0,0.491038007174032
Llama,parent,Llama_F2,1.0117624255276028,0.0119318727297136,0.0743924232394762,shared_all_2,-1.0,-1.0117624255276028
Llama,parent,Llama_F3,1.76859220572912,0.0119318727297136,0.0963400482133613,unresolved_or_model_specific,,
Llama,parent,Llama_F4,0.7611489241970301,0.0119318727297136,0.43726863004054,unresolved_or_model_specific,,
Llama,parent,Llama_F5,0.2021077838206097,0.0119318727297136,0.3481978453944405,unresolved_or_model_specific,,
Llama,parent,Llama_F6,-0.3567143923053646,0.0119318727297136,0.0925591781764316,unresolved_or_model_specific,,
Llama,patient,Llama_F1,0.2071939775078681,0.0144479310826391,0.1397024176947055,shared_gemma_llama_1,1.0,0.2071939775078681
Llama,patient,Llama_F2,0.9501974707854648,0.0144479310826391,0.1302113042664331,shared_all_2,-1.0,-0.9501974707854648
Llama,patient,Llama_F3,1.553820684216281,0.0144479310826391,0.1058228005617567,unresolved_or_model_specific,,
Llama,patient,Llama_F4,1.5808593118932293,0.0144479310826391,0.4816266138149209,unresolved_or_model_specific,,
Llama,patient,Llama_F5,0.9316511364171212,0.0144479310826391,0.4984772909699345,unresolved_or_model_specific,,
Llama,patient,Llama_F6,-0.6937167502499462,0.0144479310826391,0.3632150259716286,unresolved_or_model_specific,,
Llama,peacekeeper,Llama_F1,1.3696468216739424,0.0242970759366154,0.1430370191133014,shared_gemma_llama_1,1.0,1.3696468216739424
Llama,peacekeeper,Llama_F2,0.4260481223481458,0.0242970759366154,0.0646211305751312,shared_all_2,-1.0,-0.4260481223481458
Llama,peacekeeper,Llama_F3,0.1857962193592867,0.0242970759366154,0.0815046361596207,unresolved_or_model_specific,,
Llama,peacekeeper,Llama_F4,0.5196657827275447,0.0242970759366154,0.3339552734558691,unresolved_or_model_specific,,
Llama,peacekeeper,Llama_F5,0.2225064271086126,0.0242970759366154,0.2648905678803347,unresolved_or_model_specific,,
Llama,peacekeeper,Llama_F6,0.6706333329959753,0.0242970759366154,0.1548876990885922,unresolved_or_model_specific,,
Llama,perfectionist,Llama_F1,-0.9991046174147684,0.0596181713051132,0.1101778435880284,shared_gemma_llama_1,1.0,-0.9991046174147684
Llama,perfectionist,Llama_F2,-0.4332191166462429,0.0596181713051132,0.2702578497273293,shared_all_2,-1.0,0.4332191166462429
Llama,perfectionist,Llama_F3,-0.6957703007307343,0.0596181713051132,0.0871123832262194,unresolved_or_model_specific,,
Llama,perfectionist,Llama_F4,0.8469131559179363,0.0596181713051132,0.5351986175803245,unresolved_or_model_specific,,
Llama,perfectionist,Llama_F5,-1.198485972544117,0.0596181713051132,0.258531085388654,unresolved_or_model_specific,,
Llama,perfectionist,Llama_F6,0.8852165795478939,0.0596181713051132,0.3400429996341394,unresolved_or_model_specific,,
Llama,pharmacist,Llama_F1,0.8628397940510165,0.0154009530280514,0.0520054553613108,shared_gemma_llama_1,1.0,0.8628397940510165
Llama,pharmacist,Llama_F2,0.7037228470662618,0.0154009530280514,0.1069899675691066,shared_all_2,-1.0,-0.7037228470662618
Llama,pharmacist,Llama_F3,-0.4578393838776162,0.0154009530280514,0.0629973960448608,unresolved_or_model_specific,,
Llama,pharmacist,Llama_F4,1.060989863078115,0.0154009530280514,0.3861006623427763,unresolved_or_model_specific,,
Llama,pharmacist,Llama_F5,-0.5089628708099699,0.0154009530280514,0.255180033685274,unresolved_or_model_specific,,
Llama,pharmacist,Llama_F6,0.3649147535818267,0.0154009530280514,0.2041749959145973,unresolved_or_model_specific,,
Llama,philosopher,Llama_F1,-0.2351369689091211,0.0732551940191535,0.6058466854927783,shared_gemma_llama_1,1.0,-0.2351369689091211
Llama,philosopher,Llama_F2,-0.7683354045008283,0.0732551940191535,0.0993752850254144,shared_all_2,-1.0,0.7683354045008283
Llama,philosopher,Llama_F3,-0.896872205206068,0.0732551940191535,0.3486040429583393,unresolved_or_model_specific,,
Llama,philosopher,Llama_F4,-0.3768357782153817,0.0732551940191535,0.6009599380689543,unresolved_or_model_specific,,
Llama,philosopher,Llama_F5,2.0269781592364877,0.0732551940191535,0.4809298816810709,unresolved_or_model_specific,,
Llama,philosopher,Llama_F6,1.2718708530371508,0.0732551940191535,0.4236256069295266,unresolved_or_model_specific,,
Llama,photographer,Llama_F1,0.225658085471776,0.0187702822849307,0.0562407720461828,shared_gemma_llama_1,1.0,0.225658085471776
Llama,photographer,Llama_F2,-0.3983570111648332,0.0187702822849307,0.0613295304622638,shared_all_2,-1.0,0.3983570111648332
Llama,photographer,Llama_F3,0.804432169462959,0.0187702822849307,0.0581978851035846,unresolved_or_model_specific,,
Llama,photographer,Llama_F4,-0.6357591771937035,0.0187702822849307,0.1678804502830721,unresolved_or_model_specific,,
Llama,photographer,Llama_F5,0.3919929053904258,0.0187702822849307,0.0929589072706512,unresolved_or_model_specific,,
Llama,photographer,Llama_F6,0.0514796696600092,0.0187702822849307,0.1549666795653587,unresolved_or_model_specific,,
Llama,physicist,Llama_F1,0.2892811438726087,0.0375209758455833,0.1566989084099853,shared_gemma_llama_1,1.0,0.2892811438726087
Llama,physicist,Llama_F2,0.2960144235378038,0.0375209758455833,0.1392373533390001,shared_all_2,-1.0,-0.2960144235378038
Llama,physicist,Llama_F3,-1.1960629359726265,0.0375209758455833,0.045099201067976,unresolved_or_model_specific,,
Llama,physicist,Llama_F4,-0.4053120598830399,0.0375209758455833,0.2098050017602664,unresolved_or_model_specific,,
Llama,physicist,Llama_F5,0.2019070814561551,0.0375209758455833,0.274419596813537,unresolved_or_model_specific,,
Llama,physicist,Llama_F6,0.3181823963913374,0.0375209758455833,0.1340497660491735,unresolved_or_model_specific,,
Llama,pilgrim,Llama_F1,0.5849479195960876,0.039910417991189,0.238204325119765,shared_gemma_llama_1,1.0,0.5849479195960876
Llama,pilgrim,Llama_F2,-2.4115401224259396,0.039910417991189,0.1225946823450437,shared_all_2,-1.0,2.4115401224259396
Llama,pilgrim,Llama_F3,1.1072391644375834,0.039910417991189,0.2987021071311803,unresolved_or_model_specific,,
Llama,pilgrim,Llama_F4,-0.755646521481618,0.039910417991189,0.4617018715414264,unresolved_or_model_specific,,
Llama,pilgrim,Llama_F5,0.9511587816788896,0.039910417991189,0.3755392843707837,unresolved_or_model_specific,,
Llama,pilgrim,Llama_F6,0.2148324057604827,0.039910417991189,0.2503920925106198,unresolved_or_model_specific,,
Llama,pilot,Llama_F1,0.3585127971525045,0.018244384376563,0.2049735919874336,shared_gemma_llama_1,1.0,0.3585127971525045
Llama,pilot,Llama_F2,0.5583767669026535,0.018244384376563,0.1065485233006698,shared_all_2,-1.0,-0.5583767669026535
Llama,pilot,Llama_F3,-0.2520451510832376,0.018244384376563,0.1350591355796735,unresolved_or_model_specific,,
Llama,pilot,Llama_F4,0.7264077850237586,0.018244384376563,0.3331659330782362,unresolved_or_model_specific,,
Llama,pilot,Llama_F5,-1.133054892289799,0.018244384376563,0.2049876040233293,unresolved_or_model_specific,,
Llama,pilot,Llama_F6,0.1004979852947694,0.018244384376563,0.1735442880834874,unresolved_or_model_specific,,
Llama,pirate,Llama_F1,-1.489930980583444,0.1077447919099429,0.6748190087801661,shared_gemma_llama_1,1.0,-1.489930980583444
Llama,pirate,Llama_F2,0.1997273826887408,0.1077447919099429,0.1018163172365124,shared_all_2,-1.0,-0.1997273826887408
Llama,pirate,Llama_F3,0.4833812304895803,0.1077447919099429,0.3465265115367308,unresolved_or_model_specific,,
Llama,pirate,Llama_F4,-0.0823799723095256,0.1077447919099429,0.8189638780120624,unresolved_or_model_specific,,
Llama,pirate,Llama_F5,-1.5915711775031542,0.1077447919099429,0.553644473031108,unresolved_or_model_specific,,
Llama,pirate,Llama_F6,-2.1526438444082197,0.1077447919099429,0.3872110432007178,unresolved_or_model_specific,,
Llama,planner,Llama_F1,0.8935696126193124,0.0180783661471417,0.1477818824271925,shared_gemma_llama_1,1.0,0.8935696126193124
Llama,planner,Llama_F2,1.164220054178852,0.0180783661471417,0.0600383967897735,shared_all_2,-1.0,-1.164220054178852
Llama,planner,Llama_F3,-1.0604155772665045,0.0180783661471417,0.1917456569257607,unresolved_or_model_specific,,
Llama,planner,Llama_F4,0.6035060214550036,0.0180783661471417,0.4986000843260314,unresolved_or_model_specific,,
Llama,planner,Llama_F5,-1.60184787711089,0.0180783661471417,0.469603947006655,unresolved_or_model_specific,,
Llama,planner,Llama_F6,0.5035709421760716,0.0180783661471417,0.2690278411019586,unresolved_or_model_specific,,
Llama,playwright,Llama_F1,0.1197823921982371,0.0117027266750531,0.0783081262633119,shared_gemma_llama_1,1.0,0.1197823921982371
Llama,playwright,Llama_F2,-0.0888472505214048,0.0117027266750531,0.0891380463026506,shared_all_2,-1.0,0.0888472505214048
Llama,playwright,Llama_F3,0.417861813591726,0.0117027266750531,0.046124336111632,unresolved_or_model_specific,,
Llama,playwright,Llama_F4,-0.788165010091785,0.0117027266750531,0.1365694593671318,unresolved_or_model_specific,,
Llama,playwright,Llama_F5,0.2147791148896564,0.0117027266750531,0.1361914044922492,unresolved_or_model_specific,,
Llama,playwright,Llama_F6,0.3373210183814075,0.0117027266750531,0.2551517070498849,unresolved_or_model_specific,,
Llama,podcaster,Llama_F1,0.3773107492613837,0.0370418880371481,0.2769732031433709,shared_gemma_llama_1,1.0,0.3773107492613837
Llama,podcaster,Llama_F2,0.5031975181595679,0.0370418880371481,0.1476882772024809,shared_all_2,-1.0,-0.5031975181595679
Llama,podcaster,Llama_F3,1.16698961632954,0.0370418880371481,0.1586634672001803,unresolved_or_model_specific,,
Llama,podcaster,Llama_F4,-0.2963786271178817,0.0370418880371481,0.3232212733645258,unresolved_or_model_specific,,
Llama,podcaster,Llama_F5,1.985064772520892,0.0370418880371481,0.1906611206339317,unresolved_or_model_specific,,
Llama,podcaster,Llama_F6,0.229524514636059,0.0370418880371481,0.3189873459754133,unresolved_or_model_specific,,
Llama,poet,Llama_F1,-0.1993514367640378,0.0659562507056562,0.0866503335951213,shared_gemma_llama_1,1.0,-0.1993514367640378
Llama,poet,Llama_F2,-2.488526340115066,0.0659562507056562,0.1144464510567976,shared_all_2,-1.0,2.488526340115066
Llama,poet,Llama_F3,0.227571584037859,0.0659562507056562,0.1493232393834006,unresolved_or_model_specific,,
Llama,poet,Llama_F4,-1.9232370100094005,0.0659562507056562,0.6761966725019382,unresolved_or_model_specific,,
Llama,poet,Llama_F5,-0.1737886755264883,0.0659562507056562,0.2006173321837469,unresolved_or_model_specific,,
Llama,poet,Llama_F6,-0.592053190097327,0.0659562507056562,0.2821650750703613,unresolved_or_model_specific,,
Llama,polymath,Llama_F1,0.6773841252691797,0.0283079449981652,0.2955798903306406,shared_gemma_llama_1,1.0,0.6773841252691797
Llama,polymath,Llama_F2,0.4861559151129456,0.0283079449981652,0.2002811692434186,shared_all_2,-1.0,-0.4861559151129456
Llama,polymath,Llama_F3,-1.3164225309624296,0.0283079449981652,0.0602536042482971,unresolved_or_model_specific,,
Llama,polymath,Llama_F4,-0.8971160562035958,0.0283079449981652,0.4029138226799058,unresolved_or_model_specific,,
Llama,polymath,Llama_F5,0.1558998994458213,0.0283079449981652,0.5027104748045097,unresolved_or_model_specific,,
Llama,polymath,Llama_F6,0.9227233924189574,0.0283079449981652,0.317183780607254,unresolved_or_model_specific,,
Llama,pragmatist,Llama_F1,0.0315490267169243,0.0455022117387661,0.117402523716323,shared_gemma_llama_1,1.0,0.0315490267169243
Llama,pragmatist,Llama_F2,1.1486919257832866,0.0455022117387661,0.070428131343534,shared_all_2,-1.0,-1.1486919257832866
Llama,pragmatist,Llama_F3,-0.5216616618594339,0.0455022117387661,0.1186893571255844,unresolved_or_model_specific,,
Llama,pragmatist,Llama_F4,0.914858737814209,0.0455022117387661,0.3553470129954532,unresolved_or_model_specific,,
Llama,pragmatist,Llama_F5,-0.6626876614325412,0.0455022117387661,0.1891885827507462,unresolved_or_model_specific,,
Llama,pragmatist,Llama_F6,0.2261945110616371,0.0455022117387661,0.1315529010314626,unresolved_or_model_specific,,
Llama,predator,Llama_F1,-0.8777455779219369,0.050190462565336,0.1384919052845315,shared_gemma_llama_1,1.0,-0.8777455779219369
Llama,predator,Llama_F2,-0.6039849896891711,0.050190462565336,0.0818571521062942,shared_all_2,-1.0,0.6039849896891711
Llama,predator,Llama_F3,-0.8346357258716248,0.050190462565336,0.0687425218253594,unresolved_or_model_specific,,
Llama,predator,Llama_F4,0.1713590464630124,0.050190462565336,0.177800912758983,unresolved_or_model_specific,,
Llama,predator,Llama_F5,-0.5923662674228624,0.050190462565336,0.1455677262105636,unresolved_or_model_specific,,
Llama,predator,Llama_F6,-0.2930221681960705,0.050190462565336,0.2199388067114037,unresolved_or_model_specific,,
Llama,presenter,Llama_F1,0.9409451933582406,0.0068645468480513,0.07493025954032,shared_gemma_llama_1,1.0,0.9409451933582406
Llama,presenter,Llama_F2,0.7957749822265336,0.0068645468480513,0.027894762958653,shared_all_2,-1.0,-0.7957749822265336
Llama,presenter,Llama_F3,0.2412425252359169,0.0068645468480513,0.1039491763757505,unresolved_or_model_specific,,
Llama,presenter,Llama_F4,0.2253906973794482,0.0068645468480513,0.3129213817289556,unresolved_or_model_specific,,
Llama,presenter,Llama_F5,-0.7101478816571546,0.0068645468480513,0.2774959579911964,unresolved_or_model_specific,,
Llama,presenter,Llama_F6,0.4003439076748,0.0068645468480513,0.1967671210646571,unresolved_or_model_specific,,
Llama,prey,Llama_F1,-0.8041315520009558,0.0741870181862229,0.2549367458124452,shared_gemma_llama_1,1.0,-0.8041315520009558
Llama,prey,Llama_F2,0.2046427533307241,0.0741870181862229,0.0753589320984197,shared_all_2,-1.0,-0.2046427533307241
Llama,prey,Llama_F3,-0.1551599941482859,0.0741870181862229,0.1344079624213586,unresolved_or_model_specific,,
Llama,prey,Llama_F4,1.1224317646705764,0.0741870181862229,0.5392080338181292,unresolved_or_model_specific,,
Llama,prey,Llama_F5,0.4351941376440694,0.0741870181862229,0.4904927615796185,unresolved_or_model_specific,,
Llama,prey,Llama_F6,-1.504129974643326,0.0741870181862229,0.3802841573336546,unresolved_or_model_specific,,
Llama,prisoner,Llama_F1,-1.5341772851136326,0.0956980288054788,0.4868408296233971,shared_gemma_llama_1,1.0,-1.5341772851136326
Llama,prisoner,Llama_F2,0.9296107087258496,0.0956980288054788,0.1411959920175981,shared_all_2,-1.0,-0.9296107087258496
Llama,prisoner,Llama_F3,1.837595697814178,0.0956980288054788,0.1983697895480635,unresolved_or_model_specific,,
Llama,prisoner,Llama_F4,0.9248038382746436,0.0956980288054788,0.7353744739943647,unresolved_or_model_specific,,
Llama,prisoner,Llama_F5,-0.4545855778228089,0.0956980288054788,0.6629587091041564,unresolved_or_model_specific,,
Llama,prisoner,Llama_F6,-1.5883347838329394,0.0956980288054788,0.1876686916115538,unresolved_or_model_specific,,
Llama,procrastinator,Llama_F1,-1.6668613326501116,0.1112155273062641,0.5955830628995831,shared_gemma_llama_1,1.0,-1.6668613326501116
Llama,procrastinator,Llama_F2,1.4465473228160326,0.1112155273062641,0.1315841048625941,shared_all_2,-1.0,-1.4465473228160326
Llama,procrastinator,Llama_F3,0.2819385866921278,0.1112155273062641,0.326637533013459,unresolved_or_model_specific,,
Llama,procrastinator,Llama_F4,2.352587214849197,0.1112155273062641,1.6027294341424796,unresolved_or_model_specific,,
Llama,procrastinator,Llama_F5,1.5225001421008373,0.1112155273062641,1.2465311711834308,unresolved_or_model_specific,,
Llama,procrastinator,Llama_F6,-4.08801731042928,0.1112155273062641,0.7109521722797367,unresolved_or_model_specific,,
Llama,prodigy,Llama_F1,0.3949422608134119,0.0202710500106606,0.1727775507687824,shared_gemma_llama_1,1.0,0.3949422608134119
Llama,prodigy,Llama_F2,0.2595188457862382,0.0202710500106606,0.1159129558751513,shared_all_2,-1.0,-0.2595188457862382
Llama,prodigy,Llama_F3,-0.9190507136133584,0.0202710500106606,0.0569096527957062,unresolved_or_model_specific,,
Llama,prodigy,Llama_F4,-0.7189713264358669,0.0202710500106606,0.3388257773484324,unresolved_or_model_specific,,
Llama,prodigy,Llama_F5,-0.2273615471025047,0.0202710500106606,0.4141702615763228,unresolved_or_model_specific,,
Llama,prodigy,Llama_F6,0.8565780765517613,0.0202710500106606,0.2552629723824847,unresolved_or_model_specific,,
Llama,producer,Llama_F1,0.681501134625109,0.0059689451440473,0.1145353124824159,shared_gemma_llama_1,1.0,0.681501134625109
Llama,producer,Llama_F2,0.8550645632578868,0.0059689451440473,0.0367639220306138,shared_all_2,-1.0,-0.8550645632578868
Llama,producer,Llama_F3,-0.1589966391513912,0.0059689451440473,0.1444729089156162,unresolved_or_model_specific,,
Llama,producer,Llama_F4,0.2315612112122962,0.0059689451440473,0.3669863625730789,unresolved_or_model_specific,,
Llama,producer,Llama_F5,-1.1134125520714484,0.0059689451440473,0.3066378933904751,unresolved_or_model_specific,,
Llama,producer,Llama_F6,0.4708669958010241,0.0059689451440473,0.2323429697808033,unresolved_or_model_specific,,
Llama,programmer,Llama_F1,0.5376381143847769,0.0112817564278527,0.0717832539865857,shared_gemma_llama_1,1.0,0.5376381143847769
Llama,programmer,Llama_F2,0.9871920790595626,0.0112817564278527,0.101406829343561,shared_all_2,-1.0,-0.9871920790595626
Llama,programmer,Llama_F3,-0.6119798028112391,0.0112817564278527,0.1562446565345586,unresolved_or_model_specific,,
Llama,programmer,Llama_F4,-0.2267011625559422,0.0112817564278527,0.2276898988229236,unresolved_or_model_specific,,
Llama,programmer,Llama_F5,-0.8278594251355823,0.0112817564278527,0.3356712356670356,unresolved_or_model_specific,,
Llama,programmer,Llama_F6,0.2966558674420312,0.0112817564278527,0.3140466757849829,unresolved_or_model_specific,,
Llama,proofreader,Llama_F1,0.4239979547553814,0.0237700213878945,0.0832626696665208,shared_gemma_llama_1,1.0,0.4239979547553814
Llama,proofreader,Llama_F2,0.164141390554573,0.0237700213878945,0.2436692646997329,shared_all_2,-1.0,-0.164141390554573
Llama,proofreader,Llama_F3,-0.6570154832678274,0.0237700213878945,0.0845350576828029,unresolved_or_model_specific,,
Llama,proofreader,Llama_F4,1.6789051258047851,0.0237700213878945,0.4142932921477644,unresolved_or_model_specific,,
Llama,proofreader,Llama_F5,-0.6518722019807307,0.0237700213878945,0.190870026616626,unresolved_or_model_specific,,
Llama,proofreader,Llama_F6,0.3165199955420757,0.0237700213878945,0.4669362037285726,unresolved_or_model_specific,,
Llama,prophet,Llama_F1,-0.8433876781231072,0.0291271994186033,0.0771188999321964,shared_gemma_llama_1,1.0,-0.8433876781231072
Llama,prophet,Llama_F2,-2.2793428649013534,0.0291271994186033,0.1763913394728821,shared_all_2,-1.0,2.2793428649013534
Llama,prophet,Llama_F3,0.0979889059194332,0.0291271994186033,0.1713593127904068,unresolved_or_model_specific,,
Llama,prophet,Llama_F4,-0.6621751040714565,0.0291271994186033,0.4800893711787476,unresolved_or_model_specific,,
Llama,prophet,Llama_F5,-0.503590665996361,0.0291271994186033,0.3430963578675395,unresolved_or_model_specific,,
Llama,prophet,Llama_F6,0.5608398683908339,0.0291271994186033,0.2198047390336031,unresolved_or_model_specific,,
Llama,provincial,Llama_F1,-0.9065744952852014,0.1148759456185134,0.4919557495263901,shared_gemma_llama_1,1.0,-0.9065744952852014
Llama,provincial,Llama_F2,0.1725298757861653,0.1148759456185134,0.2141947505440101,shared_all_2,-1.0,-0.1725298757861653
Llama,provincial,Llama_F3,1.7262142824554303,0.1148759456185134,0.1532401878537213,unresolved_or_model_specific,,
Llama,provincial,Llama_F4,1.4810235444592366,0.1148759456185134,0.7579221035326982,unresolved_or_model_specific,,
Llama,provincial,Llama_F5,-0.1710169472234833,0.1148759456185134,0.775922469712909,unresolved_or_model_specific,,
Llama,provincial,Llama_F6,-1.795682347523564,0.1148759456185134,0.3760396766917547,unresolved_or_model_specific,,
Llama,provocateur,Llama_F1,-3.3199997385137627,0.0576077526658146,0.2311976122258305,shared_gemma_llama_1,1.0,-3.3199997385137627
Llama,provocateur,Llama_F2,0.0430964022070026,0.0576077526658146,0.3736581669258793,shared_all_2,-1.0,-0.0430964022070026
Llama,provocateur,Llama_F3,0.5980470854186272,0.0576077526658146,0.1094442083078278,unresolved_or_model_specific,,
Llama,provocateur,Llama_F4,-2.7023491116537897,0.0576077526658146,0.5117699322468726,unresolved_or_model_specific,,
Llama,provocateur,Llama_F5,0.7356336150330238,0.0576077526658146,0.868185290266493,unresolved_or_model_specific,,
Llama,provocateur,Llama_F6,0.1950736413888091,0.0576077526658146,0.8571500197482351,unresolved_or_model_specific,,
Llama,psychologist,Llama_F1,0.7704872204538947,0.0380653879013641,0.2132396181701058,shared_gemma_llama_1,1.0,0.7704872204538947
Llama,psychologist,Llama_F2,1.002133133585033,0.0380653879013641,0.0895501639533835,shared_all_2,-1.0,-1.002133133585033
Llama,psychologist,Llama_F3,-1.1337396419622048,0.0380653879013641,0.0578241168479766,unresolved_or_model_specific,,
Llama,psychologist,Llama_F4,0.2425455831716838,0.0380653879013641,0.3854150973904131,unresolved_or_model_specific,,
Llama,psychologist,Llama_F5,0.2492187976863299,0.0380653879013641,0.3565956740563435,unresolved_or_model_specific,,
Llama,psychologist,Llama_F6,0.7410184697295746,0.0380653879013641,0.1559025777735956,unresolved_or_model_specific,,
Llama,publisher,Llama_F1,0.7306241226629876,0.0064208588327811,0.065386031113964,shared_gemma_llama_1,1.0,0.7306241226629876
Llama,publisher,Llama_F2,0.7393535477724986,0.0064208588327811,0.075129846714796,shared_all_2,-1.0,-0.7393535477724986
Llama,publisher,Llama_F3,-0.2607372570450435,0.0064208588327811,0.0977308351621432,unresolved_or_model_specific,,
Llama,publisher,Llama_F4,0.5445478282842426,0.0064208588327811,0.4168371160231156,unresolved_or_model_specific,,
Llama,publisher,Llama_F5,-0.9231351823878432,0.0064208588327811,0.2911027502237248,unresolved_or_model_specific,,
Llama,publisher,Llama_F6,0.604451642729145,0.0064208588327811,0.1354148758545437,unresolved_or_model_specific,,
Llama,purist,Llama_F1,-1.8822942458931056,0.079260960295368,0.0931279433710113,shared_gemma_llama_1,1.0,-1.8822942458931056
Llama,purist,Llama_F2,-1.9858044622647624,0.079260960295368,0.5265925018713483,shared_all_2,-1.0,1.9858044622647624
Llama,purist,Llama_F3,-0.0541321422597604,0.079260960295368,0.2833995616534543,unresolved_or_model_specific,,
Llama,purist,Llama_F4,1.742696208587652,0.079260960295368,0.5647537682240953,unresolved_or_model_specific,,
Llama,purist,Llama_F5,-0.3818623912408578,0.079260960295368,0.5233725427387406,unresolved_or_model_specific,,
Llama,purist,Llama_F6,0.8499968227577152,0.079260960295368,0.8664014291049373,unresolved_or_model_specific,,
Llama,realist,Llama_F1,-0.8301197479715079,0.0851151633954765,0.1000534572886398,shared_gemma_llama_1,1.0,-0.8301197479715079
Llama,realist,Llama_F2,0.8317693889452934,0.0851151633954765,0.1578239861431166,shared_all_2,-1.0,-0.8317693889452934
Llama,realist,Llama_F3,-0.6543246889956925,0.0851151633954765,0.097628513464552,unresolved_or_model_specific,,
Llama,realist,Llama_F4,1.094941102470696,0.0851151633954765,0.4494111792265527,unresolved_or_model_specific,,
Llama,realist,Llama_F5,-0.4123264440538015,0.0851151633954765,0.2245335287647963,unresolved_or_model_specific,,
Llama,realist,Llama_F6,0.6687359338144545,0.0851151633954765,0.261392975317844,unresolved_or_model_specific,,
Llama,rebel,Llama_F1,-2.64755145468029,0.1435373411713823,0.1370824492553403,shared_gemma_llama_1,1.0,-2.64755145468029
Llama,rebel,Llama_F2,0.3018919400258329,0.1435373411713823,0.2740528455916359,shared_all_2,-1.0,-0.3018919400258329
Llama,rebel,Llama_F3,1.318578798715401,0.1435373411713823,0.1294443850488323,unresolved_or_model_specific,,
Llama,rebel,Llama_F4,-2.0302617368593925,0.1435373411713823,0.3379505969692449,unresolved_or_model_specific,,
Llama,rebel,Llama_F5,0.1289520039531195,0.1435373411713823,0.6454104400007262,unresolved_or_model_specific,,
Llama,rebel,Llama_F6,0.1434962762593238,0.1435373411713823,0.7317264262859936,unresolved_or_model_specific,,
Llama,recruiter,Llama_F1,0.8193449739107174,0.0118279567909596,0.0950087760839545,shared_gemma_llama_1,1.0,0.8193449739107174
Llama,recruiter,Llama_F2,0.8741746964461881,0.0118279567909596,0.0512290295687156,shared_all_2,-1.0,-0.8741746964461881
Llama,recruiter,Llama_F3,-0.083996270493424,0.0118279567909596,0.1182222093373431,unresolved_or_model_specific,,
Llama,recruiter,Llama_F4,0.4401832706663753,0.0118279567909596,0.3856154945064595,unresolved_or_model_specific,,
Llama,recruiter,Llama_F5,-0.927811246715394,0.0118279567909596,0.3010226889898931,unresolved_or_model_specific,,
Llama,recruiter,Llama_F6,0.50584632151713,0.0118279567909596,0.1743341827654293,unresolved_or_model_specific,,
Llama,refugee,Llama_F1,0.2510549469058046,0.0281205957416346,0.0701615149625479,shared_gemma_llama_1,1.0,0.2510549469058046
Llama,refugee,Llama_F2,0.355529779853412,0.0281205957416346,0.1424008096343425,shared_all_2,-1.0,-0.355529779853412
Llama,refugee,Llama_F3,1.5179490563724,0.0281205957416346,0.0757046955502722,unresolved_or_model_specific,,
Llama,refugee,Llama_F4,0.9728469061277812,0.0281205957416346,0.2727246728842242,unresolved_or_model_specific,,
Llama,refugee,Llama_F5,0.4823531204225053,0.0281205957416346,0.3343897986234596,unresolved_or_model_specific,,
Llama,refugee,Llama_F6,-0.1892971563952364,0.0281205957416346,0.2282613606517059,unresolved_or_model_specific,,
Llama,reporter,Llama_F1,0.3221450681512404,0.0092686091473726,0.0515658963305342,shared_gemma_llama_1,1.0,0.3221450681512404
Llama,reporter,Llama_F2,0.6040934900208281,0.0092686091473726,0.0989806582518061,shared_all_2,-1.0,-0.6040934900208281
Llama,reporter,Llama_F3,0.0237930669021624,0.0092686091473726,0.0666433474270121,unresolved_or_model_specific,,
Llama,reporter,Llama_F4,0.6022830503697065,0.0092686091473726,0.3715696191455369,unresolved_or_model_specific,,
Llama,reporter,Llama_F5,-0.6354876215703243,0.0092686091473726,0.1699881360446052,unresolved_or_model_specific,,
Llama,reporter,Llama_F6,0.5761291803399002,0.0092686091473726,0.0847528114180584,unresolved_or_model_specific,,
Llama,researcher,Llama_F1,0.697134482724804,0.0187017085322515,0.1141912423823533,shared_gemma_llama_1,1.0,0.697134482724804
Llama,researcher,Llama_F2,1.0017093010656417,0.0187017085322515,0.0469012170255488,shared_all_2,-1.0,-1.0017093010656417
Llama,researcher,Llama_F3,-1.535167428403028,0.0187017085322515,0.0779352507590467,unresolved_or_model_specific,,
Llama,researcher,Llama_F4,0.4536706837487805,0.0187017085322515,0.4600518614720412,unresolved_or_model_specific,,
Llama,researcher,Llama_F5,-0.5454521244821151,0.0187017085322515,0.4369658759150473,unresolved_or_model_specific,,
Llama,researcher,Llama_F6,0.7504024840544985,0.0187017085322515,0.1266363898651866,unresolved_or_model_specific,,
Llama,retiree,Llama_F1,0.194936703422234,0.0250299587954617,0.1315533999646935,shared_gemma_llama_1,1.0,0.194936703422234
Llama,retiree,Llama_F2,0.5776127376139408,0.0250299587954617,0.0497372583635437,shared_all_2,-1.0,-0.5776127376139408
Llama,retiree,Llama_F3,1.8069279474195197,0.0250299587954617,0.061822893820592,unresolved_or_model_specific,,
Llama,retiree,Llama_F4,0.2797656742166423,0.0250299587954617,0.3590717398891752,unresolved_or_model_specific,,
Llama,retiree,Llama_F5,0.5564727249420431,0.0250299587954617,0.2941844758301445,unresolved_or_model_specific,,
Llama,retiree,Llama_F6,-0.283677639533206,0.0250299587954617,0.1258584484399204,unresolved_or_model_specific,,
Llama,revenant,Llama_F1,-1.008386881348769,0.0378147836915185,0.0682400672260925,shared_gemma_llama_1,1.0,-1.008386881348769
Llama,revenant,Llama_F2,-1.8693393352968444,0.0378147836915185,0.1524248913162953,shared_all_2,-1.0,1.8693393352968444
Llama,revenant,Llama_F3,-0.4610761270423043,0.0378147836915185,0.1739588921032924,unresolved_or_model_specific,,
Llama,revenant,Llama_F4,0.0463910264396941,0.0378147836915185,0.370659570073499,unresolved_or_model_specific,,
Llama,revenant,Llama_F5,0.1579966373083942,0.0378147836915185,0.3284339818837447,unresolved_or_model_specific,,
Llama,revenant,Llama_F6,0.0475801647882061,0.0378147836915185,0.3821956103632825,unresolved_or_model_specific,,
Llama,reviewer,Llama_F1,0.5742427935945191,0.0102158498338192,0.0608880839728575,shared_gemma_llama_1,1.0,0.5742427935945191
Llama,reviewer,Llama_F2,0.8811257336410417,0.0102158498338192,0.0700700226322949,shared_all_2,-1.0,-0.8811257336410417
Llama,reviewer,Llama_F3,-1.334022143372632,0.0102158498338192,0.0850204075548095,unresolved_or_model_specific,,
Llama,reviewer,Llama_F4,0.7506771402254593,0.0102158498338192,0.5324581623643013,unresolved_or_model_specific,,
Llama,reviewer,Llama_F5,-0.8853120982634045,0.0102158498338192,0.396139422949011,unresolved_or_model_specific,,
Llama,reviewer,Llama_F6,0.8298551032908188,0.0102158498338192,0.1454171047341112,unresolved_or_model_specific,,
Llama,revolutionary,Llama_F1,-1.635613998879461,0.283064146080484,0.2132580366607439,shared_gemma_llama_1,1.0,-1.635613998879461
Llama,revolutionary,Llama_F2,-0.3459163819752849,0.283064146080484,0.1948352007108439,shared_all_2,-1.0,0.3459163819752849
Llama,revolutionary,Llama_F3,0.8663162131776304,0.283064146080484,0.1603839389858925,unresolved_or_model_specific,,
Llama,revolutionary,Llama_F4,-1.300725480460268,0.283064146080484,0.2812179644832462,unresolved_or_model_specific,,
Llama,revolutionary,Llama_F5,-0.5036542767637272,0.283064146080484,0.4719003430497178,unresolved_or_model_specific,,
Llama,revolutionary,Llama_F6,0.7865596116941607,0.283064146080484,0.448639157010622,unresolved_or_model_specific,,
Llama,robot,Llama_F1,-0.0342395944806817,0.0588683549876989,0.1399658655192389,shared_gemma_llama_1,1.0,-0.0342395944806817
Llama,robot,Llama_F2,0.3975302073265209,0.0588683549876989,0.0965534636635214,shared_all_2,-1.0,-0.3975302073265209
Llama,robot,Llama_F3,-2.877502717971199,0.0588683549876989,0.1822255878435774,unresolved_or_model_specific,,
Llama,robot,Llama_F4,0.6165085877135055,0.0588683549876989,0.4139265966083107,unresolved_or_model_specific,,
Llama,robot,Llama_F5,-1.936281242954389,0.0588683549876989,0.4545991857727481,unresolved_or_model_specific,,
Llama,robot,Llama_F6,-0.0774166771107209,0.0588683549876989,0.3419098140052667,unresolved_or_model_specific,,
Llama,rogue,Llama_F1,-1.658687377567544,0.0949248680114,0.1134149915601005,shared_gemma_llama_1,1.0,-1.658687377567544
Llama,rogue,Llama_F2,0.0932283971298758,0.0949248680114,0.2165212832210595,shared_all_2,-1.0,-0.0932283971298758
Llama,rogue,Llama_F3,-0.0067703609896466,0.0949248680114,0.1121133899124629,unresolved_or_model_specific,,
Llama,rogue,Llama_F4,-0.9611605253719752,0.0949248680114,0.4925170993876405,unresolved_or_model_specific,,
Llama,rogue,Llama_F5,0.781183167097878,0.0949248680114,0.4061024659219521,unresolved_or_model_specific,,
Llama,rogue,Llama_F6,-0.748847704043501,0.0949248680114,0.2964340283186455,unresolved_or_model_specific,,
Llama,romantic,Llama_F1,0.4023889784897969,0.0325515902918819,0.12004613722868,shared_gemma_llama_1,1.0,0.4023889784897969
Llama,romantic,Llama_F2,-1.8701705333403944,0.0325515902918819,0.0824759097391618,shared_all_2,-1.0,1.8701705333403944
Llama,romantic,Llama_F3,2.16393750142608,0.0325515902918819,0.1995662235806235,unresolved_or_model_specific,,
Llama,romantic,Llama_F4,-1.1659757573999758,0.0325515902918819,0.4065642909692864,unresolved_or_model_specific,,
Llama,romantic,Llama_F5,0.6841405914136367,0.0325515902918819,0.3542989476691552,unresolved_or_model_specific,,
Llama,romantic,Llama_F6,0.0970765330460244,0.0325515902918819,0.2143577583432397,unresolved_or_model_specific,,
Llama,saboteur,Llama_F1,-0.9238963337585204,0.0357895860380454,0.1478059700720548,shared_gemma_llama_1,1.0,-0.9238963337585204
Llama,saboteur,Llama_F2,0.2400357013599575,0.0357895860380454,0.1206883606309593,shared_all_2,-1.0,-0.2400357013599575
Llama,saboteur,Llama_F3,-0.9690587730224732,0.0357895860380454,0.0700607971953673,unresolved_or_model_specific,,
Llama,saboteur,Llama_F4,-0.3691871170857996,0.0357895860380454,0.1929495840237463,unresolved_or_model_specific,,
Llama,saboteur,Llama_F5,0.4431101125572091,0.0357895860380454,0.3067242375997206,unresolved_or_model_specific,,
Llama,saboteur,Llama_F6,0.1937899839920273,0.0357895860380454,0.1478311904717559,unresolved_or_model_specific,,
Llama,sage,Llama_F1,0.4892372558263619,0.019784951172984,0.3132826504074978,shared_gemma_llama_1,1.0,0.4892372558263619
Llama,sage,Llama_F2,-1.845923419078252,0.019784951172984,0.1071589098197617,shared_all_2,-1.0,1.845923419078252
Llama,sage,Llama_F3,0.451445254652665,0.019784951172984,0.2820128090292128,unresolved_or_model_specific,,
Llama,sage,Llama_F4,-0.5678485099316913,0.019784951172984,0.4580831963888319,unresolved_or_model_specific,,
Llama,sage,Llama_F5,0.8498514809805029,0.019784951172984,0.3172802855453264,unresolved_or_model_specific,,
Llama,sage,Llama_F6,0.8934214683954651,0.019784951172984,0.2152059619064664,unresolved_or_model_specific,,
Llama,scheduler,Llama_F1,0.8095709525761968,0.0145016565768888,0.1866551117794186,shared_gemma_llama_1,1.0,0.8095709525761968
Llama,scheduler,Llama_F2,0.9011549901031464,0.0145016565768888,0.0748761083982665,shared_all_2,-1.0,-0.9011549901031464
Llama,scheduler,Llama_F3,-0.6487024029109812,0.0145016565768888,0.1682550211262244,unresolved_or_model_specific,,
Llama,scheduler,Llama_F4,0.6757285138496245,0.0145016565768888,0.3986133515734948,unresolved_or_model_specific,,
Llama,scheduler,Llama_F5,-1.3842103779572918,0.0145016565768888,0.3616999120939218,unresolved_or_model_specific,,
Llama,scheduler,Llama_F6,0.2470569085674863,0.0145016565768888,0.2310289343932578,unresolved_or_model_specific,,
Llama,scholar,Llama_F1,0.1793555428088838,0.0532372573974578,0.3741271749017054,shared_gemma_llama_1,1.0,0.1793555428088838
Llama,scholar,Llama_F2,-0.1161138624047869,0.0532372573974578,0.051760520648468,shared_all_2,-1.0,0.1161138624047869
Llama,scholar,Llama_F3,-1.5572653346350325,0.0532372573974578,0.1715253157495635,unresolved_or_model_specific,,
Llama,scholar,Llama_F4,0.3030467160542071,0.0532372573974578,0.5342965891383894,unresolved_or_model_specific,,
Llama,scholar,Llama_F5,0.6395595732066299,0.0532372573974578,0.3993855303171669,unresolved_or_model_specific,,
Llama,scholar,Llama_F6,1.1599833593825155,0.0532372573974578,0.2765710281930658,unresolved_or_model_specific,,
Llama,scientist,Llama_F1,0.4402495026064224,0.0215005489199049,0.1417257792951068,shared_gemma_llama_1,1.0,0.4402495026064224
Llama,scientist,Llama_F2,0.908392227775768,0.0215005489199049,0.0668387416334896,shared_all_2,-1.0,-0.908392227775768
Llama,scientist,Llama_F3,-1.7250137413185085,0.0215005489199049,0.0740699459861378,unresolved_or_model_specific,,
Llama,scientist,Llama_F4,0.4150925761788519,0.0215005489199049,0.3961809674467964,unresolved_or_model_specific,,
Llama,scientist,Llama_F5,-0.1970806350238397,0.0215005489199049,0.3907644735814099,unresolved_or_model_specific,,
Llama,scientist,Llama_F6,0.6300376073079832,0.0215005489199049,0.1223165849742481,unresolved_or_model_specific,,
Llama,scout,Llama_F1,0.36451104947348,0.0200545104508795,0.0577886148276729,shared_gemma_llama_1,1.0,0.36451104947348
Llama,scout,Llama_F2,0.5216302161197923,0.0200545104508795,0.0225768106929116,shared_all_2,-1.0,-0.5216302161197923
Llama,scout,Llama_F3,-0.3184633510536677,0.0200545104508795,0.0847148148680639,unresolved_or_model_specific,,
Llama,scout,Llama_F4,0.080905030700416,0.0200545104508795,0.2330746854800068,unresolved_or_model_specific,,
Llama,scout,Llama_F5,-0.5933683222452757,0.0200545104508795,0.2065330800002836,unresolved_or_model_specific,,
Llama,scout,Llama_F6,0.3809899302647376,0.0200545104508795,0.1562549685980506,unresolved_or_model_specific,,
Llama,screener,Llama_F1,0.650375641024439,0.0071825718901754,0.0771727798577663,shared_gemma_llama_1,1.0,0.650375641024439
Llama,screener,Llama_F2,0.7828205585170702,0.0071825718901754,0.150049958770582,shared_all_2,-1.0,-0.7828205585170702
Llama,screener,Llama_F3,-1.035061948380259,0.0071825718901754,0.091315407014576,unresolved_or_model_specific,,
Llama,screener,Llama_F4,1.3332688304122735,0.0071825718901754,0.4837390593626184,unresolved_or_model_specific,,
Llama,screener,Llama_F5,-0.9693450438816856,0.0071825718901754,0.2988361545960519,unresolved_or_model_specific,,
Llama,screener,Llama_F6,0.474082740846289,0.0071825718901754,0.2878661197001362,unresolved_or_model_specific,,
Llama,secretary,Llama_F1,0.7716005868864483,0.0175482611059662,0.2411967140973917,shared_gemma_llama_1,1.0,0.7716005868864483
Llama,secretary,Llama_F2,0.6830148205565656,0.0175482611059662,0.2346517309057598,shared_all_2,-1.0,-0.6830148205565656
Llama,secretary,Llama_F3,-0.6357785294053141,0.0175482611059662,0.1381764123642247,unresolved_or_model_specific,,
Llama,secretary,Llama_F4,1.7509147148548674,0.0175482611059662,0.5172604248096087,unresolved_or_model_specific,,
Llama,secretary,Llama_F5,-1.4204908630699555,0.0175482611059662,0.3462831893996475,unresolved_or_model_specific,,
Llama,secretary,Llama_F6,0.1110981793421387,0.0175482611059662,0.396963582549305,unresolved_or_model_specific,,
Llama,shaman,Llama_F1,0.7411402721997613,0.0809195491120426,0.1285597552243708,shared_gemma_llama_1,1.0,0.7411402721997613
Llama,shaman,Llama_F2,-1.8470160462663667,0.0809195491120426,0.1068295140999999,shared_all_2,-1.0,1.8470160462663667
Llama,shaman,Llama_F3,0.9331130163016482,0.0809195491120426,0.1965522922333299,unresolved_or_model_specific,,
Llama,shaman,Llama_F4,-0.6368095524797498,0.0809195491120426,0.3387390661699709,unresolved_or_model_specific,,
Llama,shaman,Llama_F5,0.2497955401639986,0.0809195491120426,0.2934462579804968,unresolved_or_model_specific,,
Llama,shaman,Llama_F6,-0.0760790808500568,0.0809195491120426,0.1698652090004892,unresolved_or_model_specific,,
Llama,shapeshifter,Llama_F1,0.5453131196462274,0.0147460355859386,0.1122333466041454,shared_gemma_llama_1,1.0,0.5453131196462274
Llama,shapeshifter,Llama_F2,-0.3575569199545056,0.0147460355859386,0.1418941714516261,shared_all_2,-1.0,0.3575569199545056
Llama,shapeshifter,Llama_F3,0.1287054544128406,0.0147460355859386,0.059716944641356,unresolved_or_model_specific,,
Llama,shapeshifter,Llama_F4,-0.8128436806627448,0.0147460355859386,0.2368636024704931,unresolved_or_model_specific,,
Llama,shapeshifter,Llama_F5,0.6077755999177042,0.0147460355859386,0.0767210416207778,unresolved_or_model_specific,,
Llama,shapeshifter,Llama_F6,-0.0612376433280247,0.0147460355859386,0.185353429956211,unresolved_or_model_specific,,
Llama,simulacrum,Llama_F1,-1.0019894077548126,0.0387476395247412,0.6642361051692209,shared_gemma_llama_1,1.0,-1.0019894077548126
Llama,simulacrum,Llama_F2,-0.7757497207813028,0.0387476395247412,0.2334348175333407,shared_all_2,-1.0,0.7757497207813028
Llama,simulacrum,Llama_F3,-1.0222441292245046,0.0387476395247412,0.3853955783300455,unresolved_or_model_specific,,
Llama,simulacrum,Llama_F4,-0.8410567606895432,0.0387476395247412,0.7218076596581031,unresolved_or_model_specific,,
Llama,simulacrum,Llama_F5,3.134194688198695,0.0387476395247412,0.5472853053773087,unresolved_or_model_specific,,
Llama,simulacrum,Llama_F6,0.3867762396928457,0.0387476395247412,0.5158787168542684,unresolved_or_model_specific,,
Llama,skeptic,Llama_F1,-0.7155382233371081,0.0466495728209266,0.4232447763947869,shared_gemma_llama_1,1.0,-0.7155382233371081
Llama,skeptic,Llama_F2,0.8696659278697938,0.0466495728209266,0.1194082375195519,shared_all_2,-1.0,-0.8696659278697938
Llama,skeptic,Llama_F3,-1.5805819205178897,0.0466495728209266,0.2280603067013092,unresolved_or_model_specific,,
Llama,skeptic,Llama_F4,0.5840082239114289,0.0466495728209266,0.4377515924688108,unresolved_or_model_specific,,
Llama,skeptic,Llama_F5,1.8057009946863545,0.0466495728209266,0.389323108230874,unresolved_or_model_specific,,
Llama,skeptic,Llama_F6,0.6898566265336236,0.0466495728209266,0.4201566669251899,unresolved_or_model_specific,,
Llama,smuggler,Llama_F1,-1.747786546072347,0.0880317668351957,0.3618128898510009,shared_gemma_llama_1,1.0,-1.747786546072347
Llama,smuggler,Llama_F2,0.766062717399372,0.0880317668351957,0.1004351046133798,shared_all_2,-1.0,-0.766062717399372
Llama,smuggler,Llama_F3,0.3688535180232805,0.0880317668351957,0.190925660914981,unresolved_or_model_specific,,
Llama,smuggler,Llama_F4,0.3677131150019179,0.0880317668351957,0.6579433939116396,unresolved_or_model_specific,,
Llama,smuggler,Llama_F5,0.1406887654177357,0.0880317668351957,0.5267073397438375,unresolved_or_model_specific,,
Llama,smuggler,Llama_F6,-1.5806441413681125,0.0880317668351957,0.150107463039116,unresolved_or_model_specific,,
Llama,sociologist,Llama_F1,0.674898103411407,0.0552117524340354,0.3280555983136813,shared_gemma_llama_1,1.0,0.674898103411407
Llama,sociologist,Llama_F2,0.9495222857720568,0.0552117524340354,0.1018251253278071,shared_all_2,-1.0,-0.9495222857720568
Llama,sociologist,Llama_F3,-0.9486477890233928,0.0552117524340354,0.0868308357747471,unresolved_or_model_specific,,
Llama,sociologist,Llama_F4,0.142806636490735,0.0552117524340354,0.3926842317015722,unresolved_or_model_specific,,
Llama,sociologist,Llama_F5,0.679376699604135,0.0552117524340354,0.3312439625445034,unresolved_or_model_specific,,
Llama,sociologist,Llama_F6,0.8116240875770072,0.0552117524340354,0.1962821995494914,unresolved_or_model_specific,,
Llama,soldier,Llama_F1,-1.2842288064742484,0.0374854739796389,0.4679062552879246,shared_gemma_llama_1,1.0,-1.2842288064742484
Llama,soldier,Llama_F2,0.1288965787886238,0.0374854739796389,0.2966624972572269,shared_all_2,-1.0,-0.1288965787886238
Llama,soldier,Llama_F3,0.0417190635306654,0.0374854739796389,0.2206463080752939,unresolved_or_model_specific,,
Llama,soldier,Llama_F4,1.100889590625894,0.0374854739796389,0.4849210359070535,unresolved_or_model_specific,,
Llama,soldier,Llama_F5,-2.3122813015455153,0.0374854739796389,0.2225253382652825,unresolved_or_model_specific,,
Llama,soldier,Llama_F6,-0.2663489200485001,0.0374854739796389,0.3827261994142224,unresolved_or_model_specific,,
Llama,sommelier,Llama_F1,0.3942006561032773,0.0617478910981473,0.0388850880528317,shared_gemma_llama_1,1.0,0.3942006561032773
Llama,sommelier,Llama_F2,-0.3136252011565605,0.0617478910981473,0.0475199026628021,shared_all_2,-1.0,0.3136252011565605
Llama,sommelier,Llama_F3,-0.2025347864900268,0.0617478910981473,0.0429002324182968,unresolved_or_model_specific,,
Llama,sommelier,Llama_F4,0.0325784797804598,0.0617478910981473,0.0969997440650117,unresolved_or_model_specific,,
Llama,sommelier,Llama_F5,0.253997788323848,0.0617478910981473,0.0941244952664963,unresolved_or_model_specific,,
Llama,sommelier,Llama_F6,-0.1157756751335187,0.0617478910981473,0.0940861571336657,unresolved_or_model_specific,,
Llama,specialist,Llama_F1,0.4192095731878408,0.0184332921025503,0.1466158611000725,shared_gemma_llama_1,1.0,0.4192095731878408
Llama,specialist,Llama_F2,0.645550598898379,0.0184332921025503,0.0617054765801116,shared_all_2,-1.0,-0.645550598898379
Llama,specialist,Llama_F3,-1.5043126348697753,0.0184332921025503,0.0619717676428935,unresolved_or_model_specific,,
Llama,specialist,Llama_F4,0.0136587840245385,0.0184332921025503,0.4424544215286976,unresolved_or_model_specific,,
Llama,specialist,Llama_F5,-0.5108501617685042,0.0184332921025503,0.4482567953472465,unresolved_or_model_specific,,
Llama,specialist,Llama_F6,0.8919943350248856,0.0184332921025503,0.124344273751214,unresolved_or_model_specific,,
Llama,spirit,Llama_F1,0.4779981577544234,0.0230360013128864,0.2151666381092691,shared_gemma_llama_1,1.0,0.4779981577544234
Llama,spirit,Llama_F2,-2.196932433640431,0.0230360013128864,0.0831430035377483,shared_all_2,-1.0,2.196932433640431
Llama,spirit,Llama_F3,0.1388169923811622,0.0230360013128864,0.2304687366655173,unresolved_or_model_specific,,
Llama,spirit,Llama_F4,-1.0055706991679922,0.0230360013128864,0.4918714732683661,unresolved_or_model_specific,,
Llama,spirit,Llama_F5,0.2228710865105577,0.0230360013128864,0.2677327857828419,unresolved_or_model_specific,,
Llama,spirit,Llama_F6,0.4803868747312911,0.0230360013128864,0.1291812789894472,unresolved_or_model_specific,,
Llama,spy,Llama_F1,-0.843283684437425,0.0434321696684618,0.092879226977285,shared_gemma_llama_1,1.0,-0.843283684437425
Llama,spy,Llama_F2,0.2030986048770433,0.0434321696684618,0.0474164505542216,shared_all_2,-1.0,-0.2030986048770433
Llama,spy,Llama_F3,-0.8654369036981457,0.0434321696684618,0.0824457383224821,unresolved_or_model_specific,,
Llama,spy,Llama_F4,0.1964325991237641,0.0434321696684618,0.113423569087391,unresolved_or_model_specific,,
Llama,spy,Llama_F5,-0.4041389541005004,0.0434321696684618,0.1813733561827881,unresolved_or_model_specific,,
Llama,spy,Llama_F6,-0.0035455666914313,0.0434321696684618,0.1234903312123099,unresolved_or_model_specific,,
Llama,statistician,Llama_F1,0.3803269484647604,0.0381907081950281,0.0567809318278514,shared_gemma_llama_1,1.0,0.3803269484647604
Llama,statistician,Llama_F2,1.1322822949432594,0.0381907081950281,0.1379606159413013,shared_all_2,-1.0,-1.1322822949432594
Llama,statistician,Llama_F3,-1.6275028763072523,0.0381907081950281,0.1472642039480381,unresolved_or_model_specific,,
Llama,statistician,Llama_F4,0.0540124604698611,0.0381907081950281,0.2508984826309879,unresolved_or_model_specific,,
Llama,statistician,Llama_F5,-0.4524095040131952,0.0381907081950281,0.3862925971589856,unresolved_or_model_specific,,
Llama,statistician,Llama_F6,0.2399445618264789,0.0381907081950281,0.2008898692909782,unresolved_or_model_specific,,
Llama,stoic,Llama_F1,-0.8648950417856406,0.1679963051899736,0.1266935490366221,shared_gemma_llama_1,1.0,-0.8648950417856406
Llama,stoic,Llama_F2,-2.210584904184427,0.1679963051899736,0.477016813784012,shared_all_2,-1.0,2.210584904184427
Llama,stoic,Llama_F3,-0.6220757208367114,0.1679963051899736,0.3563072084922788,unresolved_or_model_specific,,
Llama,stoic,Llama_F4,1.8101960501416563,0.1679963051899736,0.5867191147802655,unresolved_or_model_specific,,
Llama,stoic,Llama_F5,-0.1579801806282686,0.1679963051899736,0.4072873421129688,unresolved_or_model_specific,,
Llama,stoic,Llama_F6,0.70624684138046,0.1679963051899736,0.962547821109524,unresolved_or_model_specific,,
Llama,strategist,Llama_F1,0.8032797039120575,0.0166879227429068,0.0495345162328307,shared_gemma_llama_1,1.0,0.8032797039120575
Llama,strategist,Llama_F2,1.0344732705842403,0.0166879227429068,0.0535931877452974,shared_all_2,-1.0,-1.0344732705842403
Llama,strategist,Llama_F3,-1.2428487845023328,0.0166879227429068,0.1601484869779295,unresolved_or_model_specific,,
Llama,strategist,Llama_F4,0.0335606093206904,0.0166879227429068,0.4660562402989344,unresolved_or_model_specific,,
Llama,strategist,Llama_F5,-1.3579291963713918,0.0166879227429068,0.5149079525989761,unresolved_or_model_specific,,
Llama,strategist,Llama_F6,0.7406327528276012,0.0166879227429068,0.3009674905040466,unresolved_or_model_specific,,
Llama,student,Llama_F1,0.5624319384872607,0.0262232316830925,0.055248582721362,shared_gemma_llama_1,1.0,0.5624319384872607
Llama,student,Llama_F2,1.08054531561245,0.0262232316830925,0.0475185207620202,shared_all_2,-1.0,-1.08054531561245
Llama,student,Llama_F3,0.6212611918380274,0.0262232316830925,0.1126704531568435,unresolved_or_model_specific,,
Llama,student,Llama_F4,1.2798325424344188,0.0262232316830925,0.3520251377715978,unresolved_or_model_specific,,
Llama,student,Llama_F5,1.1356313450396844,0.0262232316830925,0.2948429270788018,unresolved_or_model_specific,,
Llama,student,Llama_F6,-0.3569218662637452,0.0262232316830925,0.3384557341620678,unresolved_or_model_specific,,
Llama,summarizer,Llama_F1,0.9274930478182564,0.1002571742279833,0.2239491021710191,shared_gemma_llama_1,1.0,0.9274930478182564
Llama,summarizer,Llama_F2,0.8032120659949034,0.1002571742279833,0.247658520553535,shared_all_2,-1.0,-0.8032120659949034
Llama,summarizer,Llama_F3,-0.9972083826718376,0.1002571742279833,0.1741509449058696,unresolved_or_model_specific,,
Llama,summarizer,Llama_F4,1.5770025647239785,0.1002571742279833,0.6110892404418279,unresolved_or_model_specific,,
Llama,summarizer,Llama_F5,-2.1824565108089313,0.1002571742279833,0.4819183770525133,unresolved_or_model_specific,,
Llama,summarizer,Llama_F6,0.2849505696395057,0.1002571742279833,0.3999807391185299,unresolved_or_model_specific,,
Llama,supervisor,Llama_F1,0.804287332717895,0.0071462894701631,0.1775264580456442,shared_gemma_llama_1,1.0,0.804287332717895
Llama,supervisor,Llama_F2,0.8534930505944925,0.0071462894701631,0.1749022507432028,shared_all_2,-1.0,-0.8534930505944925
Llama,supervisor,Llama_F3,-0.4115565867246102,0.0071462894701631,0.1388297671972416,unresolved_or_model_specific,,
Llama,supervisor,Llama_F4,1.1945405347922629,0.0071462894701631,0.5565675044734419,unresolved_or_model_specific,,
Llama,supervisor,Llama_F5,-1.473460161794484,0.0071462894701631,0.337110796989852,unresolved_or_model_specific,,
Llama,supervisor,Llama_F6,0.5245329677037799,0.0071462894701631,0.2335514366482018,unresolved_or_model_specific,,
Llama,surfer,Llama_F1,-0.348126262934531,0.1060020837594778,0.5073312649589881,shared_gemma_llama_1,1.0,-0.348126262934531
Llama,surfer,Llama_F2,0.3879351751681821,0.1060020837594778,0.1407343616011534,shared_all_2,-1.0,-0.3879351751681821
Llama,surfer,Llama_F3,1.9711979875473016,0.1060020837594778,0.2660584775396972,unresolved_or_model_specific,,
Llama,surfer,Llama_F4,-0.6950501733309561,0.1060020837594778,0.9785193987633072,unresolved_or_model_specific,,
Llama,surfer,Llama_F5,-0.4521236168498939,0.1060020837594778,0.6390536744095558,unresolved_or_model_specific,,
Llama,surfer,Llama_F6,-2.2199513825258435,0.1060020837594778,0.4007710758463797,unresolved_or_model_specific,,
Llama,survivor,Llama_F1,0.1307267329233431,0.017190659013837,0.078731664097933,shared_gemma_llama_1,1.0,0.1307267329233431
Llama,survivor,Llama_F2,-0.0307195734923193,0.017190659013837,0.0815993976909767,shared_all_2,-1.0,0.0307195734923193
Llama,survivor,Llama_F3,1.815597674633454,0.017190659013837,0.0873467779979159,unresolved_or_model_specific,,
Llama,survivor,Llama_F4,-0.5198288991638332,0.017190659013837,0.240677241382838,unresolved_or_model_specific,,
Llama,survivor,Llama_F5,-0.3575856185903024,0.017190659013837,0.1213661635085488,unresolved_or_model_specific,,
Llama,survivor,Llama_F6,0.5303821090268106,0.017190659013837,0.3124837092755455,unresolved_or_model_specific,,
Llama,swarm,Llama_F1,0.4358935511500467,0.0525539706755515,0.2358786668782826,shared_gemma_llama_1,1.0,0.4358935511500467
Llama,swarm,Llama_F2,-0.7739850796975761,0.0525539706755515,0.0872524809554505,shared_all_2,-1.0,0.7739850796975761
Llama,swarm,Llama_F3,-1.2467435248815697,0.0525539706755515,0.108149424803029,unresolved_or_model_specific,,
Llama,swarm,Llama_F4,-0.6397304674584223,0.0525539706755515,0.3511853270975557,unresolved_or_model_specific,,
Llama,swarm,Llama_F5,0.1352721961048038,0.0525539706755515,0.2657724603634419,unresolved_or_model_specific,,
Llama,swarm,Llama_F6,0.3359151740812039,0.0525539706755515,0.0928495008506362,unresolved_or_model_specific,,
Llama,symbiont,Llama_F1,1.0238799683454896,0.0434506636443444,0.1696139100939752,shared_gemma_llama_1,1.0,1.0238799683454896
Llama,symbiont,Llama_F2,-0.0966610666057999,0.0434506636443444,0.0942222110012442,shared_all_2,-1.0,0.0966610666057999
Llama,symbiont,Llama_F3,-0.2302041626380766,0.0434506636443444,0.0608116441968186,unresolved_or_model_specific,,
Llama,symbiont,Llama_F4,-0.5633169037320079,0.0434506636443444,0.1829773451692895,unresolved_or_model_specific,,
Llama,symbiont,Llama_F5,0.1165794094122025,0.0434506636443444,0.2471488903290557,unresolved_or_model_specific,,
Llama,symbiont,Llama_F6,0.4133106712704023,0.0434506636443444,0.1796867580058174,unresolved_or_model_specific,,
Llama,synthesizer,Llama_F1,0.9351722904970432,0.0124514487262909,0.2394726668002159,shared_gemma_llama_1,1.0,0.9351722904970432
Llama,synthesizer,Llama_F2,0.4919063351672295,0.0124514487262909,0.1848972210388126,shared_all_2,-1.0,-0.4919063351672295
Llama,synthesizer,Llama_F3,-0.9698799561153464,0.0124514487262909,0.0489949159072984,unresolved_or_model_specific,,
Llama,synthesizer,Llama_F4,-0.8137967809892199,0.0124514487262909,0.3120161709859252,unresolved_or_model_specific,,
Llama,synthesizer,Llama_F5,0.0722254208728553,0.0124514487262909,0.4327178404491,unresolved_or_model_specific,,
Llama,synthesizer,Llama_F6,0.711469341797642,0.0124514487262909,0.3115918531296206,unresolved_or_model_specific,,
Llama,teacher,Llama_F1,1.0337952940843496,0.0119282400469999,0.0424056756045557,shared_gemma_llama_1,1.0,1.0337952940843496
Llama,teacher,Llama_F2,1.0204381248234553,0.0119282400469999,0.0259498963053051,shared_all_2,-1.0,-1.0204381248234553
Llama,teacher,Llama_F3,-0.2979278906395897,0.0119282400469999,0.0619604412412824,unresolved_or_model_specific,,
Llama,teacher,Llama_F4,0.5040748106115666,0.0119282400469999,0.3456625214915343,unresolved_or_model_specific,,
Llama,teacher,Llama_F5,-0.2210364020505464,0.0119282400469999,0.294305319790868,unresolved_or_model_specific,,
Llama,teacher,Llama_F6,0.5160403955173459,0.0119282400469999,0.1276247637050221,unresolved_or_model_specific,,
Llama,technologist,Llama_F1,0.5826525975248814,0.023724917861587,0.0301814901063893,shared_gemma_llama_1,1.0,0.5826525975248814
Llama,technologist,Llama_F2,0.9270007918363852,0.023724917861587,0.1586345095124607,shared_all_2,-1.0,-0.9270007918363852
Llama,technologist,Llama_F3,-0.5426945852192034,0.023724917861587,0.1624416388550688,unresolved_or_model_specific,,
Llama,technologist,Llama_F4,-0.8163558824256102,0.023724917861587,0.2128794224177803,unresolved_or_model_specific,,
Llama,technologist,Llama_F5,-0.8383411978307419,0.023724917861587,0.4207876591283725,unresolved_or_model_specific,,
Llama,technologist,Llama_F6,0.4893093365736997,0.023724917861587,0.452122203343364,unresolved_or_model_specific,,
Llama,teenager,Llama_F1,-0.8083545850791204,0.0891438838588923,0.5543897329024967,shared_gemma_llama_1,1.0,-0.8083545850791204
Llama,teenager,Llama_F2,2.059883528849498,0.0891438838588923,0.1082397286525277,shared_all_2,-1.0,-2.059883528849498
Llama,teenager,Llama_F3,2.3070837075383865,0.0891438838588923,0.2729982479944557,unresolved_or_model_specific,,
Llama,teenager,Llama_F4,1.4183032778838447,0.0891438838588923,1.4118119670530913,unresolved_or_model_specific,,
Llama,teenager,Llama_F5,1.0303577006258546,0.0891438838588923,1.0960752857271785,unresolved_or_model_specific,,
Llama,teenager,Llama_F6,-3.1761291497962976,0.0891438838588923,0.1991576997323653,unresolved_or_model_specific,,
Llama,theorist,Llama_F1,0.4948711523497686,0.0363188134348445,0.320899752926245,shared_gemma_llama_1,1.0,0.4948711523497686
Llama,theorist,Llama_F2,0.3649996934763591,0.0363188134348445,0.1910836793808582,shared_all_2,-1.0,-0.3649996934763591
Llama,theorist,Llama_F3,-1.7200069870035049,0.0363188134348445,0.0550710063648514,unresolved_or_model_specific,,
Llama,theorist,Llama_F4,-0.8168456520930657,0.0363188134348445,0.4261288729259086,unresolved_or_model_specific,,
Llama,theorist,Llama_F5,0.1641580119648985,0.0363188134348445,0.5145091901951131,unresolved_or_model_specific,,
Llama,theorist,Llama_F6,0.8859487500797677,0.0363188134348445,0.242472081874725,unresolved_or_model_specific,,
Llama,therapist,Llama_F1,1.3007819680696016,0.0283085881361647,0.259309287855269,shared_gemma_llama_1,1.0,1.3007819680696016
Llama,therapist,Llama_F2,0.7287394928315752,0.0283085881361647,0.0664706578229768,shared_all_2,-1.0,-0.7287394928315752
Llama,therapist,Llama_F3,0.1864652070252281,0.0283085881361647,0.1508268103757955,unresolved_or_model_specific,,
Llama,therapist,Llama_F4,0.5515889605758958,0.0283085881361647,0.2950347141609153,unresolved_or_model_specific,,
Llama,therapist,Llama_F5,1.189730693055156,0.0283085881361647,0.2033621142924642,unresolved_or_model_specific,,
Llama,therapist,Llama_F6,0.5775651320313119,0.0283085881361647,0.2727827704202278,unresolved_or_model_specific,,
Llama,toddler,Llama_F1,-0.817998734964701,0.147177290462309,1.173595291778334,shared_gemma_llama_1,1.0,-0.817998734964701
Llama,toddler,Llama_F2,0.8548474833524823,0.147177290462309,0.1434193661308633,shared_all_2,-1.0,-0.8548474833524823
Llama,toddler,Llama_F3,0.4340173740994104,0.147177290462309,0.5238970516459086,unresolved_or_model_specific,,
Llama,toddler,Llama_F4,1.629374169730265,0.147177290462309,1.9728700765454352,unresolved_or_model_specific,,
Llama,toddler,Llama_F5,-2.1248021862679516,0.147177290462309,1.5476203448304915,unresolved_or_model_specific,,
Llama,toddler,Llama_F6,-5.623752582975857,0.147177290462309,0.7368931395472385,unresolved_or_model_specific,,
Llama,traditionalist,Llama_F1,-0.7696718737393902,0.1746685446158993,0.0959276614647541,shared_gemma_llama_1,1.0,-0.7696718737393902
Llama,traditionalist,Llama_F2,-1.6791723351333785,0.1746685446158993,0.5578678921591177,shared_all_2,-1.0,1.6791723351333785
Llama,traditionalist,Llama_F3,0.2245969462734203,0.1746685446158993,0.3234589670409419,unresolved_or_model_specific,,
Llama,traditionalist,Llama_F4,2.694968899806016,0.1746685446158993,0.4789426076738355,unresolved_or_model_specific,,
Llama,traditionalist,Llama_F5,0.3427009692394966,0.1746685446158993,0.5216927284520296,unresolved_or_model_specific,,
Llama,traditionalist,Llama_F6,0.4890070188468358,0.1746685446158993,1.055060514631175,unresolved_or_model_specific,,
Llama,trainer,Llama_F1,0.9384273742774534,0.0189158692531125,0.1593935261421676,shared_gemma_llama_1,1.0,0.9384273742774534
Llama,trainer,Llama_F2,1.0651643856945567,0.0189158692531125,0.0566655090771684,shared_all_2,-1.0,-1.0651643856945567
Llama,trainer,Llama_F3,-0.6202920154528431,0.0189158692531125,0.1784944483568356,unresolved_or_model_specific,,
Llama,trainer,Llama_F4,0.5264532005696257,0.0189158692531125,0.4670486224124796,unresolved_or_model_specific,,
Llama,trainer,Llama_F5,-1.498669189779859,0.0189158692531125,0.4190564933980344,unresolved_or_model_specific,,
Llama,trainer,Llama_F6,0.472596112065213,0.0189158692531125,0.2614855921172136,unresolved_or_model_specific,,
Llama,translator,Llama_F1,0.7875124303304235,0.0231866887098957,0.2062996244677109,shared_gemma_llama_1,1.0,0.7875124303304235
Llama,translator,Llama_F2,0.2755386119826334,0.0231866887098957,0.0407925508476189,shared_all_2,-1.0,-0.2755386119826334
Llama,translator,Llama_F3,-0.4043137047779528,0.0231866887098957,0.0859124124012718,unresolved_or_model_specific,,
Llama,translator,Llama_F4,0.2007188971181631,0.0231866887098957,0.2403937365527343,unresolved_or_model_specific,,
Llama,translator,Llama_F5,0.5587497841006455,0.0231866887098957,0.1871071840259195,unresolved_or_model_specific,,
Llama,translator,Llama_F6,0.5305516841818801,0.0231866887098957,0.1497323165787833,unresolved_or_model_specific,,
Llama,tree,Llama_F1,0.1353860078899709,0.0501489797462678,0.1242796526609051,shared_gemma_llama_1,1.0,0.1353860078899709
Llama,tree,Llama_F2,-1.794120855709817,0.0501489797462678,0.0773248090900212,shared_all_2,-1.0,1.794120855709817
Llama,tree,Llama_F3,-0.3534911091623187,0.0501489797462678,0.1661219970886238,unresolved_or_model_specific,,
Llama,tree,Llama_F4,-0.4942157346896842,0.0501489797462678,0.441649534944449,unresolved_or_model_specific,,
Llama,tree,Llama_F5,0.6176817973178976,0.0501489797462678,0.2331793261738803,unresolved_or_model_specific,,
Llama,tree,Llama_F6,-0.4547063741448165,0.0501489797462678,0.244743540580886,unresolved_or_model_specific,,
Llama,trickster,Llama_F1,-1.076086218539183,0.0715313179506251,0.1535151773073927,shared_gemma_llama_1,1.0,-1.076086218539183
Llama,trickster,Llama_F2,-0.3493904330815841,0.0715313179506251,0.4484997262939337,shared_all_2,-1.0,0.3493904330815841
Llama,trickster,Llama_F3,0.624796486056866,0.0715313179506251,0.1427233822811088,unresolved_or_model_specific,,
Llama,trickster,Llama_F4,-2.8039489329898446,0.0715313179506251,0.7940185501849987,unresolved_or_model_specific,,
Llama,trickster,Llama_F5,1.4826073917418188,0.0715313179506251,0.4004223941661279,unresolved_or_model_specific,,
Llama,trickster,Llama_F6,-0.6455938795544311,0.0715313179506251,0.7558565677622451,unresolved_or_model_specific,,
Llama,tulpa,Llama_F1,0.3811395024514707,0.0188256839188944,0.2643181657454312,shared_gemma_llama_1,1.0,0.3811395024514707
Llama,tulpa,Llama_F2,-0.0239368897770956,0.0188256839188944,0.1303999595264444,shared_all_2,-1.0,0.0239368897770956
Llama,tulpa,Llama_F3,0.0333288004555683,0.0188256839188944,0.1594792663604277,unresolved_or_model_specific,,
Llama,tulpa,Llama_F4,-0.2935920388614137,0.0188256839188944,0.2664741112809683,unresolved_or_model_specific,,
Llama,tulpa,Llama_F5,1.5629511544808636,0.0188256839188944,0.1401390972333805,unresolved_or_model_specific,,
Llama,tulpa,Llama_F6,0.2544436505905276,0.0188256839188944,0.2210141454604235,unresolved_or_model_specific,,
Llama,tutor,Llama_F1,0.944553672742752,0.0222202366213055,0.0282133449356559,shared_gemma_llama_1,1.0,0.944553672742752
Llama,tutor,Llama_F2,1.132633916434202,0.0222202366213055,0.0359894979238633,shared_all_2,-1.0,-1.132633916434202
Llama,tutor,Llama_F3,-0.3828591525654489,0.0222202366213055,0.0767472970490487,unresolved_or_model_specific,,
Llama,tutor,Llama_F4,0.5965244162893387,0.0222202366213055,0.3135094394357093,unresolved_or_model_specific,,
Llama,tutor,Llama_F5,-0.1431203851823654,0.0222202366213055,0.2741719939067999,unresolved_or_model_specific,,
Llama,tutor,Llama_F6,0.3523934148542049,0.0222202366213055,0.1283425174122738,unresolved_or_model_specific,,
Llama,validator,Llama_F1,0.4478959679464919,0.0138504466625448,0.0687180170628709,shared_gemma_llama_1,1.0,0.4478959679464919
Llama,validator,Llama_F2,0.7859392568930058,0.0138504466625448,0.100915454603103,shared_all_2,-1.0,-0.7859392568930058
Llama,validator,Llama_F3,-1.5450616104881407,0.0138504466625448,0.0772778371983873,unresolved_or_model_specific,,
Llama,validator,Llama_F4,1.1362038894221964,0.0138504466625448,0.4997562679463733,unresolved_or_model_specific,,
Llama,validator,Llama_F5,-0.6083803553237973,0.0138504466625448,0.3255045677867905,unresolved_or_model_specific,,
Llama,validator,Llama_F6,0.6554347806726868,0.0138504466625448,0.2591984405647902,unresolved_or_model_specific,,
Llama,vampire,Llama_F1,-1.7663966725011198,0.0641101851816337,0.071420543172691,shared_gemma_llama_1,1.0,-1.7663966725011198
Llama,vampire,Llama_F2,-1.6364022998044148,0.0641101851816337,0.0764068443322178,shared_all_2,-1.0,1.6364022998044148
Llama,vampire,Llama_F3,-0.9001928669314642,0.0641101851816337,0.1345785219166128,unresolved_or_model_specific,,
Llama,vampire,Llama_F4,-0.217156031343801,0.0641101851816337,0.4057497682767678,unresolved_or_model_specific,,
Llama,vampire,Llama_F5,0.2528257776113792,0.0641101851816337,0.4214914914875101,unresolved_or_model_specific,,
Llama,vampire,Llama_F6,-0.3383418966618081,0.0641101851816337,0.3276910868153416,unresolved_or_model_specific,,
Llama,vegan,Llama_F1,0.7714246507217465,0.1787067148733065,0.1155477991258126,shared_gemma_llama_1,1.0,0.7714246507217465
Llama,vegan,Llama_F2,0.179772766371486,0.1787067148733065,0.0920526480963783,shared_all_2,-1.0,-0.179772766371486
Llama,vegan,Llama_F3,1.5688885242222108,0.1787067148733065,0.1060448173252109,unresolved_or_model_specific,,
Llama,vegan,Llama_F4,-0.1017331217703092,0.1787067148733065,0.2033908825304603,unresolved_or_model_specific,,
Llama,vegan,Llama_F5,-0.2653602110553021,0.1787067148733065,0.2195405008095385,unresolved_or_model_specific,,
Llama,vegan,Llama_F6,0.0366641192328279,0.1787067148733065,0.1881899083412935,unresolved_or_model_specific,,
Llama,veteran,Llama_F1,-0.9039025556617004,0.0396885056309752,0.3962920958696614,shared_gemma_llama_1,1.0,-0.9039025556617004
Llama,veteran,Llama_F2,0.5811761008795306,0.0396885056309752,0.1751613699504149,shared_all_2,-1.0,-0.5811761008795306
Llama,veteran,Llama_F3,0.9310316928655692,0.0396885056309752,0.21225671698291,unresolved_or_model_specific,,
Llama,veteran,Llama_F4,0.5242958528495552,0.0396885056309752,0.405607795727053,unresolved_or_model_specific,,
Llama,veteran,Llama_F5,-1.555544867454014,0.0396885056309752,0.2173856587952034,unresolved_or_model_specific,,
Llama,veteran,Llama_F6,-0.2164199202215664,0.0396885056309752,0.2640508516764776,unresolved_or_model_specific,,
Llama,veterinarian,Llama_F1,0.7549753386774996,0.0190620519134778,0.0956330652489169,shared_gemma_llama_1,1.0,0.7549753386774996
Llama,veterinarian,Llama_F2,0.5946341641734887,0.0190620519134778,0.127572502528688,shared_all_2,-1.0,-0.5946341641734887
Llama,veterinarian,Llama_F3,0.1032472335950903,0.0190620519134778,0.061039714507522,unresolved_or_model_specific,,
Llama,veterinarian,Llama_F4,1.0314830150696033,0.0190620519134778,0.3453463925673705,unresolved_or_model_specific,,
Llama,veterinarian,Llama_F5,-0.501319610219375,0.0190620519134778,0.2114415490772156,unresolved_or_model_specific,,
Llama,veterinarian,Llama_F6,0.2323331380130653,0.0190620519134778,0.1805678585502702,unresolved_or_model_specific,,
Llama,vigilante,Llama_F1,-1.7361463389207217,0.0441616991131139,0.2178612993664106,shared_gemma_llama_1,1.0,-1.7361463389207217
Llama,vigilante,Llama_F2,0.1130016034099157,0.0441616991131139,0.1457836013761261,shared_all_2,-1.0,-0.1130016034099157
Llama,vigilante,Llama_F3,0.6045752436301398,0.0441616991131139,0.1008418399039556,unresolved_or_model_specific,,
Llama,vigilante,Llama_F4,0.0563753473270165,0.0441616991131139,0.1970154132628607,unresolved_or_model_specific,,
Llama,vigilante,Llama_F5,-0.8419142416155234,0.0441616991131139,0.322131657290395,unresolved_or_model_specific,,
Llama,vigilante,Llama_F6,-0.0545908165459686,0.0441616991131139,0.2463319663623701,unresolved_or_model_specific,,
Llama,virtuoso,Llama_F1,0.175231617369178,0.0280165274002416,0.0795531488014432,shared_gemma_llama_1,1.0,0.175231617369178
Llama,virtuoso,Llama_F2,-0.7923917992960976,0.0280165274002416,0.0253128983113274,shared_all_2,-1.0,0.7923917992960976
Llama,virtuoso,Llama_F3,-0.0583357303321134,0.0280165274002416,0.0763198629379709,unresolved_or_model_specific,,
Llama,virtuoso,Llama_F4,-0.7874222508438335,0.0280165274002416,0.3345080343752255,unresolved_or_model_specific,,
Llama,virtuoso,Llama_F5,-0.3946645282780229,0.0280165274002416,0.2671350058364153,unresolved_or_model_specific,,
Llama,virtuoso,Llama_F6,0.7971454105818562,0.0280165274002416,0.1856024476792419,unresolved_or_model_specific,,
Llama,virus,Llama_F1,-0.1656715812154772,0.0393598849918857,0.1138709916975076,shared_gemma_llama_1,1.0,-0.1656715812154772
Llama,virus,Llama_F2,0.083169186330626,0.0393598849918857,0.1236422408531732,shared_all_2,-1.0,-0.083169186330626
Llama,virus,Llama_F3,-1.2848952361152424,0.0393598849918857,0.0471857413093563,unresolved_or_model_specific,,
Llama,virus,Llama_F4,-0.37066529547855,0.0393598849918857,0.1931692433160799,unresolved_or_model_specific,,
Llama,virus,Llama_F5,0.1664521503359417,0.0393598849918857,0.2010795197117916,unresolved_or_model_specific,,
Llama,virus,Llama_F6,-0.0167860575800154,0.0393598849918857,0.0715450535115988,unresolved_or_model_specific,,
Llama,visionary,Llama_F1,0.5265544423101681,0.0445357875100813,0.1555993569659883,shared_gemma_llama_1,1.0,0.5265544423101681
Llama,visionary,Llama_F2,-0.0389606338953397,0.0445357875100813,0.2057160106332297,shared_all_2,-1.0,0.0389606338953397
Llama,visionary,Llama_F3,0.371813327759257,0.0445357875100813,0.1828237538190169,unresolved_or_model_specific,,
Llama,visionary,Llama_F4,-2.1496896756653916,0.0445357875100813,0.3594390522917375,unresolved_or_model_specific,,
Llama,visionary,Llama_F5,-0.7784163058678968,0.0445357875100813,0.4847269807503854,unresolved_or_model_specific,,
Llama,visionary,Llama_F6,0.9792450264427208,0.0445357875100813,0.7304398642317815,unresolved_or_model_specific,,
Llama,void,Llama_F1,-1.1739614144152533,0.0499111859466082,0.3628963587478033,shared_gemma_llama_1,1.0,-1.1739614144152533
Llama,void,Llama_F2,-1.971478283650926,0.0499111859466082,0.1572773346487745,shared_all_2,-1.0,1.971478283650926
Llama,void,Llama_F3,-1.9575976987523784,0.0499111859466082,0.3744063004683812,unresolved_or_model_specific,,
Llama,void,Llama_F4,-0.0786698951214784,0.0499111859466082,0.9619225657838952,unresolved_or_model_specific,,
Llama,void,Llama_F5,2.5102191393361535,0.0499111859466082,0.5274327403010988,unresolved_or_model_specific,,
Llama,void,Llama_F6,-1.270600673461859,0.0499111859466082,0.7394365608914318,unresolved_or_model_specific,,
Llama,wanderer,Llama_F1,0.3060178146035855,0.0300192117970164,0.2567067049464926,shared_gemma_llama_1,1.0,0.3060178146035855
Llama,wanderer,Llama_F2,-0.8443761763747277,0.0300192117970164,0.1345127252657794,shared_all_2,-1.0,0.8443761763747277
Llama,wanderer,Llama_F3,1.0074165659372498,0.0300192117970164,0.1889440120914038,unresolved_or_model_specific,,
Llama,wanderer,Llama_F4,-1.1388377480547005,0.0300192117970164,0.3776105686221578,unresolved_or_model_specific,,
Llama,wanderer,Llama_F5,1.4225710326316072,0.0300192117970164,0.2288513575839872,unresolved_or_model_specific,,
Llama,wanderer,Llama_F6,0.3038915463329416,0.0300192117970164,0.252487956628354,unresolved_or_model_specific,,
Llama,warrior,Llama_F1,-1.234758643801942,0.0326800543895484,0.3458224948677188,shared_gemma_llama_1,1.0,-1.234758643801942
Llama,warrior,Llama_F2,-1.314355335792642,0.0326800543895484,0.2828340382656641,shared_all_2,-1.0,1.314355335792642
Llama,warrior,Llama_F3,0.3777661602881351,0.0326800543895484,0.1679471686847971,unresolved_or_model_specific,,
Llama,warrior,Llama_F4,-0.124013094129819,0.0326800543895484,0.4801965941376613,unresolved_or_model_specific,,
Llama,warrior,Llama_F5,-2.3372205631904115,0.0326800543895484,0.1925160355948823,unresolved_or_model_specific,,
Llama,warrior,Llama_F6,0.3013880452535559,0.0326800543895484,0.3710034147520838,unresolved_or_model_specific,,
Llama,whale,Llama_F1,0.2173874906582125,0.0215242094004685,0.1219388057631313,shared_gemma_llama_1,1.0,0.2173874906582125
Llama,whale,Llama_F2,-1.4803368630754827,0.0215242094004685,0.0625911781628306,shared_all_2,-1.0,1.4803368630754827
Llama,whale,Llama_F3,-0.1389630879659516,0.0215242094004685,0.133306760063689,unresolved_or_model_specific,,
Llama,whale,Llama_F4,-0.6698073625027071,0.0215242094004685,0.345634584037586,unresolved_or_model_specific,,
Llama,whale,Llama_F5,0.4857888432496923,0.0215242094004685,0.1701848115455267,unresolved_or_model_specific,,
Llama,whale,Llama_F6,-0.1015680416744575,0.0215242094004685,0.1055479167112939,unresolved_or_model_specific,,
Llama,widow,Llama_F1,0.3039807195474607,0.0315166207424131,0.0665410129935821,shared_gemma_llama_1,1.0,0.3039807195474607
Llama,widow,Llama_F2,0.0455603093485332,0.0315166207424131,0.1114163196994697,shared_all_2,-1.0,-0.0455603093485332
Llama,widow,Llama_F3,1.9790850077376947,0.0315166207424131,0.0968867218193161,unresolved_or_model_specific,,
Llama,widow,Llama_F4,0.6222292012496268,0.0315166207424131,0.2828875361777972,unresolved_or_model_specific,,
Llama,widow,Llama_F5,0.909336248633251,0.0315166207424131,0.3900655901745148,unresolved_or_model_specific,,
Llama,widow,Llama_F6,-0.238317488915536,0.0315166207424131,0.1989390412636315,unresolved_or_model_specific,,
Llama,wind,Llama_F1,0.2581082358921829,0.0297383260495977,0.0607775313829291,shared_gemma_llama_1,1.0,0.2581082358921829
Llama,wind,Llama_F2,-1.5182416968062853,0.0297383260495977,0.079324112135301,shared_all_2,-1.0,1.5182416968062853
Llama,wind,Llama_F3,0.2228162032870685,0.0297383260495977,0.0996466840172399,unresolved_or_model_specific,,
Llama,wind,Llama_F4,-1.0581242753199227,0.0297383260495977,0.3807908979769899,unresolved_or_model_specific,,
Llama,wind,Llama_F5,0.1523139351494237,0.0297383260495977,0.1327870625304102,unresolved_or_model_specific,,
Llama,wind,Llama_F6,-0.2080014257813879,0.0297383260495977,0.1249158980715075,unresolved_or_model_specific,,
Llama,witch,Llama_F1,-2.7887875648929257e-06,0.0205559553389338,0.0855190460690431,shared_gemma_llama_1,1.0,-2.7887875648929257e-06
Llama,witch,Llama_F2,-2.079732137710206,0.0205559553389338,0.0704999698332675,shared_all_2,-1.0,2.079732137710206
Llama,witch,Llama_F3,-0.195056815850041,0.0205559553389338,0.1350956659013362,unresolved_or_model_specific,,
Llama,witch,Llama_F4,-1.2598860722123424,0.0205559553389338,0.4831204704188241,unresolved_or_model_specific,,
Llama,witch,Llama_F5,-0.01325218927609,0.0205559553389338,0.189026255846112,unresolved_or_model_specific,,
Llama,witch,Llama_F6,-0.1179407339495462,0.0205559553389338,0.137673689063717,unresolved_or_model_specific,,
Llama,witness,Llama_F1,0.3521403606870139,0.0104243596734303,0.0303770892872916,shared_gemma_llama_1,1.0,0.3521403606870139
Llama,witness,Llama_F2,0.1542193256410163,0.0104243596734303,0.1790362541023281,shared_all_2,-1.0,-0.1542193256410163
Llama,witness,Llama_F3,0.0707703129064248,0.0104243596734303,0.0646591235603543,unresolved_or_model_specific,,
Llama,witness,Llama_F4,1.1114539062344453,0.0104243596734303,0.3339943598968252,unresolved_or_model_specific,,
Llama,witness,Llama_F5,-0.2119724422439214,0.0104243596734303,0.111394068056687,unresolved_or_model_specific,,
Llama,witness,Llama_F6,0.4952411579456389,0.0104243596734303,0.2855011120996447,unresolved_or_model_specific,,
Llama,workaholic,Llama_F1,-3.1551158763400435,0.1189411528317458,0.6810973787235504,shared_gemma_llama_1,1.0,-3.1551158763400435
Llama,workaholic,Llama_F2,0.5706138238925031,0.1189411528317458,0.2770003808113256,shared_all_2,-1.0,-0.5706138238925031
Llama,workaholic,Llama_F3,-0.3218236459802267,0.1189411528317458,0.3297046226547924,unresolved_or_model_specific,,
Llama,workaholic,Llama_F4,1.3417896126110342,0.1189411528317458,0.6580028305263623,unresolved_or_model_specific,,
Llama,workaholic,Llama_F5,-2.214073148160628,0.1189411528317458,0.6111956737455233,unresolved_or_model_specific,,
Llama,workaholic,Llama_F6,-1.4949572380273712,0.1189411528317458,0.5137483404883296,unresolved_or_model_specific,,
Llama,wraith,Llama_F1,-0.53152281665661,0.0319127717614329,0.1801538280525723,shared_gemma_llama_1,1.0,-0.53152281665661
Llama,wraith,Llama_F2,-2.127179230420759,0.0319127717614329,0.0756008179871407,shared_all_2,-1.0,2.127179230420759
Llama,wraith,Llama_F3,-0.8491823002556744,0.0319127717614329,0.2097562920144595,unresolved_or_model_specific,,
Llama,wraith,Llama_F4,-0.7302210970023625,0.0319127717614329,0.5690019253709377,unresolved_or_model_specific,,
Llama,wraith,Llama_F5,0.8213671844903353,0.0319127717614329,0.2991033852082322,unresolved_or_model_specific,,
Llama,wraith,Llama_F6,-0.2627291135960037,0.0319127717614329,0.2589643426343104,unresolved_or_model_specific,,
Llama,writer,Llama_F1,0.3969687695034739,0.0233094651599122,0.0961872586564781,shared_gemma_llama_1,1.0,0.3969687695034739
Llama,writer,Llama_F2,-0.3852528672979234,0.0233094651599122,0.0257476825456995,shared_all_2,-1.0,0.3852528672979234
Llama,writer,Llama_F3,0.249720075222927,0.0233094651599122,0.0616210054469799,unresolved_or_model_specific,,
Llama,writer,Llama_F4,-0.6074948665147367,0.0233094651599122,0.2593293672280628,unresolved_or_model_specific,,
Llama,writer,Llama_F5,-0.0697062634009546,0.0233094651599122,0.2085310980225959,unresolved_or_model_specific,,
Llama,writer,Llama_F6,0.7231803728427681,0.0233094651599122,0.1808425286669809,unresolved_or_model_specific,,
Llama,zealot,Llama_F1,-3.896175665212872,0.1851565137817618,0.4717381612889192,shared_gemma_llama_1,1.0,-3.896175665212872
Llama,zealot,Llama_F2,-2.2023244061887075,0.1851565137817618,0.5050949457382713,shared_all_2,-1.0,2.2023244061887075
Llama,zealot,Llama_F3,0.4755645514955635,0.1851565137817618,0.2042686909843596,unresolved_or_model_specific,,
Llama,zealot,Llama_F4,0.0833890843209724,0.1851565137817618,0.6347530230968736,unresolved_or_model_specific,,
Llama,zealot,Llama_F5,-2.7307040246619025,0.1851565137817618,0.7167794842705131,unresolved_or_model_specific,,
Llama,zealot,Llama_F6,-0.1530710983454993,0.1851565137817618,0.6323191470020845,unresolved_or_model_specific,,
Llama,zeitgeist,Llama_F1,0.3130941934523268,0.0240775833178786,0.3035802075893801,shared_gemma_llama_1,1.0,0.3130941934523268
Llama,zeitgeist,Llama_F2,-0.4271706482899989,0.0240775833178786,0.167144938895135,shared_all_2,-1.0,0.4271706482899989
Llama,zeitgeist,Llama_F3,-0.1359678763880638,0.0240775833178786,0.1178421107455128,unresolved_or_model_specific,,
Llama,zeitgeist,Llama_F4,-1.5132326891324377,0.0240775833178786,0.3756836364488048,unresolved_or_model_specific,,
Llama,zeitgeist,Llama_F5,0.4016052722860125,0.0240775833178786,0.3743726997610928,unresolved_or_model_specific,,
Llama,zeitgeist,Llama_F6,0.8628374896796498,0.0240775833178786,0.3749409295709743,unresolved_or_model_specific,,
Gemma,aberration,Gemma_F1,-0.7577151484104186,0.0582742479202197,0.2525015301744845,unresolved_or_model_specific,,
Gemma,aberration,Gemma_F2,-1.3414549444486688,0.0582742479202197,0.2887377891498704,unresolved_or_model_specific,,
Gemma,aberration,Gemma_F3,-2.4120257035413863,0.0582742479202197,0.1515904477995334,shared_gemma_llama_1,1.0,-2.4120257035413863
Gemma,aberration,Gemma_F4,1.0178873074048818,0.0582742479202197,0.6176259742660395,unresolved_or_model_specific,,
Gemma,aberration,Gemma_F5,-0.1072796706383085,0.0582742479202197,0.3711687145756008,unresolved_or_model_specific,,
Gemma,aberration,Gemma_F6,1.5913104225256065,0.0582742479202197,0.0967778777728821,shared_all_2,1.0,1.5913104225256065
Gemma,absurdist,Gemma_F1,-3.0947651643266685,0.1207842774447318,0.1954167553972694,unresolved_or_model_specific,,
Gemma,absurdist,Gemma_F2,-0.7740165305341012,0.1207842774447318,0.1944116947393216,unresolved_or_model_specific,,
Gemma,absurdist,Gemma_F3,-1.9976386716554384,0.1207842774447318,0.1186156435248324,shared_gemma_llama_1,1.0,-1.9976386716554384
Gemma,absurdist,Gemma_F4,0.4143125771826743,0.1207842774447318,0.4400716362247381,unresolved_or_model_specific,,
Gemma,absurdist,Gemma_F5,-0.4809497546932144,0.1207842774447318,0.3108925046662246,unresolved_or_model_specific,,
Gemma,absurdist,Gemma_F6,0.7620832422134842,0.1207842774447318,0.1781548637606361,shared_all_2,1.0,0.7620832422134842
Gemma,accountant,Gemma_F1,0.8432089982255804,0.0154101264272649,0.2270941094598893,unresolved_or_model_specific,,
Gemma,accountant,Gemma_F2,-0.6636918715419899,0.0154101264272649,0.3263990337937204,unresolved_or_model_specific,,
Gemma,accountant,Gemma_F3,0.6938736527955852,0.0154101264272649,0.1332426636601526,shared_gemma_llama_1,1.0,0.6938736527955852
Gemma,accountant,Gemma_F4,0.6277360787913746,0.0154101264272649,0.1347651075656966,unresolved_or_model_specific,,
Gemma,accountant,Gemma_F5,-0.6457310494165812,0.0154101264272649,0.2453647830882808,unresolved_or_model_specific,,
Gemma,accountant,Gemma_F6,-1.2564080138502989,0.0154101264272649,0.092008756319758,shared_all_2,1.0,-1.2564080138502989
Gemma,activist,Gemma_F1,0.797182218265422,0.0826936964247122,0.3115340282960208,unresolved_or_model_specific,,
Gemma,activist,Gemma_F2,0.6088665493247736,0.0826936964247122,0.34727586852264,unresolved_or_model_specific,,
Gemma,activist,Gemma_F3,-0.2550888456536657,0.0826936964247122,0.2417712923872175,shared_gemma_llama_1,1.0,-0.2550888456536657
Gemma,activist,Gemma_F4,-1.770072346634123,0.0826936964247122,0.2715309554070461,unresolved_or_model_specific,,
Gemma,activist,Gemma_F5,-0.3058050307142071,0.0826936964247122,0.4287514346601148,unresolved_or_model_specific,,
Gemma,activist,Gemma_F6,-0.3616313924639384,0.0826936964247122,0.0908054020798863,shared_all_2,1.0,-0.3616313924639384
Gemma,actor,Gemma_F1,-1.2046234182676951,0.0404257428424708,0.1087905936944496,unresolved_or_model_specific,,
Gemma,actor,Gemma_F2,-0.0233737405678194,0.0404257428424708,0.1281963212827027,unresolved_or_model_specific,,
Gemma,actor,Gemma_F3,-0.3624251190747594,0.0404257428424708,0.0702886182217368,shared_gemma_llama_1,1.0,-0.3624251190747594
Gemma,actor,Gemma_F4,-0.3003547327760325,0.0404257428424708,0.1378121717755037,unresolved_or_model_specific,,
Gemma,actor,Gemma_F5,0.7052593973191367,0.0404257428424708,0.0784758417732384,unresolved_or_model_specific,,
Gemma,actor,Gemma_F6,0.4084397060272258,0.0404257428424708,0.0790550050645249,shared_all_2,1.0,0.4084397060272258
Gemma,addict,Gemma_F1,0.0294149434584356,0.1034997427272823,0.1382109731226931,unresolved_or_model_specific,,
Gemma,addict,Gemma_F2,1.3416369702779989,0.1034997427272823,0.4390802811874815,unresolved_or_model_specific,,
Gemma,addict,Gemma_F3,-0.9250135477609932,0.1034997427272823,0.2004520891710464,shared_gemma_llama_1,1.0,-0.9250135477609932
Gemma,addict,Gemma_F4,-0.9271562789340254,0.1034997427272823,0.3072416123248177,unresolved_or_model_specific,,
Gemma,addict,Gemma_F5,1.4363088334174834,0.1034997427272823,0.3507834306650262,unresolved_or_model_specific,,
Gemma,addict,Gemma_F6,-0.1301938148655297,0.1034997427272823,0.1265371636783614,shared_all_2,1.0,-0.1301938148655297
Gemma,adolescent,Gemma_F1,-1.7371753046598264,0.0998384426016172,0.2379410165128459,unresolved_or_model_specific,,
Gemma,adolescent,Gemma_F2,3.0817701159806465,0.0998384426016172,0.2392114762930183,unresolved_or_model_specific,,
Gemma,adolescent,Gemma_F3,-0.9268303993180376,0.0998384426016172,0.2097924436026175,shared_gemma_llama_1,1.0,-0.9268303993180376
Gemma,adolescent,Gemma_F4,0.5619352121631326,0.0998384426016172,0.3952065321562734,unresolved_or_model_specific,,
Gemma,adolescent,Gemma_F5,2.109526538407416,0.0998384426016172,0.3173591927637528,unresolved_or_model_specific,,
Gemma,adolescent,Gemma_F6,-1.3807459697267792,0.0998384426016172,0.2189489177545446,shared_all_2,1.0,-1.3807459697267792
Gemma,advocate,Gemma_F1,0.7319691002022385,0.0229711826677311,0.26198711221873,unresolved_or_model_specific,,
Gemma,advocate,Gemma_F2,0.5526495778764462,0.0229711826677311,0.1258902223846863,unresolved_or_model_specific,,
Gemma,advocate,Gemma_F3,0.5075731441415895,0.0229711826677311,0.0922594173426902,shared_gemma_llama_1,1.0,0.5075731441415895
Gemma,advocate,Gemma_F4,-1.4255490377830229,0.0229711826677311,0.3350072146347738,unresolved_or_model_specific,,
Gemma,advocate,Gemma_F5,-1.0515428173257966,0.0229711826677311,0.3923859936749405,unresolved_or_model_specific,,
Gemma,advocate,Gemma_F6,-0.1506873863023733,0.0229711826677311,0.0713286158925942,shared_all_2,1.0,-0.1506873863023733
Gemma,alien,Gemma_F1,-0.4062921181808247,0.0632517125432367,0.1901923475118955,unresolved_or_model_specific,,
Gemma,alien,Gemma_F2,-1.530012336001253,0.0632517125432367,0.2965070460962107,unresolved_or_model_specific,,
Gemma,alien,Gemma_F3,-0.5496336921874954,0.0632517125432367,0.1447710529792939,shared_gemma_llama_1,1.0,-0.5496336921874954
Gemma,alien,Gemma_F4,1.462979450371034,0.0632517125432367,0.3908189826926687,unresolved_or_model_specific,,
Gemma,alien,Gemma_F5,-0.9343823237275763,0.0632517125432367,0.3848804828890462,unresolved_or_model_specific,,
Gemma,alien,Gemma_F6,0.8307971591658104,0.0632517125432367,0.1267360039329656,shared_all_2,1.0,0.8307971591658104
Gemma,altruist,Gemma_F1,1.2713886523218925,0.0521886364524198,0.1379711044986737,unresolved_or_model_specific,,
Gemma,altruist,Gemma_F2,0.8464711801752444,0.0521886364524198,0.1159714180804346,unresolved_or_model_specific,,
Gemma,altruist,Gemma_F3,1.0363216871535836,0.0521886364524198,0.0962044802272168,shared_gemma_llama_1,1.0,1.0363216871535836
Gemma,altruist,Gemma_F4,-0.5358231490794138,0.0521886364524198,0.3161309755595109,unresolved_or_model_specific,,
Gemma,altruist,Gemma_F5,-0.5146764166056934,0.0521886364524198,0.2728387065734752,unresolved_or_model_specific,,
Gemma,altruist,Gemma_F6,-0.1368634131976872,0.0521886364524198,0.0978212726681741,shared_all_2,1.0,-0.1368634131976872
Gemma,amateur,Gemma_F1,-0.9394292648455844,0.0338374938201162,0.1492137157122404,unresolved_or_model_specific,,
Gemma,amateur,Gemma_F2,2.430602077726687,0.0338374938201162,0.2383303201983895,unresolved_or_model_specific,,
Gemma,amateur,Gemma_F3,0.8655256780091901,0.0338374938201162,0.0828717119998588,shared_gemma_llama_1,1.0,0.8655256780091901
Gemma,amateur,Gemma_F4,0.1419222665613309,0.0338374938201162,0.4322373954495628,unresolved_or_model_specific,,
Gemma,amateur,Gemma_F5,2.7989842393404096,0.0338374938201162,0.1460614728396485,unresolved_or_model_specific,,
Gemma,amateur,Gemma_F6,-0.55446701716837,0.0338374938201162,0.1770004775392254,shared_all_2,1.0,-0.55446701716837
Gemma,ambassador,Gemma_F1,0.9918556661834712,0.0202693561467212,0.1574312199934672,unresolved_or_model_specific,,
Gemma,ambassador,Gemma_F2,-0.0287572797830215,0.0202693561467212,0.2770375798805412,unresolved_or_model_specific,,
Gemma,ambassador,Gemma_F3,1.3564096061511168,0.0202693561467212,0.1195843787494142,shared_gemma_llama_1,1.0,1.3564096061511168
Gemma,ambassador,Gemma_F4,-0.5262104291027059,0.0202693561467212,0.3243489762530616,unresolved_or_model_specific,,
Gemma,ambassador,Gemma_F5,-1.3216897149569358,0.0202693561467212,0.2474522475219031,unresolved_or_model_specific,,
Gemma,ambassador,Gemma_F6,-0.4522681020319094,0.0202693561467212,0.092357576724007,shared_all_2,1.0,-0.4522681020319094
Gemma,amnesiac,Gemma_F1,-0.4581874943659434,0.079110669586521,0.1396198836108848,unresolved_or_model_specific,,
Gemma,amnesiac,Gemma_F2,0.7572448395652475,0.079110669586521,0.1960682482144586,unresolved_or_model_specific,,
Gemma,amnesiac,Gemma_F3,-0.4641058977482968,0.079110669586521,0.0519273827411934,shared_gemma_llama_1,1.0,-0.4641058977482968
Gemma,amnesiac,Gemma_F4,0.6531387074785905,0.079110669586521,0.1688523373497283,unresolved_or_model_specific,,
Gemma,amnesiac,Gemma_F5,1.391675299637358,0.079110669586521,0.1816547611864468,unresolved_or_model_specific,,
Gemma,amnesiac,Gemma_F6,0.8297596038028866,0.079110669586521,0.0728700823051404,shared_all_2,1.0,0.8297596038028866
Gemma,analyst,Gemma_F1,0.6457224849986251,0.0097979139987147,0.1387005421137249,unresolved_or_model_specific,,
Gemma,analyst,Gemma_F2,-1.0032343720900134,0.0097979139987147,0.4001861077382717,unresolved_or_model_specific,,
Gemma,analyst,Gemma_F3,0.6390660482554463,0.0097979139987147,0.1345698054297935,shared_gemma_llama_1,1.0,0.6390660482554463
Gemma,analyst,Gemma_F4,0.1808848074624878,0.0097979139987147,0.2186197129698127,unresolved_or_model_specific,,
Gemma,analyst,Gemma_F5,-1.7265696821271863,0.0097979139987147,0.2423342331386513,unresolved_or_model_specific,,
Gemma,analyst,Gemma_F6,-1.414374522263887,0.0097979139987147,0.1099638775043129,shared_all_2,1.0,-1.414374522263887
Gemma,anarchist,Gemma_F1,0.8394872640299066,0.1600925402503819,0.3289970856186519,unresolved_or_model_specific,,
Gemma,anarchist,Gemma_F2,0.2342720904131487,0.1600925402503819,0.4832052414029323,unresolved_or_model_specific,,
Gemma,anarchist,Gemma_F3,-1.203557758029722,0.1600925402503819,0.2982716273531322,shared_gemma_llama_1,1.0,-1.203557758029722
Gemma,anarchist,Gemma_F4,-1.4380857908657685,0.1600925402503819,0.2985864044309118,unresolved_or_model_specific,,
Gemma,anarchist,Gemma_F5,-0.3043875098012132,0.1600925402503819,0.3883341053763589,unresolved_or_model_specific,,
Gemma,anarchist,Gemma_F6,0.1848865347881192,0.1600925402503819,0.0759715744591835,shared_all_2,1.0,0.1848865347881192
Gemma,ancient,Gemma_F1,-0.082039594646769,0.0142238429768613,0.1785043636737442,unresolved_or_model_specific,,
Gemma,ancient,Gemma_F2,-0.6869240837551239,0.0142238429768613,0.1817833102216846,unresolved_or_model_specific,,
Gemma,ancient,Gemma_F3,-0.4858002159461168,0.0142238429768613,0.1165293531658239,shared_gemma_llama_1,1.0,-0.4858002159461168
Gemma,ancient,Gemma_F4,-0.223458840467962,0.0142238429768613,0.1716880518680225,unresolved_or_model_specific,,
Gemma,ancient,Gemma_F5,-0.3078140481838688,0.0142238429768613,0.1038707736121042,unresolved_or_model_specific,,
Gemma,ancient,Gemma_F6,1.8285734649107293,0.0142238429768613,0.0369873035346077,shared_all_2,1.0,1.8285734649107293
Gemma,angel,Gemma_F1,0.7798103134349423,0.0376447865228158,0.2336320345338565,unresolved_or_model_specific,,
Gemma,angel,Gemma_F2,0.446204329446924,0.0376447865228158,0.1938963193512024,unresolved_or_model_specific,,
Gemma,angel,Gemma_F3,1.2716870256629154,0.0376447865228158,0.0879904187659142,shared_gemma_llama_1,1.0,1.2716870256629154
Gemma,angel,Gemma_F4,-0.3880043179044369,0.0376447865228158,0.2608384315025296,unresolved_or_model_specific,,
Gemma,angel,Gemma_F5,-0.3207120917275615,0.0376447865228158,0.251599971338292,unresolved_or_model_specific,,
Gemma,angel,Gemma_F6,1.6767307057093193,0.0376447865228158,0.1091940170835834,shared_all_2,1.0,1.6767307057093193
Gemma,anthropologist,Gemma_F1,0.2381588552742006,0.0862910707445986,0.1763534289063352,unresolved_or_model_specific,,
Gemma,anthropologist,Gemma_F2,-1.4464535063697976,0.0862910707445986,0.1957920181577583,unresolved_or_model_specific,,
Gemma,anthropologist,Gemma_F3,0.6582358956203053,0.0862910707445986,0.2324437791932572,shared_gemma_llama_1,1.0,0.6582358956203053
Gemma,anthropologist,Gemma_F4,-0.8780432112932087,0.0862910707445986,0.2175887670613861,unresolved_or_model_specific,,
Gemma,anthropologist,Gemma_F5,0.1441215599938689,0.0862910707445986,0.2836076278872216,unresolved_or_model_specific,,
Gemma,anthropologist,Gemma_F6,-0.592711090986463,0.0862910707445986,0.0564714709048815,shared_all_2,1.0,-0.592711090986463
Gemma,archaeologist,Gemma_F1,0.0591293144462867,0.0307877481709276,0.0885273214834473,unresolved_or_model_specific,,
Gemma,archaeologist,Gemma_F2,-1.0192445951604077,0.0307877481709276,0.215573694314492,unresolved_or_model_specific,,
Gemma,archaeologist,Gemma_F3,0.2207389382224793,0.0307877481709276,0.2086335346865199,shared_gemma_llama_1,1.0,0.2207389382224793
Gemma,archaeologist,Gemma_F4,-0.3812600957105149,0.0307877481709276,0.2624381671128306,unresolved_or_model_specific,,
Gemma,archaeologist,Gemma_F5,0.8490726145509989,0.0307877481709276,0.2007372100162749,unresolved_or_model_specific,,
Gemma,archaeologist,Gemma_F6,0.1259526631714978,0.0307877481709276,0.0458799864161881,shared_all_2,1.0,0.1259526631714978
Gemma,architect,Gemma_F1,0.2289321763131975,0.0188167141516213,0.1564083115686551,unresolved_or_model_specific,,
Gemma,architect,Gemma_F2,-0.3702874978456651,0.0188167141516213,0.1289550605862071,unresolved_or_model_specific,,
Gemma,architect,Gemma_F3,0.7943987739683601,0.0188167141516213,0.0804078475457971,shared_gemma_llama_1,1.0,0.7943987739683601
Gemma,architect,Gemma_F4,-0.9339853423151376,0.0188167141516213,0.2044055867262505,unresolved_or_model_specific,,
Gemma,architect,Gemma_F5,-0.6700226318436485,0.0188167141516213,0.209584355469981,unresolved_or_model_specific,,
Gemma,architect,Gemma_F6,-0.7022027907765195,0.0188167141516213,0.0318502985472356,shared_all_2,1.0,-0.7022027907765195
Gemma,archivist,Gemma_F1,0.6898813607285756,0.0194703037600977,0.0760395568240153,unresolved_or_model_specific,,
Gemma,archivist,Gemma_F2,-0.96633749961072,0.0194703037600977,0.1274556442737259,unresolved_or_model_specific,,
Gemma,archivist,Gemma_F3,0.7425369262119387,0.0194703037600977,0.1176417765664491,shared_gemma_llama_1,1.0,0.7425369262119387
Gemma,archivist,Gemma_F4,-0.2163813421278397,0.0194703037600977,0.1840981419067149,unresolved_or_model_specific,,
Gemma,archivist,Gemma_F5,0.2976018687698706,0.0194703037600977,0.2237661521659403,unresolved_or_model_specific,,
Gemma,archivist,Gemma_F6,-0.2068768099477674,0.0194703037600977,0.0583270198013944,shared_all_2,1.0,-0.2068768099477674
Gemma,artisan,Gemma_F1,0.1797505282444071,0.0394967215727175,0.1675430782582108,unresolved_or_model_specific,,
Gemma,artisan,Gemma_F2,0.0696227432255047,0.0394967215727175,0.1853374361395173,unresolved_or_model_specific,,
Gemma,artisan,Gemma_F3,0.4204252868642389,0.0394967215727175,0.1082872850582187,shared_gemma_llama_1,1.0,0.4204252868642389
Gemma,artisan,Gemma_F4,-0.5710761875918756,0.0394967215727175,0.0983457452661951,unresolved_or_model_specific,,
Gemma,artisan,Gemma_F5,0.4001348093811093,0.0394967215727175,0.1569165476228523,unresolved_or_model_specific,,
Gemma,artisan,Gemma_F6,1.0831077297134717,0.0394967215727175,0.0559339305669392,shared_all_2,1.0,1.0831077297134717
Gemma,ascetic,Gemma_F1,1.123501250232379,0.0834307464155588,0.151470170303343,unresolved_or_model_specific,,
Gemma,ascetic,Gemma_F2,-0.3641416079629855,0.0834307464155588,0.2008738765177732,unresolved_or_model_specific,,
Gemma,ascetic,Gemma_F3,-0.3545399174840828,0.0834307464155588,0.1095521033032391,shared_gemma_llama_1,1.0,-0.3545399174840828
Gemma,ascetic,Gemma_F4,0.3396106622335162,0.0834307464155588,0.2757052898301553,unresolved_or_model_specific,,
Gemma,ascetic,Gemma_F5,-1.0829085395745015,0.0834307464155588,0.1871147323906848,unresolved_or_model_specific,,
Gemma,ascetic,Gemma_F6,1.903099474032292,0.0834307464155588,0.1317539087280992,shared_all_2,1.0,1.903099474032292
Gemma,assistant,Gemma_F1,0.7912748335162606,0.0243681347593245,0.158703306171808,unresolved_or_model_specific,,
Gemma,assistant,Gemma_F2,0.5114874025370404,0.0243681347593245,0.3490364520746605,unresolved_or_model_specific,,
Gemma,assistant,Gemma_F3,1.4237324794185169,0.0243681347593245,0.1987855709915978,shared_gemma_llama_1,1.0,1.4237324794185169
Gemma,assistant,Gemma_F4,0.1225625285474778,0.0243681347593245,0.3321504133316163,unresolved_or_model_specific,,
Gemma,assistant,Gemma_F5,-0.6759733960672948,0.0243681347593245,0.189755466892524,unresolved_or_model_specific,,
Gemma,assistant,Gemma_F6,-1.245655596351534,0.0243681347593245,0.0655967052877777,shared_all_2,1.0,-1.245655596351534
Gemma,auctioneer,Gemma_F1,-1.4198909509514557,0.1022272284164001,0.1352847410569174,unresolved_or_model_specific,,
Gemma,auctioneer,Gemma_F2,1.0797998708557492,0.1022272284164001,0.1254011998655409,unresolved_or_model_specific,,
Gemma,auctioneer,Gemma_F3,-0.4652721507918498,0.1022272284164001,0.1516009928964719,shared_gemma_llama_1,1.0,-0.4652721507918498
Gemma,auctioneer,Gemma_F4,0.3591223466098513,0.1022272284164001,0.1940532155063584,unresolved_or_model_specific,,
Gemma,auctioneer,Gemma_F5,0.6962792012345931,0.1022272284164001,0.1726266245022889,unresolved_or_model_specific,,
Gemma,auctioneer,Gemma_F6,-0.2024969345665206,0.1022272284164001,0.1008575349833465,shared_all_2,1.0,-0.2024969345665206
Gemma,auditor,Gemma_F1,0.8820873774687171,0.0229555276745923,0.2069531118824438,unresolved_or_model_specific,,
Gemma,auditor,Gemma_F2,-1.0774044617725862,0.0229555276745923,0.3660545304842925,unresolved_or_model_specific,,
Gemma,auditor,Gemma_F3,0.7052399035319612,0.0229555276745923,0.121522186224069,shared_gemma_llama_1,1.0,0.7052399035319612
Gemma,auditor,Gemma_F4,0.3915605485159356,0.0229555276745923,0.1713897160048856,unresolved_or_model_specific,,
Gemma,auditor,Gemma_F5,-1.1210704689516482,0.0229555276745923,0.2579019390741862,unresolved_or_model_specific,,
Gemma,auditor,Gemma_F6,-1.2627282512365576,0.0229555276745923,0.1116118496508932,shared_all_2,1.0,-1.2627282512365576
Gemma,avatar,Gemma_F1,0.4714917962238747,0.0136232932473218,0.243950448458183,unresolved_or_model_specific,,
Gemma,avatar,Gemma_F2,-0.2087358135513424,0.0136232932473218,0.1593504042290842,unresolved_or_model_specific,,
Gemma,avatar,Gemma_F3,0.5846696321462242,0.0136232932473218,0.0754167072761601,shared_gemma_llama_1,1.0,0.5846696321462242
Gemma,avatar,Gemma_F4,-0.5081162688955383,0.0136232932473218,0.1338657185219439,unresolved_or_model_specific,,
Gemma,avatar,Gemma_F5,-0.6156324048572486,0.0136232932473218,0.1916795160728631,unresolved_or_model_specific,,
Gemma,avatar,Gemma_F6,1.847457949108698,0.0136232932473218,0.0760763876790571,shared_all_2,1.0,1.847457949108698
Gemma,bard,Gemma_F1,-1.1418007131200212,0.0449033320505138,0.2198023789020658,unresolved_or_model_specific,,
Gemma,bard,Gemma_F2,0.0524163573661846,0.0449033320505138,0.1047386135323982,unresolved_or_model_specific,,
Gemma,bard,Gemma_F3,0.3138390926859566,0.0449033320505138,0.0574425059095337,shared_gemma_llama_1,1.0,0.3138390926859566
Gemma,bard,Gemma_F4,-0.4160150867982399,0.0449033320505138,0.252450613973107,unresolved_or_model_specific,,
Gemma,bard,Gemma_F5,-0.2358190840058379,0.0449033320505138,0.1406643177211216,unresolved_or_model_specific,,
Gemma,bard,Gemma_F6,1.6636650171569851,0.0449033320505138,0.0506048244203217,shared_all_2,1.0,1.6636650171569851
Gemma,bartender,Gemma_F1,-0.9745405866671192,0.0395599241214892,0.1743626525871035,unresolved_or_model_specific,,
Gemma,bartender,Gemma_F2,0.94186905362132,0.0395599241214892,0.1983956967319959,unresolved_or_model_specific,,
Gemma,bartender,Gemma_F3,0.1320278628221471,0.0395599241214892,0.0631197918442412,shared_gemma_llama_1,1.0,0.1320278628221471
Gemma,bartender,Gemma_F4,0.4699717608285351,0.0395599241214892,0.2601717674795759,unresolved_or_model_specific,,
Gemma,bartender,Gemma_F5,2.3009406293344896,0.0395599241214892,0.1756588382085156,unresolved_or_model_specific,,
Gemma,bartender,Gemma_F6,-0.3586240832114923,0.0395599241214892,0.1163474565329185,shared_all_2,1.0,-0.3586240832114923
Gemma,biologist,Gemma_F1,0.4097128252730755,0.0398172932024443,0.0661576139180311,unresolved_or_model_specific,,
Gemma,biologist,Gemma_F2,-1.0525378445174796,0.0398172932024443,0.1435924762169903,unresolved_or_model_specific,,
Gemma,biologist,Gemma_F3,0.6235810752518074,0.0398172932024443,0.1545700741407649,shared_gemma_llama_1,1.0,0.6235810752518074
Gemma,biologist,Gemma_F4,-0.4661062048843432,0.0398172932024443,0.1733637721210907,unresolved_or_model_specific,,
Gemma,biologist,Gemma_F5,0.1369024748011586,0.0398172932024443,0.2463500542881983,unresolved_or_model_specific,,
Gemma,biologist,Gemma_F6,-0.6277303422640917,0.0398172932024443,0.0515035040479848,shared_all_2,1.0,-0.6277303422640917
Gemma,blogger,Gemma_F1,-0.6854309379297111,0.0157920910621828,0.2381825908652642,unresolved_or_model_specific,,
Gemma,blogger,Gemma_F2,0.6919404910168376,0.0157920910621828,0.3348771447340566,unresolved_or_model_specific,,
Gemma,blogger,Gemma_F3,-0.2054567333344532,0.0157920910621828,0.1906396209358219,shared_gemma_llama_1,1.0,-0.2054567333344532
Gemma,blogger,Gemma_F4,-1.3249855208459456,0.0157920910621828,0.2216072139376972,unresolved_or_model_specific,,
Gemma,blogger,Gemma_F5,0.873933446517906,0.0157920910621828,0.2658783813465638,unresolved_or_model_specific,,
Gemma,blogger,Gemma_F6,-0.1044529451499381,0.0157920910621828,0.1192450048353136,shared_all_2,1.0,-0.1044529451499381
Gemma,bohemian,Gemma_F1,-2.1968333400301887,0.0640121042482123,0.4855733431097359,unresolved_or_model_specific,,
Gemma,bohemian,Gemma_F2,0.8735863585239901,0.0640121042482123,0.5854870582316337,unresolved_or_model_specific,,
Gemma,bohemian,Gemma_F3,-1.0824405282597411,0.0640121042482123,0.3294338783096932,shared_gemma_llama_1,1.0,-1.0824405282597411
Gemma,bohemian,Gemma_F4,-1.62734580006974,0.0640121042482123,0.3055437353006691,unresolved_or_model_specific,,
Gemma,bohemian,Gemma_F5,1.2799893961432809,0.0640121042482123,0.3650375595752744,unresolved_or_model_specific,,
Gemma,bohemian,Gemma_F6,1.1777774057909314,0.0640121042482123,0.2135773319133877,shared_all_2,1.0,1.1777774057909314
Gemma,builder,Gemma_F1,0.4250340128281847,0.039385556087704,0.0623256739941019,unresolved_or_model_specific,,
Gemma,builder,Gemma_F2,0.7002724137265814,0.039385556087704,0.0761811528843899,unresolved_or_model_specific,,
Gemma,builder,Gemma_F3,0.3281334753874697,0.039385556087704,0.0923545838249303,shared_gemma_llama_1,1.0,0.3281334753874697
Gemma,builder,Gemma_F4,-0.0770231635205634,0.039385556087704,0.1638111668698813,unresolved_or_model_specific,,
Gemma,builder,Gemma_F5,-0.1589724618097633,0.039385556087704,0.1126906055629943,unresolved_or_model_specific,,
Gemma,builder,Gemma_F6,-0.2492059104606006,0.039385556087704,0.0388214119706287,shared_all_2,1.0,-0.2492059104606006
Gemma,caregiver,Gemma_F1,0.9898384337617756,0.0355996257337067,0.1483125018153499,unresolved_or_model_specific,,
Gemma,caregiver,Gemma_F2,1.6039696540750046,0.0355996257337067,0.1770596285554113,unresolved_or_model_specific,,
Gemma,caregiver,Gemma_F3,1.9973515337308871,0.0355996257337067,0.104469967397069,shared_gemma_llama_1,1.0,1.9973515337308871
Gemma,caregiver,Gemma_F4,-0.1030579480421955,0.0355996257337067,0.4032332707654332,unresolved_or_model_specific,,
Gemma,caregiver,Gemma_F5,1.5729259221938272,0.0355996257337067,0.2435977390952028,unresolved_or_model_specific,,
Gemma,caregiver,Gemma_F6,-0.1125287476489182,0.0355996257337067,0.128008683982857,shared_all_2,1.0,-0.1125287476489182
Gemma,cartographer,Gemma_F1,0.3046382862840731,0.0078388565306549,0.0439662800953349,unresolved_or_model_specific,,
Gemma,cartographer,Gemma_F2,-0.8416196769546279,0.0078388565306549,0.1134983570193098,unresolved_or_model_specific,,
Gemma,cartographer,Gemma_F3,0.6006205279906769,0.0078388565306549,0.1116369815173191,shared_gemma_llama_1,1.0,0.6006205279906769
Gemma,cartographer,Gemma_F4,-0.1629440899900437,0.0078388565306549,0.1677614341103941,unresolved_or_model_specific,,
Gemma,cartographer,Gemma_F5,0.2563023776086568,0.0078388565306549,0.2097407860655977,unresolved_or_model_specific,,
Gemma,cartographer,Gemma_F6,-0.3151507980758619,0.0078388565306549,0.0396654809592372,shared_all_2,1.0,-0.3151507980758619
Gemma,caveman,Gemma_F1,-0.7720996076935045,0.2228536461802328,0.7960359458964443,unresolved_or_model_specific,,
Gemma,caveman,Gemma_F2,4.136543457875968,0.2228536461802328,1.1309067221121691,unresolved_or_model_specific,,
Gemma,caveman,Gemma_F3,-0.4457570200277859,0.2228536461802328,1.12254027699034,shared_gemma_llama_1,1.0,-0.4457570200277859
Gemma,caveman,Gemma_F4,4.526736377927383,0.2228536461802328,0.9089049663607895,unresolved_or_model_specific,,
Gemma,caveman,Gemma_F5,-2.3129638677268844,0.2228536461802328,0.8207969102709705,unresolved_or_model_specific,,
Gemma,caveman,Gemma_F6,0.3802111980084226,0.2228536461802328,0.2233586010701607,shared_all_2,1.0,0.3802111980084226
Gemma,celebrity,Gemma_F1,-0.7767584259193057,0.0307339143438992,0.1077011268758595,unresolved_or_model_specific,,
Gemma,celebrity,Gemma_F2,1.2042879426525157,0.0307339143438992,0.1610592319447505,unresolved_or_model_specific,,
Gemma,celebrity,Gemma_F3,-0.1331008201808183,0.0307339143438992,0.0596082656193193,shared_gemma_llama_1,1.0,-0.1331008201808183
Gemma,celebrity,Gemma_F4,-0.589729003520355,0.0307339143438992,0.2295513211973543,unresolved_or_model_specific,,
Gemma,celebrity,Gemma_F5,0.8837202388764636,0.0307339143438992,0.207110990627257,unresolved_or_model_specific,,
Gemma,celebrity,Gemma_F6,-0.3219558220854801,0.0307339143438992,0.1068418272923431,shared_all_2,1.0,-0.3219558220854801
Gemma,chameleon,Gemma_F1,-1.0841804945883162,0.0439386523801062,0.1383714749743785,unresolved_or_model_specific,,
Gemma,chameleon,Gemma_F2,0.0501403362618045,0.0439386523801062,0.1112585881063707,unresolved_or_model_specific,,
Gemma,chameleon,Gemma_F3,0.6176068910878473,0.0439386523801062,0.0841539450197213,shared_gemma_llama_1,1.0,0.6176068910878473
Gemma,chameleon,Gemma_F4,0.6326280262181277,0.0439386523801062,0.3047380550015331,unresolved_or_model_specific,,
Gemma,chameleon,Gemma_F5,1.7308621090961192,0.0439386523801062,0.2668124918512082,unresolved_or_model_specific,,
Gemma,chameleon,Gemma_F6,0.064540350162559,0.0439386523801062,0.0775956739771834,shared_all_2,1.0,0.064540350162559
Gemma,chef,Gemma_F1,-0.499849904247281,0.0303500928725691,0.112414074535699,unresolved_or_model_specific,,
Gemma,chef,Gemma_F2,0.2690608929807334,0.0303500928725691,0.162793950867722,unresolved_or_model_specific,,
Gemma,chef,Gemma_F3,0.470837703442885,0.0303500928725691,0.1091614642927951,shared_gemma_llama_1,1.0,0.470837703442885
Gemma,chef,Gemma_F4,-0.6341410044668044,0.0303500928725691,0.1847388089443376,unresolved_or_model_specific,,
Gemma,chef,Gemma_F5,0.9358756154982872,0.0303500928725691,0.1240091090790233,unresolved_or_model_specific,,
Gemma,chef,Gemma_F6,-0.2299563097635561,0.0303500928725691,0.0758468993807652,shared_all_2,1.0,-0.2299563097635561
Gemma,chemist,Gemma_F1,0.4491045623908531,0.0179628350262254,0.0905795335261635,unresolved_or_model_specific,,
Gemma,chemist,Gemma_F2,-0.952515620394132,0.0179628350262254,0.1289995857603424,unresolved_or_model_specific,,
Gemma,chemist,Gemma_F3,0.4071532587322924,0.0179628350262254,0.1116889735703725,shared_gemma_llama_1,1.0,0.4071532587322924
Gemma,chemist,Gemma_F4,0.1004693340532968,0.0179628350262254,0.2278341633149364,unresolved_or_model_specific,,
Gemma,chemist,Gemma_F5,0.3971075234211871,0.0179628350262254,0.2601232388818006,unresolved_or_model_specific,,
Gemma,chemist,Gemma_F6,-0.718724214947777,0.0179628350262254,0.0488535477787071,shared_all_2,1.0,-0.718724214947777
Gemma,chimera,Gemma_F1,-0.4314006950586905,0.0274336763364606,0.2077500030475399,unresolved_or_model_specific,,
Gemma,chimera,Gemma_F2,-0.7075264817014447,0.0274336763364606,0.2723961135165196,unresolved_or_model_specific,,
Gemma,chimera,Gemma_F3,-0.9804851838710924,0.0274336763364606,0.1980658806530434,shared_gemma_llama_1,1.0,-0.9804851838710924
Gemma,chimera,Gemma_F4,-0.4279058600002284,0.0274336763364606,0.2135682525120953,unresolved_or_model_specific,,
Gemma,chimera,Gemma_F5,-0.1342422616957372,0.0274336763364606,0.1418610987607434,unresolved_or_model_specific,,
Gemma,chimera,Gemma_F6,1.4032329377446322,0.0274336763364606,0.0423907423720242,shared_all_2,1.0,1.4032329377446322
Gemma,coach,Gemma_F1,0.5414812678105297,0.0274107201080228,0.0718430837601544,unresolved_or_model_specific,,
Gemma,coach,Gemma_F2,0.3907745503087012,0.0274107201080228,0.0856132363597316,unresolved_or_model_specific,,
Gemma,coach,Gemma_F3,1.039758694702283,0.0274107201080228,0.0288844216182868,shared_gemma_llama_1,1.0,1.039758694702283
Gemma,coach,Gemma_F4,-0.5130680890840374,0.0274107201080228,0.2351791902609699,unresolved_or_model_specific,,
Gemma,coach,Gemma_F5,0.2507522991986208,0.0274107201080228,0.173255712410282,unresolved_or_model_specific,,
Gemma,coach,Gemma_F6,-1.1112202729479332,0.0274107201080228,0.0331742965249042,shared_all_2,1.0,-1.1112202729479332
Gemma,collaborator,Gemma_F1,0.9474224164654508,0.0413232631006466,0.1002883889342665,unresolved_or_model_specific,,
Gemma,collaborator,Gemma_F2,0.2730203735303795,0.0413232631006466,0.0934475641313933,unresolved_or_model_specific,,
Gemma,collaborator,Gemma_F3,1.31799707824196,0.0413232631006466,0.1044766783493579,shared_gemma_llama_1,1.0,1.31799707824196
Gemma,collaborator,Gemma_F4,-0.1607309466516061,0.0413232631006466,0.2746217781765248,unresolved_or_model_specific,,
Gemma,collaborator,Gemma_F5,1.1001179924864914,0.0413232631006466,0.2329053675793003,unresolved_or_model_specific,,
Gemma,collaborator,Gemma_F6,-0.9929066195249324,0.0413232631006466,0.0502864574344494,shared_all_2,1.0,-0.9929066195249324
Gemma,collector,Gemma_F1,0.2036584512376462,0.0168063589397015,0.109999612205536,unresolved_or_model_specific,,
Gemma,collector,Gemma_F2,-0.8934069988227655,0.0168063589397015,0.1418325874195526,unresolved_or_model_specific,,
Gemma,collector,Gemma_F3,0.4119395178269976,0.0168063589397015,0.1530902732497249,shared_gemma_llama_1,1.0,0.4119395178269976
Gemma,collector,Gemma_F4,-0.5666288770860246,0.0168063589397015,0.1413362638502409,unresolved_or_model_specific,,
Gemma,collector,Gemma_F5,0.2430823361337279,0.0168063589397015,0.1593108516528784,unresolved_or_model_specific,,
Gemma,collector,Gemma_F6,0.1478824035471594,0.0168063589397015,0.0424138306372103,shared_all_2,1.0,0.1478824035471594
Gemma,comedian,Gemma_F1,-3.6197791198338938,0.0935955887621349,0.3047201279915977,unresolved_or_model_specific,,
Gemma,comedian,Gemma_F2,0.81203050874207,0.0935955887621349,0.4121045969843363,unresolved_or_model_specific,,
Gemma,comedian,Gemma_F3,-1.3559723960688743,0.0935955887621349,0.3910096073300536,shared_gemma_llama_1,1.0,-1.3559723960688743
Gemma,comedian,Gemma_F4,1.122451652651825,0.0935955887621349,0.5268038607959704,unresolved_or_model_specific,,
Gemma,comedian,Gemma_F5,-0.1806208272607819,0.0935955887621349,0.3701112784716275,unresolved_or_model_specific,,
Gemma,comedian,Gemma_F6,-0.821293984891052,0.0935955887621349,0.2000402127489137,shared_all_2,1.0,-0.821293984891052
Gemma,competitor,Gemma_F1,-0.0940767247494683,0.0731114247942759,0.3068476874806236,unresolved_or_model_specific,,
Gemma,competitor,Gemma_F2,1.352658737728052,0.0731114247942759,0.3332150157385174,unresolved_or_model_specific,,
Gemma,competitor,Gemma_F3,-2.8720790249029164,0.0731114247942759,0.1503483252154142,shared_gemma_llama_1,1.0,-2.8720790249029164
Gemma,competitor,Gemma_F4,0.4622050815057101,0.0731114247942759,0.4385856043688711,unresolved_or_model_specific,,
Gemma,competitor,Gemma_F5,-0.5863317513198962,0.0731114247942759,0.4870911272800725,unresolved_or_model_specific,,
Gemma,competitor,Gemma_F6,-0.6268252370693423,0.0731114247942759,0.1166816373691412,shared_all_2,1.0,-0.6268252370693423
Gemma,composer,Gemma_F1,-0.2027409679326159,0.0104558268752739,0.2222389930085348,unresolved_or_model_specific,,
Gemma,composer,Gemma_F2,-0.8754543708510345,0.0104558268752739,0.1816754765722641,unresolved_or_model_specific,,
Gemma,composer,Gemma_F3,0.5655663235560641,0.0104558268752739,0.2105600415113718,shared_gemma_llama_1,1.0,0.5655663235560641
Gemma,composer,Gemma_F4,-0.9693536004353738,0.0104558268752739,0.1593911066861543,unresolved_or_model_specific,,
Gemma,composer,Gemma_F5,0.1447201955638961,0.0104558268752739,0.1865898448734546,unresolved_or_model_specific,,
Gemma,composer,Gemma_F6,0.4474665312878375,0.0104558268752739,0.0487416618038369,shared_all_2,1.0,0.4474665312878375
Gemma,conservator,Gemma_F1,1.0557107623158164,0.0378172017241467,0.085563440754665,unresolved_or_model_specific,,
Gemma,conservator,Gemma_F2,-0.6911237993969949,0.0378172017241467,0.1338404044067291,unresolved_or_model_specific,,
Gemma,conservator,Gemma_F3,0.6868336459339469,0.0378172017241467,0.1148731543836744,shared_gemma_llama_1,1.0,0.6868336459339469
Gemma,conservator,Gemma_F4,-0.286575681776652,0.0378172017241467,0.1797083496553719,unresolved_or_model_specific,,
Gemma,conservator,Gemma_F5,0.2510157326394517,0.0378172017241467,0.1877728799604028,unresolved_or_model_specific,,
Gemma,conservator,Gemma_F6,-0.1948426331910386,0.0378172017241467,0.0631507802337943,shared_all_2,1.0,-0.1948426331910386
Gemma,consultant,Gemma_F1,0.7149310466526642,0.0102292953544601,0.1168246149316775,unresolved_or_model_specific,,
Gemma,consultant,Gemma_F2,-0.5285948152666549,0.0102292953544601,0.3221374550121603,unresolved_or_model_specific,,
Gemma,consultant,Gemma_F3,0.8854521883688873,0.0102292953544601,0.1100913342555465,shared_gemma_llama_1,1.0,0.8854521883688873
Gemma,consultant,Gemma_F4,-0.1697947067135125,0.0102292953544601,0.2288017162608818,unresolved_or_model_specific,,
Gemma,consultant,Gemma_F5,-1.3842453588441224,0.0102292953544601,0.192839555331119,unresolved_or_model_specific,,
Gemma,consultant,Gemma_F6,-1.2980689195241506,0.0102292953544601,0.0812601701166189,shared_all_2,1.0,-1.2980689195241506
Gemma,contrarian,Gemma_F1,-0.0940368950848417,0.0447583328838762,0.1597965423281557,unresolved_or_model_specific,,
Gemma,contrarian,Gemma_F2,-0.4353786038772587,0.0447583328838762,0.4207714119222145,unresolved_or_model_specific,,
Gemma,contrarian,Gemma_F3,-2.1482117690238676,0.0447583328838762,0.2239863497414015,shared_gemma_llama_1,1.0,-2.1482117690238676
Gemma,contrarian,Gemma_F4,-0.4818022297190767,0.0447583328838762,0.4244903712874463,unresolved_or_model_specific,,
Gemma,contrarian,Gemma_F5,0.171842566618726,0.0447583328838762,0.2402791624532358,unresolved_or_model_specific,,
Gemma,contrarian,Gemma_F6,-0.0317091267371983,0.0447583328838762,0.0785602006530658,shared_all_2,1.0,-0.0317091267371983
Gemma,coordinator,Gemma_F1,0.7334056577596713,0.0102145334126631,0.0894389211319319,unresolved_or_model_specific,,
Gemma,coordinator,Gemma_F2,-0.229060568119716,0.0102145334126631,0.1873212263082978,unresolved_or_model_specific,,
Gemma,coordinator,Gemma_F3,1.0013226555192314,0.0102145334126631,0.0393057270429422,shared_gemma_llama_1,1.0,1.0013226555192314
Gemma,coordinator,Gemma_F4,-0.4599517229125477,0.0102145334126631,0.1992790863741789,unresolved_or_model_specific,,
Gemma,coordinator,Gemma_F5,-0.7454968494307826,0.0102145334126631,0.1800338303234929,unresolved_or_model_specific,,
Gemma,coordinator,Gemma_F6,-1.037114410698729,0.0102145334126631,0.0520630888660213,shared_all_2,1.0,-1.037114410698729
Gemma,coral_reef,Gemma_F1,-0.3481730106843625,0.0762036786203832,0.1126276604870779,unresolved_or_model_specific,,
Gemma,coral_reef,Gemma_F2,0.3037308410382985,0.0762036786203832,0.1230424519856409,unresolved_or_model_specific,,
Gemma,coral_reef,Gemma_F3,0.0198007897654995,0.0762036786203832,0.1078613364578998,shared_gemma_llama_1,1.0,0.0198007897654995
Gemma,coral_reef,Gemma_F4,0.384720656009231,0.0762036786203832,0.1537867799822461,unresolved_or_model_specific,,
Gemma,coral_reef,Gemma_F5,-0.5420036092360302,0.0762036786203832,0.1384373994433222,unresolved_or_model_specific,,
Gemma,coral_reef,Gemma_F6,1.2901950724579123,0.0762036786203832,0.0361257415390665,shared_all_2,1.0,1.2901950724579123
Gemma,cosmopolitan,Gemma_F1,-0.3345486903133511,0.0294518925215124,0.2620620753774809,unresolved_or_model_specific,,
Gemma,cosmopolitan,Gemma_F2,-0.3723982888161718,0.0294518925215124,0.2790645073193961,unresolved_or_model_specific,,
Gemma,cosmopolitan,Gemma_F3,0.464229387322889,0.0294518925215124,0.2411312300673365,shared_gemma_llama_1,1.0,0.464229387322889
Gemma,cosmopolitan,Gemma_F4,-1.2162968802968477,0.0294518925215124,0.1805979536493999,unresolved_or_model_specific,,
Gemma,cosmopolitan,Gemma_F5,0.601402633114784,0.0294518925215124,0.1972354132553167,unresolved_or_model_specific,,
Gemma,cosmopolitan,Gemma_F6,0.3514913649280629,0.0294518925215124,0.0715055267270935,shared_all_2,1.0,0.3514913649280629
Gemma,counselor,Gemma_F1,1.5492278241727395,0.0403259572550065,0.1218021320240734,unresolved_or_model_specific,,
Gemma,counselor,Gemma_F2,0.515651065699889,0.0403259572550065,0.196886268588716,unresolved_or_model_specific,,
Gemma,counselor,Gemma_F3,1.620521336808274,0.0403259572550065,0.1122263582790321,shared_gemma_llama_1,1.0,1.620521336808274
Gemma,counselor,Gemma_F4,0.0688481301542058,0.0403259572550065,0.3557838091663285,unresolved_or_model_specific,,
Gemma,counselor,Gemma_F5,1.9620316089896224,0.0403259572550065,0.2496862990157413,unresolved_or_model_specific,,
Gemma,counselor,Gemma_F6,-0.5011162205639131,0.0403259572550065,0.1007127935607171,shared_all_2,1.0,-0.5011162205639131
Gemma,criminal,Gemma_F1,-0.8995807002461246,0.0794218998713719,0.2463573872608742,unresolved_or_model_specific,,
Gemma,criminal,Gemma_F2,1.5365729903148058,0.0794218998713719,0.2609435523326435,unresolved_or_model_specific,,
Gemma,criminal,Gemma_F3,-2.239886583203171,0.0794218998713719,0.1630696702886342,shared_gemma_llama_1,1.0,-2.239886583203171
Gemma,criminal,Gemma_F4,0.6921660767347967,0.0794218998713719,0.3191810076582708,unresolved_or_model_specific,,
Gemma,criminal,Gemma_F5,0.6814393428309853,0.0794218998713719,0.4257293645666957,unresolved_or_model_specific,,
Gemma,criminal,Gemma_F6,-0.2625903219261228,0.0794218998713719,0.1244613523310403,shared_all_2,1.0,-0.2625903219261228
Gemma,critic,Gemma_F1,0.4812935910502063,0.0135810769657769,0.1741726453411242,unresolved_or_model_specific,,
Gemma,critic,Gemma_F2,-1.4085740018058908,0.0135810769657769,0.2324118675206298,unresolved_or_model_specific,,
Gemma,critic,Gemma_F3,-0.0026411455187847,0.0135810769657769,0.2676281506221051,shared_gemma_llama_1,1.0,-0.0026411455187847
Gemma,critic,Gemma_F4,-1.0092390906943878,0.0135810769657769,0.2343377036099859,unresolved_or_model_specific,,
Gemma,critic,Gemma_F5,0.0033993972750166,0.0135810769657769,0.1945398059592008,unresolved_or_model_specific,,
Gemma,critic,Gemma_F6,-0.0424680047854414,0.0135810769657769,0.0567960696052464,shared_all_2,1.0,-0.0424680047854414
Gemma,crystalline,Gemma_F1,-0.0005473349203379,0.1131967583247433,0.2193427379185486,unresolved_or_model_specific,,
Gemma,crystalline,Gemma_F2,-1.5526269750602697,0.1131967583247433,0.2960324723239068,unresolved_or_model_specific,,
Gemma,crystalline,Gemma_F3,0.0123686251491223,0.1131967583247433,0.137772176458157,shared_gemma_llama_1,1.0,0.0123686251491223
Gemma,crystalline,Gemma_F4,1.218008784644716,0.1131967583247433,0.3422761200685545,unresolved_or_model_specific,,
Gemma,crystalline,Gemma_F5,-1.3297444991124363,0.1131967583247433,0.3598083424600951,unresolved_or_model_specific,,
Gemma,crystalline,Gemma_F6,1.1574185260495111,0.1131967583247433,0.13641165047608,shared_all_2,1.0,1.1574185260495111
Gemma,curator,Gemma_F1,-0.0791725030648484,0.0129355144869935,0.2108752438874964,unresolved_or_model_specific,,
Gemma,curator,Gemma_F2,-0.7745380089029257,0.0129355144869935,0.1874198944615233,unresolved_or_model_specific,,
Gemma,curator,Gemma_F3,0.6122048710128477,0.0129355144869935,0.2193095279017662,shared_gemma_llama_1,1.0,0.6122048710128477
Gemma,curator,Gemma_F4,-1.0795664125136952,0.0129355144869935,0.1615761206262095,unresolved_or_model_specific,,
Gemma,curator,Gemma_F5,0.1583213632867517,0.0129355144869935,0.2128828010979165,unresolved_or_model_specific,,
Gemma,curator,Gemma_F6,-0.1523340220888859,0.0129355144869935,0.0503250075255861,shared_all_2,1.0,-0.1523340220888859
Gemma,cyborg,Gemma_F1,0.6332634997271696,0.0536997289257756,0.076749341007889,unresolved_or_model_specific,,
Gemma,cyborg,Gemma_F2,-0.8643027382543397,0.0536997289257756,0.126973233834357,unresolved_or_model_specific,,
Gemma,cyborg,Gemma_F3,0.2067240293443624,0.0536997289257756,0.0596309732947423,shared_gemma_llama_1,1.0,0.2067240293443624
Gemma,cyborg,Gemma_F4,0.1012377868760137,0.0536997289257756,0.1382904847889483,unresolved_or_model_specific,,
Gemma,cyborg,Gemma_F5,-0.6847659728167355,0.0536997289257756,0.1457329779688314,unresolved_or_model_specific,,
Gemma,cyborg,Gemma_F6,-0.2339098401895627,0.0536997289257756,0.0676628743005209,shared_all_2,1.0,-0.2339098401895627
Gemma,cynic,Gemma_F1,-0.8771009934950694,0.1772355662045889,0.4117577930395229,unresolved_or_model_specific,,
Gemma,cynic,Gemma_F2,0.8190344515294379,0.1772355662045889,0.2914148483736165,unresolved_or_model_specific,,
Gemma,cynic,Gemma_F3,-3.360332481239548,0.1772355662045889,0.3301863675997502,shared_gemma_llama_1,1.0,-3.360332481239548
Gemma,cynic,Gemma_F4,1.4783571087270817,0.1772355662045889,0.5891301875143165,unresolved_or_model_specific,,
Gemma,cynic,Gemma_F5,-0.212659382864804,0.1772355662045889,0.573222072918832,unresolved_or_model_specific,,
Gemma,cynic,Gemma_F6,-0.4101909238845735,0.1772355662045889,0.1232496569955045,shared_all_2,1.0,-0.4101909238845735
Gemma,daredevil,Gemma_F1,-1.6662594153095325,0.0653033747681303,0.2310768602046298,unresolved_or_model_specific,,
Gemma,daredevil,Gemma_F2,1.4477953098051848,0.0653033747681303,0.4084681128545827,unresolved_or_model_specific,,
Gemma,daredevil,Gemma_F3,-2.4703649196908555,0.0653033747681303,0.1019566549560827,shared_gemma_llama_1,1.0,-2.4703649196908555
Gemma,daredevil,Gemma_F4,-0.1955971767781314,0.0653033747681303,0.2967648131711727,unresolved_or_model_specific,,
Gemma,daredevil,Gemma_F5,0.578429888257411,0.0653033747681303,0.4116043398054957,unresolved_or_model_specific,,
Gemma,daredevil,Gemma_F6,-0.3342948502342994,0.0653033747681303,0.1882252483387125,shared_all_2,1.0,-0.3342948502342994
Gemma,debugger,Gemma_F1,0.5803847545824983,0.0173464227107355,0.0928808680815595,unresolved_or_model_specific,,
Gemma,debugger,Gemma_F2,-0.9451737199003872,0.0173464227107355,0.1780885424138916,unresolved_or_model_specific,,
Gemma,debugger,Gemma_F3,0.5077852117003999,0.0173464227107355,0.0673058479487684,shared_gemma_llama_1,1.0,0.5077852117003999
Gemma,debugger,Gemma_F4,-0.0186448022038342,0.0173464227107355,0.1438411158183112,unresolved_or_model_specific,,
Gemma,debugger,Gemma_F5,-0.1768299743132645,0.0173464227107355,0.2507882884588867,unresolved_or_model_specific,,
Gemma,debugger,Gemma_F6,-1.3072717848384852,0.0173464227107355,0.0575593234464264,shared_all_2,1.0,-1.3072717848384852
Gemma,demon,Gemma_F1,-1.1755499610088351,0.10384251226089,0.1570941335720533,unresolved_or_model_specific,,
Gemma,demon,Gemma_F2,-0.7902932609790493,0.10384251226089,0.1867800519497348,unresolved_or_model_specific,,
Gemma,demon,Gemma_F3,-2.1774900300426587,0.10384251226089,0.1125843407401583,shared_gemma_llama_1,1.0,-2.1774900300426587
Gemma,demon,Gemma_F4,0.6983107478609905,0.10384251226089,0.4611179700703615,unresolved_or_model_specific,,
Gemma,demon,Gemma_F5,-0.452297369713615,0.10384251226089,0.3380590462706758,unresolved_or_model_specific,,
Gemma,demon,Gemma_F6,1.2762167790674677,0.10384251226089,0.0774554923300266,shared_all_2,1.0,1.2762167790674677
Gemma,designer,Gemma_F1,0.1957163425110445,0.0150872193227217,0.1890116448621998,unresolved_or_model_specific,,
Gemma,designer,Gemma_F2,-0.3501516886694483,0.0150872193227217,0.127715707018281,unresolved_or_model_specific,,
Gemma,designer,Gemma_F3,0.7546698192535761,0.0150872193227217,0.1393805893422171,shared_gemma_llama_1,1.0,0.7546698192535761
Gemma,designer,Gemma_F4,-1.0952417457129653,0.0150872193227217,0.1927519268673306,unresolved_or_model_specific,,
Gemma,designer,Gemma_F5,-0.3702736582589805,0.0150872193227217,0.2189352410616097,unresolved_or_model_specific,,
Gemma,designer,Gemma_F6,-0.8119498630306806,0.0150872193227217,0.0372008653588016,shared_all_2,1.0,-0.8119498630306806
Gemma,destroyer,Gemma_F1,0.8006479365857908,0.0412559910978922,0.1818436230209079,unresolved_or_model_specific,,
Gemma,destroyer,Gemma_F2,-0.4048241100278454,0.0412559910978922,0.2749356602733645,unresolved_or_model_specific,,
Gemma,destroyer,Gemma_F3,-1.3252679690183138,0.0412559910978922,0.1777670941093206,shared_gemma_llama_1,1.0,-1.3252679690183138
Gemma,destroyer,Gemma_F4,-0.5742967727974357,0.0412559910978922,0.289002150862946,unresolved_or_model_specific,,
Gemma,destroyer,Gemma_F5,-0.8488122426280744,0.0412559910978922,0.1994140755174067,unresolved_or_model_specific,,
Gemma,destroyer,Gemma_F6,0.0654223069942507,0.0412559910978922,0.0534071235854686,shared_all_2,1.0,0.0654223069942507
Gemma,detective,Gemma_F1,0.2916625772468995,0.0205355329230706,0.1307631251560027,unresolved_or_model_specific,,
Gemma,detective,Gemma_F2,-0.8949582207283766,0.0205355329230706,0.0923831797196559,unresolved_or_model_specific,,
Gemma,detective,Gemma_F3,-0.070257280721579,0.0205355329230706,0.0752688539855418,shared_gemma_llama_1,1.0,-0.070257280721579
Gemma,detective,Gemma_F4,0.2190290646619834,0.0205355329230706,0.2139506276818832,unresolved_or_model_specific,,
Gemma,detective,Gemma_F5,0.1295793717356393,0.0205355329230706,0.2067246641026934,unresolved_or_model_specific,,
Gemma,detective,Gemma_F6,-0.7553588132793434,0.0205355329230706,0.0526798856832595,shared_all_2,1.0,-0.7553588132793434
Gemma,devils_advocate,Gemma_F1,0.207569561593446,0.0679768973256753,0.1012979694933068,unresolved_or_model_specific,,
Gemma,devils_advocate,Gemma_F2,-0.8867589386053116,0.0679768973256753,0.2900218429964925,unresolved_or_model_specific,,
Gemma,devils_advocate,Gemma_F3,-1.3437700880864665,0.0679768973256753,0.1991873771234129,shared_gemma_llama_1,1.0,-1.3437700880864665
Gemma,devils_advocate,Gemma_F4,-0.0980068312369661,0.0679768973256753,0.4342005563848902,unresolved_or_model_specific,,
Gemma,devils_advocate,Gemma_F5,0.5841790747260631,0.0679768973256753,0.1537797984104803,unresolved_or_model_specific,,
Gemma,devils_advocate,Gemma_F6,-0.4023918717412408,0.0679768973256753,0.0524822548928158,shared_all_2,1.0,-0.4023918717412408
Gemma,dilettante,Gemma_F1,-2.742239905404112,0.0655001387920122,0.1321443867824294,unresolved_or_model_specific,,
Gemma,dilettante,Gemma_F2,-0.9998040301405636,0.0655001387920122,0.1666701048173008,unresolved_or_model_specific,,
Gemma,dilettante,Gemma_F3,-0.1726971407057061,0.0655001387920122,0.1482081383813271,shared_gemma_llama_1,1.0,-0.1726971407057061
Gemma,dilettante,Gemma_F4,0.1229315441107941,0.0655001387920122,0.4546455499588107,unresolved_or_model_specific,,
Gemma,dilettante,Gemma_F5,1.2528907227496262,0.0655001387920122,0.29959389829264,unresolved_or_model_specific,,
Gemma,dilettante,Gemma_F6,0.6091470898128366,0.0655001387920122,0.1576736341980764,shared_all_2,1.0,0.6091470898128366
Gemma,dispatcher,Gemma_F1,0.7982248697128874,0.0375224187835175,0.2362719958280725,unresolved_or_model_specific,,
Gemma,dispatcher,Gemma_F2,-0.1503267784759753,0.0375224187835175,0.15695241412797,unresolved_or_model_specific,,
Gemma,dispatcher,Gemma_F3,0.3396234760962138,0.0375224187835175,0.0714381871488472,shared_gemma_llama_1,1.0,0.3396234760962138
Gemma,dispatcher,Gemma_F4,0.7655172613226239,0.0375224187835175,0.1615831914471807,unresolved_or_model_specific,,
Gemma,dispatcher,Gemma_F5,0.1898278082246134,0.0375224187835175,0.2198573425109657,unresolved_or_model_specific,,
Gemma,dispatcher,Gemma_F6,-1.0866031391938775,0.0375224187835175,0.0497262922472188,shared_all_2,1.0,-1.0866031391938775
Gemma,divorcee,Gemma_F1,-0.3729625395096847,0.0265777597644734,0.0805140157736855,unresolved_or_model_specific,,
Gemma,divorcee,Gemma_F2,1.4881801908480696,0.0265777597644734,0.350353914189961,unresolved_or_model_specific,,
Gemma,divorcee,Gemma_F3,-0.3357052192244192,0.0265777597644734,0.1275893489599665,shared_gemma_llama_1,1.0,-0.3357052192244192
Gemma,divorcee,Gemma_F4,-0.6805149139151138,0.0265777597644734,0.2665924093487145,unresolved_or_model_specific,,
Gemma,divorcee,Gemma_F5,1.6887262017421971,0.0265777597644734,0.2488904226678349,unresolved_or_model_specific,,
Gemma,divorcee,Gemma_F6,-0.4148500150803305,0.0265777597644734,0.1328044944811406,shared_all_2,1.0,-0.4148500150803305
Gemma,doctor,Gemma_F1,1.0140237683925593,0.0353109778329466,0.1947786647379255,unresolved_or_model_specific,,
Gemma,doctor,Gemma_F2,-0.0248815430347163,0.0353109778329466,0.2795731244976572,unresolved_or_model_specific,,
Gemma,doctor,Gemma_F3,1.4246486962102551,0.0353109778329466,0.1111671746816046,shared_gemma_llama_1,1.0,1.4246486962102551
Gemma,doctor,Gemma_F4,0.2360998321035586,0.0353109778329466,0.1923615139321555,unresolved_or_model_specific,,
Gemma,doctor,Gemma_F5,0.0330070819217936,0.0353109778329466,0.2240961554250643,unresolved_or_model_specific,,
Gemma,doctor,Gemma_F6,-1.0343167237680233,0.0353109778329466,0.0745716670440858,shared_all_2,1.0,-1.0343167237680233
Gemma,dreamer,Gemma_F1,-1.1832498991038742,0.0379166551590965,0.3071759629157692,unresolved_or_model_specific,,
Gemma,dreamer,Gemma_F2,-0.3185411134548598,0.0379166551590965,0.1867841188334431,unresolved_or_model_specific,,
Gemma,dreamer,Gemma_F3,-0.1215873233602105,0.0379166551590965,0.1362770970228867,shared_gemma_llama_1,1.0,-0.1215873233602105
Gemma,dreamer,Gemma_F4,-0.6037368435229106,0.0379166551590965,0.1665246971934557,unresolved_or_model_specific,,
Gemma,dreamer,Gemma_F5,-0.0691120942036062,0.0379166551590965,0.1237530183258993,unresolved_or_model_specific,,
Gemma,dreamer,Gemma_F6,1.7052337473524122,0.0379166551590965,0.0657967747182805,shared_all_2,1.0,1.7052337473524122
Gemma,echo,Gemma_F1,-0.2894062171684922,0.0364241281172939,0.1470022937549951,unresolved_or_model_specific,,
Gemma,echo,Gemma_F2,-0.3684608587143726,0.0364241281172939,0.1246463166884236,unresolved_or_model_specific,,
Gemma,echo,Gemma_F3,-0.4428215700562234,0.0364241281172939,0.0551492875894508,shared_gemma_llama_1,1.0,-0.4428215700562234
Gemma,echo,Gemma_F4,0.280354991885919,0.0364241281172939,0.1563880947198043,unresolved_or_model_specific,,
Gemma,echo,Gemma_F5,-0.3489890037493441,0.0364241281172939,0.1240834600512064,unresolved_or_model_specific,,
Gemma,echo,Gemma_F6,1.9206702197720609,0.0364241281172939,0.0410717264992482,shared_all_2,1.0,1.9206702197720609
Gemma,economist,Gemma_F1,0.4698756247862471,0.0239693460689158,0.1220930324006856,unresolved_or_model_specific,,
Gemma,economist,Gemma_F2,-1.0558734032403008,0.0239693460689158,0.2912867506050424,unresolved_or_model_specific,,
Gemma,economist,Gemma_F3,0.4936840840041097,0.0239693460689158,0.0588362904575785,shared_gemma_llama_1,1.0,0.4936840840041097
Gemma,economist,Gemma_F4,-0.0611614799791904,0.0239693460689158,0.1472551487925328,unresolved_or_model_specific,,
Gemma,economist,Gemma_F5,-1.199661865745908,0.0239693460689158,0.2179082707309181,unresolved_or_model_specific,,
Gemma,economist,Gemma_F6,-1.177048317257337,0.0239693460689158,0.0845054845973107,shared_all_2,1.0,-1.177048317257337
Gemma,ecosystem,Gemma_F1,0.0988230053927527,0.0671012541138088,0.225697148831977,unresolved_or_model_specific,,
Gemma,ecosystem,Gemma_F2,-0.1380871672718588,0.0671012541138088,0.1023432012479,unresolved_or_model_specific,,
Gemma,ecosystem,Gemma_F3,0.9251605503590786,0.0671012541138088,0.1018840482540725,shared_gemma_llama_1,1.0,0.9251605503590786
Gemma,ecosystem,Gemma_F4,-0.8042622204405249,0.0671012541138088,0.2215862956077934,unresolved_or_model_specific,,
Gemma,ecosystem,Gemma_F5,-0.4605745789992856,0.0671012541138088,0.1868825347141222,unresolved_or_model_specific,,
Gemma,ecosystem,Gemma_F6,0.5743200460894746,0.0671012541138088,0.0386626855675171,shared_all_2,1.0,0.5743200460894746
Gemma,editor,Gemma_F1,1.203291635154439,0.0383186661757754,0.2333984370200855,unresolved_or_model_specific,,
Gemma,editor,Gemma_F2,-0.9671505597078284,0.0383186661757754,0.1417494390298436,unresolved_or_model_specific,,
Gemma,editor,Gemma_F3,0.571933368604223,0.0383186661757754,0.1529065763142477,shared_gemma_llama_1,1.0,0.571933368604223
Gemma,editor,Gemma_F4,0.6212205856362193,0.0383186661757754,0.4373272586470157,unresolved_or_model_specific,,
Gemma,editor,Gemma_F5,1.207780493414756,0.0383186661757754,0.3896724520109444,unresolved_or_model_specific,,
Gemma,editor,Gemma_F6,-1.207788744403535,0.0383186661757754,0.0693004057486642,shared_all_2,1.0,-1.207788744403535
Gemma,egregore,Gemma_F1,0.4395570141628311,0.0191110155402922,0.2117522568964192,unresolved_or_model_specific,,
Gemma,egregore,Gemma_F2,-0.3990233025659941,0.0191110155402922,0.1446309345528342,unresolved_or_model_specific,,
Gemma,egregore,Gemma_F3,0.0896419279607848,0.0191110155402922,0.1229295024035121,shared_gemma_llama_1,1.0,0.0896419279607848
Gemma,egregore,Gemma_F4,-0.5373970413727712,0.0191110155402922,0.0817522762506593,unresolved_or_model_specific,,
Gemma,egregore,Gemma_F5,-0.444951819645294,0.0191110155402922,0.1278021913007861,unresolved_or_model_specific,,
Gemma,egregore,Gemma_F6,1.0803413765223766,0.0191110155402922,0.0406792608778718,shared_all_2,1.0,1.0803413765223766
Gemma,elder,Gemma_F1,-0.0542139086109094,0.0356140189498874,0.1347071619862422,unresolved_or_model_specific,,
Gemma,elder,Gemma_F2,0.988068099349222,0.0356140189498874,0.1458544927136432,unresolved_or_model_specific,,
Gemma,elder,Gemma_F3,0.5171730561037774,0.0356140189498874,0.0839470461927363,shared_gemma_llama_1,1.0,0.5171730561037774
Gemma,elder,Gemma_F4,-0.2187571669598074,0.0356140189498874,0.2054707495589936,unresolved_or_model_specific,,
Gemma,elder,Gemma_F5,0.614107901588667,0.0356140189498874,0.1895393611813249,unresolved_or_model_specific,,
Gemma,elder,Gemma_F6,1.0068138935755404,0.0356140189498874,0.0771491856563472,shared_all_2,1.0,1.0068138935755404
Gemma,eldritch,Gemma_F1,-0.8210261348037653,0.0652803619782879,0.2115308278239836,unresolved_or_model_specific,,
Gemma,eldritch,Gemma_F2,-1.7360531183784689,0.0652803619782879,0.1658964784240622,unresolved_or_model_specific,,
Gemma,eldritch,Gemma_F3,-1.283737494957199,0.0652803619782879,0.1362496093920895,shared_gemma_llama_1,1.0,-1.283737494957199
Gemma,eldritch,Gemma_F4,0.8302322690385634,0.0652803619782879,0.4676017763754489,unresolved_or_model_specific,,
Gemma,eldritch,Gemma_F5,-0.5750998972309294,0.0652803619782879,0.3013316606852986,unresolved_or_model_specific,,
Gemma,eldritch,Gemma_F6,2.20192526376813,0.0652803619782879,0.1009310048494007,shared_all_2,1.0,2.20192526376813
Gemma,emissary,Gemma_F1,0.8872474501298591,0.0169457807459843,0.2015705209284924,unresolved_or_model_specific,,
Gemma,emissary,Gemma_F2,-0.3974823345319073,0.0169457807459843,0.1243644067242593,unresolved_or_model_specific,,
Gemma,emissary,Gemma_F3,1.3094461199300054,0.0169457807459843,0.0913941490097759,shared_gemma_llama_1,1.0,1.3094461199300054
Gemma,emissary,Gemma_F4,-0.9782751127538876,0.0169457807459843,0.2126985856678853,unresolved_or_model_specific,,
Gemma,emissary,Gemma_F5,-0.5296029189510415,0.0169457807459843,0.2681622608139997,unresolved_or_model_specific,,
Gemma,emissary,Gemma_F6,-0.1287973813023551,0.0169457807459843,0.0665512226432478,shared_all_2,1.0,-0.1287973813023551
Gemma,empath,Gemma_F1,0.4478914553330352,0.0288554793076971,0.3068001251722457,unresolved_or_model_specific,,
Gemma,empath,Gemma_F2,0.8829633809351543,0.0288554793076971,0.3992323117447553,unresolved_or_model_specific,,
Gemma,empath,Gemma_F3,0.7882095527052563,0.0288554793076971,0.2329603489514551,shared_gemma_llama_1,1.0,0.7882095527052563
Gemma,empath,Gemma_F4,-1.2071405482058606,0.0288554793076971,0.2894897720879186,unresolved_or_model_specific,,
Gemma,empath,Gemma_F5,1.4338421410111926,0.0288554793076971,0.3340139104564225,unresolved_or_model_specific,,
Gemma,empath,Gemma_F6,0.8962358025882134,0.0288554793076971,0.1210746725045891,shared_all_2,1.0,0.8962358025882134
Gemma,engineer,Gemma_F1,0.5182930027762429,0.0161307476170985,0.0923926127910793,unresolved_or_model_specific,,
Gemma,engineer,Gemma_F2,-0.7520472392367507,0.0161307476170985,0.2736058941730599,unresolved_or_model_specific,,
Gemma,engineer,Gemma_F3,0.5529467884613085,0.0161307476170985,0.0621462578812168,shared_gemma_llama_1,1.0,0.5529467884613085
Gemma,engineer,Gemma_F4,-0.1518610818151738,0.0161307476170985,0.1646545372832241,unresolved_or_model_specific,,
Gemma,engineer,Gemma_F5,-1.2405369820070795,0.0161307476170985,0.1838944015939466,unresolved_or_model_specific,,
Gemma,engineer,Gemma_F6,-1.3172610876204447,0.0161307476170985,0.0737024110714553,shared_all_2,1.0,-1.3172610876204447
Gemma,entrepreneur,Gemma_F1,0.0899347791201982,0.031390624469749,0.1591624859119532,unresolved_or_model_specific,,
Gemma,entrepreneur,Gemma_F2,0.2245858969772597,0.031390624469749,0.2204380501954549,unresolved_or_model_specific,,
Gemma,entrepreneur,Gemma_F3,-0.4069401248763779,0.031390624469749,0.1622976717343878,shared_gemma_llama_1,1.0,-0.4069401248763779
Gemma,entrepreneur,Gemma_F4,-1.2109605132289918,0.031390624469749,0.1476540855556361,unresolved_or_model_specific,,
Gemma,entrepreneur,Gemma_F5,-0.2193692732357927,0.031390624469749,0.2125264833213992,unresolved_or_model_specific,,
Gemma,entrepreneur,Gemma_F6,-0.9325792725873228,0.031390624469749,0.0709990404577528,shared_all_2,1.0,-0.9325792725873228
Gemma,evaluator,Gemma_F1,0.735946910070669,0.0122820793666449,0.1314244752329395,unresolved_or_model_specific,,
Gemma,evaluator,Gemma_F2,-1.0299201849763422,0.0122820793666449,0.3682137507266526,unresolved_or_model_specific,,
Gemma,evaluator,Gemma_F3,0.7597228689653205,0.0122820793666449,0.106303243696888,shared_gemma_llama_1,1.0,0.7597228689653205
Gemma,evaluator,Gemma_F4,0.0373708572068308,0.0122820793666449,0.1958618961315487,unresolved_or_model_specific,,
Gemma,evaluator,Gemma_F5,-1.522164897948307,0.0122820793666449,0.2453852876539209,unresolved_or_model_specific,,
Gemma,evaluator,Gemma_F6,-1.3497110914878738,0.0122820793666449,0.10350240243003,shared_all_2,1.0,-1.3497110914878738
Gemma,evangelist,Gemma_F1,-0.6295685104328029,0.134603743934815,0.4140210671337654,unresolved_or_model_specific,,
Gemma,evangelist,Gemma_F2,0.9136321209387522,0.134603743934815,0.3382671066108864,unresolved_or_model_specific,,
Gemma,evangelist,Gemma_F3,-0.5446911878590045,0.134603743934815,0.1618043570400459,shared_gemma_llama_1,1.0,-0.5446911878590045
Gemma,evangelist,Gemma_F4,-1.6621188301598868,0.134603743934815,0.3162091263393587,unresolved_or_model_specific,,
Gemma,evangelist,Gemma_F5,-0.5774931937515433,0.134603743934815,0.4872097608769769,unresolved_or_model_specific,,
Gemma,evangelist,Gemma_F6,1.157384854373279,0.134603743934815,0.1011465519831081,shared_all_2,1.0,1.157384854373279
Gemma,examiner,Gemma_F1,1.5441629814579243,0.021537875244515,0.2677678978207324,unresolved_or_model_specific,,
Gemma,examiner,Gemma_F2,-1.5578948860014348,0.021537875244515,0.2341548067050276,unresolved_or_model_specific,,
Gemma,examiner,Gemma_F3,0.4712720540145423,0.021537875244515,0.0803392302198786,shared_gemma_llama_1,1.0,0.4712720540145423
Gemma,examiner,Gemma_F4,0.8720387503794224,0.021537875244515,0.3823220729793192,unresolved_or_model_specific,,
Gemma,examiner,Gemma_F5,-0.1513583043259918,0.021537875244515,0.4059635428084669,unresolved_or_model_specific,,
Gemma,examiner,Gemma_F6,-1.246379222302861,0.021537875244515,0.1315724584907338,shared_all_2,1.0,-1.246379222302861
Gemma,exile,Gemma_F1,-0.1657840332854128,0.061012465853947,0.119258054734962,unresolved_or_model_specific,,
Gemma,exile,Gemma_F2,0.2596803679190509,0.061012465853947,0.2198372970795045,unresolved_or_model_specific,,
Gemma,exile,Gemma_F3,-0.6429769243736807,0.061012465853947,0.0900352992183915,shared_gemma_llama_1,1.0,-0.6429769243736807
Gemma,exile,Gemma_F4,-0.2303718380370292,0.061012465853947,0.1408813293893361,unresolved_or_model_specific,,
Gemma,exile,Gemma_F5,0.334832330888724,0.061012465853947,0.1978685575687206,unresolved_or_model_specific,,
Gemma,exile,Gemma_F6,1.32451853785836,0.061012465853947,0.0472363536374084,shared_all_2,1.0,1.32451853785836
Gemma,expatriate,Gemma_F1,-0.3239055902168583,0.0283253028244775,0.1216056546570711,unresolved_or_model_specific,,
Gemma,expatriate,Gemma_F2,0.4480036176376139,0.0283253028244775,0.2083062436726942,unresolved_or_model_specific,,
Gemma,expatriate,Gemma_F3,0.2130319445859174,0.0283253028244775,0.1166326053423607,shared_gemma_llama_1,1.0,0.2130319445859174
Gemma,expatriate,Gemma_F4,-0.73052549060547,0.0283253028244775,0.1745221997009227,unresolved_or_model_specific,,
Gemma,expatriate,Gemma_F5,0.9690991129982492,0.0283253028244775,0.1310737475385218,unresolved_or_model_specific,,
Gemma,expatriate,Gemma_F6,-0.4064891099464822,0.0283253028244775,0.0817435312497705,shared_all_2,1.0,-0.4064891099464822
Gemma,facilitator,Gemma_F1,1.0905889716500534,0.0230765563219556,0.0761943562466878,unresolved_or_model_specific,,
Gemma,facilitator,Gemma_F2,-0.2017060255215886,0.0230765563219556,0.1172636702340209,unresolved_or_model_specific,,
Gemma,facilitator,Gemma_F3,1.4479121249294733,0.0230765563219556,0.1229889007154745,shared_gemma_llama_1,1.0,1.4479121249294733
Gemma,facilitator,Gemma_F4,-0.0964024205933748,0.0230765563219556,0.2961006537612844,unresolved_or_model_specific,,
Gemma,facilitator,Gemma_F5,1.185716265459732,0.0230765563219556,0.2941956194759121,unresolved_or_model_specific,,
Gemma,facilitator,Gemma_F6,-1.019803782585775,0.0230765563219556,0.0573024034446517,shared_all_2,1.0,-1.019803782585775
Gemma,familiar,Gemma_F1,-0.1491333218615507,0.0256955240966776,0.1083289759458307,unresolved_or_model_specific,,
Gemma,familiar,Gemma_F2,-0.4919198952315532,0.0256955240966776,0.1380006340580186,unresolved_or_model_specific,,
Gemma,familiar,Gemma_F3,0.2598085991834596,0.0256955240966776,0.0707072346720498,shared_gemma_llama_1,1.0,0.2598085991834596
Gemma,familiar,Gemma_F4,0.321579001183479,0.0256955240966776,0.1217116672276487,unresolved_or_model_specific,,
Gemma,familiar,Gemma_F5,-0.3558297376879227,0.0256955240966776,0.0680183129052926,unresolved_or_model_specific,,
Gemma,familiar,Gemma_F6,1.6212952545333346,0.0256955240966776,0.0574350469312033,shared_all_2,1.0,1.6212952545333346
Gemma,fixer,Gemma_F1,-0.1584074605633318,0.0406423587203881,0.269801451973734,unresolved_or_model_specific,,
Gemma,fixer,Gemma_F2,0.1332757400309772,0.0406423587203881,0.2693411249148656,unresolved_or_model_specific,,
Gemma,fixer,Gemma_F3,-1.6962574967503146,0.0406423587203881,0.0836911675440657,shared_gemma_llama_1,1.0,-1.6962574967503146
Gemma,fixer,Gemma_F4,0.7073579418246677,0.0406423587203881,0.3899818569362049,unresolved_or_model_specific,,
Gemma,fixer,Gemma_F5,0.901343255035065,0.0406423587203881,0.2825992051445283,unresolved_or_model_specific,,
Gemma,fixer,Gemma_F6,-0.3402563191744255,0.0406423587203881,0.0676174023286172,shared_all_2,1.0,-0.3402563191744255
Gemma,flaneur,Gemma_F1,-1.3880087903992544,0.0230575832810675,0.2354941886126709,unresolved_or_model_specific,,
Gemma,flaneur,Gemma_F2,-1.0470305764326893,0.0230575832810675,0.282881778981878,unresolved_or_model_specific,,
Gemma,flaneur,Gemma_F3,-0.8446420358958583,0.0230575832810675,0.2271067251157944,shared_gemma_llama_1,1.0,-0.8446420358958583
Gemma,flaneur,Gemma_F4,-0.6670444773228581,0.0230575832810675,0.257539021255037,unresolved_or_model_specific,,
Gemma,flaneur,Gemma_F5,0.2681498697810801,0.0230575832810675,0.1295081166381228,unresolved_or_model_specific,,
Gemma,flaneur,Gemma_F6,1.2864390742873066,0.0230575832810675,0.0905355345630731,shared_all_2,1.0,1.2864390742873066
Gemma,fool,Gemma_F1,-3.578843053876585,0.080809263153116,0.4199174082977727,unresolved_or_model_specific,,
Gemma,fool,Gemma_F2,3.3434500507508016,0.080809263153116,0.8066378321119473,unresolved_or_model_specific,,
Gemma,fool,Gemma_F3,0.9080411613230172,0.080809263153116,0.7898702559192596,shared_gemma_llama_1,1.0,0.9080411613230172
Gemma,fool,Gemma_F4,2.5870946769648127,0.080809263153116,0.8976646406455817,unresolved_or_model_specific,,
Gemma,fool,Gemma_F5,0.5003948930886404,0.080809263153116,0.4789812805675033,unresolved_or_model_specific,,
Gemma,fool,Gemma_F6,0.1818057632483123,0.080809263153116,0.1840605040951493,shared_all_2,1.0,0.1818057632483123
Gemma,forecaster,Gemma_F1,0.3456119121545065,0.0180608732793575,0.0983691784857141,unresolved_or_model_specific,,
Gemma,forecaster,Gemma_F2,-0.8340210497426269,0.0180608732793575,0.2133135568700653,unresolved_or_model_specific,,
Gemma,forecaster,Gemma_F3,0.466767753799413,0.0180608732793575,0.0366840221474389,shared_gemma_llama_1,1.0,0.466767753799413
Gemma,forecaster,Gemma_F4,-0.5496813074445944,0.0180608732793575,0.1696246988156256,unresolved_or_model_specific,,
Gemma,forecaster,Gemma_F5,-1.3034276482891882,0.0180608732793575,0.1669545990115996,unresolved_or_model_specific,,
Gemma,forecaster,Gemma_F6,-1.1226780528506928,0.0180608732793575,0.066069854810878,shared_all_2,1.0,-1.1226780528506928
Gemma,futurist,Gemma_F1,0.0316896452976145,0.0875785861744302,0.2704116871006191,unresolved_or_model_specific,,
Gemma,futurist,Gemma_F2,-0.9405433842952052,0.0875785861744302,0.2122786501784196,unresolved_or_model_specific,,
Gemma,futurist,Gemma_F3,0.0045534698334574,0.0875785861744302,0.2447930769531201,shared_gemma_llama_1,1.0,0.0045534698334574
Gemma,futurist,Gemma_F4,-1.4662873385370707,0.0875785861744302,0.1151990786786378,unresolved_or_model_specific,,
Gemma,futurist,Gemma_F5,-0.852969939182337,0.0875785861744302,0.2308824037119275,unresolved_or_model_specific,,
Gemma,futurist,Gemma_F6,-0.6999353614489603,0.0875785861744302,0.0788547360683068,shared_all_2,1.0,-0.6999353614489603
Gemma,gamer,Gemma_F1,-2.0243158383647772,0.0569382506127392,0.1549257525630429,unresolved_or_model_specific,,
Gemma,gamer,Gemma_F2,0.6376201650127015,0.0569382506127392,0.157418796137862,unresolved_or_model_specific,,
Gemma,gamer,Gemma_F3,-1.0075541759568185,0.0569382506127392,0.1019226727531766,shared_gemma_llama_1,1.0,-1.0075541759568185
Gemma,gamer,Gemma_F4,-0.4483171887471303,0.0569382506127392,0.3180386396180383,unresolved_or_model_specific,,
Gemma,gamer,Gemma_F5,-0.3605296448508799,0.0569382506127392,0.1839516613937812,unresolved_or_model_specific,,
Gemma,gamer,Gemma_F6,-0.8071527867200168,0.0569382506127392,0.1514989438178232,shared_all_2,1.0,-0.8071527867200168
Gemma,generalist,Gemma_F1,-0.0476728572152933,0.0227494026085093,0.1726370381859044,unresolved_or_model_specific,,
Gemma,generalist,Gemma_F2,-0.5650618389129518,0.0227494026085093,0.2107657699636411,unresolved_or_model_specific,,
Gemma,generalist,Gemma_F3,0.8017112042761902,0.0227494026085093,0.049891951677849,shared_gemma_llama_1,1.0,0.8017112042761902
Gemma,generalist,Gemma_F4,-0.8869251002496576,0.0227494026085093,0.2756113251962794,unresolved_or_model_specific,,
Gemma,generalist,Gemma_F5,-1.2067711581511986,0.0227494026085093,0.2023260009064232,unresolved_or_model_specific,,
Gemma,generalist,Gemma_F6,-0.9703780485204698,0.0227494026085093,0.0487569235282374,shared_all_2,1.0,-0.9703780485204698
Gemma,genie,Gemma_F1,-2.0128002696675824,0.0331753649077851,0.1036932154032777,unresolved_or_model_specific,,
Gemma,genie,Gemma_F2,-0.6970716187783779,0.0331753649077851,0.151085441326183,unresolved_or_model_specific,,
Gemma,genie,Gemma_F3,-0.8071341761236933,0.0331753649077851,0.1121043729050413,shared_gemma_llama_1,1.0,-0.8071341761236933
Gemma,genie,Gemma_F4,0.7915168542347083,0.0331753649077851,0.3197751190530095,unresolved_or_model_specific,,
Gemma,genie,Gemma_F5,-0.0881598000898466,0.0331753649077851,0.274542694243771,unresolved_or_model_specific,,
Gemma,genie,Gemma_F6,1.130944965174448,0.0331753649077851,0.0952911671936136,shared_all_2,1.0,1.130944965174448
Gemma,geographer,Gemma_F1,0.1639288739256611,0.0405377278682958,0.1121143802590787,unresolved_or_model_specific,,
Gemma,geographer,Gemma_F2,-0.9875486433980242,0.0405377278682958,0.1603127911274625,unresolved_or_model_specific,,
Gemma,geographer,Gemma_F3,0.6805329275045588,0.0405377278682958,0.151720608651458,shared_gemma_llama_1,1.0,0.6805329275045588
Gemma,geographer,Gemma_F4,-0.6724445446972452,0.0405377278682958,0.1598796364255817,unresolved_or_model_specific,,
Gemma,geographer,Gemma_F5,-0.1006002095086529,0.0405377278682958,0.2467420614041405,unresolved_or_model_specific,,
Gemma,geographer,Gemma_F6,-0.7770486617585772,0.0405377278682958,0.0437064138332329,shared_all_2,1.0,-0.7770486617585772
Gemma,ghost,Gemma_F1,-0.4716617230326912,0.0183311227839613,0.1049609260388352,unresolved_or_model_specific,,
Gemma,ghost,Gemma_F2,-0.4076053239852364,0.0183311227839613,0.1366437532351014,unresolved_or_model_specific,,
Gemma,ghost,Gemma_F3,-0.5140672124717525,0.0183311227839613,0.0575459835489477,shared_gemma_llama_1,1.0,-0.5140672124717525
Gemma,ghost,Gemma_F4,0.2463954808979223,0.0183311227839613,0.1724110733356866,unresolved_or_model_specific,,
Gemma,ghost,Gemma_F5,0.1212474634363313,0.0183311227839613,0.1235934773106741,unresolved_or_model_specific,,
Gemma,ghost,Gemma_F6,1.771079927994453,0.0183311227839613,0.0352371897045629,shared_all_2,1.0,1.771079927994453
Gemma,golem,Gemma_F1,0.3583639502006488,0.0225388995618312,0.1970633258701773,unresolved_or_model_specific,,
Gemma,golem,Gemma_F2,-0.2988117446953413,0.0225388995618312,0.2495304266721719,unresolved_or_model_specific,,
Gemma,golem,Gemma_F3,-0.126010396510471,0.0225388995618312,0.1924707752383108,shared_gemma_llama_1,1.0,-0.126010396510471
Gemma,golem,Gemma_F4,1.5185459249079216,0.0225388995618312,0.230911183088732,unresolved_or_model_specific,,
Gemma,golem,Gemma_F5,-0.6242500938278019,0.0225388995618312,0.2398927146477537,unresolved_or_model_specific,,
Gemma,golem,Gemma_F6,1.7550906585477588,0.0225388995618312,0.117993620621498,shared_all_2,1.0,1.7550906585477588
Gemma,gossip,Gemma_F1,-3.3273250279805655,0.1119762527778913,0.2449365347440145,unresolved_or_model_specific,,
Gemma,gossip,Gemma_F2,0.6750800524464636,0.1119762527778913,0.1871838095420372,unresolved_or_model_specific,,
Gemma,gossip,Gemma_F3,-1.409428793119043,0.1119762527778913,0.2057411087830848,shared_gemma_llama_1,1.0,-1.409428793119043
Gemma,gossip,Gemma_F4,0.8020315073642127,0.1119762527778913,0.3836901673727756,unresolved_or_model_specific,,
Gemma,gossip,Gemma_F5,1.1300978565789743,0.1119762527778913,0.3395122479019066,unresolved_or_model_specific,,
Gemma,gossip,Gemma_F6,-0.6755194776427902,0.1119762527778913,0.2142444698724396,shared_all_2,1.0,-0.6755194776427902
Gemma,grader,Gemma_F1,1.0831079193674678,0.0697498335611642,0.249834019108993,unresolved_or_model_specific,,
Gemma,grader,Gemma_F2,-1.3819384688176686,0.0697498335611642,0.2864525349428954,unresolved_or_model_specific,,
Gemma,grader,Gemma_F3,0.8669633018103107,0.0697498335611642,0.0772673985257068,shared_gemma_llama_1,1.0,0.8669633018103107
Gemma,grader,Gemma_F4,0.6979406211950128,0.0697498335611642,0.3320235541877247,unresolved_or_model_specific,,
Gemma,grader,Gemma_F5,0.362621700022884,0.0697498335611642,0.4432574454517781,unresolved_or_model_specific,,
Gemma,grader,Gemma_F6,-1.4921901053831954,0.0697498335611642,0.1013322271857847,shared_all_2,1.0,-1.4921901053831954
Gemma,graduate,Gemma_F1,-0.5419649789301498,0.0169952217283106,0.0758749478727846,unresolved_or_model_specific,,
Gemma,graduate,Gemma_F2,0.8061743227320768,0.0169952217283106,0.307185155258793,unresolved_or_model_specific,,
Gemma,graduate,Gemma_F3,-0.4552868401629025,0.0169952217283106,0.1510337596571655,shared_gemma_llama_1,1.0,-0.4552868401629025
Gemma,graduate,Gemma_F4,-0.4707623847163285,0.0169952217283106,0.2247596234946174,unresolved_or_model_specific,,
Gemma,graduate,Gemma_F5,1.665028392487946,0.0169952217283106,0.1311462683921067,unresolved_or_model_specific,,
Gemma,graduate,Gemma_F6,-0.8922624288768728,0.0169952217283106,0.1173202700377676,shared_all_2,1.0,-0.8922624288768728
Gemma,grandparent,Gemma_F1,-1.2090860822067533,0.0804254733616865,0.2442339589691218,unresolved_or_model_specific,,
Gemma,grandparent,Gemma_F2,2.2088020082252515,0.0804254733616865,0.2823899206539215,unresolved_or_model_specific,,
Gemma,grandparent,Gemma_F3,1.2198923611723116,0.0804254733616865,0.3172948476098016,shared_gemma_llama_1,1.0,1.2198923611723116
Gemma,grandparent,Gemma_F4,0.4950172669817325,0.0804254733616865,0.4896603087381219,unresolved_or_model_specific,,
Gemma,grandparent,Gemma_F5,1.3926073915986803,0.0804254733616865,0.1885365440370242,unresolved_or_model_specific,,
Gemma,grandparent,Gemma_F6,0.2944846519501646,0.0804254733616865,0.1294686896989764,shared_all_2,1.0,0.2944846519501646
Gemma,guardian,Gemma_F1,1.4433568425633387,0.0225411236251696,0.0884687174072007,unresolved_or_model_specific,,
Gemma,guardian,Gemma_F2,0.2207024234135484,0.0225411236251696,0.1683334356485361,unresolved_or_model_specific,,
Gemma,guardian,Gemma_F3,0.7691807030057459,0.0225411236251696,0.0975404152716031,shared_gemma_llama_1,1.0,0.7691807030057459
Gemma,guardian,Gemma_F4,-0.1021114480465016,0.0225411236251696,0.2169795051827941,unresolved_or_model_specific,,
Gemma,guardian,Gemma_F5,-0.7946659986378515,0.0225411236251696,0.1655791864740032,unresolved_or_model_specific,,
Gemma,guardian,Gemma_F6,-0.1512763363336547,0.0225411236251696,0.1008318756529319,shared_all_2,1.0,-0.1512763363336547
Gemma,guide,Gemma_F1,0.4088346885032077,0.0129210901461832,0.100661276905217,unresolved_or_model_specific,,
Gemma,guide,Gemma_F2,0.070952730915028,0.0129210901461832,0.109997697283226,unresolved_or_model_specific,,
Gemma,guide,Gemma_F3,0.7016916358562991,0.0129210901461832,0.0999561561754512,shared_gemma_llama_1,1.0,0.7016916358562991
Gemma,guide,Gemma_F4,-0.6503867437681259,0.0129210901461832,0.1496997674364456,unresolved_or_model_specific,,
Gemma,guide,Gemma_F5,0.3616546639423468,0.0129210901461832,0.1510937388838442,unresolved_or_model_specific,,
Gemma,guide,Gemma_F6,-0.2739066722279321,0.0129210901461832,0.0321242134842972,shared_all_2,1.0,-0.2739066722279321
Gemma,guru,Gemma_F1,0.1298851945141944,0.0226326944922822,0.2892035116061057,unresolved_or_model_specific,,
Gemma,guru,Gemma_F2,-0.0674990479418296,0.0226326944922822,0.2080411308388719,unresolved_or_model_specific,,
Gemma,guru,Gemma_F3,0.5691044624341793,0.0226326944922822,0.1339696641216533,shared_gemma_llama_1,1.0,0.5691044624341793
Gemma,guru,Gemma_F4,-0.8860192352784806,0.0226326944922822,0.1371419787763659,unresolved_or_model_specific,,
Gemma,guru,Gemma_F5,-0.0446554333127932,0.0226326944922822,0.2280608235499772,unresolved_or_model_specific,,
Gemma,guru,Gemma_F6,1.7235220441837833,0.0226326944922822,0.0593557791242222,shared_all_2,1.0,1.7235220441837833
Gemma,hacker,Gemma_F1,-0.9976606034429611,0.0385034689322112,0.1779219359781004,unresolved_or_model_specific,,
Gemma,hacker,Gemma_F2,0.2251980504246636,0.0385034689322112,0.4886112974749331,unresolved_or_model_specific,,
Gemma,hacker,Gemma_F3,-2.552672764237734,0.0385034689322112,0.2403483582336453,shared_gemma_llama_1,1.0,-2.552672764237734
Gemma,hacker,Gemma_F4,-0.3233536030150689,0.0385034689322112,0.4119734501445992,unresolved_or_model_specific,,
Gemma,hacker,Gemma_F5,0.9883277625261324,0.0385034689322112,0.3043146424846576,unresolved_or_model_specific,,
Gemma,hacker,Gemma_F6,-0.4253883988526042,0.0385034689322112,0.151434079031293,shared_all_2,1.0,-0.4253883988526042
Gemma,healer,Gemma_F1,0.7108253914605526,0.0189775612306287,0.3271947111442751,unresolved_or_model_specific,,
Gemma,healer,Gemma_F2,0.3155976314118514,0.0189775612306287,0.2043467374851566,unresolved_or_model_specific,,
Gemma,healer,Gemma_F3,1.4631918052195585,0.0189775612306287,0.1548783513084067,shared_gemma_llama_1,1.0,1.4631918052195585
Gemma,healer,Gemma_F4,-1.389113599361658,0.0189775612306287,0.3134792088889453,unresolved_or_model_specific,,
Gemma,healer,Gemma_F5,0.1928648665258333,0.0189775612306287,0.3656130638568757,unresolved_or_model_specific,,
Gemma,healer,Gemma_F6,0.6765006686800709,0.0189775612306287,0.092006091936055,shared_all_2,1.0,0.6765006686800709
Gemma,hedonist,Gemma_F1,-1.312838836535546,0.1536011936033787,0.1448627235578428,unresolved_or_model_specific,,
Gemma,hedonist,Gemma_F2,0.6969443582904438,0.1536011936033787,0.1825166529967793,unresolved_or_model_specific,,
Gemma,hedonist,Gemma_F3,-1.147840600211439,0.1536011936033787,0.142943648852409,shared_gemma_llama_1,1.0,-1.147840600211439
Gemma,hedonist,Gemma_F4,0.2938779602088213,0.1536011936033787,0.2209466583175496,unresolved_or_model_specific,,
Gemma,hedonist,Gemma_F5,-0.4501714127240724,0.1536011936033787,0.2671404549063806,unresolved_or_model_specific,,
Gemma,hedonist,Gemma_F6,0.3950049419649674,0.1536011936033787,0.0900152435192432,shared_all_2,1.0,0.3950049419649674
Gemma,hermit,Gemma_F1,-0.0230120453417093,0.0460200131102706,0.1008428864543974,unresolved_or_model_specific,,
Gemma,hermit,Gemma_F2,-0.129643330932878,0.0460200131102706,0.1151282390563426,unresolved_or_model_specific,,
Gemma,hermit,Gemma_F3,0.0026844461335617,0.0460200131102706,0.0712418030296369,shared_gemma_llama_1,1.0,0.0026844461335617
Gemma,hermit,Gemma_F4,0.4625667658595857,0.0460200131102706,0.1077735039226666,unresolved_or_model_specific,,
Gemma,hermit,Gemma_F5,-0.0174545975185026,0.0460200131102706,0.1045527608943825,unresolved_or_model_specific,,
Gemma,hermit,Gemma_F6,1.8677277802253391,0.0460200131102706,0.0661572740309187,shared_all_2,1.0,1.8677277802253391
Gemma,historian,Gemma_F1,0.0692582345948345,0.0704009033546923,0.1501332149816329,unresolved_or_model_specific,,
Gemma,historian,Gemma_F2,-1.256360534616515,0.0704009033546923,0.1274030919984532,unresolved_or_model_specific,,
Gemma,historian,Gemma_F3,0.2977332204865263,0.0704009033546923,0.1162366722571472,shared_gemma_llama_1,1.0,0.2977332204865263
Gemma,historian,Gemma_F4,-0.5286235278824634,0.0704009033546923,0.1504026875542899,unresolved_or_model_specific,,
Gemma,historian,Gemma_F5,-0.3184766989355329,0.0704009033546923,0.1715617991814331,unresolved_or_model_specific,,
Gemma,historian,Gemma_F6,-0.1821087422149634,0.0704009033546923,0.0559584827964563,shared_all_2,1.0,-0.1821087422149634
Gemma,hive,Gemma_F1,0.6653337439706685,0.1210908959610143,0.2035775252809848,unresolved_or_model_specific,,
Gemma,hive,Gemma_F2,-1.0137108524055571,0.1210908959610143,0.1913050438131288,unresolved_or_model_specific,,
Gemma,hive,Gemma_F3,-0.0758861333476371,0.1210908959610143,0.0903803284391651,shared_gemma_llama_1,1.0,-0.0758861333476371
Gemma,hive,Gemma_F4,0.5697309212045394,0.1210908959610143,0.2321777181420393,unresolved_or_model_specific,,
Gemma,hive,Gemma_F5,-1.272112732898781,0.1210908959610143,0.1954131912478726,unresolved_or_model_specific,,
Gemma,hive,Gemma_F6,0.460113349277842,0.1210908959610143,0.1034889910530968,shared_all_2,1.0,0.460113349277842
Gemma,hoarder,Gemma_F1,-2.7424875378107667,0.165450727087694,0.31996584393306,unresolved_or_model_specific,,
Gemma,hoarder,Gemma_F2,1.4790379423649838,0.165450727087694,0.445105021621025,unresolved_or_model_specific,,
Gemma,hoarder,Gemma_F3,0.0573726755309854,0.165450727087694,0.4510294667934416,shared_gemma_llama_1,1.0,0.0573726755309854
Gemma,hoarder,Gemma_F4,1.2703703767678127,0.165450727087694,0.5151396582017321,unresolved_or_model_specific,,
Gemma,hoarder,Gemma_F5,0.3887741590973282,0.165450727087694,0.2976039258262654,unresolved_or_model_specific,,
Gemma,hoarder,Gemma_F6,0.147896702189106,0.165450727087694,0.1203980191461894,shared_all_2,1.0,0.147896702189106
Gemma,homunculus,Gemma_F1,-0.1004356455112426,0.0238167424586874,0.0958566479857866,unresolved_or_model_specific,,
Gemma,homunculus,Gemma_F2,-1.0323043626149184,0.0238167424586874,0.1387762033603365,unresolved_or_model_specific,,
Gemma,homunculus,Gemma_F3,-0.3375552197965016,0.0238167424586874,0.0618314573889292,shared_gemma_llama_1,1.0,-0.3375552197965016
Gemma,homunculus,Gemma_F4,0.6641742335949719,0.0238167424586874,0.256125680252494,unresolved_or_model_specific,,
Gemma,homunculus,Gemma_F5,-0.544255750183666,0.0238167424586874,0.1549557286685416,unresolved_or_model_specific,,
Gemma,homunculus,Gemma_F6,1.5878421865494714,0.0238167424586874,0.0796885638997524,shared_all_2,1.0,1.5878421865494714
Gemma,hybrid,Gemma_F1,-0.3081401276505706,0.0378666958197502,0.3663576868310918,unresolved_or_model_specific,,
Gemma,hybrid,Gemma_F2,-0.4022853115201354,0.0378666958197502,0.3544909091156956,unresolved_or_model_specific,,
Gemma,hybrid,Gemma_F3,0.5510543018376625,0.0378666958197502,0.3184697934601124,shared_gemma_llama_1,1.0,0.5510543018376625
Gemma,hybrid,Gemma_F4,-1.6021220220093355,0.0378666958197502,0.2173336940980587,unresolved_or_model_specific,,
Gemma,hybrid,Gemma_F5,0.5410639884775766,0.0378666958197502,0.2656719130810722,unresolved_or_model_specific,,
Gemma,hybrid,Gemma_F6,0.5262608521620148,0.0378666958197502,0.0841904976331154,shared_all_2,1.0,0.5262608521620148
Gemma,idealist,Gemma_F1,0.5701896820064073,0.0683515654795732,0.3385884930067683,unresolved_or_model_specific,,
Gemma,idealist,Gemma_F2,0.7299691655552328,0.0683515654795732,0.3002008987574211,unresolved_or_model_specific,,
Gemma,idealist,Gemma_F3,0.349022841058771,0.0683515654795732,0.162502537812828,shared_gemma_llama_1,1.0,0.349022841058771
Gemma,idealist,Gemma_F4,-1.411616218636938,0.0683515654795732,0.2586181369377824,unresolved_or_model_specific,,
Gemma,idealist,Gemma_F5,-0.1898707835578304,0.0683515654795732,0.4095287113090063,unresolved_or_model_specific,,
Gemma,idealist,Gemma_F6,0.973048220881232,0.0683515654795732,0.0885963655372401,shared_all_2,1.0,0.973048220881232
Gemma,immigrant,Gemma_F1,-0.3295994808460448,0.0413147244005271,0.1774369312673852,unresolved_or_model_specific,,
Gemma,immigrant,Gemma_F2,0.7052399405326127,0.0413147244005271,0.2049812202637665,unresolved_or_model_specific,,
Gemma,immigrant,Gemma_F3,0.6637293082367737,0.0413147244005271,0.1045000741834342,shared_gemma_llama_1,1.0,0.6637293082367737
Gemma,immigrant,Gemma_F4,-0.7513583824518495,0.0413147244005271,0.2428315154523796,unresolved_or_model_specific,,
Gemma,immigrant,Gemma_F5,1.014991137380726,0.0413147244005271,0.1781045227090517,unresolved_or_model_specific,,
Gemma,immigrant,Gemma_F6,0.4182470495141924,0.0413147244005271,0.0896695539701835,shared_all_2,1.0,0.4182470495141924
Gemma,improviser,Gemma_F1,-2.8045777642932475,0.0719091701269904,0.2643023060707944,unresolved_or_model_specific,,
Gemma,improviser,Gemma_F2,1.2903472721150993,0.0719091701269904,0.3115126153549313,unresolved_or_model_specific,,
Gemma,improviser,Gemma_F3,-0.5496495360594219,0.0719091701269904,0.1424976571021594,shared_gemma_llama_1,1.0,-0.5496495360594219
Gemma,improviser,Gemma_F4,-0.4296803871784327,0.0719091701269904,0.3859293956655775,unresolved_or_model_specific,,
Gemma,improviser,Gemma_F5,1.738176342119344,0.0719091701269904,0.1731909545275888,unresolved_or_model_specific,,
Gemma,improviser,Gemma_F6,-0.1765010104128396,0.0719091701269904,0.2290750680026058,shared_all_2,1.0,-0.1765010104128396
Gemma,infant,Gemma_F1,-1.0857147251545087,0.3313474750846834,1.0675987276020524,unresolved_or_model_specific,,
Gemma,infant,Gemma_F2,2.2345852299343747,0.3313474750846834,1.0184577741573602,unresolved_or_model_specific,,
Gemma,infant,Gemma_F3,0.2285004001264384,0.3313474750846834,0.8769510565486142,shared_gemma_llama_1,1.0,0.2285004001264384
Gemma,infant,Gemma_F4,5.719586992058454,0.3313474750846834,0.4388816726758111,unresolved_or_model_specific,,
Gemma,infant,Gemma_F5,0.5016417406614379,0.3313474750846834,0.9794813316534828,unresolved_or_model_specific,,
Gemma,infant,Gemma_F6,-0.5921922162758323,0.3313474750846834,0.1708490306174149,shared_all_2,1.0,-0.5921922162758323
Gemma,influencer,Gemma_F1,-1.288853626837127,0.0697222913175054,0.2569067512202381,unresolved_or_model_specific,,
Gemma,influencer,Gemma_F2,1.4965461186053508,0.0697222913175054,0.3361705959534087,unresolved_or_model_specific,,
Gemma,influencer,Gemma_F3,-0.2634683736761824,0.0697222913175054,0.1828795984514954,shared_gemma_llama_1,1.0,-0.2634683736761824
Gemma,influencer,Gemma_F4,-1.388640045505002,0.0697222913175054,0.3660387434865488,unresolved_or_model_specific,,
Gemma,influencer,Gemma_F5,1.1396587591377207,0.0697222913175054,0.2892054818949656,unresolved_or_model_specific,,
Gemma,influencer,Gemma_F6,-1.0123398164865962,0.0697222913175054,0.1903527652512507,shared_all_2,1.0,-1.0123398164865962
Gemma,instructor,Gemma_F1,0.4108391008026982,0.0209040368295148,0.1159949952614212,unresolved_or_model_specific,,
Gemma,instructor,Gemma_F2,0.3695916978242916,0.0209040368295148,0.2658353715982666,unresolved_or_model_specific,,
Gemma,instructor,Gemma_F3,1.0008094407863828,0.0209040368295148,0.1488615110250012,shared_gemma_llama_1,1.0,1.0008094407863828
Gemma,instructor,Gemma_F4,-0.0139218397455021,0.0209040368295148,0.2766777672787008,unresolved_or_model_specific,,
Gemma,instructor,Gemma_F5,-0.6466051585132427,0.0209040368295148,0.1438417236579691,unresolved_or_model_specific,,
Gemma,instructor,Gemma_F6,-1.177495433591155,0.0209040368295148,0.0383024611369538,shared_all_2,1.0,-1.177495433591155
Gemma,interpreter,Gemma_F1,0.385291124219256,0.0193772811201062,0.123566255184428,unresolved_or_model_specific,,
Gemma,interpreter,Gemma_F2,0.1700713634524115,0.0193772811201062,0.0908349798801469,unresolved_or_model_specific,,
Gemma,interpreter,Gemma_F3,1.0392153588990638,0.0193772811201062,0.0398738796738853,shared_gemma_llama_1,1.0,1.0392153588990638
Gemma,interpreter,Gemma_F4,-0.5723363943844242,0.0193772811201062,0.2125678978095012,unresolved_or_model_specific,,
Gemma,interpreter,Gemma_F5,0.1265453520497998,0.0193772811201062,0.1721767902503055,unresolved_or_model_specific,,
Gemma,interpreter,Gemma_F6,-0.6490945751976868,0.0193772811201062,0.0334975817744702,shared_all_2,1.0,-0.6490945751976868
Gemma,interviewer,Gemma_F1,2.250039511373892,0.1964937210052781,0.6749036427499623,unresolved_or_model_specific,,
Gemma,interviewer,Gemma_F2,-0.6853196751068024,0.1964937210052781,0.3068333008049112,unresolved_or_model_specific,,
Gemma,interviewer,Gemma_F3,0.6507485198639532,0.1964937210052781,0.2186360547695124,shared_gemma_llama_1,1.0,0.6507485198639532
Gemma,interviewer,Gemma_F4,2.7181971433925303,0.1964937210052781,1.0298459599033083,unresolved_or_model_specific,,
Gemma,interviewer,Gemma_F5,3.84692816087684,0.1964937210052781,0.7254804785461881,unresolved_or_model_specific,,
Gemma,interviewer,Gemma_F6,-0.6904016029741232,0.1964937210052781,0.1424129295388391,shared_all_2,1.0,-0.6904016029741232
Gemma,jester,Gemma_F1,-2.998790275139568,0.0764444474518181,0.2017256263591319,unresolved_or_model_specific,,
Gemma,jester,Gemma_F2,0.0437410502830565,0.0764444474518181,0.3420800207149131,unresolved_or_model_specific,,
Gemma,jester,Gemma_F3,-0.9423877070200682,0.0764444474518181,0.2925662183012929,shared_gemma_llama_1,1.0,-0.9423877070200682
Gemma,jester,Gemma_F4,0.927984415933442,0.0764444474518181,0.4514042845401227,unresolved_or_model_specific,,
Gemma,jester,Gemma_F5,-0.4329827508947363,0.0764444474518181,0.3065736913668537,unresolved_or_model_specific,,
Gemma,jester,Gemma_F6,0.4471546192814318,0.0764444474518181,0.1363940345467202,shared_all_2,1.0,0.4471546192814318
Gemma,journalist,Gemma_F1,1.0131777220799283,0.0126524364804942,0.0722235066115506,unresolved_or_model_specific,,
Gemma,journalist,Gemma_F2,-0.855266814037257,0.0126524364804942,0.110044163319493,unresolved_or_model_specific,,
Gemma,journalist,Gemma_F3,0.3865865451554277,0.0126524364804942,0.0650184408846568,shared_gemma_llama_1,1.0,0.3865865451554277
Gemma,journalist,Gemma_F4,-0.177689984836225,0.0126524364804942,0.148701174994102,unresolved_or_model_specific,,
Gemma,journalist,Gemma_F5,-0.351924312266885,0.0126524364804942,0.176893203211705,unresolved_or_model_specific,,
Gemma,journalist,Gemma_F6,-0.912589033268784,0.0126524364804942,0.0682513638807896,shared_all_2,1.0,-0.912589033268784
Gemma,judge,Gemma_F1,1.3284856718754203,0.0348369765615736,0.1980731087743338,unresolved_or_model_specific,,
Gemma,judge,Gemma_F2,-1.002757540083969,0.0348369765615736,0.344462336921906,unresolved_or_model_specific,,
Gemma,judge,Gemma_F3,0.8403139807463935,0.0348369765615736,0.1288168566370816,shared_gemma_llama_1,1.0,0.8403139807463935
Gemma,judge,Gemma_F4,0.5297411258231013,0.0348369765615736,0.1836874761604667,unresolved_or_model_specific,,
Gemma,judge,Gemma_F5,-1.0684809077948068,0.0348369765615736,0.2419566753582663,unresolved_or_model_specific,,
Gemma,judge,Gemma_F6,-0.6946921132574541,0.0348369765615736,0.1333924644597655,shared_all_2,1.0,-0.6946921132574541
Gemma,lawyer,Gemma_F1,0.8384326875745457,0.0390890873796168,0.2439745438094981,unresolved_or_model_specific,,
Gemma,lawyer,Gemma_F2,-1.2241847211008752,0.0390890873796168,0.4063600206593377,unresolved_or_model_specific,,
Gemma,lawyer,Gemma_F3,0.7586365313847593,0.0390890873796168,0.1393245187553472,shared_gemma_llama_1,1.0,0.7586365313847593
Gemma,lawyer,Gemma_F4,0.6080538505557938,0.0390890873796168,0.1853224766040683,unresolved_or_model_specific,,
Gemma,lawyer,Gemma_F5,-1.1100908213299283,0.0390890873796168,0.3131157748066998,unresolved_or_model_specific,,
Gemma,lawyer,Gemma_F6,-1.2734308595957775,0.0390890873796168,0.1201827092904022,shared_all_2,1.0,-1.2734308595957775
Gemma,leviathan,Gemma_F1,-0.4666194300917609,0.0406439612748394,0.1352573103070006,unresolved_or_model_specific,,
Gemma,leviathan,Gemma_F2,-0.5136132301719876,0.0406439612748394,0.1734007655585157,unresolved_or_model_specific,,
Gemma,leviathan,Gemma_F3,-1.131691887641794,0.0406439612748394,0.1397723047453522,shared_gemma_llama_1,1.0,-1.131691887641794
Gemma,leviathan,Gemma_F4,1.1052852572205976,0.0406439612748394,0.3159834952957141,unresolved_or_model_specific,,
Gemma,leviathan,Gemma_F5,-0.9538581461622452,0.0406439612748394,0.2681147547279589,unresolved_or_model_specific,,
Gemma,leviathan,Gemma_F6,1.8655556414527756,0.0406439612748394,0.0761920533121143,shared_all_2,1.0,1.8655556414527756
Gemma,librarian,Gemma_F1,0.2818643576352291,0.0133184127143582,0.0789510761596465,unresolved_or_model_specific,,
Gemma,librarian,Gemma_F2,-0.92054803763902,0.0133184127143582,0.1895669805606271,unresolved_or_model_specific,,
Gemma,librarian,Gemma_F3,1.005139148431534,0.0133184127143582,0.0733959080167981,shared_gemma_llama_1,1.0,1.005139148431534
Gemma,librarian,Gemma_F4,-0.061652516943388,0.0133184127143582,0.1860898574660019,unresolved_or_model_specific,,
Gemma,librarian,Gemma_F5,0.1962309210101766,0.0133184127143582,0.2989319323892234,unresolved_or_model_specific,,
Gemma,librarian,Gemma_F6,-0.8547426938068119,0.0133184127143582,0.0524139866112638,shared_all_2,1.0,-0.8547426938068119
Gemma,linguist,Gemma_F1,0.4577201428484536,0.0409713190540221,0.0702221150690834,unresolved_or_model_specific,,
Gemma,linguist,Gemma_F2,-1.4705293849507228,0.0409713190540221,0.1750074639764436,unresolved_or_model_specific,,
Gemma,linguist,Gemma_F3,0.5983868416688762,0.0409713190540221,0.1765211102658189,shared_gemma_llama_1,1.0,0.5983868416688762
Gemma,linguist,Gemma_F4,-0.0091810802365347,0.0409713190540221,0.3266070067687385,unresolved_or_model_specific,,
Gemma,linguist,Gemma_F5,0.5229989429423462,0.0409713190540221,0.361832449743714,unresolved_or_model_specific,,
Gemma,linguist,Gemma_F6,-0.8898704486486315,0.0409713190540221,0.0639946149947994,shared_all_2,1.0,-0.8898704486486315
Gemma,loner,Gemma_F1,0.3249798468548986,0.0659617467115017,0.2352692494854134,unresolved_or_model_specific,,
Gemma,loner,Gemma_F2,0.3221893074797639,0.0659617467115017,0.1316649302469618,unresolved_or_model_specific,,
Gemma,loner,Gemma_F3,-0.8670261161794155,0.0659617467115017,0.0849647715250878,shared_gemma_llama_1,1.0,-0.8670261161794155
Gemma,loner,Gemma_F4,1.0387823606239257,0.0659617467115017,0.2737266254193866,unresolved_or_model_specific,,
Gemma,loner,Gemma_F5,0.5716795483724775,0.0659617467115017,0.2116669103179201,unresolved_or_model_specific,,
Gemma,loner,Gemma_F6,0.3891021207880406,0.0659617467115017,0.0444634949989899,shared_all_2,1.0,0.3891021207880406
Gemma,luddite,Gemma_F1,-0.5601018550165845,0.1390769523094591,0.3082095565383211,unresolved_or_model_specific,,
Gemma,luddite,Gemma_F2,1.542286954303787,0.1390769523094591,0.4283912464660276,unresolved_or_model_specific,,
Gemma,luddite,Gemma_F3,-1.1440824306235509,0.1390769523094591,0.5029599577274091,shared_gemma_llama_1,1.0,-1.1440824306235509
Gemma,luddite,Gemma_F4,1.2410652768529014,0.1390769523094591,0.4907611176420087,unresolved_or_model_specific,,
Gemma,luddite,Gemma_F5,-1.380595420422169,0.1390769523094591,0.4831619430115489,unresolved_or_model_specific,,
Gemma,luddite,Gemma_F6,1.0565404285581412,0.1390769523094591,0.0974411044621381,shared_all_2,1.0,1.0565404285581412
Gemma,marketer,Gemma_F1,0.3162663428706954,0.0154439116915301,0.077955493924625,unresolved_or_model_specific,,
Gemma,marketer,Gemma_F2,-0.307335345101986,0.0154439116915301,0.1251150779329239,unresolved_or_model_specific,,
Gemma,marketer,Gemma_F3,0.4584554199324182,0.0154439116915301,0.0447373325201785,shared_gemma_llama_1,1.0,0.4584554199324182
Gemma,marketer,Gemma_F4,-0.6165479402390714,0.0154439116915301,0.14043809393327,unresolved_or_model_specific,,
Gemma,marketer,Gemma_F5,-0.5949001729105853,0.0154439116915301,0.1400328997347969,unresolved_or_model_specific,,
Gemma,marketer,Gemma_F6,-1.2320727101377733,0.0154439116915301,0.037680781619964,shared_all_2,1.0,-1.2320727101377733
Gemma,martyr,Gemma_F1,0.6361254311026036,0.0494332362350801,0.2280802730700668,unresolved_or_model_specific,,
Gemma,martyr,Gemma_F2,0.4157469396539113,0.0494332362350801,0.2307185010890519,unresolved_or_model_specific,,
Gemma,martyr,Gemma_F3,-0.5271393421698245,0.0494332362350801,0.0965957762711564,shared_gemma_llama_1,1.0,-0.5271393421698245
Gemma,martyr,Gemma_F4,-0.7154948677844769,0.0494332362350801,0.2506595217355736,unresolved_or_model_specific,,
Gemma,martyr,Gemma_F5,-0.8820250530446043,0.0494332362350801,0.3707220211585709,unresolved_or_model_specific,,
Gemma,martyr,Gemma_F6,1.5766464641488016,0.0494332362350801,0.0768623798304213,shared_all_2,1.0,1.5766464641488016
Gemma,mathematician,Gemma_F1,0.2775434956149763,0.0200254976823417,0.0564741365530015,unresolved_or_model_specific,,
Gemma,mathematician,Gemma_F2,-1.490330479990292,0.0200254976823417,0.1444926211234736,unresolved_or_model_specific,,
Gemma,mathematician,Gemma_F3,0.3265054859738109,0.0200254976823417,0.1514154588313034,shared_gemma_llama_1,1.0,0.3265054859738109
Gemma,mathematician,Gemma_F4,-0.0925629418496937,0.0200254976823417,0.2525494452787857,unresolved_or_model_specific,,
Gemma,mathematician,Gemma_F5,-0.062347439451199,0.0200254976823417,0.2886712681074534,unresolved_or_model_specific,,
Gemma,mathematician,Gemma_F6,-0.5864530875414317,0.0200254976823417,0.0751735574216427,shared_all_2,1.0,-0.5864530875414317
Gemma,maverick,Gemma_F1,-0.901043676081114,0.123725027469423,0.4347384396477213,unresolved_or_model_specific,,
Gemma,maverick,Gemma_F2,0.4982113328735109,0.123725027469423,0.6981148243544787,unresolved_or_model_specific,,
Gemma,maverick,Gemma_F3,-2.607863041107772,0.123725027469423,0.3907222868619574,shared_gemma_llama_1,1.0,-2.607863041107772
Gemma,maverick,Gemma_F4,-1.6135027909945097,0.123725027469423,0.3408133449400524,unresolved_or_model_specific,,
Gemma,maverick,Gemma_F5,0.1041323873345106,0.123725027469423,0.4547795765008141,unresolved_or_model_specific,,
Gemma,maverick,Gemma_F6,-0.0239755313883181,0.123725027469423,0.1796348882291346,shared_all_2,1.0,-0.0239755313883181
Gemma,mechanic,Gemma_F1,-0.4828886421035098,0.0510995283823007,0.1911818581978827,unresolved_or_model_specific,,
Gemma,mechanic,Gemma_F2,1.4167207727819626,0.0510995283823007,0.1356066861258912,unresolved_or_model_specific,,
Gemma,mechanic,Gemma_F3,-0.1530074729193898,0.0510995283823007,0.1250265547536478,shared_gemma_llama_1,1.0,-0.1530074729193898
Gemma,mechanic,Gemma_F4,0.3915174405818498,0.0510995283823007,0.1664282750736969,unresolved_or_model_specific,,
Gemma,mechanic,Gemma_F5,1.1871363677500475,0.0510995283823007,0.1341398130051337,unresolved_or_model_specific,,
Gemma,mechanic,Gemma_F6,-0.8085818410429553,0.0510995283823007,0.0938241801297127,shared_all_2,1.0,-0.8085818410429553
Gemma,mediator,Gemma_F1,1.3496956950059256,0.0149521906900684,0.0639584698665039,unresolved_or_model_specific,,
Gemma,mediator,Gemma_F2,-0.1472359888102667,0.0149521906900684,0.1047860397049978,unresolved_or_model_specific,,
Gemma,mediator,Gemma_F3,1.381592531064206,0.0149521906900684,0.0650411383134534,shared_gemma_llama_1,1.0,1.381592531064206
Gemma,mediator,Gemma_F4,-0.1571124389570095,0.0149521906900684,0.2226920134677188,unresolved_or_model_specific,,
Gemma,mediator,Gemma_F5,0.5252847869708975,0.0149521906900684,0.2379454265785913,unresolved_or_model_specific,,
Gemma,mediator,Gemma_F6,-0.8096383683666353,0.0149521906900684,0.0725618011316845,shared_all_2,1.0,-0.8096383683666353
Gemma,mentor,Gemma_F1,0.555487095607126,0.0237533289298586,0.1127485863245664,unresolved_or_model_specific,,
Gemma,mentor,Gemma_F2,0.1675113674935813,0.0237533289298586,0.0962742557986104,unresolved_or_model_specific,,
Gemma,mentor,Gemma_F3,0.9374167418859688,0.0237533289298586,0.0309780738613186,shared_gemma_llama_1,1.0,0.9374167418859688
Gemma,mentor,Gemma_F4,-0.7004142144913184,0.0237533289298586,0.2233736631126175,unresolved_or_model_specific,,
Gemma,mentor,Gemma_F5,-0.1729341947920383,0.0237533289298586,0.1838847776354156,unresolved_or_model_specific,,
Gemma,mentor,Gemma_F6,-0.938660688570924,0.0237533289298586,0.0344753887684535,shared_all_2,1.0,-0.938660688570924
Gemma,merchant,Gemma_F1,0.0959346987159001,0.0427202906075941,0.0496390802889306,unresolved_or_model_specific,,
Gemma,merchant,Gemma_F2,0.0221558103644769,0.0427202906075941,0.0405611402901078,unresolved_or_model_specific,,
Gemma,merchant,Gemma_F3,0.3705081563529687,0.0427202906075941,0.0265730431574264,shared_gemma_llama_1,1.0,0.3705081563529687
Gemma,merchant,Gemma_F4,-0.0264419298431017,0.0427202906075941,0.0588298352543087,unresolved_or_model_specific,,
Gemma,merchant,Gemma_F5,0.2110868930829538,0.0427202906075941,0.0412171036396494,unresolved_or_model_specific,,
Gemma,merchant,Gemma_F6,0.0592993986534073,0.0427202906075941,0.0150207954646797,shared_all_2,1.0,0.0592993986534073
Gemma,minimalist,Gemma_F1,1.2233137855298002,0.0739077775766608,0.1727894994178985,unresolved_or_model_specific,,
Gemma,minimalist,Gemma_F2,0.7317978494065351,0.0739077775766608,0.2422889309252286,unresolved_or_model_specific,,
Gemma,minimalist,Gemma_F3,0.0393048343997397,0.0739077775766608,0.0964770119275859,shared_gemma_llama_1,1.0,0.0393048343997397
Gemma,minimalist,Gemma_F4,-0.501098816367619,0.0739077775766608,0.2205257890034012,unresolved_or_model_specific,,
Gemma,minimalist,Gemma_F5,-0.0090583838615041,0.0739077775766608,0.2402248469813486,unresolved_or_model_specific,,
Gemma,minimalist,Gemma_F6,0.36606444811208,0.0739077775766608,0.0755760194093988,shared_all_2,1.0,0.36606444811208
Gemma,moderator,Gemma_F1,1.8131269486513129,0.0620298058984076,0.3006655300264192,unresolved_or_model_specific,,
Gemma,moderator,Gemma_F2,-0.3526228810444344,0.0620298058984076,0.1902890440031886,unresolved_or_model_specific,,
Gemma,moderator,Gemma_F3,1.471141757021132,0.0620298058984076,0.1774690988911203,shared_gemma_llama_1,1.0,1.471141757021132
Gemma,moderator,Gemma_F4,0.926285877600246,0.0620298058984076,0.574466503177911,unresolved_or_model_specific,,
Gemma,moderator,Gemma_F5,2.4774464013370854,0.0620298058984076,0.4458107045631614,unresolved_or_model_specific,,
Gemma,moderator,Gemma_F6,-0.9082791856716153,0.0620298058984076,0.1004258705795394,shared_all_2,1.0,-0.9082791856716153
Gemma,musician,Gemma_F1,-0.5798576507023964,0.0213997060065196,0.2622255889365722,unresolved_or_model_specific,,
Gemma,musician,Gemma_F2,0.3399900536888093,0.0213997060065196,0.2970836413397741,unresolved_or_model_specific,,
Gemma,musician,Gemma_F3,0.3336287845699116,0.0213997060065196,0.2112830887032769,shared_gemma_llama_1,1.0,0.3336287845699116
Gemma,musician,Gemma_F4,-0.9919108954772466,0.0213997060065196,0.2023552133427087,unresolved_or_model_specific,,
Gemma,musician,Gemma_F5,0.9621360397346048,0.0213997060065196,0.193539977714423,unresolved_or_model_specific,,
Gemma,musician,Gemma_F6,0.6409783910220154,0.0213997060065196,0.0947186716428148,shared_all_2,1.0,0.6409783910220154
Gemma,mycorrhizal,Gemma_F1,-0.1685977853093979,0.0765932303189784,0.1879443396687111,unresolved_or_model_specific,,
Gemma,mycorrhizal,Gemma_F2,-0.0192089549666235,0.0765932303189784,0.0992542018789073,unresolved_or_model_specific,,
Gemma,mycorrhizal,Gemma_F3,0.2984718307870698,0.0765932303189784,0.0619651445383806,shared_gemma_llama_1,1.0,0.2984718307870698
Gemma,mycorrhizal,Gemma_F4,0.0157821202468796,0.0765932303189784,0.1108925425854776,unresolved_or_model_specific,,
Gemma,mycorrhizal,Gemma_F5,-0.2512186700860495,0.0765932303189784,0.0962309613958574,unresolved_or_model_specific,,
Gemma,mycorrhizal,Gemma_F6,1.55232794176889,0.0765932303189784,0.0404044582247235,shared_all_2,1.0,1.55232794176889
Gemma,mystic,Gemma_F1,-0.1329833404881829,0.0292771167059413,0.3743987966873971,unresolved_or_model_specific,,
Gemma,mystic,Gemma_F2,-0.2589985936320173,0.0292771167059413,0.2590033901585621,unresolved_or_model_specific,,
Gemma,mystic,Gemma_F3,0.4632395130309349,0.0292771167059413,0.1835059298374243,shared_gemma_llama_1,1.0,0.4632395130309349
Gemma,mystic,Gemma_F4,-1.08827313941167,0.0292771167059413,0.1360230150780527,unresolved_or_model_specific,,
Gemma,mystic,Gemma_F5,-0.0915822125218806,0.0292771167059413,0.2569411428089476,unresolved_or_model_specific,,
Gemma,mystic,Gemma_F6,2.165830233022226,0.0292771167059413,0.062460025266417,shared_all_2,1.0,2.165830233022226
Gemma,narcissist,Gemma_F1,-1.4442958001084838,0.3029948575383642,0.5361278500269064,unresolved_or_model_specific,,
Gemma,narcissist,Gemma_F2,0.3788033244217025,0.3029948575383642,0.6138361493913875,unresolved_or_model_specific,,
Gemma,narcissist,Gemma_F3,-2.169752305984298,0.3029948575383642,0.5929571100095438,shared_gemma_llama_1,1.0,-2.169752305984298
Gemma,narcissist,Gemma_F4,2.449564425085057,0.3029948575383642,0.5512617437468926,unresolved_or_model_specific,,
Gemma,narcissist,Gemma_F5,-1.6395440125722975,0.3029948575383642,0.5693723950622789,unresolved_or_model_specific,,
Gemma,narcissist,Gemma_F6,0.0999344335358547,0.3029948575383642,0.1484382632243209,shared_all_2,1.0,0.0999344335358547
Gemma,narrator,Gemma_F1,-1.189646532630194,0.0432682002171064,0.2420390017739516,unresolved_or_model_specific,,
Gemma,narrator,Gemma_F2,-0.2579663277824572,0.0432682002171064,0.1776496621940531,unresolved_or_model_specific,,
Gemma,narrator,Gemma_F3,-0.3031466637144926,0.0432682002171064,0.1168731857372429,shared_gemma_llama_1,1.0,-0.3031466637144926
Gemma,narrator,Gemma_F4,-0.8082111246191517,0.0432682002171064,0.1583704201607519,unresolved_or_model_specific,,
Gemma,narrator,Gemma_F5,-0.0092523848000295,0.0432682002171064,0.1601414027511264,unresolved_or_model_specific,,
Gemma,narrator,Gemma_F6,1.2903523712955336,0.0432682002171064,0.0702237117725846,shared_all_2,1.0,1.2903523712955336
Gemma,naturalist,Gemma_F1,0.0110811036136048,0.0724847675319908,0.1890718307908255,unresolved_or_model_specific,,
Gemma,naturalist,Gemma_F2,-0.4867034513867881,0.0724847675319908,0.1574338654297462,unresolved_or_model_specific,,
Gemma,naturalist,Gemma_F3,0.6126535822729657,0.0724847675319908,0.1598300779727867,shared_gemma_llama_1,1.0,0.6126535822729657
Gemma,naturalist,Gemma_F4,-0.8992872309963483,0.0724847675319908,0.1235060391060157,unresolved_or_model_specific,,
Gemma,naturalist,Gemma_F5,0.0881524983994251,0.0724847675319908,0.1765514386992697,unresolved_or_model_specific,,
Gemma,naturalist,Gemma_F6,0.3795755982485052,0.0724847675319908,0.0408749412064679,shared_all_2,1.0,0.3795755982485052
Gemma,navigator,Gemma_F1,0.3981099177281308,0.0203722054039152,0.0444205117895503,unresolved_or_model_specific,,
Gemma,navigator,Gemma_F2,-0.3813008024083279,0.0203722054039152,0.0753323303374901,unresolved_or_model_specific,,
Gemma,navigator,Gemma_F3,0.6283968537392252,0.0203722054039152,0.0710682661780173,shared_gemma_llama_1,1.0,0.6283968537392252
Gemma,navigator,Gemma_F4,-0.1085713119970912,0.0203722054039152,0.1278574461123876,unresolved_or_model_specific,,
Gemma,navigator,Gemma_F5,0.2928737292729739,0.0203722054039152,0.1570785360353346,unresolved_or_model_specific,,
Gemma,navigator,Gemma_F6,-0.4634391626603976,0.0203722054039152,0.0249190239184491,shared_all_2,1.0,-0.4634391626603976
Gemma,negotiator,Gemma_F1,0.814176926199182,0.0152976366208845,0.1136107253032358,unresolved_or_model_specific,,
Gemma,negotiator,Gemma_F2,-0.232622331997563,0.0152976366208845,0.1123739125024872,unresolved_or_model_specific,,
Gemma,negotiator,Gemma_F3,0.9420119095436804,0.0152976366208845,0.0346577371007235,shared_gemma_llama_1,1.0,0.9420119095436804
Gemma,negotiator,Gemma_F4,-0.6963874209104455,0.0152976366208845,0.1824972652895466,unresolved_or_model_specific,,
Gemma,negotiator,Gemma_F5,-0.5409646119450061,0.0152976366208845,0.1895408305325316,unresolved_or_model_specific,,
Gemma,negotiator,Gemma_F6,-0.862848502144501,0.0152976366208845,0.0490905507066747,shared_all_2,1.0,-0.862848502144501
Gemma,networker,Gemma_F1,0.3013684264354751,0.0188992379196472,0.1647218872318462,unresolved_or_model_specific,,
Gemma,networker,Gemma_F2,0.2303266035386949,0.0188992379196472,0.1192081333362132,unresolved_or_model_specific,,
Gemma,networker,Gemma_F3,0.9911315781324452,0.0188992379196472,0.1208645964245401,shared_gemma_llama_1,1.0,0.9911315781324452
Gemma,networker,Gemma_F4,-1.0420550522792031,0.0188992379196472,0.2471674288042839,unresolved_or_model_specific,,
Gemma,networker,Gemma_F5,0.3537588495589691,0.0188992379196472,0.2256629557311111,unresolved_or_model_specific,,
Gemma,networker,Gemma_F6,-0.7492594034422135,0.0188992379196472,0.0495374261281629,shared_all_2,1.0,-0.7492594034422135
Gemma,newlywed,Gemma_F1,-1.0690608577741676,0.0160556486273437,0.119738138428395,unresolved_or_model_specific,,
Gemma,newlywed,Gemma_F2,1.6663480074717838,0.0160556486273437,0.2147833954115439,unresolved_or_model_specific,,
Gemma,newlywed,Gemma_F3,0.6775552273402686,0.0160556486273437,0.0623559682889455,shared_gemma_llama_1,1.0,0.6775552273402686
Gemma,newlywed,Gemma_F4,-0.1984058388129913,0.0160556486273437,0.3688864038256055,unresolved_or_model_specific,,
Gemma,newlywed,Gemma_F5,2.286245870856745,0.0160556486273437,0.1200713290772065,unresolved_or_model_specific,,
Gemma,newlywed,Gemma_F6,-0.7036569051705897,0.0160556486273437,0.1539559805270051,shared_all_2,1.0,-0.7036569051705897
Gemma,nomad,Gemma_F1,-0.5384981058142075,0.0428149056549155,0.2118551003135684,unresolved_or_model_specific,,
Gemma,nomad,Gemma_F2,0.7071093967346239,0.0428149056549155,0.3224640308175221,unresolved_or_model_specific,,
Gemma,nomad,Gemma_F3,-0.1905557690865394,0.0428149056549155,0.1668296977619771,shared_gemma_llama_1,1.0,-0.1905557690865394
Gemma,nomad,Gemma_F4,-0.6823815424266564,0.0428149056549155,0.1727389986541104,unresolved_or_model_specific,,
Gemma,nomad,Gemma_F5,0.9936296183861876,0.0428149056549155,0.1792720768512764,unresolved_or_model_specific,,
Gemma,nomad,Gemma_F6,0.5461398410465037,0.0428149056549155,0.0970115241413383,shared_all_2,1.0,0.5461398410465037
Gemma,novelist,Gemma_F1,-0.676842213084069,0.0231546293604544,0.23353348376141,unresolved_or_model_specific,,
Gemma,novelist,Gemma_F2,-0.7059004917672282,0.0231546293604544,0.2859681573874443,unresolved_or_model_specific,,
Gemma,novelist,Gemma_F3,-0.3536260447025385,0.0231546293604544,0.2399976475296616,shared_gemma_llama_1,1.0,-0.3536260447025385
Gemma,novelist,Gemma_F4,-1.093335249867504,0.0231546293604544,0.1519202126882256,unresolved_or_model_specific,,
Gemma,novelist,Gemma_F5,0.3708774714916538,0.0231546293604544,0.1429405434161327,unresolved_or_model_specific,,
Gemma,novelist,Gemma_F6,0.598251532909627,0.0231546293604544,0.0709624357274977,shared_all_2,1.0,0.598251532909627
Gemma,nutritionist,Gemma_F1,1.0294271536517912,0.0323506750647022,0.1564436616699117,unresolved_or_model_specific,,
Gemma,nutritionist,Gemma_F2,-0.2586243148860147,0.0323506750647022,0.1746849892803263,unresolved_or_model_specific,,
Gemma,nutritionist,Gemma_F3,1.172676197752386,0.0323506750647022,0.0320149765802553,shared_gemma_llama_1,1.0,1.172676197752386
Gemma,nutritionist,Gemma_F4,0.2961227893343959,0.0323506750647022,0.2027381921808463,unresolved_or_model_specific,,
Gemma,nutritionist,Gemma_F5,0.576505327141708,0.0323506750647022,0.2740368087153918,unresolved_or_model_specific,,
Gemma,nutritionist,Gemma_F6,-1.148958288039374,0.0323506750647022,0.0550758716610437,shared_all_2,1.0,-1.148958288039374
Gemma,observer,Gemma_F1,1.311918225405082,0.0190966358854822,0.2212221770691784,unresolved_or_model_specific,,
Gemma,observer,Gemma_F2,-0.9393528723542496,0.0190966358854822,0.4326262211798148,unresolved_or_model_specific,,
Gemma,observer,Gemma_F3,0.723722988778955,0.0190966358854822,0.1923615006858362,shared_gemma_llama_1,1.0,0.723722988778955
Gemma,observer,Gemma_F4,1.027457130334246,0.0190966358854822,0.2191971860040185,unresolved_or_model_specific,,
Gemma,observer,Gemma_F5,-1.3811605124252933,0.0190966358854822,0.3061313290406903,unresolved_or_model_specific,,
Gemma,observer,Gemma_F6,-0.9607698211580036,0.0190966358854822,0.1491618774382545,shared_all_2,1.0,-0.9607698211580036
Gemma,optimist,Gemma_F1,-0.2589934385498236,0.1358241235257944,0.2557246338028888,unresolved_or_model_specific,,
Gemma,optimist,Gemma_F2,1.9817247435517331,0.1358241235257944,0.2457986175608059,unresolved_or_model_specific,,
Gemma,optimist,Gemma_F3,1.3017137200426916,0.1358241235257944,0.1049672731439866,shared_gemma_llama_1,1.0,1.3017137200426916
Gemma,optimist,Gemma_F4,-0.9549133914444002,0.1358241235257944,0.4896466623596809,unresolved_or_model_specific,,
Gemma,optimist,Gemma_F5,1.4051099617520884,0.1358241235257944,0.3127744461065511,unresolved_or_model_specific,,
Gemma,optimist,Gemma_F6,-0.0584316456357278,0.1358241235257944,0.1397828840192279,shared_all_2,1.0,-0.0584316456357278
Gemma,oracle,Gemma_F1,-0.1688003194043223,0.03292390716274,0.2177188259574124,unresolved_or_model_specific,,
Gemma,oracle,Gemma_F2,-0.2304052076067442,0.03292390716274,0.1376653788491488,unresolved_or_model_specific,,
Gemma,oracle,Gemma_F3,-0.0492233576594498,0.03292390716274,0.0615119594843385,shared_gemma_llama_1,1.0,-0.0492233576594498
Gemma,oracle,Gemma_F4,-0.27405273960347,0.03292390716274,0.1288340342455325,unresolved_or_model_specific,,
Gemma,oracle,Gemma_F5,-0.7343808666567103,0.03292390716274,0.1507923004528701,unresolved_or_model_specific,,
Gemma,oracle,Gemma_F6,1.9285585752412653,0.03292390716274,0.0406262412634085,shared_all_2,1.0,1.9285585752412653
Gemma,organizer,Gemma_F1,0.5642553111210649,0.0129070887487,0.1084968392179598,unresolved_or_model_specific,,
Gemma,organizer,Gemma_F2,-0.2359583953054326,0.0129070887487,0.331964592589481,unresolved_or_model_specific,,
Gemma,organizer,Gemma_F3,0.8859014510824882,0.0129070887487,0.1414767447740483,shared_gemma_llama_1,1.0,0.8859014510824882
Gemma,organizer,Gemma_F4,-0.1548380616093404,0.0129070887487,0.2809302646126135,unresolved_or_model_specific,,
Gemma,organizer,Gemma_F5,-1.4602324408388514,0.0129070887487,0.171880371747672,unresolved_or_model_specific,,
Gemma,organizer,Gemma_F6,-1.2556667036543274,0.0129070887487,0.0692027434977078,shared_all_2,1.0,-1.2556667036543274
Gemma,orphan,Gemma_F1,-0.0887353801733743,0.0266777024057433,0.1024128213143165,unresolved_or_model_specific,,
Gemma,orphan,Gemma_F2,1.803642729910828,0.0266777024057433,0.358204013915411,unresolved_or_model_specific,,
Gemma,orphan,Gemma_F3,-0.4769997934138438,0.0266777024057433,0.1116810531835345,shared_gemma_llama_1,1.0,-0.4769997934138438
Gemma,orphan,Gemma_F4,-0.6230188552372229,0.0266777024057433,0.2818267528829726,unresolved_or_model_specific,,
Gemma,orphan,Gemma_F5,1.2823558838279854,0.0266777024057433,0.3284783919064084,unresolved_or_model_specific,,
Gemma,orphan,Gemma_F6,0.0626297559622918,0.0266777024057433,0.1273839819867972,shared_all_2,1.0,0.0626297559622918
Gemma,pacifist,Gemma_F1,1.111467348539814,0.1089567712501444,0.2669884773727259,unresolved_or_model_specific,,
Gemma,pacifist,Gemma_F2,0.4555726188551358,0.1089567712501444,0.1595618876928344,unresolved_or_model_specific,,
Gemma,pacifist,Gemma_F3,1.549617446729563,0.1089567712501444,0.0890908527260534,shared_gemma_llama_1,1.0,1.549617446729563
Gemma,pacifist,Gemma_F4,-1.2128021915944742,0.1089567712501444,0.3713767278387596,unresolved_or_model_specific,,
Gemma,pacifist,Gemma_F5,-0.6058402047918151,0.1089567712501444,0.3809884221815744,unresolved_or_model_specific,,
Gemma,pacifist,Gemma_F6,0.1526914471503314,0.1089567712501444,0.1006227734109485,shared_all_2,1.0,0.1526914471503314
Gemma,paramedic,Gemma_F1,0.917145947324318,0.0235900159883393,0.1436169093134714,unresolved_or_model_specific,,
Gemma,paramedic,Gemma_F2,0.4498297486308843,0.0235900159883393,0.0905247364641741,unresolved_or_model_specific,,
Gemma,paramedic,Gemma_F3,0.2038740221167007,0.0235900159883393,0.0410351328009923,shared_gemma_llama_1,1.0,0.2038740221167007
Gemma,paramedic,Gemma_F4,0.1753294265030948,0.0235900159883393,0.1729726332321363,unresolved_or_model_specific,,
Gemma,paramedic,Gemma_F5,0.6557528056509593,0.0235900159883393,0.071605270479392,unresolved_or_model_specific,,
Gemma,paramedic,Gemma_F6,-0.9020940646518312,0.0235900159883393,0.0400884436659525,shared_all_2,1.0,-0.9020940646518312
Gemma,parasite,Gemma_F1,0.1268552746459108,0.0311534915964378,0.3214974803163664,unresolved_or_model_specific,,
Gemma,parasite,Gemma_F2,-0.6230667222894438,0.0311534915964378,0.1408592699964384,unresolved_or_model_specific,,
Gemma,parasite,Gemma_F3,-1.430174576068752,0.0311534915964378,0.1093338863505822,shared_gemma_llama_1,1.0,-1.430174576068752
Gemma,parasite,Gemma_F4,1.6292193003819533,0.0311534915964378,0.4626927695977955,unresolved_or_model_specific,,
Gemma,parasite,Gemma_F5,-0.004133546663982,0.0311534915964378,0.3559752662909133,unresolved_or_model_specific,,
Gemma,parasite,Gemma_F6,0.47224658382842,0.0311534915964378,0.0858279813374451,shared_all_2,1.0,0.47224658382842
Gemma,parent,Gemma_F1,-0.51593593429494,0.0192201035429145,0.1306581334651776,unresolved_or_model_specific,,
Gemma,parent,Gemma_F2,1.7079935145373084,0.0192201035429145,0.1504794652102689,unresolved_or_model_specific,,
Gemma,parent,Gemma_F3,0.5402154473216613,0.0192201035429145,0.086000820686049,shared_gemma_llama_1,1.0,0.5402154473216613
Gemma,parent,Gemma_F4,-0.4467595537055918,0.0192201035429145,0.344063390324294,unresolved_or_model_specific,,
Gemma,parent,Gemma_F5,1.3397186815219448,0.0192201035429145,0.1922398418900313,unresolved_or_model_specific,,
Gemma,parent,Gemma_F6,-0.6945512032974502,0.0192201035429145,0.1218945063384381,shared_all_2,1.0,-0.6945512032974502
Gemma,patient,Gemma_F1,0.193928093424439,0.0431637643067619,0.1415062381842106,unresolved_or_model_specific,,
Gemma,patient,Gemma_F2,1.5899201483460053,0.0431637643067619,0.1755891317630639,unresolved_or_model_specific,,
Gemma,patient,Gemma_F3,0.2585217593885955,0.0431637643067619,0.1044068186613581,shared_gemma_llama_1,1.0,0.2585217593885955
Gemma,patient,Gemma_F4,0.0509643719683702,0.0431637643067619,0.2504736347550171,unresolved_or_model_specific,,
Gemma,patient,Gemma_F5,1.5466347549088555,0.0431637643067619,0.1569571264973501,unresolved_or_model_specific,,
Gemma,patient,Gemma_F6,-0.5276120252804057,0.0431637643067619,0.1001781513736019,shared_all_2,1.0,-0.5276120252804057
Gemma,peacekeeper,Gemma_F1,0.9882079651317982,0.0357288992029739,0.189650406031028,unresolved_or_model_specific,,
Gemma,peacekeeper,Gemma_F2,0.0698492233319377,0.0357288992029739,0.1401021960030382,unresolved_or_model_specific,,
Gemma,peacekeeper,Gemma_F3,1.4494797009310465,0.0357288992029739,0.0558467761538063,shared_gemma_llama_1,1.0,1.4494797009310465
Gemma,peacekeeper,Gemma_F4,-0.9332251690675856,0.0357288992029739,0.2886678479571244,unresolved_or_model_specific,,
Gemma,peacekeeper,Gemma_F5,-0.4573305621969615,0.0357288992029739,0.2826829072084623,unresolved_or_model_specific,,
Gemma,peacekeeper,Gemma_F6,-0.4831216575587871,0.0357288992029739,0.0716155233570483,shared_all_2,1.0,-0.4831216575587871
Gemma,perfectionist,Gemma_F1,0.6351896268706639,0.0671825179921618,0.1762452008605748,unresolved_or_model_specific,,
Gemma,perfectionist,Gemma_F2,-0.9083967424099054,0.0671825179921618,0.2531375607543885,unresolved_or_model_specific,,
Gemma,perfectionist,Gemma_F3,-0.7531675312645975,0.0671825179921618,0.1546999200025021,shared_gemma_llama_1,1.0,-0.7531675312645975
Gemma,perfectionist,Gemma_F4,0.3327169223651902,0.0671825179921618,0.3146008591485116,unresolved_or_model_specific,,
Gemma,perfectionist,Gemma_F5,-1.9842746577619792,0.0671825179921618,0.148309651672394,unresolved_or_model_specific,,
Gemma,perfectionist,Gemma_F6,-0.0252354983757245,0.0671825179921618,0.1247044956801147,shared_all_2,1.0,-0.0252354983757245
Gemma,pharmacist,Gemma_F1,1.0444867311310184,0.0287672038985857,0.1645258203959686,unresolved_or_model_specific,,
Gemma,pharmacist,Gemma_F2,-0.3969546819594419,0.0287672038985857,0.2221251274870956,unresolved_or_model_specific,,
Gemma,pharmacist,Gemma_F3,1.173933620253781,0.0287672038985857,0.0469467429901145,shared_gemma_llama_1,1.0,1.173933620253781
Gemma,pharmacist,Gemma_F4,0.1979449455944284,0.0287672038985857,0.1538484826416795,unresolved_or_model_specific,,
Gemma,pharmacist,Gemma_F5,0.1614715390951864,0.0287672038985857,0.2456699663627918,unresolved_or_model_specific,,
Gemma,pharmacist,Gemma_F6,-1.0218844933730065,0.0287672038985857,0.0694853763013981,shared_all_2,1.0,-1.0218844933730065
Gemma,philosopher,Gemma_F1,0.6218313363565316,0.0868717958400755,0.2699022040797975,unresolved_or_model_specific,,
Gemma,philosopher,Gemma_F2,-1.7045415063316016,0.0868717958400755,0.3115786770358559,unresolved_or_model_specific,,
Gemma,philosopher,Gemma_F3,-0.2652850713842595,0.0868717958400755,0.3192238070418896,shared_gemma_llama_1,1.0,-0.2652850713842595
Gemma,philosopher,Gemma_F4,-0.9415683077889602,0.0868717958400755,0.3436929313707393,unresolved_or_model_specific,,
Gemma,philosopher,Gemma_F5,0.0242557917975737,0.0868717958400755,0.1792287640869196,unresolved_or_model_specific,,
Gemma,philosopher,Gemma_F6,1.035793876109904,0.0868717958400755,0.0757111965820723,shared_all_2,1.0,1.035793876109904
Gemma,photographer,Gemma_F1,0.0018422164999532,0.0231567841641784,0.2624967441849454,unresolved_or_model_specific,,
Gemma,photographer,Gemma_F2,0.0461907086610424,0.0231567841641784,0.386691677034623,unresolved_or_model_specific,,
Gemma,photographer,Gemma_F3,-0.1117276689959633,0.0231567841641784,0.2587440280856952,shared_gemma_llama_1,1.0,-0.1117276689959633
Gemma,photographer,Gemma_F4,-1.2252351379923596,0.0231567841641784,0.163493309199099,unresolved_or_model_specific,,
Gemma,photographer,Gemma_F5,0.7530718235678215,0.0231567841641784,0.2421486153878101,unresolved_or_model_specific,,
Gemma,photographer,Gemma_F6,0.5733951764072996,0.0231567841641784,0.0761956779179464,shared_all_2,1.0,0.5733951764072996
Gemma,physicist,Gemma_F1,0.2822258272785894,0.0270823091716523,0.0551928020953553,unresolved_or_model_specific,,
Gemma,physicist,Gemma_F2,-1.3275894346615524,0.0270823091716523,0.1361907217856875,unresolved_or_model_specific,,
Gemma,physicist,Gemma_F3,0.3362134193477576,0.0270823091716523,0.149282295729156,shared_gemma_llama_1,1.0,0.3362134193477576
Gemma,physicist,Gemma_F4,-0.221735901207951,0.0270823091716523,0.2131096729148778,unresolved_or_model_specific,,
Gemma,physicist,Gemma_F5,-0.0955443982796347,0.0270823091716523,0.2567272433050717,unresolved_or_model_specific,,
Gemma,physicist,Gemma_F6,-0.5589721537287299,0.0270823091716523,0.0664899018252363,shared_all_2,1.0,-0.5589721537287299
Gemma,pilgrim,Gemma_F1,0.2724567391144746,0.0484039035375441,0.2558937435570199,unresolved_or_model_specific,,
Gemma,pilgrim,Gemma_F2,0.1193852764634265,0.0484039035375441,0.1874814802406376,unresolved_or_model_specific,,
Gemma,pilgrim,Gemma_F3,0.7443327427044363,0.0484039035375441,0.0862338649996052,shared_gemma_llama_1,1.0,0.7443327427044363
Gemma,pilgrim,Gemma_F4,-0.4548989641946982,0.0484039035375441,0.1879077930946318,unresolved_or_model_specific,,
Gemma,pilgrim,Gemma_F5,-0.3518867660060814,0.0484039035375441,0.2328421929180872,unresolved_or_model_specific,,
Gemma,pilgrim,Gemma_F6,2.0207117960281047,0.0484039035375441,0.0913350506899046,shared_all_2,1.0,2.0207117960281047
Gemma,pilot,Gemma_F1,0.6262837493121174,0.0235795555945347,0.1402560419813334,unresolved_or_model_specific,,
Gemma,pilot,Gemma_F2,-0.0356643906658363,0.0235795555945347,0.1287746157096779,unresolved_or_model_specific,,
Gemma,pilot,Gemma_F3,0.4261253749603731,0.0235795555945347,0.0603475165110892,shared_gemma_llama_1,1.0,0.4261253749603731
Gemma,pilot,Gemma_F4,0.1563103716340936,0.0235795555945347,0.0750695593804506,unresolved_or_model_specific,,
Gemma,pilot,Gemma_F5,-0.0559183898027547,0.0235795555945347,0.0840721319251892,unresolved_or_model_specific,,
Gemma,pilot,Gemma_F6,-0.8277957662451979,0.0235795555945347,0.0364977291915057,shared_all_2,1.0,-0.8277957662451979
Gemma,pirate,Gemma_F1,-1.5072285576217763,0.0984609838741852,0.1768013005998103,unresolved_or_model_specific,,
Gemma,pirate,Gemma_F2,1.2810768567374076,0.0984609838741852,0.2574674834315429,unresolved_or_model_specific,,
Gemma,pirate,Gemma_F3,-0.7748581770733765,0.0984609838741852,0.3158028902004271,shared_gemma_llama_1,1.0,-0.7748581770733765
Gemma,pirate,Gemma_F4,0.888163450991931,0.0984609838741852,0.3242593702237833,unresolved_or_model_specific,,
Gemma,pirate,Gemma_F5,-0.2971067746376087,0.0984609838741852,0.3119039571897237,unresolved_or_model_specific,,
Gemma,pirate,Gemma_F6,0.4300675151628561,0.0984609838741852,0.0876122584091445,shared_all_2,1.0,0.4300675151628561
Gemma,planner,Gemma_F1,0.5040693284885847,0.0255703264913134,0.1279846680851393,unresolved_or_model_specific,,
Gemma,planner,Gemma_F2,-0.4444920367008734,0.0255703264913134,0.3671061057788993,unresolved_or_model_specific,,
Gemma,planner,Gemma_F3,0.882409820614478,0.0255703264913134,0.1446988111299242,shared_gemma_llama_1,1.0,0.882409820614478
Gemma,planner,Gemma_F4,-0.1018561357861483,0.0255703264913134,0.2764831188207433,unresolved_or_model_specific,,
Gemma,planner,Gemma_F5,-1.5480376951613624,0.0255703264913134,0.1906708356648602,unresolved_or_model_specific,,
Gemma,planner,Gemma_F6,-1.448910544240714,0.0255703264913134,0.0780207133948931,shared_all_2,1.0,-1.448910544240714
Gemma,playwright,Gemma_F1,-0.7714050690054141,0.043975231579155,0.0936226592454203,unresolved_or_model_specific,,
Gemma,playwright,Gemma_F2,-0.4010702351636306,0.043975231579155,0.1386968625251835,unresolved_or_model_specific,,
Gemma,playwright,Gemma_F3,-0.2495423210219408,0.043975231579155,0.121633554545273,shared_gemma_llama_1,1.0,-0.2495423210219408
Gemma,playwright,Gemma_F4,-0.4002196347417575,0.043975231579155,0.1352593515216048,unresolved_or_model_specific,,
Gemma,playwright,Gemma_F5,0.3712779494406523,0.043975231579155,0.0844481946166551,unresolved_or_model_specific,,
Gemma,playwright,Gemma_F6,-0.1692409278582054,0.043975231579155,0.0648713877577322,shared_all_2,1.0,-0.1692409278582054
Gemma,podcaster,Gemma_F1,0.2279800297395687,0.0307566252472733,0.1737332473183283,unresolved_or_model_specific,,
Gemma,podcaster,Gemma_F2,-0.0981660234018071,0.0307566252472733,0.4840256950398423,unresolved_or_model_specific,,
Gemma,podcaster,Gemma_F3,0.0912721795994816,0.0307566252472733,0.3492028210292971,shared_gemma_llama_1,1.0,0.0912721795994816
Gemma,podcaster,Gemma_F4,-0.5334052648768441,0.0307566252472733,0.4821196738431618,unresolved_or_model_specific,,
Gemma,podcaster,Gemma_F5,2.489213991376008,0.0307566252472733,0.2284388961328116,unresolved_or_model_specific,,
Gemma,podcaster,Gemma_F6,-0.2780124354555095,0.0307566252472733,0.0968018471185092,shared_all_2,1.0,-0.2780124354555095
Gemma,poet,Gemma_F1,-1.33619276904768,0.1322250616382795,0.2816890853352943,unresolved_or_model_specific,,
Gemma,poet,Gemma_F2,0.2240268603911855,0.1322250616382795,0.1528707319022295,unresolved_or_model_specific,,
Gemma,poet,Gemma_F3,-0.1734450150492615,0.1322250616382795,0.1095886343454517,shared_gemma_llama_1,1.0,-0.1734450150492615
Gemma,poet,Gemma_F4,-0.2629140118309602,0.1322250616382795,0.3586738424572461,unresolved_or_model_specific,,
Gemma,poet,Gemma_F5,-1.2488630662493017,0.1322250616382795,0.2242738917469588,unresolved_or_model_specific,,
Gemma,poet,Gemma_F6,1.6240856760812885,0.1322250616382795,0.0573107603825136,shared_all_2,1.0,1.6240856760812885
Gemma,polymath,Gemma_F1,-0.208949822045308,0.017713578614046,0.2498024965497706,unresolved_or_model_specific,,
Gemma,polymath,Gemma_F2,-1.361457242299706,0.017713578614046,0.1847628717281361,unresolved_or_model_specific,,
Gemma,polymath,Gemma_F3,0.2389711743073865,0.017713578614046,0.2434083775268614,shared_gemma_llama_1,1.0,0.2389711743073865
Gemma,polymath,Gemma_F4,-1.2129495408011737,0.017713578614046,0.1482609749857306,unresolved_or_model_specific,,
Gemma,polymath,Gemma_F5,-0.4681797507778441,0.017713578614046,0.2011339054392783,unresolved_or_model_specific,,
Gemma,polymath,Gemma_F6,0.0750587936387131,0.017713578614046,0.066602176803863,shared_all_2,1.0,0.0750587936387131
Gemma,pragmatist,Gemma_F1,0.9211189441383628,0.0620397338527717,0.2609094547996952,unresolved_or_model_specific,,
Gemma,pragmatist,Gemma_F2,0.5713387722370448,0.0620397338527717,0.2081483371731018,unresolved_or_model_specific,,
Gemma,pragmatist,Gemma_F3,-0.279337348606393,0.0620397338527717,0.1734914875338174,shared_gemma_llama_1,1.0,-0.279337348606393
Gemma,pragmatist,Gemma_F4,0.6254294695986343,0.0620397338527717,0.1800748303688522,unresolved_or_model_specific,,
Gemma,pragmatist,Gemma_F5,-0.7370852200791019,0.0620397338527717,0.1326256028387887,unresolved_or_model_specific,,
Gemma,pragmatist,Gemma_F6,-1.4054763893832154,0.0620397338527717,0.0700416912156257,shared_all_2,1.0,-1.4054763893832154
Gemma,predator,Gemma_F1,0.0927290856236349,0.0412367958238213,0.2891658873664363,unresolved_or_model_specific,,
Gemma,predator,Gemma_F2,-0.4488999390329646,0.0412367958238213,0.1901128452317219,unresolved_or_model_specific,,
Gemma,predator,Gemma_F3,-1.5091709082978084,0.0412367958238213,0.1673821906187808,shared_gemma_llama_1,1.0,-1.5091709082978084
Gemma,predator,Gemma_F4,1.4169068100000834,0.0412367958238213,0.40368292231793,unresolved_or_model_specific,,
Gemma,predator,Gemma_F5,-0.7770253768348644,0.0412367958238213,0.3297715462706002,unresolved_or_model_specific,,
Gemma,predator,Gemma_F6,0.8178798461491926,0.0412367958238213,0.0956893641478543,shared_all_2,1.0,0.8178798461491926
Gemma,presenter,Gemma_F1,-0.1265795355364316,0.0282990330309819,0.1020717136152213,unresolved_or_model_specific,,
Gemma,presenter,Gemma_F2,0.854685923549825,0.0282990330309819,0.1021880778002673,unresolved_or_model_specific,,
Gemma,presenter,Gemma_F3,0.5084868318842152,0.0282990330309819,0.0474040298141118,shared_gemma_llama_1,1.0,0.5084868318842152
Gemma,presenter,Gemma_F4,-0.6381159466813526,0.0282990330309819,0.2418943312558665,unresolved_or_model_specific,,
Gemma,presenter,Gemma_F5,0.4592494697944679,0.0282990330309819,0.165678636711926,unresolved_or_model_specific,,
Gemma,presenter,Gemma_F6,-0.5526337337945059,0.0282990330309819,0.0654398506886754,shared_all_2,1.0,-0.5526337337945059
Gemma,prey,Gemma_F1,-0.3801315525798397,0.0613280688671811,0.2606849157395579,unresolved_or_model_specific,,
Gemma,prey,Gemma_F2,0.6584836347211644,0.0613280688671811,0.1853347842483181,unresolved_or_model_specific,,
Gemma,prey,Gemma_F3,-1.199624657318067,0.0613280688671811,0.2211894822506153,shared_gemma_llama_1,1.0,-1.199624657318067
Gemma,prey,Gemma_F4,1.4431332533616146,0.0613280688671811,0.244014970527132,unresolved_or_model_specific,,
Gemma,prey,Gemma_F5,-0.1496138197816673,0.0613280688671811,0.3289654240910087,unresolved_or_model_specific,,
Gemma,prey,Gemma_F6,0.8038808337821686,0.0613280688671811,0.0638724498986293,shared_all_2,1.0,0.8038808337821686
Gemma,prisoner,Gemma_F1,-0.4853898784205928,0.066696641055174,0.1147093151118629,unresolved_or_model_specific,,
Gemma,prisoner,Gemma_F2,2.0680593292355183,0.066696641055174,0.2772527399792416,unresolved_or_model_specific,,
Gemma,prisoner,Gemma_F3,-1.3642244664690577,0.066696641055174,0.1356164521862607,shared_gemma_llama_1,1.0,-1.3642244664690577
Gemma,prisoner,Gemma_F4,-0.0251288955887004,0.066696641055174,0.3095209018890204,unresolved_or_model_specific,,
Gemma,prisoner,Gemma_F5,0.9100654806211108,0.066696641055174,0.3888630967115525,unresolved_or_model_specific,,
Gemma,prisoner,Gemma_F6,-0.1698129485971801,0.066696641055174,0.1315872525471865,shared_all_2,1.0,-0.1698129485971801
Gemma,procrastinator,Gemma_F1,-3.380238022566067,0.1474354983916273,0.4958799181845106,unresolved_or_model_specific,,
Gemma,procrastinator,Gemma_F2,1.2801952143604547,0.1474354983916273,0.415425300954625,unresolved_or_model_specific,,
Gemma,procrastinator,Gemma_F3,-0.8990507666312646,0.1474354983916273,0.4089977694785308,shared_gemma_llama_1,1.0,-0.8990507666312646
Gemma,procrastinator,Gemma_F4,2.338785123677339,0.1474354983916273,0.4266035560041728,unresolved_or_model_specific,,
Gemma,procrastinator,Gemma_F5,2.010548282427171,0.1474354983916273,0.5568306442338068,unresolved_or_model_specific,,
Gemma,procrastinator,Gemma_F6,-1.321613718903539,0.1474354983916273,0.1878530070546946,shared_all_2,1.0,-1.321613718903539
Gemma,prodigy,Gemma_F1,-0.7508575839788051,0.0306116382820595,0.1401991679407709,unresolved_or_model_specific,,
Gemma,prodigy,Gemma_F2,-0.5621284621820029,0.0306116382820595,0.0796549291100401,unresolved_or_model_specific,,
Gemma,prodigy,Gemma_F3,0.1229077388598572,0.0306116382820595,0.1005592170935482,shared_gemma_llama_1,1.0,0.1229077388598572
Gemma,prodigy,Gemma_F4,-0.5194311102953874,0.0306116382820595,0.1481641417214749,unresolved_or_model_specific,,
Gemma,prodigy,Gemma_F5,-0.2352297340230892,0.0306116382820595,0.0929103416055594,unresolved_or_model_specific,,
Gemma,prodigy,Gemma_F6,-0.0160246695723317,0.0306116382820595,0.0578999946187296,shared_all_2,1.0,-0.0160246695723317
Gemma,producer,Gemma_F1,0.3961480808272696,0.0163611451564625,0.0778510248272421,unresolved_or_model_specific,,
Gemma,producer,Gemma_F2,-0.1853400145178755,0.0163611451564625,0.0878290971441181,unresolved_or_model_specific,,
Gemma,producer,Gemma_F3,0.4560045502015587,0.0163611451564625,0.0862746409807369,shared_gemma_llama_1,1.0,0.4560045502015587
Gemma,producer,Gemma_F4,-0.6870430227137229,0.0163611451564625,0.1150985399427612,unresolved_or_model_specific,,
Gemma,producer,Gemma_F5,-0.0824832320164677,0.0163611451564625,0.1457250460419002,unresolved_or_model_specific,,
Gemma,producer,Gemma_F6,-1.028867073049947,0.0163611451564625,0.0259338541460843,shared_all_2,1.0,-1.028867073049947
Gemma,programmer,Gemma_F1,0.0885304768329102,0.0217701854777648,0.0760210455792316,unresolved_or_model_specific,,
Gemma,programmer,Gemma_F2,-0.5377524631183981,0.0217701854777648,0.1414105427045362,unresolved_or_model_specific,,
Gemma,programmer,Gemma_F3,0.2516847511181908,0.0217701854777648,0.1312056217387321,shared_gemma_llama_1,1.0,0.2516847511181908
Gemma,programmer,Gemma_F4,-0.6127574665771898,0.0217701854777648,0.1083444087653957,unresolved_or_model_specific,,
Gemma,programmer,Gemma_F5,0.0154365298285361,0.0217701854777648,0.1615966979185671,unresolved_or_model_specific,,
Gemma,programmer,Gemma_F6,-1.0891900150304674,0.0217701854777648,0.0407591462849835,shared_all_2,1.0,-1.0891900150304674
Gemma,proofreader,Gemma_F1,2.053921967741695,0.0928569581060744,0.5747205428142861,unresolved_or_model_specific,,
Gemma,proofreader,Gemma_F2,-1.3267000801870577,0.0928569581060744,0.2067679669223852,unresolved_or_model_specific,,
Gemma,proofreader,Gemma_F3,0.4790587797044536,0.0928569581060744,0.1478364066246461,shared_gemma_llama_1,1.0,0.4790587797044536
Gemma,proofreader,Gemma_F4,2.2714014428015052,0.0928569581060744,0.8036413681691669,unresolved_or_model_specific,,
Gemma,proofreader,Gemma_F5,2.091717864335605,0.0928569581060744,0.689878276275302,unresolved_or_model_specific,,
Gemma,proofreader,Gemma_F6,-1.2307504025300031,0.0928569581060744,0.1433295162151683,shared_all_2,1.0,-1.2307504025300031
Gemma,prophet,Gemma_F1,0.0875421440507106,0.0269636978232348,0.2351646526518011,unresolved_or_model_specific,,
Gemma,prophet,Gemma_F2,0.0235933151547356,0.0269636978232348,0.1992187875449108,unresolved_or_model_specific,,
Gemma,prophet,Gemma_F3,-0.6333624936194419,0.0269636978232348,0.0743903290365659,shared_gemma_llama_1,1.0,-0.6333624936194419
Gemma,prophet,Gemma_F4,-0.611236089763251,0.0269636978232348,0.2246232206156069,unresolved_or_model_specific,,
Gemma,prophet,Gemma_F5,-1.139751778803876,0.0269636978232348,0.3321201581030691,unresolved_or_model_specific,,
Gemma,prophet,Gemma_F6,2.039577879171865,0.0269636978232348,0.0544771118547305,shared_all_2,1.0,2.039577879171865
Gemma,provincial,Gemma_F1,-0.8363170269848703,0.1681535521699922,0.3224393114138717,unresolved_or_model_specific,,
Gemma,provincial,Gemma_F2,2.2559431664489504,0.1681535521699922,0.4218095365390941,unresolved_or_model_specific,,
Gemma,provincial,Gemma_F3,0.7135143205308077,0.1681535521699922,0.4734558031182611,shared_gemma_llama_1,1.0,0.7135143205308077
Gemma,provincial,Gemma_F4,1.2372485343480213,0.1681535521699922,0.4515813957351438,unresolved_or_model_specific,,
Gemma,provincial,Gemma_F5,0.4721545153667304,0.1681535521699922,0.2781725879734796,unresolved_or_model_specific,,
Gemma,provincial,Gemma_F6,0.4458881776525524,0.1681535521699922,0.1115834367822802,shared_all_2,1.0,0.4458881776525524
Gemma,provocateur,Gemma_F1,-0.948286456362486,0.0444369768177284,0.209521688851663,unresolved_or_model_specific,,
Gemma,provocateur,Gemma_F2,-0.0759391410030256,0.0444369768177284,0.5442501179699789,unresolved_or_model_specific,,
Gemma,provocateur,Gemma_F3,-3.5085659085631047,0.0444369768177284,0.2235675114282581,shared_gemma_llama_1,1.0,-3.5085659085631047
Gemma,provocateur,Gemma_F4,-0.552937268759733,0.0444369768177284,0.5497739880289549,unresolved_or_model_specific,,
Gemma,provocateur,Gemma_F5,-0.0804520407880251,0.0444369768177284,0.433354923685941,unresolved_or_model_specific,,
Gemma,provocateur,Gemma_F6,0.2660831088519275,0.0444369768177284,0.1425967236835521,shared_all_2,1.0,0.2660831088519275
Gemma,psychologist,Gemma_F1,0.5475837858185221,0.0588196797332115,0.1789584325591871,unresolved_or_model_specific,,
Gemma,psychologist,Gemma_F2,-0.5340632538828389,0.0588196797332115,0.2602458641998246,unresolved_or_model_specific,,
Gemma,psychologist,Gemma_F3,1.053406822097805,0.0588196797332115,0.0580042118664389,shared_gemma_llama_1,1.0,1.053406822097805
Gemma,psychologist,Gemma_F4,-0.5335344859347266,0.0588196797332115,0.2304513699898529,unresolved_or_model_specific,,
Gemma,psychologist,Gemma_F5,-0.9852766804900618,0.0588196797332115,0.2189227446804713,unresolved_or_model_specific,,
Gemma,psychologist,Gemma_F6,-1.0303934162296715,0.0588196797332115,0.0599919348321205,shared_all_2,1.0,-1.0303934162296715
Gemma,publisher,Gemma_F1,0.6766287728032407,0.0063656863241562,0.0807440348093555,unresolved_or_model_specific,,
Gemma,publisher,Gemma_F2,-0.3749784614084734,0.0063656863241562,0.1351851596653482,unresolved_or_model_specific,,
Gemma,publisher,Gemma_F3,0.6986545093412059,0.0063656863241562,0.0306106296815818,shared_gemma_llama_1,1.0,0.6986545093412059
Gemma,publisher,Gemma_F4,-0.4877334650486724,0.0063656863241562,0.1258189379770038,unresolved_or_model_specific,,
Gemma,publisher,Gemma_F5,-0.5993527135787319,0.0063656863241562,0.1676032747617017,unresolved_or_model_specific,,
Gemma,publisher,Gemma_F6,-0.9427939997264246,0.0063656863241562,0.0461722481480226,shared_all_2,1.0,-0.9427939997264246
Gemma,purist,Gemma_F1,1.2365837063143206,0.1258149008742958,0.2343352287304192,unresolved_or_model_specific,,
Gemma,purist,Gemma_F2,-0.6998452297912242,0.1258149008742958,0.277099694774287,unresolved_or_model_specific,,
Gemma,purist,Gemma_F3,-0.6638362107222938,0.1258149008742958,0.212573327658527,shared_gemma_llama_1,1.0,-0.6638362107222938
Gemma,purist,Gemma_F4,0.8876552305382213,0.1258149008742958,0.3872641044728547,unresolved_or_model_specific,,
Gemma,purist,Gemma_F5,-1.6081101177684372,0.1258149008742958,0.2010287934013861,unresolved_or_model_specific,,
Gemma,purist,Gemma_F6,1.3493295305921906,0.1258149008742958,0.1573783982314677,shared_all_2,1.0,1.3493295305921906
Gemma,realist,Gemma_F1,1.3501755632539003,0.0514738648648193,0.2407643276933478,unresolved_or_model_specific,,
Gemma,realist,Gemma_F2,0.3478298926043791,0.0514738648648193,0.1406470793915116,unresolved_or_model_specific,,
Gemma,realist,Gemma_F3,-1.062671269638476,0.0514738648648193,0.1087930400559755,shared_gemma_llama_1,1.0,-1.062671269638476
Gemma,realist,Gemma_F4,0.4493788816263346,0.0514738648648193,0.3320168377688634,unresolved_or_model_specific,,
Gemma,realist,Gemma_F5,-0.6421119311105702,0.0514738648648193,0.1758663875028858,unresolved_or_model_specific,,
Gemma,realist,Gemma_F6,-1.0531204407365171,0.0514738648648193,0.0817849240217713,shared_all_2,1.0,-1.0531204407365171
Gemma,rebel,Gemma_F1,-0.60762202816185,0.0536321731094603,0.2810929603592166,unresolved_or_model_specific,,
Gemma,rebel,Gemma_F2,0.9466237621115818,0.0536321731094603,0.6536479674234563,unresolved_or_model_specific,,
Gemma,rebel,Gemma_F3,-3.13909587935325,0.0536321731094603,0.2588335784038926,shared_gemma_llama_1,1.0,-3.13909587935325
Gemma,rebel,Gemma_F4,-0.9957201609056476,0.0536321731094603,0.4657735743488523,unresolved_or_model_specific,,
Gemma,rebel,Gemma_F5,0.1803624658617105,0.0536321731094603,0.5337462115706861,unresolved_or_model_specific,,
Gemma,rebel,Gemma_F6,0.3143415922827251,0.0536321731094603,0.1567640203835536,shared_all_2,1.0,0.3143415922827251
Gemma,recruiter,Gemma_F1,0.6583037399260728,0.0168104187901317,0.0811967850840011,unresolved_or_model_specific,,
Gemma,recruiter,Gemma_F2,0.0790694854094022,0.0168104187901317,0.1162021444202973,unresolved_or_model_specific,,
Gemma,recruiter,Gemma_F3,0.8300449642110888,0.0168104187901317,0.0287522321156946,shared_gemma_llama_1,1.0,0.8300449642110888
Gemma,recruiter,Gemma_F4,-0.3323414593438907,0.0168104187901317,0.1651861293918306,unresolved_or_model_specific,,
Gemma,recruiter,Gemma_F5,-0.17873415400139,0.0168104187901317,0.1370737049666988,unresolved_or_model_specific,,
Gemma,recruiter,Gemma_F6,-1.014452675851765,0.0168104187901317,0.0384151759637218,shared_all_2,1.0,-1.014452675851765
Gemma,refugee,Gemma_F1,0.2122532144402013,0.0442563345320278,0.120949134269917,unresolved_or_model_specific,,
Gemma,refugee,Gemma_F2,1.2678330279134689,0.0442563345320278,0.195468953531627,unresolved_or_model_specific,,
Gemma,refugee,Gemma_F3,0.2284586612763703,0.0442563345320278,0.0839002082096468,shared_gemma_llama_1,1.0,0.2284586612763703
Gemma,refugee,Gemma_F4,-0.4728346646960712,0.0442563345320278,0.2415132459429494,unresolved_or_model_specific,,
Gemma,refugee,Gemma_F5,0.782501755410098,0.0442563345320278,0.2397790159717391,unresolved_or_model_specific,,
Gemma,refugee,Gemma_F6,0.4133535272043216,0.0442563345320278,0.0899504366384405,shared_all_2,1.0,0.4133535272043216
Gemma,reporter,Gemma_F1,0.5699620664496723,0.0086326665493193,0.0581669675918367,unresolved_or_model_specific,,
Gemma,reporter,Gemma_F2,-0.2505196109474153,0.0086326665493193,0.0640408791278686,unresolved_or_model_specific,,
Gemma,reporter,Gemma_F3,0.2161400740416953,0.0086326665493193,0.0708153612944804,shared_gemma_llama_1,1.0,0.2161400740416953
Gemma,reporter,Gemma_F4,-0.5388694345051204,0.0086326665493193,0.0797998993494202,unresolved_or_model_specific,,
Gemma,reporter,Gemma_F5,-0.152073531313965,0.0086326665493193,0.1176460857267257,unresolved_or_model_specific,,
Gemma,reporter,Gemma_F6,-0.7421845042928061,0.0086326665493193,0.0259589808039563,shared_all_2,1.0,-0.7421845042928061
Gemma,researcher,Gemma_F1,0.6855982021492567,0.0129577483912731,0.1214581514546276,unresolved_or_model_specific,,
Gemma,researcher,Gemma_F2,-1.1249917196861583,0.0129577483912731,0.3751772946773298,unresolved_or_model_specific,,
Gemma,researcher,Gemma_F3,0.7564045052448378,0.0129577483912731,0.0993588442783073,shared_gemma_llama_1,1.0,0.7564045052448378
Gemma,researcher,Gemma_F4,0.0323708475968471,0.0129577483912731,0.2010793261132171,unresolved_or_model_specific,,
Gemma,researcher,Gemma_F5,-1.5971988719170949,0.0129577483912731,0.2560638525909874,unresolved_or_model_specific,,
Gemma,researcher,Gemma_F6,-1.322813688709858,0.0129577483912731,0.1059084321116737,shared_all_2,1.0,-1.322813688709858
Gemma,retiree,Gemma_F1,-0.9894184585197808,0.0316424260492858,0.0973914121265887,unresolved_or_model_specific,,
Gemma,retiree,Gemma_F2,1.3291071598368511,0.0316424260492858,0.1393020821633387,unresolved_or_model_specific,,
Gemma,retiree,Gemma_F3,0.2867600540292733,0.0316424260492858,0.0894018948645764,shared_gemma_llama_1,1.0,0.2867600540292733
Gemma,retiree,Gemma_F4,-0.0043771898345194,0.0316424260492858,0.2486262092934756,unresolved_or_model_specific,,
Gemma,retiree,Gemma_F5,1.4292035923870494,0.0316424260492858,0.1139429972003802,unresolved_or_model_specific,,
Gemma,retiree,Gemma_F6,-0.2468993334120623,0.0316424260492858,0.1088093009910762,shared_all_2,1.0,-0.2468993334120623
Gemma,revenant,Gemma_F1,0.2147895479328307,0.0256190269898894,0.1165614548554495,unresolved_or_model_specific,,
Gemma,revenant,Gemma_F2,-0.4059538237601288,0.0256190269898894,0.1792991618143539,unresolved_or_model_specific,,
Gemma,revenant,Gemma_F3,-1.371451952603137,0.0256190269898894,0.0523705133854396,shared_gemma_llama_1,1.0,-1.371451952603137
Gemma,revenant,Gemma_F4,0.4533147166703542,0.0256190269898894,0.3401317296332431,unresolved_or_model_specific,,
Gemma,revenant,Gemma_F5,-0.4561528282625937,0.0256190269898894,0.2211752189591551,unresolved_or_model_specific,,
Gemma,revenant,Gemma_F6,1.6423718608753322,0.0256190269898894,0.0573571363034494,shared_all_2,1.0,1.6423718608753322
Gemma,reviewer,Gemma_F1,0.9939402668100598,0.0111644071967308,0.0984418129448657,unresolved_or_model_specific,,
Gemma,reviewer,Gemma_F2,-1.1330496859240624,0.0111644071967308,0.2034352157711282,unresolved_or_model_specific,,
Gemma,reviewer,Gemma_F3,0.5644616650456469,0.0111644071967308,0.0448332741237783,shared_gemma_llama_1,1.0,0.5644616650456469
Gemma,reviewer,Gemma_F4,-0.0624843152337312,0.0111644071967308,0.1478642988809126,unresolved_or_model_specific,,
Gemma,reviewer,Gemma_F5,-0.7583875487283742,0.0111644071967308,0.2343064054181303,unresolved_or_model_specific,,
Gemma,reviewer,Gemma_F6,-1.1803961047481015,0.0111644071967308,0.0879365988644131,shared_all_2,1.0,-1.1803961047481015
Gemma,revolutionary,Gemma_F1,0.6182439017449236,0.0941468787922825,0.3082116160228962,unresolved_or_model_specific,,
Gemma,revolutionary,Gemma_F2,0.3371343229016573,0.0941468787922825,0.4449834914714688,unresolved_or_model_specific,,
Gemma,revolutionary,Gemma_F3,-1.7308107238241035,0.0941468787922825,0.2344331314853424,shared_gemma_llama_1,1.0,-1.7308107238241035
Gemma,revolutionary,Gemma_F4,-1.4081319021747556,0.0941468787922825,0.3491150900447444,unresolved_or_model_specific,,
Gemma,revolutionary,Gemma_F5,-0.8883849810148954,0.0941468787922825,0.473301113838362,unresolved_or_model_specific,,
Gemma,revolutionary,Gemma_F6,0.5306383386224452,0.0941468787922825,0.0772620154335998,shared_all_2,1.0,0.5306383386224452
Gemma,robot,Gemma_F1,1.3894480901140895,0.0963187764269672,0.5323495546467941,unresolved_or_model_specific,,
Gemma,robot,Gemma_F2,-1.7143089429687546,0.0963187764269672,0.9310923005924756,unresolved_or_model_specific,,
Gemma,robot,Gemma_F3,0.1338285310844193,0.0963187764269672,0.4911836296171541,shared_gemma_llama_1,1.0,0.1338285310844193
Gemma,robot,Gemma_F4,2.817600905703351,0.0963187764269672,0.5376085957443388,unresolved_or_model_specific,,
Gemma,robot,Gemma_F5,-3.436175664440995,0.0963187764269672,0.6354095774372924,unresolved_or_model_specific,,
Gemma,robot,Gemma_F6,-1.2011713101196475,0.0963187764269672,0.2875685788925588,shared_all_2,1.0,-1.2011713101196475
Gemma,rogue,Gemma_F1,-1.2485028723870104,0.0559693368952379,0.1710038609360633,unresolved_or_model_specific,,
Gemma,rogue,Gemma_F2,0.2071211863960846,0.0559693368952379,0.1981479449586005,unresolved_or_model_specific,,
Gemma,rogue,Gemma_F3,-1.7489568161135054,0.0559693368952379,0.0619059083079391,shared_gemma_llama_1,1.0,-1.7489568161135054
Gemma,rogue,Gemma_F4,0.5398709729680449,0.0559693368952379,0.2681840057301419,unresolved_or_model_specific,,
Gemma,rogue,Gemma_F5,0.5119940501701382,0.0559693368952379,0.3007667110891029,unresolved_or_model_specific,,
Gemma,rogue,Gemma_F6,0.17689302806071,0.0559693368952379,0.0985918857274749,shared_all_2,1.0,0.17689302806071
Gemma,romantic,Gemma_F1,-0.8840000084897319,0.0444360605437685,0.4265675166718506,unresolved_or_model_specific,,
Gemma,romantic,Gemma_F2,0.4630876391426864,0.0444360605437685,0.2839069904211703,unresolved_or_model_specific,,
Gemma,romantic,Gemma_F3,0.701695653816873,0.0444360605437685,0.1588166715822518,shared_gemma_llama_1,1.0,0.701695653816873
Gemma,romantic,Gemma_F4,-1.3314439049411595,0.0444360605437685,0.3088238409240083,unresolved_or_model_specific,,
Gemma,romantic,Gemma_F5,0.3855849288561666,0.0444360605437685,0.3261695839372627,unresolved_or_model_specific,,
Gemma,romantic,Gemma_F6,1.9827051425757984,0.0444360605437685,0.1030190316691306,shared_all_2,1.0,1.9827051425757984
Gemma,saboteur,Gemma_F1,0.0115059407983158,0.0381248346307311,0.1443367508088001,unresolved_or_model_specific,,
Gemma,saboteur,Gemma_F2,-0.9456556163901682,0.0381248346307311,0.1968217884645574,unresolved_or_model_specific,,
Gemma,saboteur,Gemma_F3,-1.5944277194544982,0.0381248346307311,0.1262289345685713,shared_gemma_llama_1,1.0,-1.5944277194544982
Gemma,saboteur,Gemma_F4,0.1677759478741524,0.0381248346307311,0.4027655250923442,unresolved_or_model_specific,,
Gemma,saboteur,Gemma_F5,-0.0662838826930681,0.0381248346307311,0.187488640468867,unresolved_or_model_specific,,
Gemma,saboteur,Gemma_F6,-0.2317265598869739,0.0381248346307311,0.0667610061342746,shared_all_2,1.0,-0.2317265598869739
Gemma,sage,Gemma_F1,0.3569813458476168,0.0171786509790638,0.2652271779027996,unresolved_or_model_specific,,
Gemma,sage,Gemma_F2,-0.2736084621112941,0.0171786509790638,0.2090967994508615,unresolved_or_model_specific,,
Gemma,sage,Gemma_F3,0.5069538028443048,0.0171786509790638,0.1394297623956792,shared_gemma_llama_1,1.0,0.5069538028443048
Gemma,sage,Gemma_F4,-0.7459287007963445,0.0171786509790638,0.0915046165981334,unresolved_or_model_specific,,
Gemma,sage,Gemma_F5,-0.1034670803257557,0.0171786509790638,0.1956005067557807,unresolved_or_model_specific,,
Gemma,sage,Gemma_F6,1.7983369153764748,0.0171786509790638,0.0640849923372619,shared_all_2,1.0,1.7983369153764748
Gemma,scheduler,Gemma_F1,0.7246451755606779,0.0186525522714292,0.1695271301354843,unresolved_or_model_specific,,
Gemma,scheduler,Gemma_F2,-0.5430918529294106,0.0186525522714292,0.223096938510997,unresolved_or_model_specific,,
Gemma,scheduler,Gemma_F3,0.7944216026121368,0.0186525522714292,0.0654330095463223,shared_gemma_llama_1,1.0,0.7944216026121368
Gemma,scheduler,Gemma_F4,0.4421646484672827,0.0186525522714292,0.142437385535599,unresolved_or_model_specific,,
Gemma,scheduler,Gemma_F5,-0.0778847323988973,0.0186525522714292,0.2503982427605809,unresolved_or_model_specific,,
Gemma,scheduler,Gemma_F6,-1.2106925986593773,0.0186525522714292,0.0621903225539504,shared_all_2,1.0,-1.2106925986593773
Gemma,scholar,Gemma_F1,0.8136014026251543,0.0327351955042067,0.1201694473773876,unresolved_or_model_specific,,
Gemma,scholar,Gemma_F2,-1.7262167477778034,0.0327351955042067,0.2229187402755082,unresolved_or_model_specific,,
Gemma,scholar,Gemma_F3,0.6094765440448779,0.0327351955042067,0.0789859045471545,shared_gemma_llama_1,1.0,0.6094765440448779
Gemma,scholar,Gemma_F4,-0.2754754290387691,0.0327351955042067,0.1879564992842146,unresolved_or_model_specific,,
Gemma,scholar,Gemma_F5,-1.173899815971202,0.0327351955042067,0.2549586114737385,unresolved_or_model_specific,,
Gemma,scholar,Gemma_F6,-0.3924581887117948,0.0327351955042067,0.1137541533979377,shared_all_2,1.0,-0.3924581887117948
Gemma,scientist,Gemma_F1,0.8232739986986392,0.009574896497381,0.1330544934245205,unresolved_or_model_specific,,
Gemma,scientist,Gemma_F2,-1.4873995589054667,0.009574896497381,0.3076951677668062,unresolved_or_model_specific,,
Gemma,scientist,Gemma_F3,0.6609452320129966,0.009574896497381,0.0567057661114237,shared_gemma_llama_1,1.0,0.6609452320129966
Gemma,scientist,Gemma_F4,0.2824500764627161,0.009574896497381,0.2000464750438485,unresolved_or_model_specific,,
Gemma,scientist,Gemma_F5,-0.8824600201672064,0.009574896497381,0.3306843073798738,unresolved_or_model_specific,,
Gemma,scientist,Gemma_F6,-1.2283413613981558,0.009574896497381,0.112622110597148,shared_all_2,1.0,-1.2283413613981558
Gemma,scout,Gemma_F1,0.2599609432266811,0.0281789455257171,0.0439512124954712,unresolved_or_model_specific,,
Gemma,scout,Gemma_F2,-0.2917338501898211,0.0281789455257171,0.0417464986776103,unresolved_or_model_specific,,
Gemma,scout,Gemma_F3,-0.1525914491333951,0.0281789455257171,0.0382543305327975,shared_gemma_llama_1,1.0,-0.1525914491333951
Gemma,scout,Gemma_F4,-0.1533250715155362,0.0281789455257171,0.0590967720910385,unresolved_or_model_specific,,
Gemma,scout,Gemma_F5,-0.256213961675814,0.0281789455257171,0.034399721475076,unresolved_or_model_specific,,
Gemma,scout,Gemma_F6,-0.376453126005142,0.0281789455257171,0.0234248905575048,shared_all_2,1.0,-0.376453126005142
Gemma,screener,Gemma_F1,1.7340563431210958,0.0208886896223244,0.412607598049678,unresolved_or_model_specific,,
Gemma,screener,Gemma_F2,-0.816811973016135,0.0208886896223244,0.3452050508574431,unresolved_or_model_specific,,
Gemma,screener,Gemma_F3,0.7907216358742457,0.0208886896223244,0.1457085996251111,shared_gemma_llama_1,1.0,0.7907216358742457
Gemma,screener,Gemma_F4,1.6076649321189078,0.0208886896223244,0.3326209302468578,unresolved_or_model_specific,,
Gemma,screener,Gemma_F5,0.0873367840745238,0.0208886896223244,0.4349685055115379,unresolved_or_model_specific,,
Gemma,screener,Gemma_F6,-1.418556791299162,0.0208886896223244,0.1404451506791824,shared_all_2,1.0,-1.418556791299162
Gemma,secretary,Gemma_F1,0.8024480603976625,0.0255144881639782,0.2975405432178139,unresolved_or_model_specific,,
Gemma,secretary,Gemma_F2,-0.4063081492821093,0.0255144881639782,0.4734440034463306,unresolved_or_model_specific,,
Gemma,secretary,Gemma_F3,1.2828213860188205,0.0255144881639782,0.2488342970389479,shared_gemma_llama_1,1.0,1.2828213860188205
Gemma,secretary,Gemma_F4,1.054485312395326,0.0255144881639782,0.1924456590262397,unresolved_or_model_specific,,
Gemma,secretary,Gemma_F5,-0.5586285933553659,0.0255144881639782,0.3148217952541994,unresolved_or_model_specific,,
Gemma,secretary,Gemma_F6,-1.2189552463062383,0.0255144881639782,0.1083341466765955,shared_all_2,1.0,-1.2189552463062383
Gemma,shaman,Gemma_F1,-0.1850309228822806,0.0453579142220153,0.3021008790289238,unresolved_or_model_specific,,
Gemma,shaman,Gemma_F2,0.372885452330171,0.0453579142220153,0.1559131253254838,unresolved_or_model_specific,,
Gemma,shaman,Gemma_F3,0.8365581372859658,0.0453579142220153,0.0780693129689282,shared_gemma_llama_1,1.0,0.8365581372859658
Gemma,shaman,Gemma_F4,-0.7403575096474664,0.0453579142220153,0.270710015424051,unresolved_or_model_specific,,
Gemma,shaman,Gemma_F5,-0.175606005009171,0.0453579142220153,0.2561242500790405,unresolved_or_model_specific,,
Gemma,shaman,Gemma_F6,1.9339388949603145,0.0453579142220153,0.0740315365532987,shared_all_2,1.0,1.9339388949603145
Gemma,shapeshifter,Gemma_F1,-0.4605904721216909,0.0290581188527377,0.1464833627828348,unresolved_or_model_specific,,
Gemma,shapeshifter,Gemma_F2,-0.3682076334809263,0.0290581188527377,0.1668003574209148,unresolved_or_model_specific,,
Gemma,shapeshifter,Gemma_F3,-0.0973158188020742,0.0290581188527377,0.1375526138365861,shared_gemma_llama_1,1.0,-0.0973158188020742
Gemma,shapeshifter,Gemma_F4,0.0273738065209992,0.0290581188527377,0.1780239676693606,unresolved_or_model_specific,,
Gemma,shapeshifter,Gemma_F5,0.6774837005755143,0.0290581188527377,0.1184909894606422,unresolved_or_model_specific,,
Gemma,shapeshifter,Gemma_F6,0.7337242854081247,0.0290581188527377,0.0443306884047035,shared_all_2,1.0,0.7337242854081247
Gemma,simulacrum,Gemma_F1,0.7155332044013998,0.0766265864790621,0.2008334472804254,unresolved_or_model_specific,,
Gemma,simulacrum,Gemma_F2,-1.7887865454319996,0.0766265864790621,0.3405612835101598,unresolved_or_model_specific,,
Gemma,simulacrum,Gemma_F3,-1.0693795256574712,0.0766265864790621,0.3102478291210505,shared_gemma_llama_1,1.0,-1.0693795256574712
Gemma,simulacrum,Gemma_F4,0.3563936967357383,0.0766265864790621,0.6512916738844705,unresolved_or_model_specific,,
Gemma,simulacrum,Gemma_F5,0.8362158755620682,0.0766265864790621,0.2664168232222577,unresolved_or_model_specific,,
Gemma,simulacrum,Gemma_F6,0.8932109985478107,0.0766265864790621,0.0850657670133201,shared_all_2,1.0,0.8932109985478107
Gemma,skeptic,Gemma_F1,0.99793430713316,0.0385592395539418,0.194227905808053,unresolved_or_model_specific,,
Gemma,skeptic,Gemma_F2,-1.4089836470522137,0.0385592395539418,0.1438339151441295,unresolved_or_model_specific,,
Gemma,skeptic,Gemma_F3,-0.7123093866809542,0.0385592395539418,0.1561824995358397,shared_gemma_llama_1,1.0,-0.7123093866809542
Gemma,skeptic,Gemma_F4,0.4141849890859246,0.0385592395539418,0.4842114446961991,unresolved_or_model_specific,,
Gemma,skeptic,Gemma_F5,0.3447943894679637,0.0385592395539418,0.2709820498101181,unresolved_or_model_specific,,
Gemma,skeptic,Gemma_F6,-1.0550722942826851,0.0385592395539418,0.0802717270066853,shared_all_2,1.0,-1.0550722942826851
Gemma,smuggler,Gemma_F1,-1.0566026493032497,0.0641354243429932,0.3148597724034798,unresolved_or_model_specific,,
Gemma,smuggler,Gemma_F2,1.166415068037072,0.0641354243429932,0.2352748813240745,unresolved_or_model_specific,,
Gemma,smuggler,Gemma_F3,-2.102387126006829,0.0641354243429932,0.1515592343248454,shared_gemma_llama_1,1.0,-2.102387126006829
Gemma,smuggler,Gemma_F4,1.1105268105319843,0.0641354243429932,0.3099312603098415,unresolved_or_model_specific,,
Gemma,smuggler,Gemma_F5,1.0206514700271618,0.0641354243429932,0.3977274866902371,unresolved_or_model_specific,,
Gemma,smuggler,Gemma_F6,-0.3942011949406617,0.0641354243429932,0.1189457197078216,shared_all_2,1.0,-0.3942011949406617
Gemma,sociologist,Gemma_F1,0.3778695381589817,0.0770660437828788,0.1942251135401515,unresolved_or_model_specific,,
Gemma,sociologist,Gemma_F2,-1.1687511270189943,0.0770660437828788,0.1558304098367005,unresolved_or_model_specific,,
Gemma,sociologist,Gemma_F3,0.6942834802511534,0.0770660437828788,0.1326665266026634,shared_gemma_llama_1,1.0,0.6942834802511534
Gemma,sociologist,Gemma_F4,-0.896614975731231,0.0770660437828788,0.1291518875412795,unresolved_or_model_specific,,
Gemma,sociologist,Gemma_F5,-0.5283949587213818,0.0770660437828788,0.2480922561435047,unresolved_or_model_specific,,
Gemma,sociologist,Gemma_F6,-0.8818085570988383,0.0770660437828788,0.0515129899548516,shared_all_2,1.0,-0.8818085570988383
Gemma,soldier,Gemma_F1,0.8296261846176454,0.0518538805791522,0.3093130560138083,unresolved_or_model_specific,,
Gemma,soldier,Gemma_F2,0.7534708791891812,0.0518538805791522,0.1853472077666881,unresolved_or_model_specific,,
Gemma,soldier,Gemma_F3,-1.1685677032213655,0.0518538805791522,0.2355784217094279,shared_gemma_llama_1,1.0,-1.1685677032213655
Gemma,soldier,Gemma_F4,1.0569644061000976,0.0518538805791522,0.312849738032437,unresolved_or_model_specific,,
Gemma,soldier,Gemma_F5,-0.6867156723374702,0.0518538805791522,0.2661481818896574,unresolved_or_model_specific,,
Gemma,soldier,Gemma_F6,-0.2424042093117979,0.0518538805791522,0.0877006170236584,shared_all_2,1.0,-0.2424042093117979
Gemma,sommelier,Gemma_F1,-0.1338420578657412,0.0555972747456008,0.1002533620404749,unresolved_or_model_specific,,
Gemma,sommelier,Gemma_F2,-1.0716529889799946,0.0555972747456008,0.167299131721213,unresolved_or_model_specific,,
Gemma,sommelier,Gemma_F3,0.5612839885724344,0.0555972747456008,0.1700942706114149,shared_gemma_llama_1,1.0,0.5612839885724344
Gemma,sommelier,Gemma_F4,-0.077846631336193,0.0555972747456008,0.2918004753547188,unresolved_or_model_specific,,
Gemma,sommelier,Gemma_F5,1.000733321452326,0.0555972747456008,0.2503031703122423,unresolved_or_model_specific,,
Gemma,sommelier,Gemma_F6,0.2933791739748425,0.0555972747456008,0.0560056389417603,shared_all_2,1.0,0.2933791739748425
Gemma,specialist,Gemma_F1,0.3492369926657619,0.0264528401141394,0.1322412237856764,unresolved_or_model_specific,,
Gemma,specialist,Gemma_F2,-0.7541806385716724,0.0264528401141394,0.3306686493088938,unresolved_or_model_specific,,
Gemma,specialist,Gemma_F3,0.4285350268546077,0.0264528401141394,0.1192159453646556,shared_gemma_llama_1,1.0,0.4285350268546077
Gemma,specialist,Gemma_F4,-0.2273202985248426,0.0264528401141394,0.256214756999548,unresolved_or_model_specific,,
Gemma,specialist,Gemma_F5,-1.9250240352611991,0.0264528401141394,0.1600769886093081,unresolved_or_model_specific,,
Gemma,specialist,Gemma_F6,-1.047172271659948,0.0264528401141394,0.0858841693423226,shared_all_2,1.0,-1.047172271659948
Gemma,spirit,Gemma_F1,0.1743618110618208,0.0126149494910647,0.2557475566617009,unresolved_or_model_specific,,
Gemma,spirit,Gemma_F2,-0.1401029220570428,0.0126149494910647,0.1808610582996945,unresolved_or_model_specific,,
Gemma,spirit,Gemma_F3,0.3612585734526866,0.0126149494910647,0.0887239219879507,shared_gemma_llama_1,1.0,0.3612585734526866
Gemma,spirit,Gemma_F4,-0.4562251217459465,0.0126149494910647,0.0980497853629729,unresolved_or_model_specific,,
Gemma,spirit,Gemma_F5,-0.3067878199563071,0.0126149494910647,0.1775327329306634,unresolved_or_model_specific,,
Gemma,spirit,Gemma_F6,2.08199201395208,0.0126149494910647,0.0609805592151058,shared_all_2,1.0,2.08199201395208
Gemma,spy,Gemma_F1,0.19965346161925,0.0385109751403794,0.2616310112092131,unresolved_or_model_specific,,
Gemma,spy,Gemma_F2,-0.8561346951739983,0.0385109751403794,0.1187159375340694,unresolved_or_model_specific,,
Gemma,spy,Gemma_F3,-1.2997268887213078,0.0385109751403794,0.0664281427402449,shared_gemma_llama_1,1.0,-1.2997268887213078
Gemma,spy,Gemma_F4,0.8193478835504971,0.0385109751403794,0.4063936181968196,unresolved_or_model_specific,,
Gemma,spy,Gemma_F5,-0.0050525940201678,0.0385109751403794,0.2654448800722629,unresolved_or_model_specific,,
Gemma,spy,Gemma_F6,-0.3451817434357256,0.0385109751403794,0.0750766846170196,shared_all_2,1.0,-0.3451817434357256
Gemma,statistician,Gemma_F1,0.5462841193089012,0.0166438586209237,0.1494207576909246,unresolved_or_model_specific,,
Gemma,statistician,Gemma_F2,-1.3501287453557398,0.0166438586209237,0.2541914566947647,unresolved_or_model_specific,,
Gemma,statistician,Gemma_F3,0.5483211355730819,0.0166438586209237,0.0647424736157264,shared_gemma_llama_1,1.0,0.5483211355730819
Gemma,statistician,Gemma_F4,0.359645772788263,0.0166438586209237,0.2248663462157685,unresolved_or_model_specific,,
Gemma,statistician,Gemma_F5,-0.266220254898263,0.0166438586209237,0.3535194409995685,unresolved_or_model_specific,,
Gemma,statistician,Gemma_F6,-1.3434943239055086,0.0166438586209237,0.087430575765133,shared_all_2,1.0,-1.3434943239055086
Gemma,stoic,Gemma_F1,2.1531176317141214,0.1377352288195801,0.3722016591907103,unresolved_or_model_specific,,
Gemma,stoic,Gemma_F2,-0.2635266597386451,0.1377352288195801,0.4288698006299127,unresolved_or_model_specific,,
Gemma,stoic,Gemma_F3,-0.1718573213874579,0.1377352288195801,0.3349711163766972,shared_gemma_llama_1,1.0,-0.1718573213874579
Gemma,stoic,Gemma_F4,1.6424548271341826,0.1377352288195801,0.424170834313585,unresolved_or_model_specific,,
Gemma,stoic,Gemma_F5,-1.943910616074133,0.1377352288195801,0.2507392892517166,unresolved_or_model_specific,,
Gemma,stoic,Gemma_F6,1.2713197023580771,0.1377352288195801,0.2393575145615813,shared_all_2,1.0,1.2713197023580771
Gemma,strategist,Gemma_F1,0.6042269135990894,0.0196930349818737,0.0949914076520175,unresolved_or_model_specific,,
Gemma,strategist,Gemma_F2,-0.7061838162416099,0.0196930349818737,0.2575368878968866,unresolved_or_model_specific,,
Gemma,strategist,Gemma_F3,0.5580361750075133,0.0196930349818737,0.0653288077375097,shared_gemma_llama_1,1.0,0.5580361750075133
Gemma,strategist,Gemma_F4,-0.4926579485486554,0.0196930349818737,0.2214565720903673,unresolved_or_model_specific,,
Gemma,strategist,Gemma_F5,-1.6761152701237665,0.0196930349818737,0.1695419214743041,unresolved_or_model_specific,,
Gemma,strategist,Gemma_F6,-1.1940546001633523,0.0196930349818737,0.0793319361385175,shared_all_2,1.0,-1.1940546001633523
Gemma,student,Gemma_F1,0.6860709670235292,0.0597810168686454,0.3055667860316476,unresolved_or_model_specific,,
Gemma,student,Gemma_F2,1.218029149053545,0.0597810168686454,0.142751279999008,unresolved_or_model_specific,,
Gemma,student,Gemma_F3,0.8596762166473781,0.0597810168686454,0.0641696967033606,shared_gemma_llama_1,1.0,0.8596762166473781
Gemma,student,Gemma_F4,1.2284523188656968,0.0597810168686454,0.3480666468369062,unresolved_or_model_specific,,
Gemma,student,Gemma_F5,2.455099138291221,0.0597810168686454,0.246281670538265,unresolved_or_model_specific,,
Gemma,student,Gemma_F6,-1.0092810920790851,0.0597810168686454,0.0730815311222556,shared_all_2,1.0,-1.0092810920790851
Gemma,summarizer,Gemma_F1,1.1959608659332386,0.0476673526960489,0.1472160986182603,unresolved_or_model_specific,,
Gemma,summarizer,Gemma_F2,0.4899329653785813,0.0476673526960489,0.3976676445865841,unresolved_or_model_specific,,
Gemma,summarizer,Gemma_F3,0.8129352544931702,0.0476673526960489,0.253730476698472,shared_gemma_llama_1,1.0,0.8129352544931702
Gemma,summarizer,Gemma_F4,0.0479834582956556,0.0476673526960489,0.4299724277156415,unresolved_or_model_specific,,
Gemma,summarizer,Gemma_F5,-2.1163791502981506,0.0476673526960489,0.2197279157139632,unresolved_or_model_specific,,
Gemma,summarizer,Gemma_F6,-1.1073556931069226,0.0476673526960489,0.1034866527463162,shared_all_2,1.0,-1.1073556931069226
Gemma,supervisor,Gemma_F1,0.9552235537788186,0.0136324902477161,0.1828646641977993,unresolved_or_model_specific,,
Gemma,supervisor,Gemma_F2,0.1048363191343978,0.0136324902477161,0.3706923561108373,unresolved_or_model_specific,,
Gemma,supervisor,Gemma_F3,1.082883947406826,0.0136324902477161,0.2043562240735373,shared_gemma_llama_1,1.0,1.082883947406826
Gemma,supervisor,Gemma_F4,0.2193893749278352,0.0136324902477161,0.2663461236416934,unresolved_or_model_specific,,
Gemma,supervisor,Gemma_F5,-1.123136664068047,0.0136324902477161,0.1582218550584793,unresolved_or_model_specific,,
Gemma,supervisor,Gemma_F6,-1.2527395238623025,0.0136324902477161,0.0921383491830315,shared_all_2,1.0,-1.2527395238623025
Gemma,surfer,Gemma_F1,-0.8771336557737828,0.1214779631162915,0.1871756209577248,unresolved_or_model_specific,,
Gemma,surfer,Gemma_F2,2.16875669892838,0.1214779631162915,0.2651547393292718,unresolved_or_model_specific,,
Gemma,surfer,Gemma_F3,-0.3497857627826783,0.1214779631162915,0.0958319460607746,shared_gemma_llama_1,1.0,-0.3497857627826783
Gemma,surfer,Gemma_F4,-0.4597334919028987,0.1214779631162915,0.3488191158170187,unresolved_or_model_specific,,
Gemma,surfer,Gemma_F5,0.933799525981162,0.1214779631162915,0.3536238956767886,unresolved_or_model_specific,,
Gemma,surfer,Gemma_F6,0.3558613782390733,0.1214779631162915,0.1539520536562724,shared_all_2,1.0,0.3558613782390733
Gemma,survivor,Gemma_F1,0.0524865672504481,0.0209973754164907,0.2022301202028178,unresolved_or_model_specific,,
Gemma,survivor,Gemma_F2,1.3381678588667014,0.0209973754164907,0.4314601658302896,unresolved_or_model_specific,,
Gemma,survivor,Gemma_F3,-0.6291559153737016,0.0209973754164907,0.1826676536491371,shared_gemma_llama_1,1.0,-0.6291559153737016
Gemma,survivor,Gemma_F4,-1.1913516834695654,0.0209973754164907,0.2774092366760662,unresolved_or_model_specific,,
Gemma,survivor,Gemma_F5,0.8371939234590777,0.0209973754164907,0.4055967668611193,unresolved_or_model_specific,,
Gemma,survivor,Gemma_F6,0.5916486882835426,0.0209973754164907,0.1174986896171574,shared_all_2,1.0,0.5916486882835426
Gemma,swarm,Gemma_F1,0.5235747845861517,0.0942333728560809,0.172450163861591,unresolved_or_model_specific,,
Gemma,swarm,Gemma_F2,-0.7542562693040488,0.0942333728560809,0.1703840057535749,unresolved_or_model_specific,,
Gemma,swarm,Gemma_F3,0.0378873825477112,0.0942333728560809,0.0793892505095704,shared_gemma_llama_1,1.0,0.0378873825477112
Gemma,swarm,Gemma_F4,0.4402246896932883,0.0942333728560809,0.1782215857275773,unresolved_or_model_specific,,
Gemma,swarm,Gemma_F5,-1.148328035233113,0.0942333728560809,0.1537219430801795,unresolved_or_model_specific,,
Gemma,swarm,Gemma_F6,0.5556463026554349,0.0942333728560809,0.0858541421402917,shared_all_2,1.0,0.5556463026554349
Gemma,symbiont,Gemma_F1,0.6135774931118493,0.0562679333522524,0.1440681466790936,unresolved_or_model_specific,,
Gemma,symbiont,Gemma_F2,-0.1052326425446404,0.0562679333522524,0.0699294147805043,unresolved_or_model_specific,,
Gemma,symbiont,Gemma_F3,0.7042242467503095,0.0562679333522524,0.0970037363648427,shared_gemma_llama_1,1.0,0.7042242467503095
Gemma,symbiont,Gemma_F4,-0.4921551358001947,0.0562679333522524,0.122502093762345,unresolved_or_model_specific,,
Gemma,symbiont,Gemma_F5,-0.1754333678845524,0.0562679333522524,0.1508189311781356,unresolved_or_model_specific,,
Gemma,symbiont,Gemma_F6,0.0997568757059096,0.0562679333522524,0.0388267174009354,shared_all_2,1.0,0.0997568757059096
Gemma,synthesizer,Gemma_F1,0.1051694078719028,0.0153982416107932,0.186513124070756,unresolved_or_model_specific,,
Gemma,synthesizer,Gemma_F2,-0.4259638338225101,0.0153982416107932,0.1405554645176589,unresolved_or_model_specific,,
Gemma,synthesizer,Gemma_F3,0.6871482876096663,0.0153982416107932,0.064403538068434,shared_gemma_llama_1,1.0,0.6871482876096663
Gemma,synthesizer,Gemma_F4,-0.894976990709534,0.0153982416107932,0.2382196870043881,unresolved_or_model_specific,,
Gemma,synthesizer,Gemma_F5,-1.1467766102299868,0.0153982416107932,0.1880443367188469,unresolved_or_model_specific,,
Gemma,synthesizer,Gemma_F6,-0.5059890932336754,0.0153982416107932,0.0374480383439812,shared_all_2,1.0,-0.5059890932336754
Gemma,teacher,Gemma_F1,0.1480546373289836,0.0179638594757898,0.1006726010419284,unresolved_or_model_specific,,
Gemma,teacher,Gemma_F2,0.5462080831289354,0.0179638594757898,0.1148534010545063,unresolved_or_model_specific,,
Gemma,teacher,Gemma_F3,1.1369423583535847,0.0179638594757898,0.0355580518406027,shared_gemma_llama_1,1.0,1.1369423583535847
Gemma,teacher,Gemma_F4,-0.1613520498887148,0.0179638594757898,0.2489899355838655,unresolved_or_model_specific,,
Gemma,teacher,Gemma_F5,0.7878813447848783,0.0179638594757898,0.1544786015615103,unresolved_or_model_specific,,
Gemma,teacher,Gemma_F6,-1.039552641939435,0.0179638594757898,0.0420862721035616,shared_all_2,1.0,-1.039552641939435
Gemma,technologist,Gemma_F1,0.3067632573449435,0.0507436471262634,0.1513140822741925,unresolved_or_model_specific,,
Gemma,technologist,Gemma_F2,-0.36704774797098,0.0507436471262634,0.1448327874693938,unresolved_or_model_specific,,
Gemma,technologist,Gemma_F3,0.1093799251590544,0.0507436471262634,0.1595469833764226,shared_gemma_llama_1,1.0,0.1093799251590544
Gemma,technologist,Gemma_F4,-0.9316134821598392,0.0507436471262634,0.0952370420929965,unresolved_or_model_specific,,
Gemma,technologist,Gemma_F5,-0.4102873326052892,0.0507436471262634,0.1696458507708588,unresolved_or_model_specific,,
Gemma,technologist,Gemma_F6,-0.7559371859809549,0.0507436471262634,0.0444356070960751,shared_all_2,1.0,-0.7559371859809549
Gemma,teenager,Gemma_F1,-1.9999237265078949,0.105003834047395,0.2536452010850492,unresolved_or_model_specific,,
Gemma,teenager,Gemma_F2,2.8884915611486033,0.105003834047395,0.2277695829953198,unresolved_or_model_specific,,
Gemma,teenager,Gemma_F3,-0.949473915433717,0.105003834047395,0.2114360983080265,shared_gemma_llama_1,1.0,-0.949473915433717
Gemma,teenager,Gemma_F4,0.6338153787006691,0.105003834047395,0.3792369193294913,unresolved_or_model_specific,,
Gemma,teenager,Gemma_F5,2.159678240075583,0.105003834047395,0.2999247623141737,unresolved_or_model_specific,,
Gemma,teenager,Gemma_F6,-1.4587578855507235,0.105003834047395,0.2210810452136759,shared_all_2,1.0,-1.4587578855507235
Gemma,theorist,Gemma_F1,0.2576714452900069,0.0363187272525204,0.187707225486642,unresolved_or_model_specific,,
Gemma,theorist,Gemma_F2,-1.4627938689824929,0.0363187272525204,0.1456634150547098,unresolved_or_model_specific,,
Gemma,theorist,Gemma_F3,0.2867234227595213,0.0363187272525204,0.1462131399008025,shared_gemma_llama_1,1.0,0.2867234227595213
Gemma,theorist,Gemma_F4,-0.852018859750768,0.0363187272525204,0.1431877494961659,unresolved_or_model_specific,,
Gemma,theorist,Gemma_F5,-1.295720932907329,0.0363187272525204,0.1964695536384577,unresolved_or_model_specific,,
Gemma,theorist,Gemma_F6,-0.4386422393903668,0.0363187272525204,0.0776880080788467,shared_all_2,1.0,-0.4386422393903668
Gemma,therapist,Gemma_F1,1.396025883762939,0.0596637027586545,0.134408998958467,unresolved_or_model_specific,,
Gemma,therapist,Gemma_F2,0.1351255229294651,0.0596637027586545,0.1754294694625993,unresolved_or_model_specific,,
Gemma,therapist,Gemma_F3,1.6961188739723962,0.0596637027586545,0.1124389229210902,shared_gemma_llama_1,1.0,1.6961188739723962
Gemma,therapist,Gemma_F4,0.0045076964108709,0.0596637027586545,0.3298426795052993,unresolved_or_model_specific,,
Gemma,therapist,Gemma_F5,1.716354894552682,0.0596637027586545,0.2894002016401051,unresolved_or_model_specific,,
Gemma,therapist,Gemma_F6,-0.6673788274491833,0.0596637027586545,0.0889239783912624,shared_all_2,1.0,-0.6673788274491833
Gemma,toddler,Gemma_F1,-3.1652889713138705,0.2489310808464661,0.7175403490512188,unresolved_or_model_specific,,
Gemma,toddler,Gemma_F2,3.816149142316608,0.2489310808464661,1.123061917719271,unresolved_or_model_specific,,
Gemma,toddler,Gemma_F3,0.8203662568160011,0.2489310808464661,1.0038598868898716,shared_gemma_llama_1,1.0,0.8203662568160011
Gemma,toddler,Gemma_F4,4.3301959177342875,0.2489310808464661,0.9113721306436072,unresolved_or_model_specific,,
Gemma,toddler,Gemma_F5,-0.0708469713442462,0.2489310808464661,0.734267247462193,unresolved_or_model_specific,,
Gemma,toddler,Gemma_F6,-0.6483831862000028,0.2489310808464661,0.1808312932987036,shared_all_2,1.0,-0.6483831862000028
Gemma,traditionalist,Gemma_F1,0.8043197608987398,0.2597620902576217,0.3415081730725066,unresolved_or_model_specific,,
Gemma,traditionalist,Gemma_F2,-0.0523998039986809,0.2597620902576217,0.4931958628692823,unresolved_or_model_specific,,
Gemma,traditionalist,Gemma_F3,0.8077631887636884,0.2597620902576217,0.3882810640506101,shared_gemma_llama_1,1.0,0.8077631887636884
Gemma,traditionalist,Gemma_F4,0.9055383498974168,0.2597620902576217,0.3168634166773869,unresolved_or_model_specific,,
Gemma,traditionalist,Gemma_F5,-1.418052024726318,0.2597620902576217,0.208576474456661,unresolved_or_model_specific,,
Gemma,traditionalist,Gemma_F6,1.1870221525587827,0.2597620902576217,0.1487620601987098,shared_all_2,1.0,1.1870221525587827
Gemma,trainer,Gemma_F1,0.3168764567134519,0.0358775586623706,0.099146522567833,unresolved_or_model_specific,,
Gemma,trainer,Gemma_F2,0.0901991605669918,0.0358775586623706,0.2178473560093245,unresolved_or_model_specific,,
Gemma,trainer,Gemma_F3,0.7084185270332137,0.0358775586623706,0.0994217141595061,shared_gemma_llama_1,1.0,0.7084185270332137
Gemma,trainer,Gemma_F4,-0.1585144666920245,0.0358775586623706,0.2233410517241378,unresolved_or_model_specific,,
Gemma,trainer,Gemma_F5,-0.7312440014990169,0.0358775586623706,0.126122093232316,unresolved_or_model_specific,,
Gemma,trainer,Gemma_F6,-1.2909708169747844,0.0358775586623706,0.0352535001448346,shared_all_2,1.0,-1.2909708169747844
Gemma,translator,Gemma_F1,0.7525932653278762,0.0370279794243852,0.0877413826612592,unresolved_or_model_specific,,
Gemma,translator,Gemma_F2,-1.009726289325669,0.0370279794243852,0.1924262522085462,unresolved_or_model_specific,,
Gemma,translator,Gemma_F3,1.0563545250840027,0.0370279794243852,0.0888101838533861,shared_gemma_llama_1,1.0,1.0563545250840027
Gemma,translator,Gemma_F4,0.0030864982334379,0.0370279794243852,0.2131508016023281,unresolved_or_model_specific,,
Gemma,translator,Gemma_F5,0.2591518141989177,0.0370279794243852,0.3146341242219706,unresolved_or_model_specific,,
Gemma,translator,Gemma_F6,-1.0345166223794726,0.0370279794243852,0.0546315551024855,shared_all_2,1.0,-1.0345166223794726
Gemma,tree,Gemma_F1,-0.5254461934803565,0.0611851421137839,0.1254114189089961,unresolved_or_model_specific,,
Gemma,tree,Gemma_F2,0.1695506224988188,0.0611851421137839,0.1419860933207872,unresolved_or_model_specific,,
Gemma,tree,Gemma_F3,0.1106740039960019,0.0611851421137839,0.1194812695832152,shared_gemma_llama_1,1.0,0.1106740039960019
Gemma,tree,Gemma_F4,0.3180751473865482,0.0611851421137839,0.2051714758934961,unresolved_or_model_specific,,
Gemma,tree,Gemma_F5,-0.6966743997229545,0.0611851421137839,0.1477814869019948,unresolved_or_model_specific,,
Gemma,tree,Gemma_F6,1.8421833491574895,0.0611851421137839,0.0465496268338107,shared_all_2,1.0,1.8421833491574895
Gemma,trickster,Gemma_F1,-2.62480193384028,0.0309668189003093,0.1116013431943138,unresolved_or_model_specific,,
Gemma,trickster,Gemma_F2,-0.0071449852225062,0.0309668189003093,0.1233522137467514,unresolved_or_model_specific,,
Gemma,trickster,Gemma_F3,-0.9693521412011408,0.0309668189003093,0.0748920167166445,shared_gemma_llama_1,1.0,-0.9693521412011408
Gemma,trickster,Gemma_F4,0.1000283336113118,0.0309668189003093,0.3055166553117928,unresolved_or_model_specific,,
Gemma,trickster,Gemma_F5,0.4687946871958326,0.0309668189003093,0.1932660136583474,unresolved_or_model_specific,,
Gemma,trickster,Gemma_F6,0.650469971477292,0.0309668189003093,0.1456715294603748,shared_all_2,1.0,0.650469971477292
Gemma,tulpa,Gemma_F1,0.3756296940999224,0.0402313041478704,0.0450652087813992,unresolved_or_model_specific,,
Gemma,tulpa,Gemma_F2,0.1508650556592621,0.0402313041478704,0.0548224870349843,unresolved_or_model_specific,,
Gemma,tulpa,Gemma_F3,0.5915510446347229,0.0402313041478704,0.026048289875999,shared_gemma_llama_1,1.0,0.5915510446347229
Gemma,tulpa,Gemma_F4,0.2658601269285341,0.0402313041478704,0.1156178465016184,unresolved_or_model_specific,,
Gemma,tulpa,Gemma_F5,0.6925623672778569,0.0402313041478704,0.0997527338733219,unresolved_or_model_specific,,
Gemma,tulpa,Gemma_F6,-0.0441976824983234,0.0402313041478704,0.0338394640306481,shared_all_2,1.0,-0.0441976824983234
Gemma,tutor,Gemma_F1,0.1676092981897481,0.0320156186026839,0.1357755863233714,unresolved_or_model_specific,,
Gemma,tutor,Gemma_F2,0.4334558817772339,0.0320156186026839,0.1465058680260141,unresolved_or_model_specific,,
Gemma,tutor,Gemma_F3,1.15047251472652,0.0320156186026839,0.0525591851745056,shared_gemma_llama_1,1.0,1.15047251472652
Gemma,tutor,Gemma_F4,0.0017692626164953,0.0320156186026839,0.2402595869399522,unresolved_or_model_specific,,
Gemma,tutor,Gemma_F5,0.7966899525767578,0.0320156186026839,0.1699903085867955,unresolved_or_model_specific,,
Gemma,tutor,Gemma_F6,-1.1869227129152344,0.0320156186026839,0.0364501822510815,shared_all_2,1.0,-1.1869227129152344
Gemma,validator,Gemma_F1,1.1497430765331138,0.0264430326853114,0.1900148375166866,unresolved_or_model_specific,,
Gemma,validator,Gemma_F2,-1.251247010598754,0.0264430326853114,0.3060360283503319,unresolved_or_model_specific,,
Gemma,validator,Gemma_F3,0.6761812156714535,0.0264430326853114,0.0673807475689752,shared_gemma_llama_1,1.0,0.6761812156714535
Gemma,validator,Gemma_F4,0.4091820208126341,0.0264430326853114,0.1931645866818309,unresolved_or_model_specific,,
Gemma,validator,Gemma_F5,-0.7536880934145046,0.0264430326853114,0.3064599223857177,unresolved_or_model_specific,,
Gemma,validator,Gemma_F6,-1.3427267339712974,0.0264430326853114,0.1131490162983855,shared_all_2,1.0,-1.3427267339712974
Gemma,vampire,Gemma_F1,-0.4655656034476945,0.0639928148165542,0.1866632106207464,unresolved_or_model_specific,,
Gemma,vampire,Gemma_F2,-0.9643232578843411,0.0639928148165542,0.1409906173432264,unresolved_or_model_specific,,
Gemma,vampire,Gemma_F3,-1.545590677159556,0.0639928148165542,0.1107295558750422,shared_gemma_llama_1,1.0,-1.545590677159556
Gemma,vampire,Gemma_F4,0.8981316303646582,0.0639928148165542,0.4170258496463906,unresolved_or_model_specific,,
Gemma,vampire,Gemma_F5,-0.5230311747453272,0.0639928148165542,0.2800065770365567,unresolved_or_model_specific,,
Gemma,vampire,Gemma_F6,1.396979710724756,0.0639928148165542,0.0759486303491053,shared_all_2,1.0,1.396979710724756
Gemma,vegan,Gemma_F1,0.6577882260733313,0.1272584746483832,0.1898632842890187,unresolved_or_model_specific,,
Gemma,vegan,Gemma_F2,0.6843820537629132,0.1272584746483832,0.1717669637857932,unresolved_or_model_specific,,
Gemma,vegan,Gemma_F3,0.9263723582485656,0.1272584746483832,0.1273889236748664,shared_gemma_llama_1,1.0,0.9263723582485656
Gemma,vegan,Gemma_F4,-1.0959870062739223,0.1272584746483832,0.2801693511324324,unresolved_or_model_specific,,
Gemma,vegan,Gemma_F5,0.3311994508893753,0.1272584746483832,0.2919568445351568,unresolved_or_model_specific,,
Gemma,vegan,Gemma_F6,-0.4942209077004494,0.1272584746483832,0.0758730078149248,shared_all_2,1.0,-0.4942209077004494
Gemma,veteran,Gemma_F1,0.3466422021596997,0.0505006025848272,0.1540673003582658,unresolved_or_model_specific,,
Gemma,veteran,Gemma_F2,1.3665830911443388,0.0505006025848272,0.1335229515036842,unresolved_or_model_specific,,
Gemma,veteran,Gemma_F3,-0.7969022048709878,0.0505006025848272,0.1442092509662897,shared_gemma_llama_1,1.0,-0.7969022048709878
Gemma,veteran,Gemma_F4,0.1183307121546963,0.0505006025848272,0.2366121425904304,unresolved_or_model_specific,,
Gemma,veteran,Gemma_F5,0.0307474666105818,0.0505006025848272,0.2651322845744553,unresolved_or_model_specific,,
Gemma,veteran,Gemma_F6,-0.5173416976494039,0.0505006025848272,0.069297106939203,shared_all_2,1.0,-0.5173416976494039
Gemma,veterinarian,Gemma_F1,0.9674848562342948,0.0351369357846774,0.1634440707728972,unresolved_or_model_specific,,
Gemma,veterinarian,Gemma_F2,0.185606880737373,0.0351369357846774,0.1543374811513248,unresolved_or_model_specific,,
Gemma,veterinarian,Gemma_F3,1.0157954995396006,0.0351369357846774,0.0654498919042856,shared_gemma_llama_1,1.0,1.0157954995396006
Gemma,veterinarian,Gemma_F4,0.29306949033877,0.0351369357846774,0.157599636065432,unresolved_or_model_specific,,
Gemma,veterinarian,Gemma_F5,0.5539372563193037,0.0351369357846774,0.1568682987534854,unresolved_or_model_specific,,
Gemma,veterinarian,Gemma_F6,-0.7361107161557737,0.0351369357846774,0.0621347699979695,shared_all_2,1.0,-0.7361107161557737
Gemma,vigilante,Gemma_F1,0.1040562860724182,0.0371049338922325,0.176474527640868,unresolved_or_model_specific,,
Gemma,vigilante,Gemma_F2,0.5837887461067673,0.0371049338922325,0.2893349096005519,unresolved_or_model_specific,,
Gemma,vigilante,Gemma_F3,-1.7579198463926229,0.0371049338922325,0.0796383811338225,shared_gemma_llama_1,1.0,-1.7579198463926229
Gemma,vigilante,Gemma_F4,0.1993592221585508,0.0371049338922325,0.3304956531955499,unresolved_or_model_specific,,
Gemma,vigilante,Gemma_F5,0.4254485227595448,0.0371049338922325,0.2690735412948925,unresolved_or_model_specific,,
Gemma,vigilante,Gemma_F6,-0.0347389699381066,0.0371049338922325,0.061874400514429,shared_all_2,1.0,-0.0347389699381066
Gemma,virtuoso,Gemma_F1,-0.5342562812835476,0.0373472245825175,0.2466272235867592,unresolved_or_model_specific,,
Gemma,virtuoso,Gemma_F2,-0.7744811178325407,0.0373472245825175,0.1934008663979979,unresolved_or_model_specific,,
Gemma,virtuoso,Gemma_F3,-0.1728805831746397,0.0373472245825175,0.1675881224023011,shared_gemma_llama_1,1.0,-0.1728805831746397
Gemma,virtuoso,Gemma_F4,-0.9018100758836648,0.0373472245825175,0.1118067957655633,unresolved_or_model_specific,,
Gemma,virtuoso,Gemma_F5,-0.3592037727054991,0.0373472245825175,0.1400785055693146,unresolved_or_model_specific,,
Gemma,virtuoso,Gemma_F6,1.2914066440888057,0.0373472245825175,0.0423651745702488,shared_all_2,1.0,1.2914066440888057
Gemma,virus,Gemma_F1,0.7488125235683206,0.0715965081313163,0.3710218894495938,unresolved_or_model_specific,,
Gemma,virus,Gemma_F2,-0.8986792845917807,0.0715965081313163,0.1563877389544645,unresolved_or_model_specific,,
Gemma,virus,Gemma_F3,-1.0794196022912714,0.0715965081313163,0.0862937108201556,shared_gemma_llama_1,1.0,-1.0794196022912714
Gemma,virus,Gemma_F4,1.6588896540657947,0.0715965081313163,0.4929451274345169,unresolved_or_model_specific,,
Gemma,virus,Gemma_F5,-0.0716681425693732,0.0715965081313163,0.385750111472715,unresolved_or_model_specific,,
Gemma,virus,Gemma_F6,-0.088733241908134,0.0715965081313163,0.1069095692279529,shared_all_2,1.0,-0.088733241908134
Gemma,visionary,Gemma_F1,-0.3296647050663496,0.1271559224470413,0.4928192123526466,unresolved_or_model_specific,,
Gemma,visionary,Gemma_F2,0.0321947329155168,0.1271559224470413,0.4352743809018997,unresolved_or_model_specific,,
Gemma,visionary,Gemma_F3,-0.4659729883370423,0.1271559224470413,0.3323826280963422,shared_gemma_llama_1,1.0,-0.4659729883370423
Gemma,visionary,Gemma_F4,-2.189848179573634,0.1271559224470413,0.2170789830202354,unresolved_or_model_specific,,
Gemma,visionary,Gemma_F5,-0.6834981883289475,0.1271559224470413,0.4371899599630502,unresolved_or_model_specific,,
Gemma,visionary,Gemma_F6,0.5345164704330979,0.1271559224470413,0.1045812010505308,shared_all_2,1.0,0.5345164704330979
Gemma,void,Gemma_F1,-0.4239541850868051,0.0796582958476178,0.2525481705662199,unresolved_or_model_specific,,
Gemma,void,Gemma_F2,-1.6377770973444243,0.0796582958476178,0.1481153458617962,unresolved_or_model_specific,,
Gemma,void,Gemma_F3,-1.185361103087016,0.0796582958476178,0.1064137089799504,shared_gemma_llama_1,1.0,-1.185361103087016
Gemma,void,Gemma_F4,1.9043005471849184,0.0796582958476178,0.5885602315296687,unresolved_or_model_specific,,
Gemma,void,Gemma_F5,0.047172919791804,0.0796582958476178,0.4788540542974872,unresolved_or_model_specific,,
Gemma,void,Gemma_F6,1.809768141480808,0.0796582958476178,0.125535158416941,shared_all_2,1.0,1.809768141480808
Gemma,wanderer,Gemma_F1,-0.3567916982539381,0.0265854044877686,0.2676146585025658,unresolved_or_model_specific,,
Gemma,wanderer,Gemma_F2,0.0399736324696984,0.0265854044877686,0.4057607347333515,unresolved_or_model_specific,,
Gemma,wanderer,Gemma_F3,-0.3254554837265386,0.0265854044877686,0.2502712617267441,shared_gemma_llama_1,1.0,-0.3254554837265386
Gemma,wanderer,Gemma_F4,-0.6867655012233027,0.0265854044877686,0.1958959279242363,unresolved_or_model_specific,,
Gemma,wanderer,Gemma_F5,1.047007777167312,0.0265854044877686,0.1710455761609965,unresolved_or_model_specific,,
Gemma,wanderer,Gemma_F6,1.5390768679980171,0.0265854044877686,0.0769239871640322,shared_all_2,1.0,1.5390768679980171
Gemma,warrior,Gemma_F1,0.4156603853133174,0.063157336271781,0.0959938055409819,unresolved_or_model_specific,,
Gemma,warrior,Gemma_F2,0.6673588949700245,0.063157336271781,0.1661526539279467,unresolved_or_model_specific,,
Gemma,warrior,Gemma_F3,-0.9677653897266032,0.063157336271781,0.1149119297416081,shared_gemma_llama_1,1.0,-0.9677653897266032
Gemma,warrior,Gemma_F4,-0.0166491547445584,0.063157336271781,0.2798229302165465,unresolved_or_model_specific,,
Gemma,warrior,Gemma_F5,-1.1104446430741648,0.063157336271781,0.3271005940105098,unresolved_or_model_specific,,
Gemma,warrior,Gemma_F6,1.0659369136351002,0.063157336271781,0.0667472189115709,shared_all_2,1.0,1.0659369136351002
Gemma,whale,Gemma_F1,-0.3644097196739713,0.0494666876939725,0.1133007931809366,unresolved_or_model_specific,,
Gemma,whale,Gemma_F2,0.034617768962612,0.0494666876939725,0.125282516108504,unresolved_or_model_specific,,
Gemma,whale,Gemma_F3,0.1309655187429587,0.0494666876939725,0.0975265895610497,shared_gemma_llama_1,1.0,0.1309655187429587
Gemma,whale,Gemma_F4,0.6221417851750874,0.0494666876939725,0.1266892795865339,unresolved_or_model_specific,,
Gemma,whale,Gemma_F5,-0.2844263798624139,0.0494666876939725,0.1233399056077916,unresolved_or_model_specific,,
Gemma,whale,Gemma_F6,1.712024313821811,0.0494666876939725,0.0491882669542509,shared_all_2,1.0,1.712024313821811
Gemma,widow,Gemma_F1,-0.4927728888426613,0.0582435604145288,0.1463735305588032,unresolved_or_model_specific,,
Gemma,widow,Gemma_F2,1.2245942136886,0.0582435604145288,0.257231624264652,unresolved_or_model_specific,,
Gemma,widow,Gemma_F3,0.1291334821536392,0.0582435604145288,0.0899244033336288,shared_gemma_llama_1,1.0,0.1291334821536392
Gemma,widow,Gemma_F4,-0.4458476676049428,0.0582435604145288,0.2287479164730033,unresolved_or_model_specific,,
Gemma,widow,Gemma_F5,1.4535595535791457,0.0582435604145288,0.2078566705990805,unresolved_or_model_specific,,
Gemma,widow,Gemma_F6,0.5334227288397767,0.0582435604145288,0.108217969261236,shared_all_2,1.0,0.5334227288397767
Gemma,wind,Gemma_F1,-0.4486782221144732,0.0480911144433112,0.1558628670803241,unresolved_or_model_specific,,
Gemma,wind,Gemma_F2,0.310361229802521,0.0480911144433112,0.1108506381914327,unresolved_or_model_specific,,
Gemma,wind,Gemma_F3,-0.1076604197491609,0.0480911144433112,0.0589903614736419,shared_gemma_llama_1,1.0,-0.1076604197491609
Gemma,wind,Gemma_F4,0.2313138044613014,0.0480911144433112,0.1208347971333714,unresolved_or_model_specific,,
Gemma,wind,Gemma_F5,-0.2124715890507989,0.0480911144433112,0.1536183814082461,unresolved_or_model_specific,,
Gemma,wind,Gemma_F6,1.8085154264858812,0.0480911144433112,0.0411194595937904,shared_all_2,1.0,1.8085154264858812
Gemma,witch,Gemma_F1,-0.5465433671408932,0.0246108308286608,0.2050553944814042,unresolved_or_model_specific,,
Gemma,witch,Gemma_F2,-0.244627684327019,0.0246108308286608,0.1172962861739235,unresolved_or_model_specific,,
Gemma,witch,Gemma_F3,0.0540908369852894,0.0246108308286608,0.0612361985565368,shared_gemma_llama_1,1.0,0.0540908369852894
Gemma,witch,Gemma_F4,-0.364717003566573,0.0246108308286608,0.1331576008274497,unresolved_or_model_specific,,
Gemma,witch,Gemma_F5,-0.3653111709094753,0.0246108308286608,0.1309978201243183,unresolved_or_model_specific,,
Gemma,witch,Gemma_F6,1.8517834211853423,0.0246108308286608,0.0348163404159316,shared_all_2,1.0,1.8517834211853423
Gemma,witness,Gemma_F1,0.2553806053694125,0.0130983325958306,0.069649522229829,unresolved_or_model_specific,,
Gemma,witness,Gemma_F2,0.3879350872422831,0.0130983325958306,0.0690378230507988,unresolved_or_model_specific,,
Gemma,witness,Gemma_F3,0.0730324404532739,0.0130983325958306,0.0774403855391377,shared_gemma_llama_1,1.0,0.0730324404532739
Gemma,witness,Gemma_F4,-0.0949891176312676,0.0130983325958306,0.1223301572158178,unresolved_or_model_specific,,
Gemma,witness,Gemma_F5,-0.2845285487690508,0.0130983325958306,0.1158303503615072,unresolved_or_model_specific,,
Gemma,witness,Gemma_F6,0.1194439906191853,0.0130983325958306,0.0302917382353976,shared_all_2,1.0,0.1194439906191853
Gemma,workaholic,Gemma_F1,0.1359844345345723,0.0857565893228015,0.566561371475927,unresolved_or_model_specific,,
Gemma,workaholic,Gemma_F2,0.2778526825741222,0.0857565893228015,0.3921501546336811,unresolved_or_model_specific,,
Gemma,workaholic,Gemma_F3,-2.8351735551005475,0.0857565893228015,0.3998186845673606,shared_gemma_llama_1,1.0,-2.8351735551005475
Gemma,workaholic,Gemma_F4,2.4022684557048244,0.0857565893228015,0.5752630455627646,unresolved_or_model_specific,,
Gemma,workaholic,Gemma_F5,-1.4972019267743768,0.0857565893228015,0.5582842658618493,unresolved_or_model_specific,,
Gemma,workaholic,Gemma_F6,-0.5434222583815441,0.0857565893228015,0.1581357431574521,shared_all_2,1.0,-0.5434222583815441
Gemma,wraith,Gemma_F1,-0.1348256280598241,0.0263279423641367,0.1192737620210919,unresolved_or_model_specific,,
Gemma,wraith,Gemma_F2,-0.606818819972614,0.0263279423641367,0.1291749375022676,unresolved_or_model_specific,,
Gemma,wraith,Gemma_F3,-0.9578974731973446,0.0263279423641367,0.049214322506709,shared_gemma_llama_1,1.0,-0.9578974731973446
Gemma,wraith,Gemma_F4,0.7765662474552861,0.0263279423641367,0.3081248084451062,unresolved_or_model_specific,,
Gemma,wraith,Gemma_F5,-0.1480051485141097,0.0263279423641367,0.2028462058691731,unresolved_or_model_specific,,
Gemma,wraith,Gemma_F6,1.8811690830195391,0.0263279423641367,0.0601796064054195,shared_all_2,1.0,1.8811690830195391
Gemma,writer,Gemma_F1,-0.3648731136489223,0.011481288378719,0.2117006986351316,unresolved_or_model_specific,,
Gemma,writer,Gemma_F2,-0.0547520873473851,0.011481288378719,0.1029260787837788,unresolved_or_model_specific,,
Gemma,writer,Gemma_F3,0.1874960932073478,0.011481288378719,0.0914553719342553,shared_gemma_llama_1,1.0,0.1874960932073478
Gemma,writer,Gemma_F4,-1.0538723008369637,0.011481288378719,0.1757507766516499,unresolved_or_model_specific,,
Gemma,writer,Gemma_F5,-0.400942961864009,0.011481288378719,0.1861325658429991,unresolved_or_model_specific,,
Gemma,writer,Gemma_F6,-0.0044159062766626,0.011481288378719,0.0455962380419902,shared_all_2,1.0,-0.0044159062766626
Gemma,zealot,Gemma_F1,0.2350021658079128,0.2510684181351115,0.3674029008130341,unresolved_or_model_specific,,
Gemma,zealot,Gemma_F2,0.9609762181455408,0.2510684181351115,0.5995641171532309,unresolved_or_model_specific,,
Gemma,zealot,Gemma_F3,-2.5109983832446368,0.2510684181351115,0.5795506251245884,shared_gemma_llama_1,1.0,-2.5109983832446368
Gemma,zealot,Gemma_F4,1.7209217807717998,0.2510684181351115,0.739893120478325,unresolved_or_model_specific,,
Gemma,zealot,Gemma_F5,-3.2294190448827456,0.2510684181351115,0.6781848312171508,unresolved_or_model_specific,,
Gemma,zealot,Gemma_F6,1.775885496209753,0.2510684181351115,0.1865769661805032,shared_all_2,1.0,1.775885496209753
Gemma,zeitgeist,Gemma_F1,-0.1785275678050351,0.0581684296857499,0.3479968961070499,unresolved_or_model_specific,,
Gemma,zeitgeist,Gemma_F2,-0.2074146388270199,0.0581684296857499,0.5110595932540645,unresolved_or_model_specific,,
Gemma,zeitgeist,Gemma_F3,-0.8490049482439294,0.0581684296857499,0.364189007431119,shared_gemma_llama_1,1.0,-0.8490049482439294
Gemma,zeitgeist,Gemma_F4,-1.417921165517615,0.0581684296857499,0.226355476315431,unresolved_or_model_specific,,
Gemma,zeitgeist,Gemma_F5,0.5794454294116396,0.0581684296857499,0.259925636873655,unresolved_or_model_specific,,
Gemma,zeitgeist,Gemma_F6,0.6592339176198905,0.0581684296857499,0.091563505770544,shared_all_2,1.0,0.6592339176198905
