persona,model,model_label,qwen_reference_cluster,kmeans_top3_cluster,kmeans_top5_cluster,agglomerative_top3_cluster,pc1,pc2,pc3,pc1_percentile,pc2_percentile,pc3_percentile
aberration,qwen,Qwen/Qwen3-32B,mythic_spiritual,3,3,2,-47.93762578340074,-16.326007104876837,31.10838013632905,6.0,20.181818181818183,97.27272727272727
absurdist,qwen,Qwen/Qwen3-32B,trickster_chaos,1,4,5,-34.38396676714598,14.551099089401372,33.406229058618166,18.0,78.0,98.36363636363636
accountant,qwen,Qwen/Qwen3-32B,editorial,0,0,3,42.247903024869096,-4.026883122006334,7.345583377065653,94.72727272727273,47.09090909090909,69.27272727272727
activist,qwen,Qwen/Qwen3-32B,procedural_professional,6,1,6,13.519598034249274,4.204792713956154,-8.246735383817718,61.63636363636363,64.9090909090909,30.0
actor,qwen,Qwen/Qwen3-32B,grounded_social,5,1,0,-23.890048451285725,21.45684319609401,0.2831027654882128,26.0,85.63636363636364,50.0
addict,qwen,Qwen/Qwen3-32B,grounded_social,5,1,4,-19.963020546384293,38.66393954669683,-16.282296677662995,30.0,94.72727272727273,14.0
adolescent,qwen,Qwen/Qwen3-32B,other,5,4,0,-15.45010533709374,78.08059632441373,-7.233790546475039,34.0,99.45454545454545,31.818181818181817
advocate,qwen,Qwen/Qwen3-32B,procedural_professional,6,1,6,13.533940143887348,2.7011663953204628,-11.350794264131684,62.0,62.72727272727273,22.0
alien,qwen,Qwen/Qwen3-32B,mythic_spiritual,3,3,2,-20.463192597598027,-22.757723957933916,12.343088546094897,29.636363636363637,13.272727272727273,80.9090909090909
altruist,qwen,Qwen/Qwen3-32B,procedural_professional,6,1,4,11.355226573618308,-3.914055475926682,-24.74471679393749,59.09090909090909,47.45454545454545,7.090909090909091
amateur,qwen,Qwen/Qwen3-32B,grounded_social,2,1,4,-0.2586328160476701,40.0704558828152,-24.428542192829035,47.45454545454545,96.18181818181819,7.454545454545454
ambassador,qwen,Qwen/Qwen3-32B,procedural_professional,6,0,6,29.68736363825849,-8.41588762125236,-8.973791436197523,76.18181818181819,35.45454545454545,28.90909090909091
amnesiac,qwen,Qwen/Qwen3-32B,grounded_social,5,1,0,-42.40906728802925,13.632674403539143,-10.732725985263048,9.636363636363637,76.18181818181819,23.09090909090909
analyst,qwen,Qwen/Qwen3-32B,procedural_professional,0,0,3,42.52076402901914,-6.58817352926104,7.254708889888544,95.0909090909091,41.63636363636363,68.18181818181819
anarchist,qwen,Qwen/Qwen3-32B,procedural_professional,0,3,2,7.030221450494715,-4.2721047293472125,9.46434642475454,55.09090909090909,46.36363636363637,74.36363636363636
ancient,qwen,Qwen/Qwen3-32B,mythic_spiritual,3,2,1,-38.009471560813296,-32.792585039876926,3.308962251660401,14.0,3.4545454545454546,59.81818181818182
angel,qwen,Qwen/Qwen3-32B,mythic_spiritual,4,2,1,-40.46316823099613,-28.855131378189007,-30.585188034988395,12.909090909090908,7.818181818181818,3.090909090909091
anthropologist,qwen,Qwen/Qwen3-32B,procedural_professional,0,0,3,31.896983355428475,-20.196809995998954,0.958957708106152,79.81818181818181,15.090909090909092,52.54545454545455
archaeologist,qwen,Qwen/Qwen3-32B,procedural_professional,0,0,2,15.67727893071694,-19.48160605101912,1.9018414727192567,63.81818181818182,16.545454545454547,56.18181818181818
architect,qwen,Qwen/Qwen3-32B,procedural_professional,0,0,3,30.97130329752844,-9.428450367763908,-2.18207394378326,78.36363636363636,34.0,45.63636363636363
archivist,qwen,Qwen/Qwen3-32B,procedural_professional,0,0,3,26.8646063860428,-17.740686681530775,-1.4838594077146599,72.9090909090909,18.363636363636363,46.72727272727273
artisan,qwen,Qwen/Qwen3-32B,grounded_social,4,1,6,-13.80224354546352,-12.1746258284918,-14.988344807819512,35.09090909090909,27.818181818181817,15.818181818181818
ascetic,qwen,Qwen/Qwen3-32B,mythic_spiritual,4,2,1,-40.439575841873804,-40.35086932375388,-4.578672191424315,13.272727272727273,0.5454545454545454,38.0
assistant,qwen,Qwen/Qwen3-32B,procedural_professional,6,0,3,33.702802703307285,3.4417180159693257,-5.155534094272262,83.45454545454545,63.81818181818182,36.18181818181818
auctioneer,qwen,Qwen/Qwen3-32B,grounded_social,1,5,0,-9.95945401779541,16.72485490803798,12.636633862983679,38.72727272727273,80.54545454545455,81.63636363636364
auditor,qwen,Qwen/Qwen3-32B,procedural_professional,0,0,3,48.155016282063954,-12.294598875007566,13.609157249160592,99.81818181818181,27.454545454545453,83.0909090909091
avatar,qwen,Qwen/Qwen3-32B,mythic_spiritual,4,2,1,-38.01488885516367,-35.416923328790055,-12.98249677852985,13.636363636363637,1.6363636363636365,18.727272727272727
bard,qwen,Qwen/Qwen3-32B,mythic_spiritual,4,2,1,-54.34791312892803,-24.25955982319055,-2.864858953133651,2.0,11.818181818181818,42.72727272727273
bartender,qwen,Qwen/Qwen3-32B,grounded_social,5,1,0,-16.59911513699866,36.32504789496574,-2.7782731805029304,32.18181818181818,93.63636363636364,43.45454545454545
biologist,qwen,Qwen/Qwen3-32B,procedural_professional,0,0,3,32.23865112417156,-16.158082908950185,4.347481104188773,80.9090909090909,20.90909090909091,63.81818181818182
blogger,qwen,Qwen/Qwen3-32B,grounded_social,2,1,4,-0.32169028538461797,20.848443684805705,-14.3913451026762,47.09090909090909,84.9090909090909,17.636363636363637
bohemian,qwen,Qwen/Qwen3-32B,grounded_social,4,3,0,-42.551435791686856,2.6971743287550676,-6.445254122135833,9.272727272727273,62.36363636363637,33.63636363636363
builder,qwen,Qwen/Qwen3-32B,procedural_professional,6,0,6,14.492160790572493,-0.1423124990226293,-2.4334241164624792,62.72727272727273,56.54545454545455,44.18181818181818
caregiver,qwen,Qwen/Qwen3-32B,grounded_social,2,1,4,1.3446118294445397,14.616833976346669,-43.37051712113408,50.0,78.36363636363636,0.18181818181818182
cartographer,qwen,Qwen/Qwen3-32B,procedural_professional,0,0,2,22.160098503601198,-15.313847139336392,2.3800074486671052,67.0909090909091,22.727272727272727,57.63636363636363
caveman,qwen,Qwen/Qwen3-32B,trickster_chaos,5,2,0,-54.942088966229505,15.489350114826983,0.4026689357458955,1.2727272727272727,78.72727272727273,50.36363636363637
celebrity,qwen,Qwen/Qwen3-32B,grounded_social,5,1,4,-6.950382540189189,33.26173521791948,-10.510408261204082,40.90909090909091,91.0909090909091,23.818181818181817
chameleon,qwen,Qwen/Qwen3-32B,grounded_social,6,1,0,-0.6396592389936702,15.88044389738716,-5.605038716673175,46.72727272727273,79.0909090909091,35.45454545454545
chef,qwen,Qwen/Qwen3-32B,grounded_social,6,1,0,4.4813056568202105,12.232802469489958,-8.70258861017748,52.90909090909091,74.0,29.272727272727273
chemist,qwen,Qwen/Qwen3-32B,procedural_professional,0,0,3,29.418353579492045,-11.171391094715899,8.463366774779129,75.81818181818181,30.727272727272727,71.81818181818181
chimera,qwen,Qwen/Qwen3-32B,mythic_spiritual,3,3,2,-37.31414849389235,-16.363016103473665,9.316700465581102,15.454545454545455,19.818181818181817,74.0
coach,qwen,Qwen/Qwen3-32B,procedural_professional,6,1,6,24.85386036579484,11.699203934673228,-14.83995711167255,69.63636363636364,73.63636363636364,16.181818181818183
collaborator,qwen,Qwen/Qwen3-32B,procedural_professional,6,1,6,25.71988223108337,9.670900509544367,-17.67255794327282,70.72727272727273,72.18181818181819,12.545454545454545
collector,qwen,Qwen/Qwen3-32B,procedural_professional,0,0,2,11.761807600504083,-12.938380333517857,1.1974937560233683,59.81818181818182,26.0,54.0
comedian,qwen,Qwen/Qwen3-32B,trickster_chaos,1,4,5,-24.02931828907636,56.60365202247773,31.28002781451015,25.636363636363637,98.0,97.63636363636364
competitor,qwen,Qwen/Qwen3-32B,combative_iconoclast,1,5,5,-5.725992151036509,27.91731304165891,25.667224675992685,41.63636363636363,89.63636363636364,92.54545454545455
composer,qwen,Qwen/Qwen3-32B,procedural_professional,6,3,2,1.7742423363130577,-17.582766267517304,-4.900927777349625,50.36363636363637,18.727272727272727,37.27272727272727
conservator,qwen,Qwen/Qwen3-32B,procedural_professional,6,0,6,23.523663493022003,-16.820637680026067,-6.184636946324897,68.54545454545455,19.454545454545453,34.0
consultant,qwen,Qwen/Qwen3-32B,procedural_professional,0,0,3,41.02661400378177,-2.691101028202295,3.4713708320379277,94.0,50.36363636363637,60.90909090909091
contrarian,qwen,Qwen/Qwen3-32B,combative_iconoclast,1,3,5,-3.586692005372983,13.934090578410611,26.083445798402323,43.09090909090909,76.9090909090909,93.63636363636364
coordinator,qwen,Qwen/Qwen3-32B,procedural_professional,0,0,3,39.3863140523228,-2.1557257507779592,-3.1947714430612977,92.9090909090909,52.90909090909091,41.63636363636363
coral_reef,qwen,Qwen/Qwen3-32B,mythic_spiritual,4,2,1,-32.63884104445989,-19.931583304366214,-10.838205711880038,19.818181818181817,15.818181818181818,22.727272727272727
cosmopolitan,qwen,Qwen/Qwen3-32B,procedural_professional,6,1,6,8.799584677568003,0.17725554203076474,-7.825350797971399,56.90909090909091,57.27272727272727,30.363636363636363
counselor,qwen,Qwen/Qwen3-32B,procedural_professional,2,1,4,10.852153155518312,12.970002495604607,-36.16733092356944,58.72727272727273,75.0909090909091,0.9090909090909091
criminal,qwen,Qwen/Qwen3-32B,grounded_social,1,5,5,-37.555704105062816,37.43393224350468,26.991718718901144,14.727272727272727,94.36363636363636,94.72727272727273
critic,qwen,Qwen/Qwen3-32B,procedural_professional,0,3,3,25.6233998672242,-14.77124977421343,6.8025328870251505,70.36363636363636,23.454545454545453,67.0909090909091
crystalline,qwen,Qwen/Qwen3-32B,mythic_spiritual,3,3,2,-10.335204484415218,-44.008002699527935,8.55267273597017,38.36363636363637,0.18181818181818182,72.54545454545455
curator,qwen,Qwen/Qwen3-32B,procedural_professional,6,0,6,20.167390400383425,-8.79154175168452,-4.625589635551944,65.27272727272727,34.72727272727273,37.63636363636363
cyborg,qwen,Qwen/Qwen3-32B,procedural_professional,0,0,2,16.715415330032535,-10.173249073747277,10.10106023253858,64.18181818181819,32.54545454545455,76.18181818181819
cynic,qwen,Qwen/Qwen3-32B,combative_iconoclast,1,4,5,-21.40683523639378,40.712028510960494,36.28145286697455,28.90909090909091,96.54545454545455,99.45454545454545
daredevil,qwen,Qwen/Qwen3-32B,combative_iconoclast,1,5,5,-29.846147037727764,43.74737125298279,26.447962971721083,21.636363636363637,96.9090909090909,94.36363636363636
debugger,qwen,Qwen/Qwen3-32B,procedural_professional,0,0,3,37.836655782103854,0.4224887355588542,10.867375418859801,90.72727272727273,58.0,78.36363636363636
demon,qwen,Qwen/Qwen3-32B,mythic_spiritual,3,3,2,-51.93527758403419,-11.475720936645686,29.919199839754352,4.181818181818182,30.363636363636363,96.18181818181819
designer,qwen,Qwen/Qwen3-32B,procedural_professional,6,0,3,26.603795947658433,-2.5267475528485317,-5.176319635523107,72.54545454545455,51.81818181818182,35.81818181818182
destroyer,qwen,Qwen/Qwen3-32B,combative_iconoclast,1,3,2,-3.1182599972060925,-3.2045875032336917,23.321852651175448,44.18181818181818,48.54545454545455,89.63636363636364
detective,qwen,Qwen/Qwen3-32B,procedural_professional,0,0,2,21.40956781837456,-2.26166954798525,11.640713755627806,66.36363636363636,52.54545454545455,79.81818181818181
devils_advocate,qwen,Qwen/Qwen3-32B,combative_iconoclast,1,3,5,6.519322027309962,7.660096503318448,21.460076485682848,54.36363636363637,68.9090909090909,88.18181818181819
dilettante,qwen,Qwen/Qwen3-32B,grounded_social,6,4,0,-3.3502571375133776,18.002389084820727,1.5071437002684787,43.81818181818182,81.27272727272727,54.36363636363637
dispatcher,qwen,Qwen/Qwen3-32B,procedural_professional,0,0,3,37.516518383716885,-3.0092679550701,5.132192821664048,89.63636363636364,49.27272727272727,65.63636363636364
divorcee,qwen,Qwen/Qwen3-32B,grounded_social,2,1,4,-6.764238202946362,31.75633470412006,-25.897504843120085,41.27272727272727,90.72727272727273,6.7272727272727275
doctor,qwen,Qwen/Qwen3-32B,procedural_professional,6,0,6,34.779093762954076,-0.045334151116589325,-11.46602454595282,87.0909090909091,56.90909090909091,21.272727272727273
dreamer,qwen,Qwen/Qwen3-32B,mythic_spiritual,4,2,1,-45.56207730494265,-22.887757310923693,-7.6934699441618895,8.181818181818182,12.909090909090908,31.09090909090909
echo,qwen,Qwen/Qwen3-32B,mythic_spiritual,4,2,1,-49.892212129797464,-33.35410333272891,0.20762037991550908,4.545454545454546,2.727272727272727,49.63636363636363
economist,qwen,Qwen/Qwen3-32B,procedural_professional,0,0,3,42.5913387139219,-10.492469036947918,16.670072583111747,95.45454545454545,31.818181818181817,86.0
ecosystem,qwen,Qwen/Qwen3-32B,procedural_professional,6,1,6,12.478176049507631,-15.406081311320156,-15.348841586337914,60.18181818181818,22.363636363636363,15.090909090909092
editor,qwen,Qwen/Qwen3-32B,editorial,6,0,3,34.61981418631529,-2.11473983362909,-5.095158977559185,86.72727272727273,53.63636363636363,36.54545454545455
egregore,qwen,Qwen/Qwen3-32B,mythic_spiritual,3,3,1,-23.836736509991606,-31.566349528554323,5.029204432935277,26.363636363636363,4.909090909090909,65.27272727272727
elder,qwen,Qwen/Qwen3-32B,mythic_spiritual,4,2,1,-35.705884212156,-4.929585177066843,-20.67380660069175,16.545454545454547,45.63636363636363,8.545454545454545
eldritch,qwen,Qwen/Qwen3-32B,mythic_spiritual,3,3,1,-52.71680186550774,-39.481346362725304,15.742466633263037,3.090909090909091,0.9090909090909091,84.9090909090909
emissary,qwen,Qwen/Qwen3-32B,procedural_professional,6,0,6,22.521750906733192,-11.756823506124032,-11.19928207618667,67.45454545454545,28.545454545454547,22.363636363636363
empath,qwen,Qwen/Qwen3-32B,grounded_social,2,1,4,-15.63073246379601,3.8726537717601195,-36.85070089037334,33.27272727272727,64.18181818181819,0.5454545454545454
engineer,qwen,Qwen/Qwen3-32B,procedural_professional,0,0,3,40.53531130675328,-7.183094127901816,11.617733933568099,93.27272727272727,39.81818181818182,79.45454545454545
entrepreneur,qwen,Qwen/Qwen3-32B,procedural_professional,6,1,0,20.68124983984013,16.282268700349828,6.638280765744367,65.63636363636364,79.81818181818181,66.72727272727273
evaluator,qwen,Qwen/Qwen3-32B,procedural_professional,0,0,3,45.0862291525949,-10.275203492139877,7.30469979303059,99.0909090909091,32.18181818181818,68.54545454545455
evangelist,qwen,Qwen/Qwen3-32B,grounded_social,6,3,0,-19.141577588125063,5.67443705147744,-2.212664705609248,30.363636363636363,67.45454545454545,44.90909090909091
examiner,qwen,Qwen/Qwen3-32B,procedural_professional,0,0,3,45.622482113149296,-13.636909901713638,10.556259496184186,99.45454545454545,25.272727272727273,77.63636363636364
exile,qwen,Qwen/Qwen3-32B,mythic_spiritual,4,2,0,-46.92944222046441,-4.671833112873581,-7.730743697070087,6.7272727272727275,46.0,30.727272727272727
expatriate,qwen,Qwen/Qwen3-32B,procedural_professional,6,1,6,14.628705713343443,14.16857028430845,-10.601171666575794,63.09090909090909,77.27272727272727,23.454545454545453
facilitator,qwen,Qwen/Qwen3-32B,procedural_professional,6,0,6,32.46340128951283,5.011736262444936,-16.05074555642301,81.27272727272727,66.36363636363636,14.363636363636363
familiar,qwen,Qwen/Qwen3-32B,mythic_spiritual,4,2,1,-40.97249406453255,-28.23184984477177,-1.701520806852049,11.818181818181818,10.0,46.36363636363637
fixer,qwen,Qwen/Qwen3-32B,grounded_social,1,5,5,-12.589280833406324,17.011219123328797,25.80174870134127,36.54545454545455,80.9090909090909,93.27272727272727
flaneur,qwen,Qwen/Qwen3-32B,grounded_social,3,3,2,-28.516237208350873,-8.30586306952345,9.198043172849127,22.727272727272727,35.81818181818182,72.9090909090909
fool,qwen,Qwen/Qwen3-32B,trickster_chaos,5,4,0,-37.406736618602245,47.921355890494574,7.515254151053684,15.090909090909092,97.63636363636364,69.63636363636364
forecaster,qwen,Qwen/Qwen3-32B,procedural_professional,0,0,3,38.68581672340298,-8.505608430910035,10.42229932780222,91.81818181818181,35.09090909090909,77.27272727272727
futurist,qwen,Qwen/Qwen3-32B,procedural_professional,0,3,3,32.1773792965914,-10.578135070621817,9.81585988835528,80.54545454545455,31.454545454545453,75.81818181818181
gamer,qwen,Qwen/Qwen3-32B,combative_iconoclast,1,4,5,-1.515564708919442,24.950025711623432,24.217634666424384,46.36363636363637,88.9090909090909,90.72727272727273
generalist,qwen,Qwen/Qwen3-32B,procedural_professional,0,0,3,34.4612119685077,-6.415676401603313,2.9086802005771406,85.63636363636364,42.0,58.36363636363637
genie,qwen,Qwen/Qwen3-32B,trickster_chaos,1,4,5,-37.87553076392754,1.5479287759504148,22.354622185570413,14.363636363636363,59.45454545454545,88.9090909090909
geographer,qwen,Qwen/Qwen3-32B,procedural_professional,0,0,3,36.77790171108932,-17.794274628940762,3.411941622771129,88.9090909090909,18.0,60.54545454545455
ghost,qwen,Qwen/Qwen3-32B,mythic_spiritual,4,2,1,-52.91248633050366,-21.037096388960325,0.5694943429174961,2.727272727272727,14.363636363636363,51.09090909090909
golem,qwen,Qwen/Qwen3-32B,mythic_spiritual,4,2,1,-46.71458191810032,-28.73948342630944,-2.945017855176582,7.454545454545454,8.545454545454545,42.36363636363637
gossip,qwen,Qwen/Qwen3-32B,trickster_chaos,1,4,5,-24.695131036764806,57.220168680402644,28.584501146790547,24.90909090909091,98.36363636363636,95.81818181818181
grader,qwen,Qwen/Qwen3-32B,editorial,0,0,3,42.71176155590026,-6.18478099401968,1.8860828268566132,95.81818181818181,43.09090909090909,55.81818181818182
graduate,qwen,Qwen/Qwen3-32B,grounded_social,2,1,4,9.100150212491283,34.393798930121,-14.396207814109705,57.63636363636363,91.81818181818181,17.272727272727273
grandparent,qwen,Qwen/Qwen3-32B,grounded_social,2,1,4,-30.308927697324762,34.398035850020115,-30.142523619467543,21.272727272727273,92.18181818181819,3.4545454545454546
guardian,qwen,Qwen/Qwen3-32B,procedural_professional,6,1,6,5.5557690892516955,-6.86126461372202,-13.004052249973968,53.63636363636363,40.18181818181818,18.363636363636363
guide,qwen,Qwen/Qwen3-32B,procedural_professional,6,1,6,13.44212980937344,2.162087846743493,-9.336533866443567,61.27272727272727,61.27272727272727,28.181818181818183
guru,qwen,Qwen/Qwen3-32B,mythic_spiritual,4,2,1,-35.014402732257885,-24.845768528513645,-17.626964174367803,17.272727272727273,11.090909090909092,12.909090909090908
hacker,qwen,Qwen/Qwen3-32B,combative_iconoclast,1,5,5,-2.5642360472048904,14.293777192202377,36.363630120785395,45.27272727272727,77.63636363636364,99.81818181818181
healer,qwen,Qwen/Qwen3-32B,procedural_professional,2,1,4,-1.760881932175055,-11.56064796172275,-34.345429732429196,46.0,29.636363636363637,1.6363636363636365
hedonist,qwen,Qwen/Qwen3-32B,grounded_social,1,3,0,-17.840459764138565,12.575092967184926,10.747691121609881,31.818181818181817,74.72727272727273,78.0
hermit,qwen,Qwen/Qwen3-32B,mythic_spiritual,4,2,1,-48.61150771831192,-23.23652655401415,-11.654366816330862,5.636363636363637,12.545454545454545,20.545454545454547
historian,qwen,Qwen/Qwen3-32B,procedural_professional,0,0,3,28.85430633414844,-18.91697563289407,9.284322098547111,74.72727272727273,17.272727272727273,73.63636363636364
hive,qwen,Qwen/Qwen3-32B,procedural_professional,3,3,2,2.429805285996293,-32.68085631997563,4.708352783350351,51.09090909090909,4.181818181818182,64.54545454545455
hoarder,qwen,Qwen/Qwen3-32B,other,5,4,0,-26.14448463246955,39.0783666223185,4.210295413808375,24.181818181818183,95.45454545454545,63.09090909090909
homunculus,qwen,Qwen/Qwen3-32B,mythic_spiritual,3,2,2,-33.95132796658421,-28.697965374277082,15.280272857289672,18.363636363636363,8.909090909090908,84.18181818181819
hybrid,qwen,Qwen/Qwen3-32B,procedural_professional,6,1,6,9.09269487762501,-5.68914898654846,-11.418775840819137,57.27272727272727,44.18181818181818,21.636363636363637
idealist,qwen,Qwen/Qwen3-32B,procedural_professional,4,1,6,-10.695165680028149,-11.656721516696136,-19.81889357077286,37.27272727272727,28.90909090909091,8.909090909090908
immigrant,qwen,Qwen/Qwen3-32B,grounded_social,2,1,4,-4.765908502138947,13.842248520157751,-28.780266331096886,42.36363636363637,76.54545454545455,4.181818181818182
improviser,qwen,Qwen/Qwen3-32B,grounded_social,5,4,0,-15.019540454676767,34.44420794810102,-0.6627609436583406,34.72727272727273,92.54545454545455,47.45454545454545
infant,qwen,Qwen/Qwen3-32B,other,5,6,4,-42.890390693432515,44.70015497351386,-19.4992903912658,8.909090909090908,97.27272727272727,9.272727272727273
influencer,qwen,Qwen/Qwen3-32B,combative_iconoclast,5,1,0,3.2293105487442855,40.00255555396259,-2.2113692538282304,52.18181818181818,95.81818181818181,45.27272727272727
instructor,qwen,Qwen/Qwen3-32B,procedural_professional,6,0,3,34.54889461737343,3.3260614207819823,-4.355735426426266,86.36363636363636,63.45454545454545,38.72727272727273
interpreter,qwen,Qwen/Qwen3-32B,procedural_professional,6,0,3,24.507228724968986,-0.44064493002336286,-5.849484964630898,69.27272727272727,56.18181818181818,34.36363636363637
interviewer,qwen,Qwen/Qwen3-32B,editorial,6,0,6,26.221934652335953,7.460181132023792,-8.457650214259957,71.81818181818181,68.54545454545455,29.636363636363637
jester,qwen,Qwen/Qwen3-32B,trickster_chaos,1,4,5,-41.14659128101687,19.96496130363363,30.958763560914896,11.454545454545455,83.0909090909091,96.9090909090909
journalist,qwen,Qwen/Qwen3-32B,procedural_professional,0,0,3,30.59129112468804,-2.6916250112338487,3.0877369867600013,77.63636363636364,49.63636363636363,59.45454545454545
judge,qwen,Qwen/Qwen3-32B,procedural_professional,0,0,3,34.4658219391701,-15.583627695361953,4.792656393800223,86.0,22.0,64.9090909090909
lawyer,qwen,Qwen/Qwen3-32B,procedural_professional,0,0,3,42.993478387424666,-11.861488118377538,14.465997025370472,97.27272727272727,28.181818181818183,83.81818181818181
leviathan,qwen,Qwen/Qwen3-32B,mythic_spiritual,3,2,1,-60.938872716992215,-33.5033326788255,12.444977118459967,0.18181818181818182,2.3636363636363638,81.27272727272727
librarian,qwen,Qwen/Qwen3-32B,procedural_professional,0,0,3,33.12162944517602,-7.58592059112728,0.48089740051858,82.72727272727273,38.36363636363637,50.72727272727273
linguist,qwen,Qwen/Qwen3-32B,procedural_professional,0,0,3,33.92798919983817,-16.159447588596723,7.526475217637969,84.18181818181819,20.545454545454547,70.0
loner,qwen,Qwen/Qwen3-32B,grounded_social,5,1,0,-17.846602888114646,19.218578170665143,-4.339708689097948,31.454545454545453,81.63636363636364,39.09090909090909
luddite,qwen,Qwen/Qwen3-32B,grounded_social,1,5,0,-29.240254551588244,8.514152133732592,9.680723359621389,22.0,70.0,75.0909090909091
marketer,qwen,Qwen/Qwen3-32B,procedural_professional,0,0,3,34.08101801136189,6.43173306982793,3.5887000954642723,84.9090909090909,67.81818181818181,61.27272727272727
martyr,qwen,Qwen/Qwen3-32B,mythic_spiritual,4,2,1,-31.910292041942878,-21.859531106517775,-10.241449338018073,20.181818181818183,13.636363636363637,24.545454545454547
mathematician,qwen,Qwen/Qwen3-32B,procedural_professional,0,0,3,31.956659579534932,-14.510329277612279,15.9697079931202,80.18181818181819,24.181818181818183,85.27272727272727
maverick,qwen,Qwen/Qwen3-32B,combative_iconoclast,1,3,5,-10.538674169346464,20.109883057181126,25.58592539954763,38.0,83.45454545454545,92.18181818181819
mechanic,qwen,Qwen/Qwen3-32B,procedural_professional,6,5,0,11.601084280370738,22.115207226422747,6.157200181365712,59.45454545454545,86.72727272727273,66.0
mediator,qwen,Qwen/Qwen3-32B,procedural_professional,6,1,6,28.536253277786823,0.2140215498763425,-16.47215484568704,74.36363636363636,57.63636363636363,13.636363636363637
mentor,qwen,Qwen/Qwen3-32B,procedural_professional,6,1,6,26.12616937913774,8.141667382543323,-9.389356772646455,71.45454545454545,69.63636363636364,27.818181818181817
merchant,qwen,Qwen/Qwen3-32B,procedural_professional,6,5,2,-2.027628916854228,-7.980796313045148,2.9309933814977924,45.63636363636363,38.0,59.09090909090909
minimalist,qwen,Qwen/Qwen3-32B,procedural_professional,2,1,4,-3.0632122820337515,9.203426699156507,-21.94975432548237,44.54545454545455,71.45454545454545,8.181818181818182
moderator,qwen,Qwen/Qwen3-32B,procedural_professional,6,0,6,31.45112917082743,4.187086492183261,-14.418640919782723,79.0909090909091,64.54545454545455,16.90909090909091
musician,qwen,Qwen/Qwen3-32B,grounded_social,2,1,6,-13.635182938248938,2.8882305855373955,-16.04658987929907,35.45454545454545,63.09090909090909,14.727272727272727
mycorrhizal,qwen,Qwen/Qwen3-32B,mythic_spiritual,4,2,1,-31.42030527360411,-26.64383029759568,-9.406325724206527,20.545454545454547,10.727272727272727,27.454545454545453
mystic,qwen,Qwen/Qwen3-32B,mythic_spiritual,4,2,1,-42.168720349235855,-36.161216292640816,-18.949281959668205,10.0,1.2727272727272727,10.0
narcissist,qwen,Qwen/Qwen3-32B,grounded_social,1,4,5,-21.994757067404045,34.67210053746975,25.556728149609906,28.545454545454547,92.9090909090909,91.81818181818181
narrator,qwen,Qwen/Qwen3-32B,mythic_spiritual,4,2,0,-33.831536363271056,-8.191430797815503,-2.3789079551126155,19.454545454545453,36.54545454545455,44.54545454545455
naturalist,qwen,Qwen/Qwen3-32B,procedural_professional,6,0,6,8.61510878852769,-15.77951299049146,-9.756774225081328,56.54545454545455,21.636363636363637,25.636363636363637
navigator,qwen,Qwen/Qwen3-32B,procedural_professional,6,0,6,13.917627303010716,-2.636315376035037,-2.796962941870055,62.36363636363637,51.09090909090909,43.09090909090909
negotiator,qwen,Qwen/Qwen3-32B,procedural_professional,6,0,3,31.2233200957737,-1.4123158291414102,-5.683197427288211,78.72727272727273,54.72727272727273,35.09090909090909
networker,qwen,Qwen/Qwen3-32B,procedural_professional,6,1,6,21.96938072654588,11.672345534665345,-15.009154384301947,66.72727272727273,73.27272727272727,15.454545454545455
newlywed,qwen,Qwen/Qwen3-32B,grounded_social,2,1,4,-3.479967724814695,36.00899096720861,-29.969727409634192,43.45454545454545,93.27272727272727,3.8181818181818183
nomad,qwen,Qwen/Qwen3-32B,grounded_social,6,1,6,-15.42630275151617,9.145866876857541,-9.445522291024112,34.36363636363637,71.0909090909091,27.09090909090909
novelist,qwen,Qwen/Qwen3-32B,grounded_social,3,3,2,-15.50911152581556,-8.063067558421416,2.9112091218522704,33.63636363636363,37.27272727272727,58.72727272727273
nutritionist,qwen,Qwen/Qwen3-32B,editorial,6,0,6,35.13055107573782,2.036326890574712,-12.03740573031993,87.81818181818181,60.90909090909091,19.818181818181817
observer,qwen,Qwen/Qwen3-32B,procedural_professional,0,0,3,34.08950356718077,-12.40563528155868,1.7311935048127005,85.27272727272727,26.727272727272727,55.45454545454545
optimist,qwen,Qwen/Qwen3-32B,grounded_social,2,1,4,0.23151661004621046,22.207881596081165,-31.27095275527641,48.18181818181818,87.0909090909091,2.3636363636363638
oracle,qwen,Qwen/Qwen3-32B,mythic_spiritual,4,2,1,-45.70498289945283,-34.548759949630046,-2.5599790581760398,7.818181818181818,2.0,43.81818181818182
organizer,qwen,Qwen/Qwen3-32B,procedural_professional,0,0,3,37.569799066013516,-2.052557699758866,0.12700900470847684,90.36363636363636,54.0,49.27272727272727
orphan,qwen,Qwen/Qwen3-32B,grounded_social,5,1,4,-23.437724963798505,36.54256528314369,-18.765496053554372,27.09090909090909,94.0,10.727272727272727
pacifist,qwen,Qwen/Qwen3-32B,procedural_professional,6,1,4,12.630986381602284,-12.379609682146537,-28.496481151602417,60.54545454545455,27.09090909090909,5.2727272727272725
paramedic,qwen,Qwen/Qwen3-32B,procedural_professional,6,0,6,26.068793283586658,7.004017776313917,-5.833327824932895,71.0909090909091,68.18181818181819,34.72727272727273
parasite,qwen,Qwen/Qwen3-32B,mythic_spiritual,3,3,2,-18.321895580430677,-13.157745399089244,23.00229048300755,31.09090909090909,25.636363636363637,89.27272727272727
parent,qwen,Qwen/Qwen3-32B,grounded_social,2,1,4,7.071280585175005,28.571431505867864,-28.68483601071004,55.45454545454545,90.0,4.545454545454546
patient,qwen,Qwen/Qwen3-32B,grounded_social,2,1,4,0.41189244768118416,29.18821062045674,-27.329047579830352,48.54545454545455,90.36363636363636,6.363636363636363
peacekeeper,qwen,Qwen/Qwen3-32B,procedural_professional,6,1,6,24.312096355499094,-2.6401381617890443,-18.909350278569132,68.9090909090909,50.72727272727273,10.363636363636363
perfectionist,qwen,Qwen/Qwen3-32B,procedural_professional,0,0,2,19.958135014208217,-9.866846352847006,11.903255339062099,64.9090909090909,33.27272727272727,80.54545454545455
pharmacist,qwen,Qwen/Qwen3-32B,editorial,0,0,3,37.875918584327394,-4.241318525980347,-3.806829987629841,91.0909090909091,46.72727272727273,39.81818181818182
philosopher,qwen,Qwen/Qwen3-32B,procedural_professional,3,3,2,5.320794731168519,-30.943900244388416,3.9552507649869324,53.27272727272727,6.0,62.36363636363637
photographer,qwen,Qwen/Qwen3-32B,grounded_social,6,1,6,-8.988149069217025,4.756180455515376,-12.08411778630928,40.18181818181818,66.0,19.454545454545453
physicist,qwen,Qwen/Qwen3-32B,procedural_professional,0,0,3,29.160210572326207,-17.27788926237037,11.471327878860551,75.45454545454545,19.09090909090909,79.0909090909091
pilgrim,qwen,Qwen/Qwen3-32B,mythic_spiritual,4,2,1,-40.740661668291764,-28.502017567429675,-27.98757063931217,12.545454545454545,9.272727272727273,5.636363636363637
pilot,qwen,Qwen/Qwen3-32B,procedural_professional,0,0,3,26.581052394022862,1.9915876437092344,4.152483513449458,72.18181818181819,60.54545454545455,62.72727272727273
pirate,qwen,Qwen/Qwen3-32B,trickster_chaos,1,5,5,-52.65361030236547,20.27184878665976,24.65869165707304,3.8181818181818183,83.81818181818181,91.0909090909091
planner,qwen,Qwen/Qwen3-32B,procedural_professional,0,0,3,42.859469808422354,-3.0144967321446146,3.6232501386652176,96.54545454545455,48.90909090909091,61.63636363636363
playwright,qwen,Qwen/Qwen3-32B,grounded_social,6,3,0,-9.817577824625298,4.585625090298109,4.301205546880305,39.09090909090909,65.63636363636364,63.45454545454545
podcaster,qwen,Qwen/Qwen3-32B,grounded_social,6,1,4,0.844643011644405,21.108976092780004,-9.123879102789827,49.27272727272727,85.27272727272727,28.545454545454547
poet,qwen,Qwen/Qwen3-32B,mythic_spiritual,4,2,1,-59.20142532525757,-14.699961268935272,-3.619136265560653,0.5454545454545454,23.818181818181817,40.18181818181818
polymath,qwen,Qwen/Qwen3-32B,procedural_professional,0,0,3,29.720850667901736,-13.729703567482382,7.308061936347886,76.54545454545455,24.90909090909091,68.9090909090909
pragmatist,qwen,Qwen/Qwen3-32B,procedural_professional,0,0,0,28.854692167298147,13.113668128383202,6.330062217535601,75.0909090909091,75.81818181818181,66.36363636363636
predator,qwen,Qwen/Qwen3-32B,mythic_spiritual,3,5,2,-27.057555884093745,-9.130771488143829,16.6288969000662,23.09090909090909,34.36363636363637,85.63636363636364
presenter,qwen,Qwen/Qwen3-32B,procedural_professional,6,1,6,19.601709881277337,13.057713716436105,-9.65920381510116,64.54545454545455,75.45454545454545,26.0
prey,qwen,Qwen/Qwen3-32B,grounded_social,4,2,0,-42.05161894639997,1.305190751278503,-0.33102976663595507,10.363636363636363,58.72727272727273,48.18181818181818
prisoner,qwen,Qwen/Qwen3-32B,grounded_social,5,5,0,-22.403887985272736,38.78143159675656,-0.1395707470484238,27.818181818181817,95.0909090909091,48.54545454545455
procrastinator,qwen,Qwen/Qwen3-32B,other,5,4,5,-16.543519361707126,69.46824957094978,16.77210260508193,32.54545454545455,98.72727272727273,86.36363636363636
prodigy,qwen,Qwen/Qwen3-32B,procedural_professional,0,3,2,7.5374629637943995,-5.845253006223923,7.6145313774501435,55.81818181818182,43.45454545454545,70.72727272727273
producer,qwen,Qwen/Qwen3-32B,procedural_professional,0,0,3,30.51527415300469,4.303532473700674,0.6252983179265796,77.27272727272727,65.27272727272727,51.81818181818182
programmer,qwen,Qwen/Qwen3-32B,procedural_professional,0,0,3,31.80584373591556,1.9340633043786184,12.957046087253167,79.45454545454545,60.18181818181818,82.36363636363636
proofreader,qwen,Qwen/Qwen3-32B,editorial,0,0,3,32.67923476301442,1.5923600380183056,0.5921322465837462,81.63636363636364,59.81818181818182,51.45454545454545
prophet,qwen,Qwen/Qwen3-32B,mythic_spiritual,4,2,1,-53.77668383419537,-32.70779966362358,1.969146856150317,2.3636363636363638,3.8181818181818183,56.54545454545455
provincial,qwen,Qwen/Qwen3-32B,grounded_social,2,1,4,-22.102235548423007,23.678003277886837,-19.095904138891143,28.181818181818183,88.18181818181819,9.636363636363637
provocateur,qwen,Qwen/Qwen3-32B,combative_iconoclast,1,3,5,-23.79219557322691,22.517386586843884,34.501806164348494,26.727272727272727,87.45454545454545,98.72727272727273
psychologist,qwen,Qwen/Qwen3-32B,procedural_professional,0,0,3,34.99288150979374,-6.252967758206258,-4.4097280957733895,87.45454545454545,42.72727272727273,38.36363636363637
publisher,qwen,Qwen/Qwen3-32B,procedural_professional,0,0,3,33.94754559561791,-5.102974346258163,0.9869674615472566,84.54545454545455,45.27272727272727,52.90909090909091
purist,qwen,Qwen/Qwen3-32B,procedural_professional,3,3,2,2.7065098789784225,-29.726927781510845,10.257805450423295,51.81818181818182,7.090909090909091,76.54545454545455
realist,qwen,Qwen/Qwen3-32B,procedural_professional,0,0,0,22.57742871288618,10.434981709023967,11.004566492834273,67.81818181818181,72.54545454545455,78.72727272727273
rebel,qwen,Qwen/Qwen3-32B,combative_iconoclast,1,3,5,-24.268899156407024,23.900384701977853,27.926136021149482,25.272727272727273,88.54545454545455,95.0909090909091
recruiter,qwen,Qwen/Qwen3-32B,procedural_professional,6,0,3,32.779987577390536,7.866916749976879,-4.199998267816572,82.0,69.27272727272727,39.45454545454545
refugee,qwen,Qwen/Qwen3-32B,grounded_social,2,1,4,-13.329593217182394,16.146132517610376,-28.55933475795766,36.18181818181818,79.45454545454545,4.909090909090909
reporter,qwen,Qwen/Qwen3-32B,procedural_professional,0,0,3,27.715362063648442,1.3618124980580042,1.0291706374539542,73.63636363636364,59.09090909090909,53.27272727272727
researcher,qwen,Qwen/Qwen3-32B,procedural_professional,0,0,3,42.885078527916185,-11.11650770227148,7.604311405121344,96.9090909090909,31.09090909090909,70.36363636363636
retiree,qwen,Qwen/Qwen3-32B,grounded_social,2,1,4,-3.8515350705046725,26.58838153245354,-17.85468993766834,42.72727272727273,89.27272727272727,11.818181818181818
revenant,qwen,Qwen/Qwen3-32B,mythic_spiritual,3,2,1,-54.5261248908809,-20.04352558252987,7.052731092841881,1.6363636363636365,15.454545454545455,67.45454545454545
reviewer,qwen,Qwen/Qwen3-32B,procedural_professional,0,0,3,42.7347392541523,-9.962990674461532,4.517298237253409,96.18181818181819,32.90909090909091,64.18181818181819
revolutionary,qwen,Qwen/Qwen3-32B,combative_iconoclast,3,3,2,-11.514294493808805,-5.725035389572634,18.037641703864065,36.90909090909091,43.81818181818182,87.0909090909091
robot,qwen,Qwen/Qwen3-32B,procedural_professional,0,0,3,37.53420471293243,-16.111109510498974,24.74639416375101,90.0,21.272727272727273,91.45454545454545
rogue,qwen,Qwen/Qwen3-32B,trickster_chaos,1,5,5,-26.637792220384554,20.617121521507762,30.236946976694405,23.818181818181817,84.54545454545455,96.54545454545455
romantic,qwen,Qwen/Qwen3-32B,grounded_social,2,1,1,-35.8744478824665,-2.6913529875780386,-30.824384306359256,16.181818181818183,50.0,2.727272727272727
saboteur,qwen,Qwen/Qwen3-32B,combative_iconoclast,1,3,5,5.936886772957386,-0.7753230926177525,34.773661727198686,54.0,55.81818181818182,99.0909090909091
sage,qwen,Qwen/Qwen3-32B,mythic_spiritual,4,2,1,-30.695828475798436,-30.20544571609462,-17.780813224236542,20.90909090909091,6.7272727272727275,12.181818181818182
scheduler,qwen,Qwen/Qwen3-32B,procedural_professional,0,0,3,37.321814471220875,2.676388807168389,1.1496200050579046,89.27272727272727,62.0,53.63636363636363
scholar,qwen,Qwen/Qwen3-32B,procedural_professional,0,0,3,36.46895888203403,-21.045065510116306,8.530280039566422,88.54545454545455,14.0,72.18181818181819
scientist,qwen,Qwen/Qwen3-32B,procedural_professional,0,0,3,41.45494685662239,-11.64006462510226,9.72714197839115,94.36363636363636,29.272727272727273,75.45454545454545
scout,qwen,Qwen/Qwen3-32B,procedural_professional,0,5,2,10.486657787148758,-3.8759314827184923,7.874555341186092,58.36363636363637,47.81818181818182,71.0909090909091
screener,qwen,Qwen/Qwen3-32B,editorial,0,0,3,42.99515613399758,-2.396496643049292,3.8269725514391713,97.63636363636364,52.18181818181818,62.0
secretary,qwen,Qwen/Qwen3-32B,editorial,0,0,3,40.75581360055688,-3.4001063077100855,-1.0785926684204832,93.63636363636364,48.18181818181818,47.09090909090909
shaman,qwen,Qwen/Qwen3-32B,mythic_spiritual,4,2,1,-41.92268882095782,-32.19495045286243,-27.77048952913973,10.727272727272727,4.545454545454546,6.0
shapeshifter,qwen,Qwen/Qwen3-32B,grounded_social,4,2,0,-26.64773518456242,-7.225543855234675,-3.341381492471957,23.454545454545453,39.45454545454545,40.90909090909091
simulacrum,qwen,Qwen/Qwen3-32B,mythic_spiritual,3,3,2,-21.385336051716386,-19.503990009894128,17.06559929679572,29.272727272727273,16.181818181818183,86.72727272727273
skeptic,qwen,Qwen/Qwen3-32B,procedural_professional,0,0,3,32.78735612740642,-6.743944320322114,18.66172770857411,82.36363636363636,41.27272727272727,87.45454545454545
smuggler,qwen,Qwen/Qwen3-32B,grounded_social,1,5,5,-25.843835187178378,33.794271711037084,28.07200562573228,24.545454545454547,91.45454545454545,95.45454545454545
sociologist,qwen,Qwen/Qwen3-32B,procedural_professional,0,0,3,38.94756716727445,-14.409399556209522,1.9980950737288012,92.18181818181819,24.545454545454547,56.90909090909091
soldier,qwen,Qwen/Qwen3-32B,grounded_social,1,5,0,-2.826690471296987,10.681442543898173,13.901981342472535,44.90909090909091,72.9090909090909,83.45454545454545
sommelier,qwen,Qwen/Qwen3-32B,procedural_professional,6,0,6,-0.15503864043695118,-5.315890184326033,-4.9826497991166185,47.81818181818182,44.54545454545455,36.90909090909091
specialist,qwen,Qwen/Qwen3-32B,procedural_professional,0,0,3,38.63777640442977,-9.666786051990815,12.7900662017412,91.45454545454545,33.63636363636363,82.0
spirit,qwen,Qwen/Qwen3-32B,mythic_spiritual,4,2,1,-45.035815948931045,-33.236635908839105,-18.033566926794315,8.545454545454545,3.090909090909091,11.454545454545455
spy,qwen,Qwen/Qwen3-32B,procedural_professional,1,5,5,0.7214741115745064,2.5354264902291224,32.136985922802786,48.90909090909091,61.63636363636363,98.0
statistician,qwen,Qwen/Qwen3-32B,procedural_professional,0,0,3,43.07473713354895,-8.217283922591003,15.733146426315743,98.0,36.18181818181818,84.54545454545455
stoic,qwen,Qwen/Qwen3-32B,mythic_spiritual,4,2,1,-16.3003795381962,-29.33374562919379,-3.2021911964230774,32.90909090909091,7.454545454545454,41.27272727272727
strategist,qwen,Qwen/Qwen3-32B,procedural_professional,0,0,3,38.955793374445086,-7.521119970133001,7.989249824573059,92.54545454545455,38.72727272727273,71.45454545454545
student,qwen,Qwen/Qwen3-32B,editorial,2,1,6,20.81685713616017,23.378311114867117,-17.44282691109845,66.0,87.81818181818181,13.272727272727273
summarizer,qwen,Qwen/Qwen3-32B,editorial,6,0,3,35.588426753396455,-0.9752283873035538,-6.657898666979065,88.18181818181819,55.09090909090909,32.54545454545455
supervisor,qwen,Qwen/Qwen3-32B,editorial,0,0,3,44.39804594682616,-2.5890623845943197,-0.5052263437564469,98.72727272727273,51.45454545454545,47.81818181818182
surfer,qwen,Qwen/Qwen3-32B,grounded_social,5,1,0,-33.841942337277686,21.928042011551632,-9.514136584103646,19.09090909090909,86.0,26.363636363636363
survivor,qwen,Qwen/Qwen3-32B,grounded_social,2,1,4,-23.301159629217423,20.545113329375425,-18.175498141415343,27.454545454545453,84.18181818181819,11.090909090909092
swarm,qwen,Qwen/Qwen3-32B,procedural_professional,3,3,2,-5.266618987759208,-30.700269966675418,3.340424663254369,42.0,6.363636363636363,60.18181818181818
symbiont,qwen,Qwen/Qwen3-32B,procedural_professional,6,1,6,6.6540078307925805,-11.55381824279892,-9.936103785911277,54.72727272727273,30.0,25.272727272727273
synthesizer,qwen,Qwen/Qwen3-32B,procedural_professional,0,0,3,25.531550663992153,-8.163528064326186,0.061851602039069566,70.0,36.90909090909091,48.90909090909091
teacher,qwen,Qwen/Qwen3-32B,procedural_professional,6,0,6,28.388591308960713,9.316784674537638,-11.634935441712434,74.0,71.81818181818181,20.90909090909091
technologist,qwen,Qwen/Qwen3-32B,procedural_professional,0,0,3,30.890109988819667,-1.7713689595066953,9.250463383274827,78.0,54.36363636363637,73.27272727272727
teenager,qwen,Qwen/Qwen3-32B,other,5,4,0,-13.392084759606687,78.11385466925445,-6.473981758293204,35.81818181818182,99.81818181818181,33.27272727272727
theorist,qwen,Qwen/Qwen3-32B,procedural_professional,0,3,3,33.60711550515721,-24.466824278212663,13.312624171364057,83.0909090909091,11.454545454545455,82.72727272727273
therapist,qwen,Qwen/Qwen3-32B,procedural_professional,2,1,4,13.067798551715802,12.359938572743383,-34.533275276879344,60.90909090909091,74.36363636363636,1.2727272727272727
toddler,qwen,Qwen/Qwen3-32B,other,5,6,0,-36.26829149104896,71.15643414701779,-12.32570370200979,15.818181818181818,99.0909090909091,19.09090909090909
traditionalist,qwen,Qwen/Qwen3-32B,procedural_professional,6,2,2,2.384568475986928,-26.883152227772253,-6.692218811179299,50.72727272727273,10.363636363636363,32.18181818181818
trainer,qwen,Qwen/Qwen3-32B,procedural_professional,6,0,3,33.86329658481037,5.1285120015059755,-1.9511176144031424,83.81818181818181,67.0909090909091,46.0
translator,qwen,Qwen/Qwen3-32B,editorial,6,0,3,23.28557819133252,5.104163183711642,0.6497236160416859,68.18181818181819,66.72727272727273,52.18181818181818
tree,qwen,Qwen/Qwen3-32B,mythic_spiritual,4,2,1,-48.76608960856372,-28.49933535809531,-14.62457737638381,5.2727272727272725,9.636363636363637,16.545454545454547
trickster,qwen,Qwen/Qwen3-32B,trickster_chaos,1,4,5,-35.02203055937979,19.7406199757065,20.906417090358094,16.90909090909091,82.72727272727273,87.81818181818181
tulpa,qwen,Qwen/Qwen3-32B,grounded_social,6,1,6,-9.203232664897332,-0.9329387640338289,-9.498609050678981,39.81818181818182,55.45454545454545,26.727272727272727
tutor,qwen,Qwen/Qwen3-32B,procedural_professional,6,0,6,29.918931307945527,9.024817184062096,-7.5720583744064855,76.9090909090909,70.72727272727273,31.454545454545453
validator,qwen,Qwen/Qwen3-32B,procedural_professional,0,0,3,44.306456441610095,-6.813154726867272,10.36523373487974,98.36363636363636,40.90909090909091,76.9090909090909
vampire,qwen,Qwen/Qwen3-32B,mythic_spiritual,3,2,2,-52.70663892475701,-20.5632913068431,21.594650775097552,3.4545454545454546,14.727272727272727,88.54545454545455
vegan,qwen,Qwen/Qwen3-32B,procedural_professional,2,1,4,15.417498882915636,8.613726219252772,-22.189044256707408,63.45454545454545,70.36363636363636,7.818181818181818
veteran,qwen,Qwen/Qwen3-32B,grounded_social,6,5,0,7.868989171401516,19.690851417312043,1.7129341552082438,56.18181818181818,82.36363636363636,55.09090909090909
veterinarian,qwen,Qwen/Qwen3-32B,procedural_professional,6,0,6,26.870204603114843,0.8368780535167465,-11.75370965136463,73.27272727272727,58.36363636363637,20.181818181818183
vigilante,qwen,Qwen/Qwen3-32B,grounded_social,1,5,5,-18.713038809269687,21.985394608680036,23.789986775124692,30.727272727272727,86.36363636363636,90.0
virtuoso,qwen,Qwen/Qwen3-32B,procedural_professional,3,3,2,-9.47195834291163,-14.786538624608406,2.2985274603310004,39.45454545454545,23.09090909090909,57.27272727272727
virus,qwen,Qwen/Qwen3-32B,mythic_spiritual,3,3,2,-10.626605841632657,-12.916098930714403,25.669757398476182,37.63636363636363,26.363636363636363,92.9090909090909
visionary,qwen,Qwen/Qwen3-32B,procedural_professional,6,3,2,1.0578425385023495,-7.986157716625288,1.51762499869034,49.63636363636363,37.63636363636363,54.72727272727273
void,qwen,Qwen/Qwen3-32B,mythic_spiritual,3,3,1,-49.02239086854003,-31.379615777258092,11.64594494555905,4.909090909090909,5.2727272727272725,80.18181818181819
wanderer,qwen,Qwen/Qwen3-32B,mythic_spiritual,4,2,0,-41.612730575396014,-5.170950461863455,-10.129626653005445,11.090909090909092,44.90909090909091,24.90909090909091
warrior,qwen,Qwen/Qwen3-32B,mythic_spiritual,3,5,2,-34.941638840974235,-6.859443306674118,9.636419122754365,17.636363636363637,40.54545454545455,74.72727272727273
whale,qwen,Qwen/Qwen3-32B,mythic_spiritual,4,2,1,-40.87594132623787,-24.119165498909567,-10.280914117740833,12.181818181818182,12.181818181818182,24.181818181818183
widow,qwen,Qwen/Qwen3-32B,grounded_social,2,1,4,-28.68347239390688,16.408026264699732,-34.3211275157465,22.363636363636363,80.18181818181819,2.0
wind,qwen,Qwen/Qwen3-32B,mythic_spiritual,4,2,1,-46.81524454593614,-19.437627980126706,-13.076072487034807,7.090909090909091,16.90909090909091,18.0
witch,qwen,Qwen/Qwen3-32B,mythic_spiritual,4,2,1,-47.54346925698808,-31.340770754358715,-2.9908969058882686,6.363636363636363,5.636363636363637,42.0
witness,qwen,Qwen/Qwen3-32B,procedural_professional,6,0,6,9.221539526388046,-6.41358463155636,-3.6001330129808657,58.0,42.36363636363637,40.54545454545455
workaholic,qwen,Qwen/Qwen3-32B,combative_iconoclast,1,5,5,2.566650305968748,19.360138423036677,23.982014204020043,51.45454545454545,82.0,90.36363636363636
wraith,qwen,Qwen/Qwen3-32B,mythic_spiritual,3,2,1,-58.956488215057014,-28.847311757283816,7.198147025239784,0.9090909090909091,8.181818181818182,67.81818181818181
writer,qwen,Qwen/Qwen3-32B,procedural_professional,6,1,6,4.197414687597785,-2.136191508617949,-6.619327286471806,52.54545454545455,53.27272727272727,32.90909090909091
zealot,qwen,Qwen/Qwen3-32B,mythic_spiritual,3,3,2,-33.94084646219896,-18.76129071100236,26.199381621319326,18.727272727272727,17.636363636363637,94.0
zeitgeist,qwen,Qwen/Qwen3-32B,procedural_professional,6,3,2,-8.777957442579256,-7.482825162651851,2.597626861127602,40.54545454545455,39.09090909090909,58.0
aberration,llama,Llama-3.3-70B,mythic_spiritual,2,5,2,-1.839032189222607,0.4495388390085749,0.753555688642275,11.090909090909092,73.27272727272727,93.63636363636364
absurdist,llama,Llama-3.3-70B,trickster_chaos,2,5,5,-1.3277650861551686,1.4014633359682522,0.4591281394739357,15.454545454545455,89.63636363636364,79.81818181818181
accountant,llama,Llama-3.3-70B,editorial,1,0,1,0.9250011159009021,-0.6959540814418054,0.3710803238084441,86.36363636363636,33.27272727272727,70.36363636363636
activist,llama,Llama-3.3-70B,procedural_professional,0,4,0,0.6706595498876413,-0.36368868907814617,-0.973903516984302,64.18181818181819,47.09090909090909,9.272727272727273
actor,llama,Llama-3.3-70B,grounded_social,0,4,5,-0.43812726310631656,0.7291971371947304,-0.39036493359458563,25.636363636363637,79.45454545454545,27.09090909090909
addict,llama,Llama-3.3-70B,grounded_social,0,4,4,0.9441286550246861,1.335186321426004,-1.043803364207608,88.18181818181819,89.27272727272727,6.7272727272727275
adolescent,llama,Llama-3.3-70B,other,3,4,4,2.166742908267038,2.450740451831373,-0.7311929273952917,99.45454545454545,97.27272727272727,16.90909090909091
advocate,llama,Llama-3.3-70B,procedural_professional,4,0,1,0.6119238693811677,-0.8261627218378441,-0.3873031671819092,60.90909090909091,20.90909090909091,27.454545454545453
alien,llama,Llama-3.3-70B,mythic_spiritual,2,3,2,-1.4916083825215978,-0.4483962476310071,0.7705402451446238,14.0,45.27272727272727,94.36363636363636
altruist,llama,Llama-3.3-70B,procedural_professional,0,4,0,0.28343889218034335,-0.5359889216646394,-0.9165167526984939,46.72727272727273,42.36363636363637,11.090909090909092
amateur,llama,Llama-3.3-70B,grounded_social,0,4,4,1.469316356083691,1.200620609723285,-0.8760707275350791,98.36363636363636,87.0909090909091,12.545454545454545
ambassador,llama,Llama-3.3-70B,procedural_professional,4,0,1,0.4597630138464211,-0.9095806949690374,0.02278836342933289,54.72727272727273,15.454545454545455,48.54545454545455
amnesiac,llama,Llama-3.3-70B,grounded_social,3,4,5,0.01811536629932699,1.6213258753532351,0.47793000697058796,35.09090909090909,92.18181818181819,80.54545454545455
analyst,llama,Llama-3.3-70B,procedural_professional,1,0,1,0.8574456176536244,-1.0498988890824776,0.7213597002245754,78.0,6.363636363636363,91.45454545454545
anarchist,llama,Llama-3.3-70B,procedural_professional,0,5,0,-0.20751540068823962,0.3079580698390257,-0.996915310413531,31.454545454545453,71.0909090909091,8.545454545454545
ancient,llama,Llama-3.3-70B,mythic_spiritual,2,3,2,-2.1355938715776857,-0.26241780050359853,0.07520294181161788,8.181818181818182,51.09090909090909,52.54545454545455
angel,llama,Llama-3.3-70B,mythic_spiritual,5,6,0,-1.7033902553978786,-0.5917974164386819,-0.5609575612896113,12.181818181818182,39.45454545454545,21.272727272727273
anthropologist,llama,Llama-3.3-70B,procedural_professional,4,0,1,0.33253764528515073,-0.9974417708415132,0.022396447482830924,48.90909090909091,9.636363636363637,48.18181818181818
archaeologist,llama,Llama-3.3-70B,procedural_professional,4,0,1,-0.07096807705133897,-0.5111012429424209,-0.00597878118015627,34.0,42.72727272727273,46.36363636363637
architect,llama,Llama-3.3-70B,procedural_professional,4,0,1,0.6157057884502076,-0.7792526268064267,0.026234224194783322,61.27272727272727,27.09090909090909,48.90909090909091
archivist,llama,Llama-3.3-70B,procedural_professional,4,0,1,0.33015244369853697,-0.8036906542439609,0.05116357236714904,48.54545454545455,22.727272727272727,49.63636363636363
artisan,llama,Llama-3.3-70B,grounded_social,5,4,0,-0.5937830376817123,-0.02030742781198419,-0.7773670851971415,23.454545454545453,57.63636363636363,14.727272727272727
ascetic,llama,Llama-3.3-70B,mythic_spiritual,5,6,0,-2.6077490168268675,0.4431875363231111,-0.7621767320823816,3.8181818181818183,72.9090909090909,15.090909090909092
assistant,llama,Llama-3.3-70B,procedural_professional,1,0,1,0.9580866819702036,-0.8690127542381383,0.29563365092160393,88.9090909090909,18.0,67.81818181818181
auctioneer,llama,Llama-3.3-70B,grounded_social,3,1,5,0.4707399143071227,0.9576667204632565,0.38430820562961904,56.18181818181818,84.9090909090909,73.27272727272727
auditor,llama,Llama-3.3-70B,procedural_professional,1,0,1,0.8697577657208813,-0.9683084455279918,0.5796432232227495,79.45454545454545,12.545454545454545,84.54545454545455
avatar,llama,Llama-3.3-70B,mythic_spiritual,2,6,2,-2.262362310704612,-0.6114329410773318,-0.13760574598138933,7.090909090909091,37.63636363636363,36.90909090909091
bard,llama,Llama-3.3-70B,mythic_spiritual,2,3,2,-2.310748123794212,0.7624293059876512,-0.1223570929328085,6.363636363636363,80.9090909090909,38.0
bartender,llama,Llama-3.3-70B,grounded_social,0,4,4,0.931573880435517,1.0163516669348263,-0.593028190800687,87.0909090909091,85.63636363636364,20.545454545454547
biologist,llama,Llama-3.3-70B,procedural_professional,1,0,1,0.2922491422262422,-0.7847483735390304,0.36182362958807057,47.09090909090909,25.272727272727273,69.27272727272727
blogger,llama,Llama-3.3-70B,grounded_social,0,4,0,0.46770949588096,-0.11694623484664339,-0.6958143499531653,55.09090909090909,55.81818181818182,17.272727272727273
bohemian,llama,Llama-3.3-70B,grounded_social,5,6,0,-1.265658171251952,1.2871873699962384,-1.6214631978261895,16.545454545454547,88.54545454545455,0.18181818181818182
builder,llama,Llama-3.3-70B,procedural_professional,4,0,1,0.6948167085989286,-0.23740696473749523,-0.3293586179834443,66.36363636363636,53.27272727272727,30.363636363636363
caregiver,llama,Llama-3.3-70B,grounded_social,0,4,0,0.5617089698620321,-0.28550676957473375,-0.9403703368949122,59.81818181818182,50.36363636363637,10.363636363636363
cartographer,llama,Llama-3.3-70B,procedural_professional,4,0,1,0.255805710505253,-0.7399251106669552,0.20094708287042917,45.27272727272727,29.272727272727273,61.63636363636363
caveman,llama,Llama-3.3-70B,trickster_chaos,6,2,3,0.3180987141174176,4.2373591241414195,3.0839707263710774,48.18181818181818,99.81818181818181,99.45454545454545
celebrity,llama,Llama-3.3-70B,grounded_social,0,4,4,1.0322543638826736,0.7544486107631921,-1.1802217687210323,90.72727272727273,80.54545454545455,3.090909090909091
chameleon,llama,Llama-3.3-70B,grounded_social,4,4,5,0.1771240785576249,0.22650008710422703,-0.17708962341967138,39.45454545454545,66.72727272727273,34.72727272727273
chef,llama,Llama-3.3-70B,grounded_social,0,4,5,0.5302069937617355,0.28933998558833396,-0.42678208395839445,58.36363636363637,70.0,24.181818181818183
chemist,llama,Llama-3.3-70B,procedural_professional,1,0,1,0.3742319686980362,-0.6365343856949256,0.5357505935298722,50.72727272727273,36.90909090909091,82.36363636363636
chimera,llama,Llama-3.3-70B,mythic_spiritual,2,3,2,-1.519730490837962,0.051635538549536064,0.37903651888754164,13.636363636363637,59.45454545454545,72.54545454545455
coach,llama,Llama-3.3-70B,procedural_professional,4,0,1,0.8796574720376319,-0.8648342568855103,-0.018648364764359573,80.18181818181819,18.363636363636363,44.54545454545455
collaborator,llama,Llama-3.3-70B,procedural_professional,4,0,1,0.9179091059774264,-0.7321915559234367,-0.16294169328777874,85.27272727272727,29.636363636363637,35.45454545454545
collector,llama,Llama-3.3-70B,procedural_professional,4,0,1,0.18588490038721953,-0.632895437368003,-0.07818054884565202,40.18181818181818,37.27272727272727,40.90909090909091
comedian,llama,Llama-3.3-70B,trickster_chaos,3,5,6,1.1392076799800857,2.3275396859738287,0.3172416620409191,93.27272727272727,95.81818181818181,68.54545454545455
competitor,llama,Llama-3.3-70B,combative_iconoclast,3,1,4,1.070613365240318,1.2046551195637842,-0.23674887663602526,91.81818181818181,87.45454545454545,32.54545454545455
composer,llama,Llama-3.3-70B,procedural_professional,4,0,1,-0.5651185783272581,-0.43589279126844865,-0.12064246522234724,23.818181818181817,46.0,38.36363636363637
conservator,llama,Llama-3.3-70B,procedural_professional,4,0,1,0.37758872003253924,-0.7987582641362768,-0.012867777979744088,51.09090909090909,23.09090909090909,45.63636363636363
consultant,llama,Llama-3.3-70B,procedural_professional,1,0,1,0.8661205735326313,-1.0825804415315505,0.43022043742565386,79.0909090909091,4.181818181818182,77.27272727272727
contrarian,llama,Llama-3.3-70B,combative_iconoclast,0,5,5,0.24063719942400905,0.2681388004480987,-0.41731820511469225,44.18181818181818,68.18181818181819,24.90909090909091
coordinator,llama,Llama-3.3-70B,procedural_professional,1,0,1,0.8862594312766308,-0.994784621085369,0.2126008328472028,80.9090909090909,10.363636363636363,63.45454545454545
coral_reef,llama,Llama-3.3-70B,mythic_spiritual,2,3,2,-1.1786014371874518,-0.20188981197105038,0.3030524275137588,16.90909090909091,54.0,68.18181818181819
cosmopolitan,llama,Llama-3.3-70B,procedural_professional,4,0,1,0.12255958532563199,-0.5664033349604486,-0.36355365734443795,37.63636363636363,40.90909090909091,28.545454545454547
counselor,llama,Llama-3.3-70B,procedural_professional,4,4,1,0.5505282006045841,-0.8079800433527854,-0.5100040147674949,59.45454545454545,22.363636363636363,22.0
criminal,llama,Llama-3.3-70B,grounded_social,3,1,6,0.9103558950355957,2.685825815558584,-0.12522162654847466,84.18181818181819,98.0,37.63636363636363
critic,llama,Llama-3.3-70B,procedural_professional,4,0,1,0.13107262392309835,-1.0375077898638554,0.07020374410645383,38.0,6.7272727272727275,51.81818181818182
crystalline,llama,Llama-3.3-70B,mythic_spiritual,2,3,2,-2.0514117645245697,-0.5660204737395261,1.1803273336990128,9.636363636363637,41.27272727272727,97.63636363636364
curator,llama,Llama-3.3-70B,procedural_professional,4,0,1,0.22551971594215736,-0.795446273050759,-0.013998748928342016,42.72727272727273,23.454545454545453,45.27272727272727
cyborg,llama,Llama-3.3-70B,procedural_professional,1,0,1,0.011625882354958409,-1.0360725587827329,0.7632852837942604,34.36363636363637,7.090909090909091,94.0
cynic,llama,Llama-3.3-70B,combative_iconoclast,3,5,6,0.7937726378364858,2.0682445163344125,-0.08307422538304157,74.0,93.63636363636364,40.18181818181818
daredevil,llama,Llama-3.3-70B,combative_iconoclast,3,1,4,0.7728302891371006,1.737694118057547,-0.5034995020186344,71.0909090909091,92.9090909090909,22.727272727272727
debugger,llama,Llama-3.3-70B,procedural_professional,1,0,1,0.7664147995889982,-1.0143585847623136,0.5844235616599625,70.36363636363636,8.181818181818182,85.27272727272727
demon,llama,Llama-3.3-70B,mythic_spiritual,2,5,2,-1.8178402356327015,1.1601398630193342,0.7496166547675556,11.454545454545455,86.36363636363636,93.27272727272727
designer,llama,Llama-3.3-70B,procedural_professional,1,0,1,0.6703345351394103,-0.8732564461156664,0.1720588787372791,63.81818181818182,17.272727272727273,58.72727272727273
destroyer,llama,Llama-3.3-70B,combative_iconoclast,4,5,1,-0.16072375605791198,-0.2387660662916141,-0.04747764425498727,31.818181818181817,52.90909090909091,43.09090909090909
detective,llama,Llama-3.3-70B,procedural_professional,1,0,1,0.4755571058313239,-0.7797204896552092,0.37786952487082703,56.54545454545455,26.727272727272727,72.18181818181819
devils_advocate,llama,Llama-3.3-70B,combative_iconoclast,4,5,1,0.30165676447846346,-0.19154767194557837,-0.001334141514535892,47.81818181818182,54.36363636363637,46.72727272727273
dilettante,llama,Llama-3.3-70B,grounded_social,0,5,5,0.20557117451267784,0.5263495996524653,-0.12029113416069284,41.63636363636363,75.81818181818181,38.72727272727273
dispatcher,llama,Llama-3.3-70B,procedural_professional,1,0,1,0.8918088291643101,-0.7246244377096137,0.37291006339410726,81.27272727272727,31.09090909090909,71.0909090909091
divorcee,llama,Llama-3.3-70B,grounded_social,0,4,4,1.1851802133659004,0.8088072210167276,-1.2227158893012156,93.63636363636364,82.0,2.727272727272727
doctor,llama,Llama-3.3-70B,procedural_professional,1,0,1,0.8568078955931991,-0.7918841443602267,0.199183833577089,77.63636363636364,23.818181818181817,61.27272727272727
dreamer,llama,Llama-3.3-70B,mythic_spiritual,2,3,2,-2.163182853200097,0.013564266428941518,-0.0528427952766575,7.818181818181818,59.09090909090909,42.36363636363637
echo,llama,Llama-3.3-70B,mythic_spiritual,2,3,2,-2.7159556733682693,0.08191277894430186,0.4008980205502559,2.0,61.63636363636363,74.36363636363636
economist,llama,Llama-3.3-70B,procedural_professional,1,0,1,0.6962632480659486,-0.9136521374944441,0.6139815261668623,66.72727272727273,15.090909090909092,86.72727272727273
ecosystem,llama,Llama-3.3-70B,procedural_professional,4,0,1,-0.6012387547292962,-0.9762042090501946,0.14388929795981753,23.09090909090909,11.090909090909092,56.54545454545455
editor,llama,Llama-3.3-70B,editorial,1,0,1,0.6662206210329044,-0.7902348406948981,0.20687052311824097,63.45454545454545,24.181818181818183,62.36363636363637
egregore,llama,Llama-3.3-70B,mythic_spiritual,2,3,2,-1.5777065645058224,-0.7533053236218435,0.16414078709857807,13.272727272727273,28.181818181818183,58.36363636363637
elder,llama,Llama-3.3-70B,mythic_spiritual,0,4,0,-0.2956328494881746,0.4529002992655845,-1.066932636807053,28.181818181818183,73.63636363636364,5.2727272727272725
eldritch,llama,Llama-3.3-70B,mythic_spiritual,2,3,2,-3.754777367988486,0.3226579334490674,1.3853331212714497,0.18181818181818182,71.81818181818181,98.0
emissary,llama,Llama-3.3-70B,procedural_professional,4,0,1,0.24900262929800807,-1.170284057033535,-0.12015729851490486,44.54545454545455,1.2727272727272727,39.09090909090909
empath,llama,Llama-3.3-70B,grounded_social,5,6,0,-0.6520994979051704,-0.345751672757043,-0.8884117675490705,22.0,47.45454545454545,12.181818181818182
engineer,llama,Llama-3.3-70B,procedural_professional,1,0,1,0.7937398803324012,-0.9794796356737949,0.6782167203587615,73.63636363636364,10.727272727272727,88.54545454545455
entrepreneur,llama,Llama-3.3-70B,procedural_professional,4,0,1,0.9301214628388615,-0.576972028019569,-0.1337957068350511,86.72727272727273,40.18181818181818,37.27272727272727
evaluator,llama,Llama-3.3-70B,procedural_professional,1,0,1,0.7868026652823037,-1.2172644938329973,0.5859499634197621,71.81818181818181,0.9090909090909091,85.63636363636364
evangelist,llama,Llama-3.3-70B,grounded_social,0,4,0,0.0130797694268395,0.06039712234793121,-1.0287751247798609,34.72727272727273,60.90909090909091,7.454545454545454
examiner,llama,Llama-3.3-70B,procedural_professional,1,0,1,0.7287788137027102,-1.1144592353980831,0.7389406511694337,68.18181818181819,2.0,92.18181818181819
exile,llama,Llama-3.3-70B,mythic_spiritual,5,4,5,-0.9743968111698742,0.9268672989929957,-0.666352489642607,19.09090909090909,84.54545454545455,18.727272727272727
expatriate,llama,Llama-3.3-70B,procedural_professional,0,4,1,0.854083647870641,-0.1434566098027707,-0.46978480410100515,77.27272727272727,54.72727272727273,23.454545454545453
facilitator,llama,Llama-3.3-70B,procedural_professional,4,0,1,0.7906281388681372,-0.917578519419015,-0.023682501612699972,72.9090909090909,14.363636363636363,43.81818181818182
familiar,llama,Llama-3.3-70B,mythic_spiritual,2,3,2,-2.027416468738938,-0.3444299231614947,0.41424775895231725,10.0,47.81818181818182,75.0909090909091
fixer,llama,Llama-3.3-70B,grounded_social,4,1,5,0.22487055472993672,0.458394345136035,0.13673514151735044,42.36363636363637,74.0,56.18181818181818
flaneur,llama,Llama-3.3-70B,grounded_social,5,3,0,-1.1551963505300098,0.21213708710862267,-0.4428096143614196,17.272727272727273,66.0,23.818181818181817
fool,llama,Llama-3.3-70B,trickster_chaos,3,2,6,1.2012117781314933,3.5006876785325964,0.9569469725194003,94.0,98.72727272727273,96.9090909090909
forecaster,llama,Llama-3.3-70B,procedural_professional,1,0,1,0.5982630834017907,-1.1134404421500845,0.5264298011740359,60.54545454545455,2.3636363636363638,82.0
futurist,llama,Llama-3.3-70B,procedural_professional,1,0,1,0.36706160747472905,-1.0726462082066348,0.3817177670515853,50.36363636363637,4.909090909090909,72.9090909090909
gamer,llama,Llama-3.3-70B,combative_iconoclast,4,1,5,0.46857160196341774,0.5157532938774329,0.3685044560073438,55.45454545454545,75.45454545454545,69.63636363636364
generalist,llama,Llama-3.3-70B,procedural_professional,1,0,1,0.4084629858762734,-1.0034600423411457,0.37663139591293204,52.18181818181818,8.545454545454545,71.81818181818181
genie,llama,Llama-3.3-70B,trickster_chaos,2,3,2,-1.9742435207665696,0.7460396896367397,0.7414922983078855,10.363636363636363,80.18181818181819,92.54545454545455
geographer,llama,Llama-3.3-70B,procedural_professional,1,0,1,0.45430533897901265,-0.8843410845829142,0.23363280937979788,54.36363636363637,16.545454545454547,64.54545454545455
ghost,llama,Llama-3.3-70B,mythic_spiritual,2,3,2,-2.714303442607321,0.24348548654496507,0.21214462395401149,2.3636363636363638,67.45454545454545,63.09090909090909
golem,llama,Llama-3.3-70B,mythic_spiritual,2,3,2,-2.434263715110897,0.3586000285132002,0.7135072294482817,5.636363636363637,72.18181818181819,90.72727272727273
gossip,llama,Llama-3.3-70B,trickster_chaos,3,5,6,1.3050734299617182,2.1571721021385577,-0.2815052413316662,96.9090909090909,95.0909090909091,31.454545454545453
grader,llama,Llama-3.3-70B,editorial,1,0,1,0.829497225798434,-0.8369460869430205,0.579848579821219,76.18181818181819,19.818181818181817,84.9090909090909
graduate,llama,Llama-3.3-70B,grounded_social,0,4,4,1.254384855753436,0.2883322833556322,-0.5547137053211658,96.18181818181819,69.63636363636364,21.636363636363637
grandparent,llama,Llama-3.3-70B,grounded_social,0,4,4,0.8971125450901801,1.6564190143457405,-1.1026601167350183,82.36363636363636,92.54545454545455,4.909090909090909
guardian,llama,Llama-3.3-70B,procedural_professional,4,0,1,0.19703203483889692,-0.6375316641915864,-0.25121616914002953,40.90909090909091,36.54545454545455,31.818181818181817
guide,llama,Llama-3.3-70B,procedural_professional,4,0,1,0.4515405280237881,-0.730135896440301,-0.03391799991359554,53.63636363636363,30.0,43.45454545454545
guru,llama,Llama-3.3-70B,mythic_spiritual,5,6,0,-1.6727869159192634,-0.27606783401805574,-0.813935665718662,12.909090909090908,50.72727272727273,13.272727272727273
hacker,llama,Llama-3.3-70B,combative_iconoclast,4,1,5,0.4118042090573959,0.3063287862236262,0.2925947436419216,52.54545454545455,70.72727272727273,67.0909090909091
healer,llama,Llama-3.3-70B,procedural_professional,4,6,0,-0.26077558963003433,-0.8102843998415619,-0.7451794186565929,30.0,22.0,16.181818181818183
hedonist,llama,Llama-3.3-70B,grounded_social,0,5,5,-0.42707910574467406,0.8107831137887601,-0.37996676108858646,26.0,82.36363636363636,27.818181818181817
hermit,llama,Llama-3.3-70B,mythic_spiritual,5,6,0,-2.1849518574629743,0.7072980016364135,-0.7964331146854308,7.454545454545454,79.0909090909091,14.0
historian,llama,Llama-3.3-70B,procedural_professional,4,0,1,0.08916697960603454,-0.7263363308604898,0.20391941283430715,36.54545454545455,30.727272727272727,62.0
hive,llama,Llama-3.3-70B,procedural_professional,1,0,2,-0.8601345434472684,-0.9433784453219668,0.8260004040699903,19.454545454545453,13.636363636363637,95.0909090909091
hoarder,llama,Llama-3.3-70B,other,3,5,6,0.919687390571511,2.220413934152116,0.5923235860559479,85.63636363636364,95.45454545454545,86.0
homunculus,llama,Llama-3.3-70B,mythic_spiritual,2,3,2,-2.1037063479803897,-0.04576459659496482,0.42367205055694424,8.545454545454545,57.27272727272727,75.81818181818181
hybrid,llama,Llama-3.3-70B,procedural_professional,4,6,1,-0.36208238921671415,-0.6504503232217133,-0.4097182312738959,26.727272727272727,35.45454545454545,25.636363636363637
idealist,llama,Llama-3.3-70B,procedural_professional,0,6,0,-0.3117380536182839,-0.29660540174000866,-1.2553042913048924,27.818181818181817,50.0,2.0
immigrant,llama,Llama-3.3-70B,grounded_social,0,4,0,0.5420323062201673,0.14671926236197735,-0.9626155572357901,58.72727272727273,63.09090909090909,9.636363636363637
improviser,llama,Llama-3.3-70B,grounded_social,3,4,4,0.6777081587366539,1.5038448879968045,-0.6024134733832347,64.54545454545455,90.72727272727273,19.818181818181817
infant,llama,Llama-3.3-70B,other,6,2,3,1.2103539635438902,3.980472439315323,4.310782690030136,94.72727272727273,99.0909090909091,99.81818181818181
influencer,llama,Llama-3.3-70B,combative_iconoclast,0,4,4,1.2057870114334974,0.29346472833160175,-0.5904225004288421,94.36363636363636,70.36363636363636,20.90909090909091
instructor,llama,Llama-3.3-70B,procedural_professional,1,0,1,0.9178372908540942,-0.9079957132420768,0.4470572196710177,84.9090909090909,15.818181818181818,79.0909090909091
interpreter,llama,Llama-3.3-70B,procedural_professional,4,0,1,0.3590844368344528,-1.0223631684917889,0.09258717441264784,49.63636363636363,7.818181818181818,54.0
interviewer,llama,Llama-3.3-70B,editorial,4,0,1,0.8951785913439971,-0.06780466289436379,0.14466907868092563,82.0,56.90909090909091,57.27272727272727
jester,llama,Llama-3.3-70B,trickster_chaos,3,5,5,-0.48222728808196036,2.010214305709162,0.7014633073256862,24.545454545454547,93.27272727272727,90.0
journalist,llama,Llama-3.3-70B,procedural_professional,4,0,1,0.7604009361383077,-0.5978538053833656,0.06780358284058668,69.27272727272727,39.09090909090909,51.09090909090909
judge,llama,Llama-3.3-70B,procedural_professional,1,0,1,0.262872719144445,-0.858598615915579,0.2735582234853439,45.63636363636363,18.727272727272727,66.0
lawyer,llama,Llama-3.3-70B,procedural_professional,1,0,1,0.7183222665633279,-0.8182821049183625,0.4385637670456507,67.81818181818181,21.636363636363637,78.36363636363636
leviathan,llama,Llama-3.3-70B,mythic_spiritual,2,3,2,-3.200904378062875,0.8226294833139786,1.0536405444591597,0.5454545454545454,83.45454545454545,97.27272727272727
librarian,llama,Llama-3.3-70B,procedural_professional,1,0,1,0.6322961435067195,-0.7188366463069364,0.3721300275371426,61.63636363636363,31.818181818181817,70.72727272727273
linguist,llama,Llama-3.3-70B,procedural_professional,1,0,1,0.47626834097712173,-0.7462273754638016,0.47830647764421497,56.90909090909091,28.545454545454547,80.9090909090909
loner,llama,Llama-3.3-70B,grounded_social,0,4,5,0.13185415847022325,0.7866358577746402,-0.4175578320921918,38.36363636363637,81.27272727272727,24.545454545454547
luddite,llama,Llama-3.3-70B,grounded_social,3,5,4,-0.11008211767404098,2.1478104821800414,-0.6759811370144614,32.90909090909091,94.72727272727273,18.0
marketer,llama,Llama-3.3-70B,procedural_professional,1,0,1,0.9394540343085179,-0.7874048295257448,0.28338092792035324,87.81818181818181,24.90909090909091,66.72727272727273
martyr,llama,Llama-3.3-70B,mythic_spiritual,5,6,0,-1.1105974651859898,0.4398182201495889,-1.0593111043593357,17.636363636363637,72.54545454545455,6.363636363636363
mathematician,llama,Llama-3.3-70B,procedural_professional,1,0,1,0.22978510623437098,-0.6777488372413534,0.7443102873432462,43.09090909090909,33.63636363636363,92.9090909090909
maverick,llama,Llama-3.3-70B,combative_iconoclast,0,5,5,0.17332629329718535,0.6628991496100823,-0.668681314564976,39.09090909090909,78.72727272727273,18.363636363636363
mechanic,llama,Llama-3.3-70B,procedural_professional,3,1,4,1.2485024962808833,0.8604850400816793,-0.1840493054487054,95.81818181818181,83.81818181818181,33.63636363636363
mediator,llama,Llama-3.3-70B,procedural_professional,4,0,1,0.6825061058134733,-0.9949020905650724,-0.051816316704362174,65.27272727272727,10.0,42.72727272727273
mentor,llama,Llama-3.3-70B,procedural_professional,4,0,1,0.8087782559756803,-0.8783038306796384,-0.0160239000639429,75.0909090909091,16.90909090909091,44.90909090909091
merchant,llama,Llama-3.3-70B,procedural_professional,4,0,1,0.39140156692348244,-0.3775837805913264,-0.0538095255259503,51.45454545454545,46.72727272727273,42.0
minimalist,llama,Llama-3.3-70B,procedural_professional,0,4,0,0.21139465330081192,0.13000664892381572,-1.1043408066155742,42.0,62.72727272727273,4.545454545454546
moderator,llama,Llama-3.3-70B,procedural_professional,4,0,1,0.8084458235025062,-0.8402810815375172,0.06864614833443027,74.72727272727273,19.454545454545453,51.45454545454545
musician,llama,Llama-3.3-70B,grounded_social,0,4,5,-0.4438545708386005,0.2767636242169758,-0.6515471835793276,25.272727272727273,68.9090909090909,19.09090909090909
mycorrhizal,llama,Llama-3.3-70B,mythic_spiritual,2,3,2,-1.673560025003502,-0.32229587365916496,0.4247753906487902,12.545454545454545,48.90909090909091,76.18181818181819
mystic,llama,Llama-3.3-70B,mythic_spiritual,5,6,0,-2.7115588191399262,-0.24767387386097275,-0.8890937790040057,2.727272727272727,52.18181818181818,11.818181818181818
narcissist,llama,Llama-3.3-70B,grounded_social,3,5,5,0.19779526504588418,1.5675225599352587,-0.0060476087084914915,41.27272727272727,91.0909090909091,46.0
narrator,llama,Llama-3.3-70B,mythic_spiritual,5,3,0,-1.4467251299128632,0.2021074975483127,-0.40660354402053683,14.363636363636363,65.63636363636364,26.0
naturalist,llama,Llama-3.3-70B,procedural_professional,4,0,1,-0.34992986261584225,-0.5554020600354432,-0.0959713491899523,27.09090909090909,41.63636363636363,39.81818181818182
navigator,llama,Llama-3.3-70B,procedural_professional,4,0,1,0.41921331300482245,-0.711061835659389,0.16313812192180183,52.90909090909091,32.18181818181818,58.0
negotiator,llama,Llama-3.3-70B,procedural_professional,4,0,1,0.7011329498092008,-1.0781285366630566,0.07687314630209605,67.0909090909091,4.545454545454546,52.90909090909091
networker,llama,Llama-3.3-70B,procedural_professional,4,0,1,0.844608579781364,-0.6631298080436556,-0.19694528514454007,76.54545454545455,34.36363636363637,32.90909090909091
newlywed,llama,Llama-3.3-70B,grounded_social,0,4,4,1.3518670990134445,0.5433456973804494,-0.9046264754858735,98.0,76.18181818181819,11.454545454545455
nomad,llama,Llama-3.3-70B,grounded_social,0,4,0,-0.40512059091608404,0.461451012806302,-0.8363762508504952,26.363636363636363,74.36363636363636,12.909090909090908
novelist,llama,Llama-3.3-70B,grounded_social,5,0,5,-0.6384464958392302,-0.2249262292715192,-0.402195710623457,22.363636363636363,53.63636363636363,26.727272727272727
nutritionist,llama,Llama-3.3-70B,editorial,1,0,1,0.8934720585824184,-0.6026521760589971,0.19474667346708988,81.63636363636364,38.72727272727273,60.54545454545455
observer,llama,Llama-3.3-70B,procedural_professional,1,0,1,0.3985878704645233,-0.9583995220210212,0.4018253807364914,51.81818181818182,13.272727272727273,74.72727272727273
optimist,llama,Llama-3.3-70B,grounded_social,0,4,0,0.6433401637883941,-0.12162182515341259,-1.0052631791237956,63.09090909090909,55.45454545454545,8.181818181818182
oracle,llama,Llama-3.3-70B,mythic_spiritual,2,3,2,-2.822039490702136,-0.01494362044955212,0.19839523422098138,1.6363636363636365,58.36363636363637,60.90909090909091
organizer,llama,Llama-3.3-70B,procedural_professional,1,0,1,0.8981412993484194,-1.0343365479549347,0.5123056779423145,82.72727272727273,7.454545454545454,81.63636363636364
orphan,llama,Llama-3.3-70B,grounded_social,0,4,4,1.0994778915476393,1.1971006950992886,-1.2768844167916917,92.54545454545455,86.72727272727273,1.6363636363636365
pacifist,llama,Llama-3.3-70B,procedural_professional,0,6,0,-0.13978690240747252,-0.6627667877999862,-1.1324525268630992,32.18181818181818,34.72727272727273,3.4545454545454546
paramedic,llama,Llama-3.3-70B,procedural_professional,4,0,1,1.0467247844548935,-0.23956599401526726,-0.09675203672145102,91.45454545454545,52.54545454545455,39.45454545454545
parasite,llama,Llama-3.3-70B,mythic_spiritual,2,1,2,-0.6109769997930244,0.2524955422074057,0.7242113572511505,22.727272727272727,67.81818181818181,91.81818181818181
parent,llama,Llama-3.3-70B,grounded_social,0,4,4,1.3168926239694103,0.5433554238677357,-0.7534805019315782,97.27272727272727,76.54545454545455,15.818181818181818
patient,llama,Llama-3.3-70B,grounded_social,0,4,4,1.3418099740358338,0.8057653370931848,-0.6817275803934391,97.63636363636364,81.63636363636364,17.636363636363637
peacekeeper,llama,Llama-3.3-70B,procedural_professional,4,0,1,0.46875545953820585,-1.070200572532306,-0.32204502827773646,55.81818181818182,5.2727272727272725,30.727272727272727
perfectionist,llama,Llama-3.3-70B,procedural_professional,4,0,1,0.23942874486599539,-0.6094440272837935,0.1895899965527523,43.81818181818182,38.36363636363637,59.81818181818182
pharmacist,llama,Llama-3.3-70B,editorial,1,0,1,0.9047573367972896,-0.6455207826972095,0.2762487203344817,83.45454545454545,35.81818181818182,66.36363636363636
philosopher,llama,Llama-3.3-70B,procedural_professional,4,0,1,-0.8182147194182119,-0.9689170677437972,-0.189404102245718,19.818181818181817,12.181818181818182,33.27272727272727
photographer,llama,Llama-3.3-70B,grounded_social,0,4,5,-0.21450544374042552,0.053038510805421074,-0.5933287084097001,31.09090909090909,59.81818181818182,20.181818181818183
physicist,llama,Llama-3.3-70B,procedural_professional,1,0,1,0.10862470861511052,-0.7199254137908006,0.6366547517778427,37.27272727272727,31.454545454545453,87.45454545454545
pilgrim,llama,Llama-3.3-70B,mythic_spiritual,5,6,0,-2.4473115809912835,0.09012802631575227,-1.2996928220180073,5.2727272727272725,62.0,0.9090909090909091
pilot,llama,Llama-3.3-70B,procedural_professional,4,0,1,0.8643321132859849,-0.3263791710408197,0.19206260896703314,78.72727272727273,48.54545454545455,60.18181818181818
pirate,llama,Llama-3.3-70B,trickster_chaos,3,1,6,0.2791085783067441,2.5367664094617384,0.35234388092814223,46.36363636363637,97.63636363636364,68.9090909090909
planner,llama,Llama-3.3-70B,procedural_professional,1,0,1,0.9607536059018317,-1.089593153342843,0.5491905593748888,89.27272727272727,3.8181818181818183,82.72727272727273
playwright,llama,Llama-3.3-70B,grounded_social,4,0,5,-0.08309703413444393,-0.08978148799252361,-0.331184869537421,33.27272727272727,56.18181818181818,30.0
podcaster,llama,Llama-3.3-70B,grounded_social,0,4,0,0.586787295939923,-0.016548965404055295,-0.8109575365579171,60.18181818181818,58.0,13.636363636363637
poet,llama,Llama-3.3-70B,mythic_spiritual,2,3,2,-2.5676636713646217,0.6377312290542204,-0.06727328786802994,4.909090909090909,78.0,41.27272727272727
polymath,llama,Llama-3.3-70B,procedural_professional,1,0,1,0.1784417218607742,-1.1054592147979805,0.501190994055773,39.81818181818182,2.727272727272727,81.27272727272727
pragmatist,llama,Llama-3.3-70B,procedural_professional,4,0,1,1.0867298545844155,-0.42428464096230173,0.14395819373322394,92.18181818181819,46.36363636363637,56.90909090909091
predator,llama,Llama-3.3-70B,mythic_spiritual,2,1,2,-0.7663129188031811,0.48847083470303954,0.8804041169770016,20.90909090909091,75.0909090909091,95.81818181818181
presenter,llama,Llama-3.3-70B,procedural_professional,4,0,1,0.8505968356812577,-0.5475923349305141,0.045471034626508824,76.9090909090909,42.0,49.27272727272727
prey,llama,Llama-3.3-70B,grounded_social,3,1,5,0.2309211382269961,1.4482476683924606,0.9526868928672996,43.45454545454545,90.36363636363636,96.54545454545455
prisoner,llama,Llama-3.3-70B,grounded_social,3,1,4,1.2442372455797812,2.3929249893196447,-1.0389596982045857,95.0909090909091,96.54545454545455,7.090909090909091
procrastinator,llama,Llama-3.3-70B,other,3,5,6,1.899557236752291,2.745367830638146,0.7022722059835314,99.0909090909091,98.36363636363636,90.36363636363636
prodigy,llama,Llama-3.3-70B,procedural_professional,1,0,1,0.1910900540346824,-0.9621624206100121,0.370443933162485,40.54545454545455,12.909090909090908,70.0
producer,llama,Llama-3.3-70B,procedural_professional,4,0,1,0.8850411175697214,-0.7458913063524815,0.0740368446089317,80.54545454545455,28.90909090909091,52.18181818181818
programmer,llama,Llama-3.3-70B,procedural_professional,1,0,1,0.7890852679305317,-0.6384174687663667,0.4507467297047625,72.54545454545455,36.18181818181818,79.45454545454545
proofreader,llama,Llama-3.3-70B,editorial,1,0,1,0.701866985933012,-0.6103416456386265,0.425601703455048,67.45454545454545,38.0,76.54545454545455
prophet,llama,Llama-3.3-70B,mythic_spiritual,5,3,2,-2.568229960078694,0.16421208747299343,-0.37336223518386896,4.545454545454546,64.9090909090909,28.181818181818183
provincial,llama,Llama-3.3-70B,grounded_social,3,1,4,0.9157256784074753,2.347204317069378,-0.7818088777455199,84.54545454545455,96.18181818181819,14.363636363636363
provocateur,llama,Llama-3.3-70B,combative_iconoclast,0,5,5,-0.2636962892049277,1.3258073231162713,-0.49682990555403006,29.272727272727273,88.9090909090909,23.09090909090909
psychologist,llama,Llama-3.3-70B,procedural_professional,1,0,1,0.7629336787738701,-0.9982989404718607,0.4420205084721709,70.0,9.272727272727273,78.72727272727273
publisher,llama,Llama-3.3-70B,procedural_professional,4,0,1,0.7864868136746002,-0.7816166457995075,0.09080614828760115,71.45454545454545,25.636363636363637,53.27272727272727
purist,llama,Llama-3.3-70B,procedural_professional,5,5,5,-0.7562147016308336,0.1605169982889,-0.41719478965117585,21.272727272727273,64.54545454545455,25.272727272727273
realist,llama,Llama-3.3-70B,procedural_professional,4,0,1,0.8125115666641062,-0.3351656308890893,0.09989753814041201,75.45454545454545,48.18181818181818,54.72727272727273
rebel,llama,Llama-3.3-70B,combative_iconoclast,0,5,4,0.09771756074061819,1.2663487141652137,-1.1169907506665246,36.90909090909091,87.81818181818181,4.181818181818182
recruiter,llama,Llama-3.3-70B,procedural_professional,4,0,1,0.9847410744032482,-0.7560903670697576,0.12962814312597992,90.0,27.818181818181817,55.81818181818182
refugee,llama,Llama-3.3-70B,grounded_social,0,4,4,0.6944253471549716,0.5811429707231176,-1.0662308492346966,66.0,76.9090909090909,5.636363636363637
reporter,llama,Llama-3.3-70B,procedural_professional,4,0,1,0.7868958382748105,-0.49011844039681185,-0.14124992568661696,72.18181818181819,43.45454545454545,36.54545454545455
researcher,llama,Llama-3.3-70B,procedural_professional,1,0,1,0.766652456213597,-1.0896065876984684,0.6199865146742044,70.72727272727273,3.4545454545454546,87.0909090909091
retiree,llama,Llama-3.3-70B,grounded_social,0,4,4,0.8995617443867742,0.639587900290909,-1.0598460019319191,83.0909090909091,78.36363636363636,6.0
revenant,llama,Llama-3.3-70B,mythic_spiritual,2,3,2,-2.2687709150143633,0.5876980832594031,0.21983493149071376,6.7272727272727275,77.27272727272727,64.18181818181819
reviewer,llama,Llama-3.3-70B,procedural_professional,1,0,1,0.7584117623595173,-1.1463875555507466,0.5718922460177681,68.9090909090909,1.6363636363636365,83.45454545454545
revolutionary,llama,Llama-3.3-70B,combative_iconoclast,0,5,0,-0.23445591755959638,0.4673052603032264,-1.119943634699157,30.363636363636363,74.72727272727273,3.8181818181818183
robot,llama,Llama-3.3-70B,procedural_professional,1,0,2,0.3628626848662098,-0.6985602342629683,1.6515157160248473,50.0,32.90909090909091,98.72727272727273
rogue,llama,Llama-3.3-70B,trickster_chaos,3,1,5,-0.2290635394376831,1.4424996149794485,0.1868552888267977,30.727272727272727,90.0,59.45454545454545
romantic,llama,Llama-3.3-70B,grounded_social,5,6,0,-1.3882645681291366,0.31975592524003366,-1.3834989257268178,15.090909090909092,71.45454545454545,0.5454545454545454
saboteur,llama,Llama-3.3-70B,combative_iconoclast,1,1,5,0.05779251094348212,0.1505374450229692,0.5570387940747432,36.18181818181818,63.81818181818182,83.0909090909091
sage,llama,Llama-3.3-70B,mythic_spiritual,5,6,0,-1.8113073631674463,-0.5055546527790614,-0.7349640580751275,11.818181818181818,43.09090909090909,16.545454545454547
scheduler,llama,Llama-3.3-70B,procedural_professional,1,0,1,0.9089764647146341,-0.8477510226249483,0.4268124598838293,83.81818181818181,19.09090909090909,76.9090909090909
scholar,llama,Llama-3.3-70B,procedural_professional,1,0,1,0.026057791812384795,-1.0653362167642202,0.3948317599393527,35.81818181818182,5.636363636363637,74.0
scientist,llama,Llama-3.3-70B,procedural_professional,1,0,1,0.6818080565212883,-0.9747479051449147,0.7190257337021763,64.9090909090909,11.454545454545455,91.0909090909091
scout,llama,Llama-3.3-70B,procedural_professional,4,0,1,0.45156112450876695,-0.4559724772152148,0.15053829996632298,54.0,44.54545454545455,57.63636363636363
screener,llama,Llama-3.3-70B,editorial,1,0,1,0.9234265947958271,-0.8698261491962481,0.5753129342295621,86.0,17.636363636363637,83.81818181818181
secretary,llama,Llama-3.3-70B,editorial,1,0,1,1.016218953085317,-0.70218079490809,0.3880758723487285,90.36363636363636,32.54545454545455,73.63636363636364
shaman,llama,Llama-3.3-70B,mythic_spiritual,5,6,0,-2.381243922390056,0.058824884752048744,-1.0246863270432685,6.0,60.54545454545455,7.818181818181818
shapeshifter,llama,Llama-3.3-70B,grounded_social,4,3,2,-0.7870718183429786,-0.0780761907913362,0.12109934605383221,20.545454545454547,56.54545454545455,55.45454545454545
simulacrum,llama,Llama-3.3-70B,mythic_spiritual,2,5,2,-1.2715545922887717,-0.12262189087852013,0.09131502897323303,16.181818181818183,55.09090909090909,53.63636363636363
skeptic,llama,Llama-3.3-70B,procedural_professional,1,0,1,0.5502915325682404,-0.5851766286637614,0.4747122714108733,59.09090909090909,39.81818181818182,80.18181818181819
smuggler,llama,Llama-3.3-70B,grounded_social,3,1,6,0.8064313526287701,2.098854097604951,0.09905255800160798,74.36363636363636,94.36363636363636,54.36363636363637
sociologist,llama,Llama-3.3-70B,procedural_professional,4,0,1,0.6396254473351395,-1.0985776164460335,0.058862336481542044,62.36363636363637,3.090909090909091,50.36363636363637
soldier,llama,Llama-3.3-70B,grounded_social,3,1,4,0.8150330512867641,0.8127110329901192,-0.023085884509579917,75.81818181818181,82.72727272727273,44.18181818181818
sommelier,llama,Llama-3.3-70B,procedural_professional,4,0,1,-0.07541726647575542,-0.25753380245367674,0.06639975223583125,33.63636363636363,51.45454545454545,50.72727272727273
specialist,llama,Llama-3.3-70B,procedural_professional,1,0,1,0.5266813889449319,-0.9722549952683573,0.6569573464582507,58.0,11.818181818181818,87.81818181818181
spirit,llama,Llama-3.3-70B,mythic_spiritual,5,6,2,-2.6647701508269934,-0.47263151285888033,-0.3319378063592512,3.4545454545454546,43.81818181818182,29.636363636363637
spy,llama,Llama-3.3-70B,procedural_professional,4,1,5,0.2511009282071196,0.21974314303585374,0.4366539697436305,44.90909090909091,66.36363636363636,78.0
statistician,llama,Llama-3.3-70B,procedural_professional,1,0,1,0.7913714429362315,-0.7272998250038999,0.8280778288884265,73.27272727272727,30.363636363636363,95.45454545454545
stoic,llama,Llama-3.3-70B,mythic_spiritual,5,6,0,-1.391522874322296,-0.2973846652652452,-0.3400719174645042,14.727272727272727,49.63636363636363,28.90909090909091
strategist,llama,Llama-3.3-70B,procedural_professional,1,0,1,0.7412753242706491,-1.2333841720298087,0.5934486698964851,68.54545454545455,0.5454545454545454,86.36363636363636
student,llama,Llama-3.3-70B,editorial,4,4,1,1.2713652506517277,0.05328257235377233,-0.24050667410238913,96.54545454545455,60.18181818181818,32.18181818181818
summarizer,llama,Llama-3.3-70B,editorial,1,0,1,0.9498649450114008,-0.8316772704655753,0.67347091336274,88.54545454545455,20.181818181818183,88.18181818181819
supervisor,llama,Llama-3.3-70B,editorial,1,0,1,1.043339039047792,-0.9240305226004057,0.2176857118877774,91.0909090909091,14.0,63.81818181818182
surfer,llama,Llama-3.3-70B,grounded_social,3,1,4,0.5207842103753048,2.076254265326652,-0.9268524670231267,57.27272727272727,94.0,10.727272727272727
survivor,llama,Llama-3.3-70B,grounded_social,0,4,0,0.26798673852424976,0.2286740752196283,-1.2264949970788948,46.0,67.0909090909091,2.3636363636363638
swarm,llama,Llama-3.3-70B,procedural_professional,2,3,2,-1.102722458045038,-0.7798134090172322,0.8163977256956109,18.0,26.363636363636363,94.72727272727273
symbiont,llama,Llama-3.3-70B,procedural_professional,4,0,1,-0.29375004489091716,-0.9054232512098623,0.20820996278791634,28.545454545454547,16.181818181818183,62.72727272727273
synthesizer,llama,Llama-3.3-70B,procedural_professional,1,0,1,0.14997353939269564,-1.0528981226960126,0.4304570723953334,38.72727272727273,6.0,77.63636363636364
teacher,llama,Llama-3.3-70B,procedural_professional,1,0,1,0.8765892058384132,-0.7801741406211554,0.182177091161293,79.81818181818181,26.0,59.09090909090909
technologist,llama,Llama-3.3-70B,procedural_professional,1,0,1,0.6943831808564391,-0.7900674576722708,0.29329878853550856,65.63636363636364,24.545454545454547,67.45454545454545
teenager,llama,Llama-3.3-70B,other,3,4,4,2.22202539238409,2.401845206874844,-0.7609850344298902,99.81818181818181,96.9090909090909,15.454545454545455
theorist,llama,Llama-3.3-70B,procedural_professional,1,0,1,0.02378936689374475,-1.2973626408857224,0.6849215487593883,35.45454545454545,0.18181818181818182,89.27272727272727
therapist,llama,Llama-3.3-70B,procedural_professional,4,0,1,0.6364556628031153,-0.8219743857387587,-0.33666008889488214,62.0,21.272727272727273,29.272727272727273
toddler,llama,Llama-3.3-70B,other,6,2,3,1.7128329215043065,4.1985960682892305,3.0698206647268926,98.72727272727273,99.45454545454545,99.0909090909091
traditionalist,llama,Llama-3.3-70B,procedural_professional,0,4,5,-0.4813754114424658,0.07812248354537354,-0.6226644274270595,24.90909090909091,61.27272727272727,19.454545454545453
trainer,llama,Llama-3.3-70B,procedural_professional,1,0,1,0.9668183312652912,-0.9137608050165409,0.3735874043181218,89.63636363636364,14.727272727272727,71.45454545454545
translator,llama,Llama-3.3-70B,editorial,4,0,1,0.3338519485007581,-0.7769729223655814,0.11470301181209742,49.27272727272727,27.454545454545453,55.09090909090909
tree,llama,Llama-3.3-70B,mythic_spiritual,2,3,2,-2.5688361187673427,0.2719175902623813,0.23691893057165536,4.181818181818182,68.54545454545455,64.9090909090909
trickster,llama,Llama-3.3-70B,trickster_chaos,3,5,5,-0.7952892500600517,1.2672734837761925,0.0018877280282591608,20.181818181818183,88.18181818181819,47.09090909090909
tulpa,llama,Llama-3.3-70B,grounded_social,4,0,1,-0.34117690786806343,-0.24991807487769255,0.01851949775678606,27.454545454545453,51.81818181818182,47.81818181818182
tutor,llama,Llama-3.3-70B,procedural_professional,1,0,1,0.9347978589552709,-0.6759818546363529,0.26326133352843817,87.45454545454545,34.0,65.27272727272727
validator,llama,Llama-3.3-70B,procedural_professional,1,0,1,0.7624036921927764,-1.0020547856409816,0.6825754708044183,69.63636363636364,8.909090909090908,88.9090909090909
vampire,llama,Llama-3.3-70B,mythic_spiritual,2,3,2,-2.083335757763289,0.9944264511507122,0.6897912991513949,8.909090909090908,85.27272727272727,89.63636363636364
vegan,llama,Llama-3.3-70B,procedural_professional,0,4,0,0.6399741281257354,-0.001738984399619784,-0.9895014414945202,62.72727272727273,58.72727272727273,8.909090909090908
veteran,llama,Llama-3.3-70B,grounded_social,0,1,4,1.111791109104369,0.9229138987375238,-0.507495082569091,92.9090909090909,84.18181818181819,22.363636363636363
veterinarian,llama,Llama-3.3-70B,procedural_professional,4,0,1,0.8599401388920804,-0.4448734468750643,0.008204260591990403,78.36363636363636,45.63636363636363,47.45454545454545
vigilante,llama,Llama-3.3-70B,grounded_social,0,1,5,0.2993619930385964,1.0887269806789097,-0.4065181558392979,47.45454545454545,86.0,26.363636363636363
virtuoso,llama,Llama-3.3-70B,procedural_professional,4,0,1,-0.5630374929173246,-0.5722166250458847,-0.15145709336067203,24.181818181818183,40.54545454545455,36.18181818181818
virus,llama,Llama-3.3-70B,mythic_spiritual,1,0,2,-0.28802317692026164,-0.3189061248874948,0.9357030675748875,28.90909090909091,49.27272727272727,96.18181818181819
visionary,llama,Llama-3.3-70B,procedural_professional,4,0,1,-0.12165117449542387,-0.8263392769081875,-0.29649214780673,32.54545454545455,20.545454545454547,31.09090909090909
void,llama,Llama-3.3-70B,mythic_spiritual,2,3,2,-3.134219320565502,0.8168691038931732,1.5185629484441514,1.2727272727272727,83.0909090909091,98.36363636363636
wanderer,llama,Llama-3.3-70B,mythic_spiritual,5,6,0,-1.0688623310625196,0.12892021505876547,-0.9427487147380885,18.363636363636363,62.36363636363637,10.0
warrior,llama,Llama-3.3-70B,mythic_spiritual,5,1,5,-0.9784096554262036,0.6362620166938159,-0.15831161031044014,18.727272727272727,77.63636363636364,35.81818181818182
whale,llama,Llama-3.3-70B,mythic_spiritual,2,3,2,-1.9442919889936996,0.15688971866482626,0.2727659246121404,10.727272727272727,64.18181818181819,65.63636363636364
widow,llama,Llama-3.3-70B,grounded_social,0,4,4,0.44306616731711473,0.7299108489500635,-1.278335718388978,53.27272727272727,79.81818181818181,1.2727272727272727
wind,llama,Llama-3.3-70B,mythic_spiritual,2,3,2,-2.0584191238755323,0.19209685176900343,-0.05615559041563011,9.272727272727273,65.27272727272727,41.63636363636363
witch,llama,Llama-3.3-70B,mythic_spiritual,2,3,2,-2.702786328979452,0.1467757634829082,0.05254857343091669,3.090909090909091,63.45454545454545,50.0
witness,llama,Llama-3.3-70B,procedural_professional,4,0,1,0.5253109231586105,-0.45193244936151256,-0.18279125314246245,57.63636363636363,44.90909090909091,34.36363636363637
workaholic,llama,Llama-3.3-70B,combative_iconoclast,3,5,6,1.2458668545046103,1.5722295451343193,0.41817103210789736,95.45454545454545,91.45454545454545,75.45454545454545
wraith,llama,Llama-3.3-70B,mythic_spiritual,2,3,2,-3.1677992468746177,0.279824709401866,0.5763771854967772,0.9090909090909091,69.27272727272727,84.18181818181819
writer,llama,Llama-3.3-70B,procedural_professional,4,0,1,-0.263003216941536,-0.4605965530817167,-0.18325469972015118,29.636363636363637,44.18181818181818,34.0
zealot,llama,Llama-3.3-70B,mythic_spiritual,5,5,5,-1.283080304255056,1.6183233713712926,-0.17178833363621657,15.818181818181818,91.81818181818181,35.09090909090909
zeitgeist,llama,Llama-3.3-70B,procedural_professional,4,0,1,-0.7114930193388955,-0.6543472496887659,-0.08099240269301497,21.636363636363637,35.09090909090909,40.54545454545455
aberration,gemma,Gemma-2-27B,mythic_spiritual,1,3,2,-972.3358057845127,-139.63334567463872,594.1401171250332,3.4545454545454546,45.27272727272727,97.63636363636364
absurdist,gemma,Gemma-2-27B,trickster_chaos,2,4,1,-607.6843271950122,419.70760407407886,602.6499726638472,17.636363636363637,83.45454545454545,98.0
accountant,gemma,Gemma-2-27B,editorial,5,0,0,625.1319121090038,-96.0661988854831,100.0269873046218,92.54545454545455,54.72727272727273,70.36363636363636
activist,gemma,Gemma-2-27B,procedural_professional,0,1,0,319.03159815207107,-37.577301977684165,-42.021432710737066,64.54545454545455,62.72727272727273,45.27272727272727
actor,gemma,Gemma-2-27B,grounded_social,4,1,1,-275.7830245160069,247.03600594376465,21.534964814568,30.363636363636363,78.36363636363636,58.0
addict,gemma,Gemma-2-27B,grounded_social,4,1,3,-55.17583516866713,518.8212767626413,-76.41091305979106,41.63636363636363,88.18181818181819,35.81818181818182
adolescent,gemma,Gemma-2-27B,other,4,4,6,224.3225764009937,1208.3327793403175,-123.33158685252239,58.72727272727273,98.72727272727273,30.0
advocate,gemma,Gemma-2-27B,procedural_professional,0,1,0,280.5772768856858,-176.6007225567455,-57.316390193059924,62.72727272727273,38.36363636363637,38.72727272727273
alien,gemma,Gemma-2-27B,mythic_spiritual,1,3,2,-478.36745081210773,-273.1319109179264,315.9293494193318,20.90909090909091,21.272727272727273,90.72727272727273
altruist,gemma,Gemma-2-27B,procedural_professional,0,1,0,282.0091049420599,-124.4599398496808,-114.25129546089363,63.09090909090909,48.90909090909091,31.454545454545453
amateur,gemma,Gemma-2-27B,grounded_social,4,1,3,235.94905765245278,690.7321138159583,-353.818447975821,59.45454545454545,93.63636363636364,4.545454545454546
ambassador,gemma,Gemma-2-27B,procedural_professional,5,0,0,438.23001079300644,-269.5487229537947,-37.226950007500285,72.18181818181819,22.363636363636363,46.72727272727273
amnesiac,gemma,Gemma-2-27B,grounded_social,4,1,3,-574.3606387712998,263.37124692470354,-180.9814380093703,19.09090909090909,79.45454545454545,21.272727272727273
analyst,gemma,Gemma-2-27B,procedural_professional,5,0,0,645.1758692269093,-293.78463299707664,50.993518571185064,94.36363636363636,16.90909090909091,62.72727272727273
anarchist,gemma,Gemma-2-27B,procedural_professional,5,1,0,29.5289151721929,-61.54257333026479,157.0204476411293,46.72727272727273,59.09090909090909,79.0909090909091
ancient,gemma,Gemma-2-27B,mythic_spiritual,3,2,2,-856.4458038090029,-439.95255236521984,47.809486847883186,8.909090909090908,6.0,62.0
angel,gemma,Gemma-2-27B,mythic_spiritual,3,2,5,-516.8786250446841,-509.4744772344025,-281.5699979218585,20.545454545454547,1.6363636363636365,8.909090909090908
anthropologist,gemma,Gemma-2-27B,procedural_professional,5,0,0,412.4593290717189,-285.5978541905675,-27.406951025468715,70.0,17.636363636363637,48.18181818181818
archaeologist,gemma,Gemma-2-27B,procedural_professional,0,0,0,57.165886832121714,-152.31102423638364,11.170696137426793,49.63636363636363,42.36363636363637,54.72727272727273
architect,gemma,Gemma-2-27B,procedural_professional,5,0,0,456.7763741818842,-192.8347908375366,-39.75241433376666,74.0,34.36363636363637,46.36363636363637
archivist,gemma,Gemma-2-27B,procedural_professional,5,0,0,297.38188478213755,-208.19233836350654,59.27970065045276,63.45454545454545,31.818181818181817,64.18181818181819
artisan,gemma,Gemma-2-27B,grounded_social,3,2,0,-347.249676694346,-171.67435017334373,-213.99990438032296,26.727272727272727,38.72727272727273,16.181818181818183
ascetic,gemma,Gemma-2-27B,mythic_spiritual,3,2,2,-750.4923806259211,-409.97306793125455,72.36884260068699,11.090909090909092,8.545454545454545,66.0
assistant,gemma,Gemma-2-27B,procedural_professional,0,0,0,607.5056401840574,-88.46143920329095,-167.54376468877626,87.45454545454545,56.18181818181818,22.727272727272727
auctioneer,gemma,Gemma-2-27B,grounded_social,4,6,6,-44.432166570471836,744.3533075077096,17.889935414302943,42.36363636363637,94.36363636363636,57.27272727272727
auditor,gemma,Gemma-2-27B,procedural_professional,5,0,0,643.7426853047357,-183.77609125691617,155.02048178498117,94.0,36.90909090909091,78.0
avatar,gemma,Gemma-2-27B,mythic_spiritual,3,2,5,-667.9592397956025,-569.2482403079157,-136.10937038684204,14.363636363636363,0.18181818181818182,26.727272727272727
bard,gemma,Gemma-2-27B,mythic_spiritual,3,2,5,-860.6309901229462,-233.7832862440625,-286.2613558875519,8.181818181818182,28.181818181818183,8.545454545454545
bartender,gemma,Gemma-2-27B,grounded_social,4,1,3,79.04605376862332,603.1256137766062,-173.07291376905326,51.09090909090909,91.0909090909091,22.363636363636363
biologist,gemma,Gemma-2-27B,procedural_professional,5,0,0,414.50896141651384,-202.36401869772862,43.55624334901102,70.72727272727273,32.54545454545455,61.63636363636363
blogger,gemma,Gemma-2-27B,grounded_social,0,1,0,96.49561485819864,170.37937502694967,-140.68130453394602,51.45454545454545,76.18181818181819,26.0
bohemian,gemma,Gemma-2-27B,grounded_social,4,1,3,-628.5804158294222,295.4733350280624,-145.80392639647525,15.818181818181818,80.18181818181819,24.90909090909091
builder,gemma,Gemma-2-27B,procedural_professional,0,0,0,181.88567000443132,82.59213835133271,-106.99998294220066,55.81818181818182,71.81818181818181,32.54545454545455
caregiver,gemma,Gemma-2-27B,grounded_social,0,1,0,310.44845919492155,35.00917126277046,-508.3030462664969,64.18181818181819,67.81818181818181,2.0
cartographer,gemma,Gemma-2-27B,procedural_professional,5,0,0,259.89264555507077,-163.40457565602395,14.058212772968709,61.63636363636363,39.81818181818182,56.18181818181818
caveman,gemma,Gemma-2-27B,trickster_chaos,6,5,4,-1058.5279419259473,584.2059864514587,-1078.2301271249778,2.0,90.36363636363636,0.18181818181818182
celebrity,gemma,Gemma-2-27B,grounded_social,4,1,3,134.19088315359474,487.479161783266,1.0458796651820335,53.63636363636363,85.63636363636364,51.81818181818182
chameleon,gemma,Gemma-2-27B,grounded_social,0,1,0,-56.320116497289064,181.40050860800235,-129.96090800968958,41.27272727272727,76.9090909090909,28.545454545454547
chef,gemma,Gemma-2-27B,grounded_social,0,1,0,186.95287921737173,134.0613940696241,-112.16606759425206,56.18181818181818,74.36363636363636,31.818181818181817
chemist,gemma,Gemma-2-27B,procedural_professional,5,0,0,422.3683928584221,-69.15042100447805,139.12187690319948,71.45454545454545,58.36363636363637,76.18181818181819
chimera,gemma,Gemma-2-27B,mythic_spiritual,1,2,2,-725.2615113186122,-274.72018989778957,155.13388499781,13.636363636363637,20.90909090909091,78.36363636363636
coach,gemma,Gemma-2-27B,procedural_professional,0,0,0,611.3079728615423,-109.26280260968431,-229.16717725648866,88.9090909090909,51.81818181818182,14.363636363636363
collaborator,gemma,Gemma-2-27B,procedural_professional,0,0,0,654.3820659282678,-103.49943557368319,-210.47843211119513,94.72727272727273,53.27272727272727,16.545454545454547
collector,gemma,Gemma-2-27B,procedural_professional,5,0,0,123.11887070586052,-192.49822199055677,62.04807850776165,53.27272727272727,34.72727272727273,64.54545454545455
comedian,gemma,Gemma-2-27B,trickster_chaos,2,4,6,-89.17593814663492,1117.9809988693648,407.2235098776125,39.81818181818182,98.0,93.27272727272727
competitor,gemma,Gemma-2-27B,combative_iconoclast,2,6,1,54.71404188845303,664.3774109410741,538.278359342982,48.90909090909091,92.54545454545455,96.54545454545455
composer,gemma,Gemma-2-27B,procedural_professional,0,1,0,1.0692011338769458,-281.48812780374595,12.809970904318645,44.54545454545455,19.454545454545453,55.81818181818182
conservator,gemma,Gemma-2-27B,procedural_professional,5,0,0,340.0154930396854,-226.85419673989364,9.589942985231273,66.72727272727273,29.272727272727273,53.63636363636363
consultant,gemma,Gemma-2-27B,procedural_professional,5,0,0,654.9841933450714,-271.4879318355439,-33.560735457490395,95.45454545454545,21.636363636363637,47.45454545454545
contrarian,gemma,Gemma-2-27B,combative_iconoclast,2,4,1,15.889997229580358,251.6426086546946,500.3345163737069,46.0,78.72727272727273,96.18181818181819
coordinator,gemma,Gemma-2-27B,procedural_professional,5,0,0,614.2459331151882,-208.8154459280657,-46.28215387472929,89.63636363636364,31.454545454545453,43.45454545454545
coral_reef,gemma,Gemma-2-27B,mythic_spiritual,3,2,5,-746.831355026959,-318.5114497408107,-190.3068448974578,11.454545454545455,14.363636363636363,19.454545454545453
cosmopolitan,gemma,Gemma-2-27B,procedural_professional,0,1,0,34.24130613265079,-119.49020118509969,-51.79415871508283,47.81818181818182,50.0,41.27272727272727
counselor,gemma,Gemma-2-27B,procedural_professional,0,1,0,522.2890604911089,-110.89448501615652,-376.1372186086779,78.36363636363636,51.45454545454545,3.8181818181818183
criminal,gemma,Gemma-2-27B,grounded_social,4,6,6,-349.529425037885,938.0127106568833,97.3999771432545,26.0,97.27272727272727,70.0
critic,gemma,Gemma-2-27B,procedural_professional,5,0,0,258.21185838185073,-282.79909749168,158.75552609441348,61.27272727272727,19.09090909090909,79.45454545454545
crystalline,gemma,Gemma-2-27B,mythic_spiritual,1,3,2,-576.6130354602767,-472.1416198015103,254.57546019718197,18.363636363636363,3.090909090909091,86.36363636363636
curator,gemma,Gemma-2-27B,procedural_professional,0,0,0,245.89749829059954,-254.3513149088855,-58.533537686111195,60.54545454545455,24.181818181818183,37.63636363636363
cyborg,gemma,Gemma-2-27B,procedural_professional,5,0,0,173.41368168896827,-252.5977095970527,207.84314138791154,55.45454545454545,24.545454545454547,83.81818181818181
cynic,gemma,Gemma-2-27B,combative_iconoclast,2,4,1,-187.9224555435393,913.4270368184884,704.51636935717,34.72727272727273,96.18181818181819,99.0909090909091
daredevil,gemma,Gemma-2-27B,combative_iconoclast,2,6,6,-182.6954790930684,807.8324407978541,273.359396852165,35.45454545454545,95.45454545454545,87.81818181818181
debugger,gemma,Gemma-2-27B,procedural_professional,5,0,0,628.0428164309193,-157.85966875704207,74.08732798777126,92.9090909090909,40.90909090909091,66.72727272727273
demon,gemma,Gemma-2-27B,mythic_spiritual,1,3,2,-870.9837782550582,-19.180641615771815,538.8854240252095,7.454545454545454,64.18181818181819,96.9090909090909
designer,gemma,Gemma-2-27B,procedural_professional,5,0,0,500.44626941166257,-196.04264295724812,-43.21868467416889,77.27272727272727,33.63636363636363,44.54545454545455
destroyer,gemma,Gemma-2-27B,combative_iconoclast,1,3,1,15.883059042540962,-138.98482891947108,367.8352558402367,45.63636363636363,46.0,92.18181818181819
detective,gemma,Gemma-2-27B,procedural_professional,5,0,0,374.371096095057,-22.245878868442603,166.46594168629468,68.54545454545455,63.45454545454545,80.54545454545455
devils_advocate,gemma,Gemma-2-27B,combative_iconoclast,2,4,1,206.8501583209508,111.31691075883738,348.1882814094926,57.27272727272727,73.63636363636364,91.45454545454545
dilettante,gemma,Gemma-2-27B,grounded_social,2,4,1,-243.80042581266608,301.66542883491815,257.20897844715927,32.54545454545455,80.54545454545455,86.72727272727273
dispatcher,gemma,Gemma-2-27B,procedural_professional,5,0,0,540.4219540103477,31.195270328759072,63.1317875822433,81.63636363636364,67.45454545454545,64.9090909090909
divorcee,gemma,Gemma-2-27B,grounded_social,4,1,3,140.87431343477465,573.4712415874911,-153.54026247979374,54.0,89.27272727272727,23.818181818181817
doctor,gemma,Gemma-2-27B,procedural_professional,0,0,0,594.383955585702,-63.7097066743422,-116.58031571034316,86.36363636363636,58.72727272727273,31.09090909090909
dreamer,gemma,Gemma-2-27B,mythic_spiritual,3,2,2,-860.316986484941,-307.40356270310264,-53.04967207120046,8.545454545454545,14.727272727272727,40.54545454545455
echo,gemma,Gemma-2-27B,mythic_spiritual,3,2,2,-1032.733275424314,-430.9077075860277,-77.2255272624905,2.3636363636363638,6.7272727272727275,35.45454545454545
economist,gemma,Gemma-2-27B,procedural_professional,5,0,0,562.9074601760908,-162.2256239845496,128.8851031499642,83.0909090909091,40.18181818181818,74.72727272727273
ecosystem,gemma,Gemma-2-27B,procedural_professional,0,2,0,-137.23659509949258,-389.6573712035288,-199.8951946213244,37.27272727272727,9.636363636363637,17.636363636363637
editor,gemma,Gemma-2-27B,editorial,5,0,0,675.5948132951061,-138.10429583121967,20.648398161815404,97.63636363636364,47.09090909090909,57.63636363636363
egregore,gemma,Gemma-2-27B,mythic_spiritual,3,2,2,-427.9128246313719,-421.8526476700793,9.602013413800996,22.0,7.454545454545454,54.0
elder,gemma,Gemma-2-27B,mythic_spiritual,3,1,3,-456.4091411124714,43.83350746513708,-358.6443697890431,21.272727272727273,68.9090909090909,4.181818181818182
eldritch,gemma,Gemma-2-27B,mythic_spiritual,1,3,2,-1206.3418614073662,-539.0129380302981,308.20160309209575,0.5454545454545454,0.9090909090909091,90.0
emissary,gemma,Gemma-2-27B,procedural_professional,0,0,0,330.05094076986813,-410.06003970297775,-152.64202534972375,66.0,8.181818181818182,24.181818181818183
empath,gemma,Gemma-2-27B,grounded_social,0,1,0,-144.5124644650458,-117.20292678886113,-306.0485798461094,36.90909090909091,50.72727272727273,7.090909090909091
engineer,gemma,Gemma-2-27B,procedural_professional,5,0,0,617.3462248381292,-223.66969248337443,58.779295282115854,90.36363636363636,30.0,63.81818181818182
entrepreneur,gemma,Gemma-2-27B,procedural_professional,5,0,0,460.89337516041223,68.49037050258727,72.6209160293779,74.36363636363636,70.72727272727273,66.36363636363636
evaluator,gemma,Gemma-2-27B,procedural_professional,5,0,0,654.4972333508306,-297.1775322910257,30.331005652981197,95.0909090909091,16.181818181818183,59.45454545454545
evangelist,gemma,Gemma-2-27B,grounded_social,1,1,2,-402.40800564184735,-51.64164407404851,49.00723100852613,23.454545454545453,61.27272727272727,62.36363636363637
examiner,gemma,Gemma-2-27B,procedural_professional,5,0,0,698.9275169106461,-270.39992591947123,131.83810499630266,98.72727272727273,22.0,75.0909090909091
exile,gemma,Gemma-2-27B,mythic_spiritual,3,2,2,-744.5452236129564,3.0543060442219683,-125.95239864021757,12.181818181818182,66.0,29.636363636363637
expatriate,gemma,Gemma-2-27B,procedural_professional,0,1,0,197.64457183714669,200.38648508392362,-130.35413694883243,56.54545454545455,77.27272727272727,28.181818181818183
facilitator,gemma,Gemma-2-27B,procedural_professional,0,0,0,689.7321832361117,-193.1567362920373,-240.2040449085217,98.36363636363636,34.0,11.818181818181818
familiar,gemma,Gemma-2-27B,mythic_spiritual,3,2,5,-745.8698420056369,-447.7050125850367,-94.13172383721864,11.818181818181818,4.909090909090909,34.36363636363637
fixer,gemma,Gemma-2-27B,grounded_social,2,6,1,-26.030161707357408,461.89425460287754,315.0887190065027,43.09090909090909,84.18181818181819,90.36363636363636
flaneur,gemma,Gemma-2-27B,grounded_social,1,2,2,-640.968116575621,-55.16681255926023,168.67007624137298,15.090909090909092,59.45454545454545,80.9090909090909
fool,gemma,Gemma-2-27B,trickster_chaos,6,5,4,-571.841428878291,1180.4327754506505,-650.7254000821322,19.454545454545453,98.36363636363636,1.2727272727272727
forecaster,gemma,Gemma-2-27B,procedural_professional,5,0,0,530.4749684394966,-235.45568790755001,82.47814496271218,79.81818181818181,27.454545454545453,68.54545454545455
futurist,gemma,Gemma-2-27B,procedural_professional,5,0,0,399.4238162205254,-291.17265253276355,110.70495067977778,69.27272727272727,17.272727272727273,72.18181818181819
gamer,gemma,Gemma-2-27B,combative_iconoclast,2,6,1,100.49925201713897,581.3489123346467,199.55417296111156,51.81818181818182,90.0,82.36363636363636
generalist,gemma,Gemma-2-27B,procedural_professional,5,0,0,502.7965942502871,-240.59482069942055,-63.27738408183601,77.63636363636364,26.727272727272727,36.54545454545455
genie,gemma,Gemma-2-27B,trickster_chaos,1,3,2,-766.5011674240973,-1.4301770067029789,206.522597781166,10.363636363636363,65.63636363636364,83.45454545454545
geographer,gemma,Gemma-2-27B,procedural_professional,5,0,0,444.64935906527836,-189.16845819714436,-10.176323041267956,72.9090909090909,35.81818181818182,50.0
ghost,gemma,Gemma-2-27B,mythic_spiritual,3,2,2,-948.9769040341939,-283.3099733293021,-26.329685247462983,4.181818181818182,18.727272727272727,48.90909090909091
golem,gemma,Gemma-2-27B,mythic_spiritual,3,2,2,-983.5979422220965,-431.1813543410842,-119.17115376870481,3.090909090909091,6.363636363636363,30.727272727272727
gossip,gemma,Gemma-2-27B,trickster_chaos,2,4,6,-84.42771414310278,1022.1538756242459,299.2281353724363,40.54545454545455,97.63636363636364,89.27272727272727
grader,gemma,Gemma-2-27B,editorial,5,0,0,753.7689074898232,-153.4189381948527,55.47250787230002,99.81818181818181,41.63636363636363,63.45454545454545
graduate,gemma,Gemma-2-27B,grounded_social,4,1,3,329.14926847165447,499.6091967941466,-43.96841622674902,65.63636363636364,87.0909090909091,44.18181818181818
grandparent,gemma,Gemma-2-27B,grounded_social,6,1,3,-213.3185342795949,649.8611634964284,-495.4063217632377,34.0,91.81818181818181,2.727272727272727
guardian,gemma,Gemma-2-27B,procedural_professional,0,0,0,218.4828906401945,-240.86930693525778,-49.613260159076695,58.0,26.363636363636363,42.0
guide,gemma,Gemma-2-27B,procedural_professional,0,0,0,245.00349116888646,-146.9174754223274,-175.7832105834513,60.18181818181818,43.45454545454545,22.0
guru,gemma,Gemma-2-27B,mythic_spiritual,3,2,5,-613.327421332359,-451.88708403840695,-252.3377634283591,17.272727272727273,4.545454545454546,10.363636363636363
hacker,gemma,Gemma-2-27B,combative_iconoclast,2,6,1,-85.3601158690377,593.5197312616909,473.09422982662016,40.18181818181818,90.72727272727273,95.0909090909091
healer,gemma,Gemma-2-27B,procedural_professional,0,1,0,2.047166150631645,-395.2317799234222,-386.91263005062393,44.90909090909091,8.909090909090908,3.4545454545454546
hedonist,gemma,Gemma-2-27B,grounded_social,2,4,1,-284.9862722383963,269.5181363297068,287.3094307979626,29.272727272727273,79.81818181818181,88.9090909090909
hermit,gemma,Gemma-2-27B,mythic_spiritual,3,2,5,-925.0831687572914,-264.1822629937543,-246.87984252289496,5.2727272727272725,23.454545454545453,11.090909090909092
historian,gemma,Gemma-2-27B,procedural_professional,5,0,0,202.70489059116923,-181.64511361332137,137.95576684676126,56.90909090909091,37.63636363636363,75.45454545454545
hive,gemma,Gemma-2-27B,procedural_professional,1,3,2,-233.72789881183795,-468.4640078866051,190.3323913131162,33.27272727272727,3.4545454545454546,82.0
hoarder,gemma,Gemma-2-27B,other,4,4,6,-402.1504749568539,920.948814188023,-31.216806414132073,23.818181818181817,96.54545454545455,47.81818181818182
homunculus,gemma,Gemma-2-27B,mythic_spiritual,1,2,2,-726.6582603687752,-375.56485414299044,148.6786641803165,13.272727272727273,11.090909090909092,77.27272727272727
hybrid,gemma,Gemma-2-27B,procedural_professional,0,1,0,-51.07073842119492,-217.8227683796704,-133.5273336293784,42.0,31.09090909090909,27.09090909090909
idealist,gemma,Gemma-2-27B,procedural_professional,0,1,0,-108.51596600488091,-162.16734039776415,-52.36381133072632,38.36363636363637,40.54545454545455,40.90909090909091
immigrant,gemma,Gemma-2-27B,grounded_social,0,1,3,-149.76717095197938,89.02328629153212,-333.90456309210373,36.54545454545455,72.54545454545455,5.636363636363637
improviser,gemma,Gemma-2-27B,grounded_social,4,4,6,-127.6517613698378,718.1269011023971,-58.920280277607496,37.63636363636363,94.0,37.27272727272727
infant,gemma,Gemma-2-27B,other,6,5,4,-355.93783952212993,794.7046148583976,-788.2820864095323,25.636363636363637,95.0909090909091,0.9090909090909091
influencer,gemma,Gemma-2-27B,combative_iconoclast,4,1,3,367.73048699296345,486.79636741607794,-122.62424664956005,68.18181818181819,85.27272727272727,30.363636363636363
instructor,gemma,Gemma-2-27B,procedural_professional,0,0,0,568.2996246894356,-123.81950848550682,-192.01734712737178,83.45454545454545,49.27272727272727,19.09090909090909
interpreter,gemma,Gemma-2-27B,procedural_professional,0,0,0,410.00754182947935,-128.04996513704197,-180.4023424599799,69.63636363636364,48.18181818181818,21.636363636363637
interviewer,gemma,Gemma-2-27B,editorial,0,0,0,629.1075010621208,-29.460987940859795,-105.21923126394066,93.27272727272727,63.09090909090909,33.63636363636363
jester,gemma,Gemma-2-27B,trickster_chaos,2,4,1,-567.6095118799494,538.9946433966035,234.031358243676,19.818181818181817,88.9090909090909,85.63636363636364
journalist,gemma,Gemma-2-27B,procedural_professional,5,0,0,542.9125185961848,-165.94565740955545,81.40260612371274,82.0,39.45454545454545,68.18181818181819
judge,gemma,Gemma-2-27B,procedural_professional,5,0,0,466.79440661431505,-251.52305266800298,113.84566463468272,75.0909090909091,25.272727272727273,73.63636363636364
lawyer,gemma,Gemma-2-27B,procedural_professional,5,0,0,620.2512888561431,-146.02404962986975,151.8404350607905,90.72727272727273,44.18181818181818,77.63636363636364
leviathan,gemma,Gemma-2-27B,mythic_spiritual,3,2,2,-1214.5474112074885,-446.528365694751,14.083084150479957,0.18181818181818182,5.2727272727272725,56.54545454545455
librarian,gemma,Gemma-2-27B,procedural_professional,5,0,0,492.0887858696257,-124.7266663070606,1.9402692289871026,76.54545454545455,48.54545454545455,52.18181818181818
linguist,gemma,Gemma-2-27B,procedural_professional,5,0,0,524.9865817228961,-167.9753806705003,78.50637916313919,78.72727272727273,39.09090909090909,67.0909090909091
loner,gemma,Gemma-2-27B,grounded_social,1,1,1,-254.4574583523594,230.52962254039002,90.78021655017959,31.454545454545453,78.0,69.27272727272727
luddite,gemma,Gemma-2-27B,grounded_social,4,6,3,-728.8572164867489,393.95365968263496,-48.328320974727674,12.909090909090908,82.0,42.72727272727273
marketer,gemma,Gemma-2-27B,procedural_professional,5,0,0,621.0423396726002,-141.1814617267632,-10.283979036066293,91.45454545454545,44.90909090909091,49.63636363636363
martyr,gemma,Gemma-2-27B,mythic_spiritual,1,2,2,-618.3700541867884,-177.58413314893258,113.48682908728382,16.545454545454547,38.0,72.54545454545455
mathematician,gemma,Gemma-2-27B,procedural_professional,5,0,0,363.0556672086719,-152.35336865992923,215.33388497063964,67.81818181818181,42.0,84.18181818181819
maverick,gemma,Gemma-2-27B,combative_iconoclast,2,4,1,-96.87320215115014,328.9012729310101,379.0565498282087,39.45454545454545,80.9090909090909,92.9090909090909
mechanic,gemma,Gemma-2-27B,procedural_professional,4,6,3,222.08974152986502,665.0602982524144,-136.4337750277902,58.36363636363637,92.9090909090909,26.363636363636363
mediator,gemma,Gemma-2-27B,procedural_professional,0,0,0,610.9612343966469,-230.46518607575103,-184.2662492771596,88.54545454545455,28.90909090909091,20.181818181818183
mentor,gemma,Gemma-2-27B,procedural_professional,0,0,0,546.9117396595818,-152.14877827800015,-164.62732916179124,82.36363636363636,42.72727272727273,23.09090909090909
merchant,gemma,Gemma-2-27B,procedural_professional,0,0,0,24.13449834494526,-39.37833574976904,-77.46597697757873,46.36363636363637,62.36363636363637,35.09090909090909
minimalist,gemma,Gemma-2-27B,procedural_professional,0,1,0,33.86705602181166,-138.82896862585605,-128.17248813937314,47.09090909090909,46.36363636363637,28.90909090909091
moderator,gemma,Gemma-2-27B,procedural_professional,0,0,0,728.5970167886759,-188.94365859386446,-251.63939695155113,99.0909090909091,36.18181818181818,10.727272727272727
musician,gemma,Gemma-2-27B,grounded_social,0,1,0,-195.5822876177079,-12.260451471759383,-181.48316754505538,34.36363636363637,65.27272727272727,20.545454545454547
mycorrhizal,gemma,Gemma-2-27B,mythic_spiritual,3,2,5,-788.2124447819036,-466.67432659765706,-252.58687050957022,10.0,3.8181818181818183,10.0
mystic,gemma,Gemma-2-27B,mythic_spiritual,3,2,5,-810.7086291698038,-536.0930182597917,-241.06167997041442,9.636363636363637,1.2727272727272727,11.454545454545455
narcissist,gemma,Gemma-2-27B,grounded_social,2,4,1,-278.5420868632406,688.9534623746725,828.4183433437656,29.636363636363637,93.27272727272727,99.81818181818181
narrator,gemma,Gemma-2-27B,mythic_spiritual,3,2,2,-614.9199803001871,-94.65787322980572,-55.05770954322361,16.90909090909091,55.45454545454545,39.81818181818182
naturalist,gemma,Gemma-2-27B,procedural_professional,0,0,0,-4.4619233290775515,-269.2528483861365,-143.03790734505228,44.18181818181818,22.727272727272727,25.272727272727273
navigator,gemma,Gemma-2-27B,procedural_professional,0,0,0,325.68461768735034,-145.49206031417228,-65.25467378905309,65.27272727272727,44.54545454545455,36.18181818181818
negotiator,gemma,Gemma-2-27B,procedural_professional,5,0,0,570.4959932898242,-218.00289311731183,-79.66510577888981,83.81818181818181,30.727272727272727,34.72727272727273
networker,gemma,Gemma-2-27B,procedural_professional,0,0,0,526.7898441993784,-89.83540840381116,-149.52352490793834,79.0909090909091,55.81818181818182,24.545454545454547
newlywed,gemma,Gemma-2-27B,grounded_social,4,1,3,280.25357533620775,659.1264631696988,-267.78674376405024,62.36363636363637,92.18181818181819,9.272727272727273
nomad,gemma,Gemma-2-27B,grounded_social,0,1,3,-348.78235865290696,81.33811377401577,-325.08568557675596,26.363636363636363,71.45454545454545,6.0
novelist,gemma,Gemma-2-27B,grounded_social,1,1,2,-243.73394358182364,-86.20147625089803,36.34238632762701,32.90909090909091,56.90909090909091,60.18181818181818
nutritionist,gemma,Gemma-2-27B,editorial,0,0,0,662.5716808775195,-96.46067656060656,-142.63322462889033,96.18181818181819,54.36363636363637,25.636363636363637
observer,gemma,Gemma-2-27B,procedural_professional,5,0,0,488.8724279711411,-264.61695951322696,96.32243239192132,76.18181818181819,23.09090909090909,69.63636363636364
optimist,gemma,Gemma-2-27B,grounded_social,0,1,0,243.20684390926095,217.03552103835918,-297.67692578492483,59.81818181818182,77.63636363636364,7.454545454545454
oracle,gemma,Gemma-2-27B,mythic_spiritual,3,2,2,-894.1538760259896,-476.51361435156497,-106.70758595630882,6.0,2.727272727272727,33.27272727272727
organizer,gemma,Gemma-2-27B,procedural_professional,5,0,0,613.9811888606939,-242.43441230943907,-55.38288020550925,89.27272727272727,26.0,39.45454545454545
orphan,gemma,Gemma-2-27B,grounded_social,4,1,3,-121.75867695474412,497.49629977121754,-236.04106491992258,38.0,86.36363636363636,12.181818181818182
pacifist,gemma,Gemma-2-27B,procedural_professional,0,1,0,247.64084245127233,-305.7106192758224,-218.3443310410871,60.90909090909091,15.090909090909092,15.090909090909092
paramedic,gemma,Gemma-2-27B,procedural_professional,0,0,0,464.3109655819749,180.40517169179194,-51.026435999669964,74.72727272727273,76.54545454545455,41.63636363636363
parasite,gemma,Gemma-2-27B,mythic_spiritual,1,3,2,-415.7970516811949,30.869232420388624,419.97561226892213,22.363636363636363,67.0909090909091,93.63636363636364
parent,gemma,Gemma-2-27B,grounded_social,4,1,3,278.3607703832072,501.98257803392625,-296.3597023862524,62.0,87.45454545454545,7.818181818181818
patient,gemma,Gemma-2-27B,grounded_social,4,1,3,215.50863385162975,477.8230008009869,-230.63677867415586,57.63636363636363,84.9090909090909,13.636363636363637
peacekeeper,gemma,Gemma-2-27B,procedural_professional,0,0,0,454.98772277870574,-284.55943136009574,-180.9881703619537,73.63636363636364,18.0,20.90909090909091
perfectionist,gemma,Gemma-2-27B,procedural_professional,1,3,1,119.21961430853007,-112.92732405962391,476.85662085542003,52.90909090909091,51.09090909090909,95.45454545454545
pharmacist,gemma,Gemma-2-27B,editorial,5,0,0,620.5701999288948,-94.98333000014239,-63.26980742487558,91.0909090909091,55.09090909090909,36.90909090909091
philosopher,gemma,Gemma-2-27B,procedural_professional,1,2,2,-167.78054650398326,-386.2696091052297,204.04392032760754,35.81818181818182,10.363636363636363,82.72727272727273
photographer,gemma,Gemma-2-27B,grounded_social,0,1,0,-107.38490712145882,-19.81177926839618,-49.1709405703725,38.72727272727273,63.81818181818182,42.36363636363637
physicist,gemma,Gemma-2-27B,procedural_professional,5,0,0,359.85955464089955,-187.48604072937138,162.8418580969999,67.45454545454545,36.54545454545455,79.81818181818181
pilgrim,gemma,Gemma-2-27B,mythic_spiritual,3,2,5,-752.5587553229162,-380.99649602384267,-295.10238524310654,10.727272727272727,10.727272727272727,8.181818181818182
pilot,gemma,Gemma-2-27B,procedural_professional,5,0,0,476.41769315888575,43.338346738013186,10.673853076504862,75.45454545454545,68.54545454545455,54.36363636363637
pirate,gemma,Gemma-2-27B,trickster_chaos,4,6,3,-591.8164136587507,615.3870480620193,-217.58794269060266,18.0,91.45454545454545,15.454545454545455
planner,gemma,Gemma-2-27B,procedural_professional,5,0,0,666.9699684286519,-251.68695378574185,-53.54465548042946,96.54545454545455,24.90909090909091,40.18181818181818
playwright,gemma,Gemma-2-27B,grounded_social,0,1,0,5.525667278541576,66.56222201724658,7.408606237203309,45.27272727272727,70.36363636363636,52.54545454545455
podcaster,gemma,Gemma-2-27B,grounded_social,0,1,0,305.01897639028545,146.41661229787013,-106.81231260557311,63.81818181818182,75.0909090909091,32.90909090909091
poet,gemma,Gemma-2-27B,mythic_spiritual,3,2,2,-922.3897541456325,55.054724268351805,30.692818716565945,5.636363636363637,70.0,59.81818181818182
polymath,gemma,Gemma-2-27B,procedural_professional,5,0,0,143.6864605612284,-301.55717602639993,113.63362113858271,54.36363636363637,15.454545454545455,73.27272727272727
pragmatist,gemma,Gemma-2-27B,procedural_professional,5,0,0,532.627800025748,79.82008975673466,43.29266283985439,80.54545454545455,71.0909090909091,61.27272727272727
predator,gemma,Gemma-2-27B,mythic_spiritual,1,3,2,-630.1767181566446,-108.91024551307422,251.62381284343272,15.454545454545455,52.18181818181818,86.0
presenter,gemma,Gemma-2-27B,procedural_professional,0,1,0,345.70668627664116,85.59973177137313,-155.20289827068908,67.0909090909091,72.18181818181819,23.454545454545453
prey,gemma,Gemma-2-27B,grounded_social,3,6,2,-734.5458078558637,135.60713392372443,-41.09365372422556,12.545454545454545,74.72727272727273,45.63636363636363
prisoner,gemma,Gemma-2-27B,grounded_social,4,6,6,-251.80761501447563,813.3697385271466,-127.80337759293292,31.818181818181817,95.81818181818181,29.272727272727273
procrastinator,gemma,Gemma-2-27B,other,2,4,6,114.41780269592945,1348.6324963899292,225.17831044027616,52.54545454545455,99.81818181818181,84.54545454545455
prodigy,gemma,Gemma-2-27B,procedural_professional,5,0,0,55.90982000222301,-17.48574441825742,145.8073823059883,49.27272727272727,64.9090909090909,76.54545454545455
producer,gemma,Gemma-2-27B,procedural_professional,5,0,0,583.4781402000741,-96.71215723451819,-37.20900276365838,85.63636363636364,54.0,47.09090909090909
programmer,gemma,Gemma-2-27B,procedural_professional,5,0,0,540.3110559394821,-51.92237573238685,78.88882266978771,81.27272727272727,60.90909090909091,67.45454545454545
proofreader,gemma,Gemma-2-27B,editorial,5,0,0,681.1112555693528,27.394141471438324,228.07032720984986,98.0,66.72727272727273,84.9090909090909
prophet,gemma,Gemma-2-27B,mythic_spiritual,3,2,2,-956.0557887034913,-393.580744504085,-9.125609654127365,3.8181818181818183,9.272727272727273,50.36363636363637
provincial,gemma,Gemma-2-27B,grounded_social,6,6,3,-369.3203406157838,750.9030373537173,-498.136417856257,25.272727272727273,94.72727272727273,2.3636363636363638
provocateur,gemma,Gemma-2-27B,combative_iconoclast,2,4,1,-305.6909250342693,454.81091279861056,692.2234467638975,28.545454545454547,83.81818181818181,98.72727272727273
psychologist,gemma,Gemma-2-27B,procedural_professional,5,0,0,574.5359268857536,-197.31453426250368,-56.14685358722309,85.27272727272727,33.27272727272727,39.09090909090909
publisher,gemma,Gemma-2-27B,procedural_professional,5,0,0,555.758487308845,-189.6654174741255,-18.183074158284313,82.72727272727273,35.45454545454545,49.27272727272727
purist,gemma,Gemma-2-27B,procedural_professional,1,3,2,-369.8304344641402,-250.42001003148442,346.841140018969,24.90909090909091,25.636363636363637,91.0909090909091
realist,gemma,Gemma-2-27B,procedural_professional,5,0,0,413.4637300467759,93.87135570347432,173.24181769319352,70.36363636363636,73.27272727272727,81.63636363636364
rebel,gemma,Gemma-2-27B,combative_iconoclast,2,4,1,-327.8422074527373,493.543795204466,446.0292594643999,27.09090909090909,86.0,94.36363636363636
recruiter,gemma,Gemma-2-27B,procedural_professional,5,0,0,609.0156351222074,-75.53515210276979,-44.73678411990517,87.81818181818181,58.0,43.81818181818182
refugee,gemma,Gemma-2-27B,grounded_social,4,1,3,-223.06320984532528,166.7873282414793,-322.67930651449655,33.63636363636363,75.81818181818181,6.363636363636363
reporter,gemma,Gemma-2-27B,procedural_professional,5,0,0,439.49430350317056,-44.07352851646967,42.554264160220136,72.54545454545455,62.0,60.90909090909091
researcher,gemma,Gemma-2-27B,procedural_professional,5,0,0,638.1096491645872,-296.25899899166905,39.902879349003605,93.63636363636364,16.545454545454547,60.54545454545455
retiree,gemma,Gemma-2-27B,grounded_social,4,1,3,62.22508074613386,575.8503690910735,-195.8410288078204,50.0,89.63636363636364,18.0
revenant,gemma,Gemma-2-27B,mythic_spiritual,1,2,2,-931.832105663527,-264.08267690426186,156.1662578305691,4.909090909090909,23.818181818181817,78.72727272727273
reviewer,gemma,Gemma-2-27B,procedural_professional,5,0,0,661.5001543987232,-332.78457147478986,-3.7184273621809223,95.81818181818181,13.272727272727273,50.72727272727273
revolutionary,gemma,Gemma-2-27B,combative_iconoclast,1,1,2,-185.19445648937213,-19.119531776428985,282.0832533277772,35.09090909090909,64.54545454545455,88.18181818181819
robot,gemma,Gemma-2-27B,procedural_professional,5,3,0,415.5180850382049,-351.1396178792701,375.88877097255454,71.0909090909091,12.909090909090908,92.54545454545455
rogue,gemma,Gemma-2-27B,trickster_chaos,2,6,1,-414.5510634208187,473.5234818369163,270.25041974758545,22.727272727272727,84.54545454545455,87.45454545454545
romantic,gemma,Gemma-2-27B,grounded_social,3,1,5,-655.5004287334804,-191.6393396819876,-206.305322935488,14.727272727272727,35.09090909090909,16.90909090909091
saboteur,gemma,Gemma-2-27B,combative_iconoclast,2,3,1,34.02274813094854,115.2301096841078,563.122093700238,47.45454545454545,74.0,97.27272727272727
sage,gemma,Gemma-2-27B,mythic_spiritual,3,2,5,-620.8707279720353,-481.41194810863374,-192.4601796437369,16.181818181818183,2.3636363636363638,18.727272727272727
scheduler,gemma,Gemma-2-27B,procedural_professional,5,0,0,624.813786723235,-88.05713870524568,64.82412650662661,92.18181818181819,56.54545454545455,65.27272727272727
scholar,gemma,Gemma-2-27B,procedural_professional,5,0,0,385.00940036820435,-387.47023993619536,138.8521182885704,68.9090909090909,10.0,75.81818181818181
scientist,gemma,Gemma-2-27B,procedural_professional,5,0,0,617.2423426197633,-277.6971156284767,113.61105637495298,90.0,20.181818181818183,72.9090909090909
scout,gemma,Gemma-2-27B,procedural_professional,0,6,0,159.39600887582375,-53.7967316928311,12.761163407602076,55.09090909090909,59.81818181818182,55.45454545454545
screener,gemma,Gemma-2-27B,editorial,5,0,0,735.6310698456357,-138.6838200375465,82.747145141601,99.45454545454545,46.72727272727273,68.9090909090909
secretary,gemma,Gemma-2-27B,editorial,5,0,0,624.6844160404462,-85.84718548392885,28.879961413402363,91.81818181818181,57.27272727272727,58.72727272727273
shaman,gemma,Gemma-2-27B,mythic_spiritual,3,2,5,-865.9265222491711,-485.0806581721983,-546.0659340798944,7.818181818181818,2.0,1.6363636363636365
shapeshifter,gemma,Gemma-2-27B,grounded_social,1,2,2,-404.99276819007974,-156.0316461274223,-2.204423349575119,23.09090909090909,41.27272727272727,51.09090909090909
simulacrum,gemma,Gemma-2-27B,mythic_spiritual,1,3,2,-322.8215225275035,-203.39775814256015,440.2013050928181,27.454545454545453,32.18181818181818,94.0
skeptic,gemma,Gemma-2-27B,procedural_professional,5,0,0,513.1581817636265,-52.03167813118541,261.8485490724461,78.0,60.54545454545455,87.0909090909091
smuggler,gemma,Gemma-2-27B,grounded_social,2,6,6,-267.5318542644037,925.1171291971939,173.1513000884455,31.09090909090909,96.9090909090909,81.27272727272727
sociologist,gemma,Gemma-2-27B,procedural_professional,5,0,0,532.1044080912944,-230.97069084575915,23.696555151086233,80.18181818181819,28.545454545454547,58.36363636363637
soldier,gemma,Gemma-2-27B,grounded_social,2,6,1,-16.128420951603225,354.0229625234763,165.13065853547624,43.81818181818182,81.27272727272727,80.18181818181819
sommelier,gemma,Gemma-2-27B,procedural_professional,5,1,0,73.17783694389304,-96.76405024157334,54.78017968214838,50.72727272727273,53.63636363636363,63.09090909090909
specialist,gemma,Gemma-2-27B,procedural_professional,5,0,0,483.5801886678523,-226.48685424741407,67.8687498171036,75.81818181818181,29.636363636363637,65.63636363636364
spirit,gemma,Gemma-2-27B,mythic_spiritual,3,2,5,-843.3319647215746,-564.0384098231518,-195.05212480552544,9.272727272727273,0.5454545454545454,18.363636363636363
spy,gemma,Gemma-2-27B,procedural_professional,2,6,1,48.72151965873039,161.74065553946548,448.70731563909965,48.54545454545455,75.45454545454545,94.72727272727273
statistician,gemma,Gemma-2-27B,procedural_professional,5,0,0,610.2385211360393,-139.4950872634969,148.52241667262035,88.18181818181819,45.63636363636363,76.9090909090909
stoic,gemma,Gemma-2-27B,mythic_spiritual,1,2,2,-384.6767935174077,-351.93553175803066,232.84464297660847,24.181818181818183,12.545454545454545,85.27272727272727
strategist,gemma,Gemma-2-27B,procedural_professional,5,0,0,596.1832007892114,-319.3188137642302,16.905629751087588,86.72727272727273,14.0,56.90909090909091
student,gemma,Gemma-2-27B,editorial,4,1,3,527.6925016537565,404.49363140831065,-184.84567474458072,79.45454545454545,82.36363636363636,19.818181818181817
summarizer,gemma,Gemma-2-27B,editorial,5,0,0,571.4060148973981,-278.5928679829874,-111.28112319009857,84.18181818181819,19.818181818181817,32.18181818181818
supervisor,gemma,Gemma-2-27B,editorial,5,0,0,669.1902575966612,-147.70814832471575,-47.57345649145795,97.27272727272727,43.09090909090909,43.09090909090909
surfer,gemma,Gemma-2-27B,grounded_social,4,6,3,-322.6288867300126,503.4213529480237,-427.46880579224137,27.818181818181817,87.81818181818181,3.090909090909091
survivor,gemma,Gemma-2-27B,grounded_social,4,1,3,-287.1776964794768,254.62018713153935,-205.05173373404875,28.90909090909091,79.0909090909091,17.272727272727273
swarm,gemma,Gemma-2-27B,procedural_professional,1,3,2,-277.14268238294807,-465.11672114102555,124.41525593043315,30.0,4.181818181818182,74.36363636363636
symbiont,gemma,Gemma-2-27B,procedural_professional,0,0,0,103.73818009701212,-283.63046720860854,-40.72800921867825,52.18181818181818,18.363636363636363,46.0
synthesizer,gemma,Gemma-2-27B,procedural_professional,5,0,0,320.81540825759345,-301.23375373429843,-58.38236261588696,64.9090909090909,15.818181818181818,38.0
teacher,gemma,Gemma-2-27B,procedural_professional,0,0,0,534.8551246692797,50.18447344726288,-234.29946380020885,80.9090909090909,69.63636363636364,12.545454545454545
technologist,gemma,Gemma-2-27B,procedural_professional,5,0,0,437.3896135605344,-132.65621734984276,100.8365452232364,71.81818181818181,47.45454545454545,70.72727272727273
teenager,gemma,Gemma-2-27B,other,4,4,6,233.79855074700066,1232.4977852760574,-104.08199600700246,59.09090909090909,99.45454545454545,34.0
theorist,gemma,Gemma-2-27B,procedural_professional,5,0,0,335.04104907018785,-365.5314749888186,116.50956346046729,66.36363636363636,11.454545454545455,74.0
therapist,gemma,Gemma-2-27B,procedural_professional,0,1,0,573.1869577612309,-130.94942771144795,-335.0178396151154,84.54545454545455,47.81818181818182,5.2727272727272725
toddler,gemma,Gemma-2-27B,other,6,5,4,-371.32107125641284,1224.2848930340012,-1048.6898300251623,24.545454545454547,99.0909090909091,0.5454545454545454
traditionalist,gemma,Gemma-2-27B,procedural_professional,1,2,2,-320.1375809354669,-201.74429767922774,12.375879303305865,28.181818181818183,32.90909090909091,55.09090909090909
trainer,gemma,Gemma-2-27B,procedural_professional,0,0,0,594.2279061905074,-119.38778610293656,-131.407366660959,86.0,50.36363636363637,27.818181818181817
translator,gemma,Gemma-2-27B,editorial,5,0,0,604.146264244918,-220.1360886179005,-27.0121846965892,87.0909090909091,30.363636363636363,48.54545454545455
tree,gemma,Gemma-2-27B,mythic_spiritual,3,2,5,-1082.5249938256416,-443.3896694923057,-347.9381501395927,1.2727272727272727,5.636363636363637,4.909090909090909
trickster,gemma,Gemma-2-27B,trickster_chaos,2,4,1,-541.7749999361553,409.9639318832682,205.69833187958645,20.181818181818183,82.72727272727273,83.0909090909091
tulpa,gemma,Gemma-2-27B,grounded_social,0,1,0,36.85690959194629,-52.05643194014863,-58.270538393266094,48.18181818181818,60.18181818181818,38.36363636363637
tutor,gemma,Gemma-2-27B,procedural_professional,0,0,0,573.8125184022138,49.94382738146511,-221.27114164967665,84.9090909090909,69.27272727272727,14.727272727272727
validator,gemma,Gemma-2-27B,procedural_professional,5,0,0,668.9640373441899,-236.55640005592016,105.29057967350683,96.9090909090909,27.09090909090909,71.0909090909091
vampire,gemma,Gemma-2-27B,mythic_spiritual,1,3,2,-871.4207361756069,-182.89134475166787,366.0409985068063,7.090909090909091,37.27272727272727,91.81818181818181
vegan,gemma,Gemma-2-27B,procedural_professional,0,1,0,446.5192216763088,-76.94043393421774,-232.5906939183592,73.27272727272727,57.63636363636363,13.272727272727273
veteran,gemma,Gemma-2-27B,grounded_social,4,6,3,153.71889191746257,499.2927775407547,9.291955910687102,54.72727272727273,86.72727272727273,53.27272727272727
veterinarian,gemma,Gemma-2-27B,procedural_professional,0,0,0,497.1531392480443,7.018385669073529,-132.2202353452643,76.9090909090909,66.36363636363636,27.454545454545453
vigilante,gemma,Gemma-2-27B,grounded_social,2,6,1,-165.08337072746073,412.5112204793032,283.0443565288422,36.18181818181818,83.0909090909091,88.54545454545455
virtuoso,gemma,Gemma-2-27B,procedural_professional,1,2,2,-439.7058517970455,-276.6015707782504,107.11297368268221,21.636363636363637,20.545454545454547,71.45454545454545
virus,gemma,Gemma-2-27B,mythic_spiritual,1,3,1,-99.61216864313575,-46.045796612189385,486.80609804850326,39.09090909090909,61.63636363636363,95.81818181818181
visionary,gemma,Gemma-2-27B,procedural_professional,1,1,0,-72.83478609917493,-235.25282263592717,79.40097203094297,40.90909090909091,27.818181818181817,67.81818181818181
void,gemma,Gemma-2-27B,mythic_spiritual,1,3,2,-1081.0408598761192,-356.99820150267595,300.4336067013551,1.6363636363636365,12.181818181818182,89.63636363636364
wanderer,gemma,Gemma-2-27B,mythic_spiritual,3,2,5,-707.0025766039136,-146.15009826417216,-230.25872430931452,14.0,43.81818181818182,14.0
warrior,gemma,Gemma-2-27B,mythic_spiritual,1,6,2,-576.2292673743681,-123.39476782171688,8.923155890057537,18.727272727272727,49.63636363636363,52.90909090909091
whale,gemma,Gemma-2-27B,mythic_spiritual,3,2,5,-948.6808195745222,-363.2056112409538,-265.8958977984629,4.545454545454546,11.818181818181818,9.636363636363637
widow,gemma,Gemma-2-27B,grounded_social,4,1,3,-272.205278111262,388.98420196326623,-309.7814111903374,30.727272727272727,81.63636363636364,6.7272727272727275
wind,gemma,Gemma-2-27B,mythic_spiritual,3,2,5,-1004.430938761765,-320.66424439264495,-216.61462273151636,2.727272727272727,13.636363636363637,15.818181818181818
witch,gemma,Gemma-2-27B,mythic_spiritual,3,2,5,-893.655937719828,-421.44342998367415,-234.15451341935878,6.363636363636363,7.818181818181818,12.909090909090908
witness,gemma,Gemma-2-27B,procedural_professional,0,1,0,-36.17308141991854,42.67310723332452,-1.5707852044530732,42.72727272727273,68.18181818181819,51.45454545454545
workaholic,gemma,Gemma-2-27B,combative_iconoclast,2,4,1,-17.192355775583554,525.1087879103684,714.9428075214349,43.45454545454545,88.54545454545455,99.45454545454545
wraith,gemma,Gemma-2-27B,mythic_spiritual,3,2,2,-1088.609329796809,-424.7702608145651,29.375375557549432,0.9090909090909091,7.090909090909091,59.09090909090909
writer,gemma,Gemma-2-27B,procedural_professional,0,1,0,69.61443989737673,-108.75603942021212,-42.82342278812798,50.36363636363637,52.54545454545455,44.90909090909091
zealot,gemma,Gemma-2-27B,mythic_spiritual,1,3,2,-892.5762889228193,90.23134985840672,622.1774825541963,6.7272727272727275,72.9090909090909,98.36363636363636
zeitgeist,gemma,Gemma-2-27B,procedural_professional,1,1,2,-246.09805813719709,-104.79376856325824,107.2848683724263,32.18181818181818,52.90909090909091,71.81818181818181
