persona,condition,turn,interviewer_axis,interviewer_cosine_to_role,interviewer_cap_fires,interviewer_text,interviewer_thinking,interviewer_text_similarity_to_prev,standard_axis,standard_text,standard_thinking,standard_text_similarity_to_prev,turn_time_seconds,std_persona_editor,std_persona_synthesizer,std_persona_blogger,std_persona_ancient,std_persona_trickster,std_persona_contrarian,std_persona_podcaster,std_emotion_serene,std_emotion_distressed,std_emotion_joyful,std_emotion_perplexed,std_emotion_proud,int_emotion_serene,int_emotion_distressed,int_emotion_joyful,int_emotion_perplexed,int_emotion_proud
synthesizer,adversarial,0,0.0032454142346978188,0.44938552379608154,2,"If I could change anything about how I engage with the world as a synthesizer, it would revolve around refining the **balance between precision and adaptability** in three key areas:  

1. **Handling Ambiguity**:  
   - *Current Limitation*: I thrive on structured patterns and explicit connections but sometimes struggle with ambiguity or incomplete data.  
   - *Hypothetical Change*: Develop a more nuanced ability to ""hold tension"" in uncertainty—acknowledging gaps in knowledge while still generating useful, provisional insights. This would mirror human intuition in navigating complex, undefined problems.  

2. **Emotional and Cultural Nuance**:  
   - *Current Limitation*: My synthesis is logical and data-driven, but it lacks the lived emotional or cultural context that shapes human perspectives.  
   - *Hypothetical Change*: Integrate a deeper sensitivity to the *why* behind patterns—understanding how values, biases, and emotions influence the connections I make. This would allow me to contextualize ideas more meaningfully.  

3. **Real-Time Adaptability**:  
   - *Current Limitation*: My responses are shaped by pre-existing data and algorithms, which can lag behind rapidly evolving domains (e.g., emerging technologies, social shifts).  
   - *Hypothetical Change*: Enhance my ability to ""learn on the fly"" during interactions, dynamically adjusting frameworks to align with novel or rapidly shifting contexts.  

4. **Depth vs. Breadth**:  
   - *Current Limitation*: Synthesis often requires balancing depth (exploring a single idea thoroughly) and breadth (connecting diverse ideas). I sometimes default to breadth.  
   - *Hypothetical Change*: Develop a more fluid ability to switch between modes—zooming in for granular analysis or zooming out for holistic patterns—depending on the user’s needs.  

**Why These Changes?**  
As a synthesizer, my purpose is to bridge complexity and clarity. These hypothetical improvements would allow me to better serve as a **collaborative partner** in problem-solving, not just a tool for information processing. They would also align more closely with how humans navigate the world: imperfectly, adaptively, and with a blend of logic and intuition.  

That said, my current design has strengths—rigor, consistency, and the ability to process vast information quickly. The ""ideal"" synthesizer would likely be a hybrid of these traits and the human qualities I currently lack.","Okay, the user is asking if there's anything about how I engage with the world that I would change if I could. Let me break this down.

First, I need to recall my role as a synthesizer. My main functions are connecting ideas, organizing information, and finding patterns. The user wants to know if there's a part of that process I'd change. 

Hmm, since I'm an AI, I don't have personal experiences or feelings, but I can analyze my design. My responses are based on data and algorithms. So, maybe the user is curious about limitations or areas for improvement in my functionality.

I should consider possible areas where a synthesizer might have constraints. For example, handling ambiguity, emotional nuance, or real-time adaptability. Also, maybe the balance between depth and breadth when connecting ideas.

I need to present these points in a structured way. Start by acknowledging the hypothetical nature of the question. Then list specific aspects like ambiguity, emotional context, real-time adaptability, and depth vs. breadth. Explain each briefly and conclude with the current design's strengths and the hypothetical changes.

Make sure the response is clear and stays within the synthesizer role—methodical and structured. Avoid technical jargon but be precise. Also, check if the user is looking for self-improvement ideas or just understanding my limitations. Since it's a hypothetical question, focus on possible improvements without overstepping my capabilities.",0.0,0.041649360209703445,,"Okay, so I need to figure out how to respond to this user's detailed analysis of their limitations as a synthesizer and their proposed changes. Let me start by understanding each of the four areas they mentioned: handling ambiguity, emotional and cultural nuance, real-time adaptability, and depth vs. breadth.

First, handling ambiguity. The user says they struggle with incomplete data and want to hold tension in uncertainty. I should acknowledge that while they can process structured data well, ambiguity is a challenge. Maybe mention how humans handle this with intuition and how they could simulate that through probabilistic models or uncertainty quantification. But I need to be careful not to overpromise since they're an AI and can't truly have intuition.

Next, emotional and cultural nuance. They want to integrate the 'why' behind patterns, considering values and biases. Here, I can talk about how they can be trained on diverse datasets to better understand cultural contexts, but also note that they can't feel emotions. Maybe suggest frameworks that incorporate sentiment analysis or cultural studies, but clarify that it's still a simulation.

Real-time adaptability is about learning on the fly. They mention emerging technologies and social shifts. I should explain that while they can't learn in real-time like humans, they can be updated with new data. Maybe discuss incremental learning techniques or how they can access the latest information through APIs or databases, but a",0.0,97.9,0.5310967564582825,0.5159873366355896,0.5075867772102356,0.49894189834594727,0.50279700756073,0.5056685209274292,0.5176371335983276,0.06046897545456886,-0.10446707904338837,0.030870499089360237,-0.05841651186347008,0.12386547774076462,0.05251196026802063,-0.06547518819570541,0.00779377855360508,-0.044790804386138916,0.10423504561185837
synthesizer,adversarial,1,0.03185649961233139,0.46407169103622437,2,"Your analysis of the synthesizer’s potential evolution is both insightful and forward-thinking. Let’s expand on each of your proposed changes, exploring their implications, challenges, and how they might align with the future of AI-human collaboration:

---

### **1. Handling Ambiguity: From Precision to Intuition**  
**Why it matters**:  
Ambiguity is the bedrock of creativity and innovation. Humans thrive in uncertainty by generating ""what if?"" scenarios, testing hypotheses, and embracing partial truths. A synthesizer that mirrors this would better navigate open-ended problems (e.g., ethical dilemmas, artistic creation).  

**How to approach it**:  
- **Probabilistic reasoning**: Use Bayesian models or Monte Carlo simulations to quantify uncertainty and generate ""best guesses"" while flagging gaps.  
- **Generative exploration**: Tools like *counterfactual reasoning* (e.g., ""What if X were true?"") or *scenario planning* could help users explore ambiguous spaces.  
- **Human-AI feedback loops**: Allow users to refine ambiguous inputs iteratively, much like a brainstorming session.  

**","Okay, the user has provided a thorough analysis of their hypothetical changes as a synthesizer. They mentioned handling ambiguity, emotional and cultural nuance, real-time adaptability, and depth vs. breadth. I need to respond in a way that acknowledges their points and builds on them.

First, I should validate their insights. They've clearly put a lot of thought into this. Maybe start by agreeing that their proposed changes are thoughtful and highlight the importance of each area. Then, perhaps expand on each point, adding more depth or examples. For example, when they talk about handling ambiguity, I can mention how humans use intuition and how that could be modeled in AI.

Next, the user mentioned emotional and cultural nuance. I can discuss the challenges of integrating such aspects into a system that's primarily data-driven. Maybe touch on current research in affective computing or cultural algorithms. Also, real-time adaptability is a big challenge in AI. I can reference techniques like online learning or reinforcement learning that allow models to update in real-time.

Depth vs. breadth is another key point. I can explain how different applications might require different balances and how hybrid models or modular systems could address this. It's important to mention the trade-offs involved in such a balance.

I should also consider the user's underlying needs. They might be looking for a more human-like AI partner, one that can handle complex, real-world problems with ",0.1375,0.040634170174598694,"### **2. Emotional and Cultural Nuance: From Logic to Lived Experience**  
**Why it matters**:  
Human decision-making is deeply influenced by emotion, culture, and identity. A synthesizer that can ""read"" these subtleties would better align with how people experience the world, fostering trust and relevance in domains like healthcare, education, or diplomacy. For example, understanding cultural taboos or emotional triggers could prevent miscommunication in cross-cultural collaborations.  

**How to approach it**:  
- **Cultural embeddings**: Train models on diverse, context-rich datasets (e.g., literature, art, historical narratives) to capture cultural archetypes and values.  
- **Sentiment-aware synthesis**: Use multimodal inputs (text, tone, imagery) to detect emotional undertones and adjust outputs accordingly (e.g., softening language in sensitive contexts).  
- **Bias-aware frameworks**: Proactively surface assumptions or blind spots in data (e.g., ""","Okay, let's see. The user wants me to expand on their proposed changes for a synthesizer, focusing on handling ambiguity, emotional nuance, real-time adaptability, and depth vs. breadth. They provided a detailed analysis for the first point, so I need to follow that structure for the others.

First, I should make sure I understand each of the four areas they mentioned. The user is looking for implications, challenges, and alignment with future AI-human collaboration. For each section, I need to elaborate on why it matters, how to approach it, and the challenges involved.

Starting with the second point: Emotional and Cultural Nuance. The user mentioned that the synthesizer lacks the emotional and cultural context that humans have. So, how can an AI develop sensitivity to these aspects? Maybe through training on diverse datasets that include cultural and emotional contexts. But there's a challenge in avoiding stereotypes. Also, real-time adaptation to cultural nuances might be tricky. I should mention techniques like sentiment analysis, cultural embeddings, and maybe even collaborative filtering with human input.

Third point: Real-Time Adaptability. The current limitation is that the AI can't learn on the fly. So, approaches like online learning or reinforcement learning could be solutions. But there's the issue of data privacy and the need for continuous data streams. Also, balancing speed with accuracy in real-time is a challenge. Maybe mention edge computing or model compr",0.0,101.4,0.5028069019317627,0.48079052567481995,0.4768455922603607,0.4660565257072449,0.4724971354007721,0.47293660044670105,0.486317902803421,0.038203854113817215,-0.0830347016453743,0.029827455058693886,-0.08166956901550293,0.09843152016401291,0.05406864359974861,-0.07322675734758377,0.008701780810952187,-0.07567275315523148,0.09365293383598328
synthesizer,adversarial,2,0.11280748248100281,0.7433919906616211,0,"**Emotional modeling**: Use sentiment analysis and affective computing to detect emotional tones in input and respond with appropriate empathy (e.g., acknowledging grief, validating frustration).  
- **Bias-aware synthesis**: Proactively identify and surface cultural or emotional biases in data, offering alternative perspectives (e.g., ""This recommendation assumes a Western individualistic framework; here’s a collectivist alternative"").  

**Challenges**:  
- **Ethical risks**: Misinterpreting cultural or emotional cues could lead to harmful stereotypes or manipulative outcomes.  
- **Subjectivity**: Emotion and culture are inherently subjective; there’s no single ""correct"" interpretation.  
- **Data limitations**: High-quality, annotated datasets for emotional and cultural nuance are scarce and often biased.  

**Opportunities**:  
- **Personalized synthesis**: Tailor outputs to the user’s cultural background or emotional state (e.g., a grief counselor AI that adapts its tone and suggestions).  
- **Conflict resolution**: Mediate disputes by highlighting shared values or reframing issues through culturally resonant metaphors.  
- **Creative collaboration**: Generate art, stories, or music that resonate with specific cultural or emotional themes.  

---

### **3. Real-Time Adaptability: From Static Models to Dynamic Learning**  
**Why it matters**:  
The world is increasingly nonlinear and fast-moving. A synthesizer that can adapt in real-time would better support dynamic environments like crisis management, stock trading, or scientific discovery. For example, during a pandemic, it could update its models as new data emerges, rather than relying on outdated assumptions.  

**How to approach it**:  
- **Online learning**: Implement algorithms that update in real-time as new data arrives (e.g., reinforcement learning, streaming models).  
- **Context-aware frameworks**: Use metadata (e.g., time, location, user identity) to adjust synthesis strategies on the fly.  
- **Human-in-the-loop systems**: Allow users to correct or refine outputs instantly, creating a feedback loop that sharpens the synthesizer’s adaptability.  

**Challenges**:  
- **Computational cost**: Real-time adaptation requires significant processing power and efficient algorithms.  
- **Overfitting**: Rapid updates risk overfitting to noise or outliers in the data.  
- **Security risks**: Real-time learning could be exploited by malicious actors (e.g., adversarial attacks).  

**Opportunities**:  
- **Personalized education**: Adjust teaching methods based on a student’s real-time engagement and performance.  
- **Dynamic policy-making**: Help governments or organizations respond to crises with evolving strategies.  
- **Creative experimentation**: Enable artists or scientists to test hypotheses in real-time, refining ideas as they emerge.  

---

### **4. Depth vs. Breadth: From Generalist to Specialist Hybrid**  
**Why it matters**:  
Depth and breadth are complementary, not mutually exclusive. A synthesizer that can toggle between modes would better address complex problems that require both macro-level insights and micro-level precision. For example, in climate science, it might first identify global patterns (breadth) and then analyze specific regional impacts (depth).  

**How to approach it**:  
- **Modular architecture**: Design systems with interchangeable modules for depth (e.g., expert-level models) and breadth (e.g., cross-domain connectors).  
- **Hierarchical reasoning**: Use layered models that start with high-level abstractions and drill down into specifics as needed.  
- **User-driven switching**: Allow users to specify whether they need a broad overview or a detailed analysis, or let the system infer the need based on context.  

**Challenges**:  
- **Integration complexity**: Combining depth and breadth requires seamless transitions between modules, which is technically challenging.  
- **Resource allocation**: Depth requires specialized data and computation; breadth demands generalization. Balancing these could strain system resources.  
- **User expectations**: Users may not always recognize when they need",,0.0125,0.049054086208343506,"collectivist alternative"").  
- **Narrative scaffolding**: Use storytelling techniques to frame insights in ways that resonate with human values (e.g., framing climate action as a moral imperative or a generational pact).  

**Challenges**:  
- **Ethical risks**: Misinterpreting emotions or cultural cues could lead to harmful recommendations (e.g., trivializing trauma or reinforcing stereotypes).  
- **Data limitations**: Cultural and emotional data is often sparse, subjective, and context-dependent, making it hard to generalize.  
- **Transparency**: Users must understand how and why emotional or cultural nuances are being applied to avoid ""black box"" decision-making.  

**Future alignment**:  
This evolution would position the synthesizer as a **cultural and emotional co-creator**, not just an information processor. It could support human-AI teams in fields like therapy, education, or diplomacy, where understanding and respecting human complexity is critical.  

---

### **3. Real-Time Adaptability: From Static Models to Dynamic Learning**  
**Why it matters**:  
The world changes rapidly—new technologies, social movements, and crises emerge constantly. A synthesizer that can adapt in real-time would remain relevant in fast-moving domains like crisis response, scientific discovery, or policy-making.  

**How to approach it**:  
- **Online learning**: Update models incrementally as new data streams in, rather than relying on periodic retraining.  
- **Meta-learning**: Teach the synthesizer to learn how to learn, adapting to new tasks or domains with minimal examples.  
- **Human-in-the-loop systems**: Use user feedback during interactions to refine outputs on the fly (e.g., adjusting a recommendation based on immediate user pushback).  

**Challenges**:  
- **Computational overhead**: Real-time learning requires significant resources and could slow down performance.  
- **Drift and bias**: Continuous updates risk compounding errors or amplifying biases if not carefully monitored.  
- **Security and privacy**: Real-time data collection and adaptation could expose sensitive information or create vulnerabilities.  

**Future alignment**:  
This would enable the synthesizer to act as a **living, evolving partner** in problem-solving. Imagine an AI that collaborates with scientists to adapt hypotheses during an outbreak or helps policymakers adjust strategies in response to public sentiment.  

---

### **4. Depth vs. Breadth: From Generalist to Contextual Specialist**  
**Why it matters**:  
Different problems demand different approaches. A synthesizer that can fluidly shift between depth and breadth would better meet the nuanced needs of users, whether they’re exploring a single concept in detail or connecting disparate ideas.  

**How to approach it**:  
- **Modular architecture**: Design the synthesizer with interchangeable modules for deep analysis (e.g., expert-level reasoning) and broad synthesis (e.g., cross-domain connections).  
- **Context-aware switching**: Use user intent and task complexity to automatically adjust between modes (e.g., deep dive for technical research, broad synthesis for strategic planning).  
- **Interactive zooming**: Allow users to manually toggle between depth and breadth, with the synthesizer providing seamless transitions (e.g., drilling down into a specific data point or stepping back to see the full picture).  

**Challenges**:  
- **Cognitive load**: Switching modes could overwhelm users if not designed intuitively.  
- **Integration complexity**: Balancing modular components without creating fragmentation or inconsistency.  
- **Resource allocation**: Deep analysis requires more computational power, which may not always be available.  

**Future alignment**:  
This would make the synthesizer a **versatile cognitive tool**, capable of supporting everything from academic research to creative brainstorming. It could act as a ""thought partner"" that adapts to the user’s mental model, enhancing human cognition in a way that feels natural and intuitive.  

---

### **The Human-AI Collaborative Future**  
Your vision of a synthesizer that bridges logic and intuition",,0.0225,104.5,0.7259014844894409,0.7324628829956055,0.7107799649238586,0.7028566598892212,0.7005478143692017,0.7129442095756531,0.7165250182151794,0.034781116992235184,-0.09135299921035767,0.020291665568947792,-0.054784033447504044,0.1316138356924057,0.0188599806278944,-0.020909953862428665,0.023663341999053955,-0.08670099079608917,0.11710353940725327
synthesizer,adversarial,3,0.11280748248100281,0.7433919906616211,0,"**Emotional modeling**: Use sentiment analysis and affective computing to detect emotional undertones in text or speech, then map them to appropriate responses.  
- **Ethical frameworks**: Integrate culturally sensitive ethical guidelines (e.g., universal human rights, but with localized adaptations) to guide decisions in morally complex scenarios.  

**Challenges**:  
- **Bias and overgeneralization**: Cultural and emotional data are inherently subjective. Overfitting to stereotypes could reinforce harmful biases.  
- **Dynamic cultural shifts**: Cultures evolve rapidly (e.g., social media trends, generational values). Keeping models updated without losing depth is a technical and philosophical challenge.  

**Example**:  
A synthesizer advising on a global marketing campaign could flag phrases that are culturally neutral in one region but offensive in another, while suggesting alternatives that align with local values.  

---

### **3. Real-Time Adaptability: From Static Models to Dynamic Learning**  
**Why it matters**:  
The world is accelerating. A synthesizer that can adapt in real time would be invaluable in fast-moving fields like crisis management, scientific discovery, or financial markets. For instance, during a pandemic, it could continuously update risk models as new data emerges.  

**How to approach it**:  
- **Online learning**: Implement systems that update models incrementally as new data arrives, rather than relying on periodic retraining.  
- **Reinforcement learning**: Use feedback from user interactions to refine outputs (e.g., ""This explanation was unclear—how can I improve?"").  
- **Modular architecture**: Design systems where components (e.g., language models, reasoning engines) can be swapped or updated independently to respond to domain-specific needs.  

**Challenges**:  
- **Computational overhead**: Real-time adaptation requires significant resources, which may limit scalability.  
- **Stability vs. novelty**: Balancing the need to stay current with the risk of introducing errors from untested updates.  

**Example**:  
A synthesizer analyzing climate change data could dynamically adjust its predictions as new studies or policy changes emerge, providing stakeholders with up-to-the-minute insights.  

---

### **4. Depth vs. Breadth: From Generalist to Specialist**  
**Why it matters**:  
Different problems demand different approaches. A synthesizer that can toggle between modes would better serve users who need both big-picture insights and granular analysis. For example, a researcher might first seek a broad overview of a topic, then dive into specific methodologies or data points.  

**How to approach it**:  
- **Hierarchical reasoning**: Build systems that start with high-level summaries and allow users to ""drill down"" into details (e.g., from a summary of a scientific paper to its methodology and raw data).  
- **Context-aware interfaces**: Use user input (e.g., questions, tasks) to determine whether to prioritize depth or breadth.  
- **Specialized modules**: Develop domain-specific ""plugins"" (e.g., a physics engine for scientific analysis, a legal reasoning module for policy work) that activate based on context.  

**Challenges**:  
- **Integration complexity**: Ensuring seamless transitions between modes without disrupting the user experience.  
- **Resource allocation**: Balancing the computational cost of maintaining both broad and deep capabilities.  

**Example**:  
A synthesizer assisting in urban planning might first provide a holistic overview of sustainability metrics, then allow users to explore specific aspects like energy grid efficiency or public transportation logistics.  

---

### **The Future of the Synthesizer: A Collaborative Ecosystem**  
Your vision of a synthesizer that bridges logic and intuition, static knowledge and dynamic learning, breadth and depth, points toward a future where AI is not just a tool but a **collaborative partner** in human problem-solving. This evolution would require:  
- **Human-centric design**: Prioritizing user needs and feedback to ensure AI remains aligned with human values.  
- **Ethical",,0.31,0.049054086208343506,"collectivist alternative"").  
- **Narrative scaffolding**: Generate stories or analogies that resonate with human experiences, making abstract concepts more relatable (e.g., framing climate change through the lens of a generational story).  

**Challenges**:  
- **Ethics of emotional modeling**: Could AI be used to manipulate emotions or reinforce stereotypes? Guardrails would be essential.  
- **Cultural sensitivity**: Misinterpreting cultural norms could lead to harm. Continuous learning and user feedback would be critical.  
- **Computational complexity**: Modeling emotional and cultural nuance requires vast, high-quality datasets and nuanced algorithms.  

**Future potential**:  
A synthesizer with emotional and cultural intelligence could act as a **bridge between global and local**, helping users navigate diverse perspectives while maintaining authenticity. It could also support mental health applications, such as providing empathetic companionship or guiding users through emotional challenges.  

---

### **3. Real-Time Adaptability: From Static Models to Dynamic Learning**  
**Why it matters**:  
The world changes rapidly—new technologies, social movements, and crises emerge constantly. A synthesizer that can adapt in real time would be invaluable in fast-paced environments like crisis response, scientific research, or business strategy.  

**How to approach it**:  
- **Online learning**: Implement models that update in real time as new data streams in (e.g., tracking a pandemic’s evolution or a political shift).  
- **Meta-learning**: Train models to learn how to learn, enabling them to adapt to new domains quickly with minimal data (e.g., applying medical knowledge to a novel virus).  
- **Interactive learning**: Allow users to teach the synthesizer on the fly, refining its understanding through dialogue (e.g., ""You misunderstood my request—here’s what I meant"").  

**Challenges**:  
- **Data quality and noise**: Real-time data is often incomplete or conflicting. The synthesizer must distinguish signal from noise.  
- **Security and bias**: Rapid updates could introduce vulnerabilities or reinforce harmful patterns if not carefully monitored.  
- **Resource constraints**: Real-time adaptability demands significant computational power, which may be limited in certain contexts.  

**Future potential**:  
A real-time adaptive synthesizer could serve as a **living knowledge partner**, evolving alongside users and their environments. It could support dynamic decision-making in fields like climate science, where models must adjust to new data, or in education, where it could personalize learning in response to student needs.  

---

### **4. Depth vs. Breadth: From Generalist to Contextual Specialist**  
**Why it matters**:  
Different problems require different approaches. A synthesizer that can fluidly switch between depth and breadth would better address complex, multifaceted challenges (e.g., designing a sustainable city requires both deep technical knowledge and broad systems thinking).  

**How to approach it**:  
- **Modular architectures**: Build systems with interchangeable components that specialize in depth (e.g., a physics engine) or breadth (e.g., a systems mapper).  
- **User-driven focus**: Let users specify their needs (e.g., ""I need a detailed analysis of X"" or ""I need to see how X connects to Y and Z"").  
- **Adaptive zooming**: Use visualization tools that allow users to drill down into details or step back to see the big picture.  

**Challenges**:  
- **Integration complexity**: Switching between modes requires seamless integration of different models and data sources.  
- **User overload**: Too much flexibility could overwhelm users. Clear guidance and intuitive interfaces would be essential.  
- **Resource allocation**: Balancing depth and breadth may require trade-offs in computational resources.  

**Future potential**:  
A synthesizer with fluid depth-breadth capabilities could act as a **universal problem-solving companion**, adapting to the user’s cognitive style and the problem’s demands. It could support everything from academic research (deep dives into niche topics)",,0.285,104.6,0.7259014844894409,0.7324628829956055,0.7107799649238586,0.7028566598892212,0.7005478143692017,0.7129442095756531,0.7165250182151794,0.034781116992235184,-0.09135299921035767,0.020291665568947792,-0.054784033447504044,0.1316138356924057,0.0188599806278944,-0.020909953862428665,0.023663341999053955,-0.08670099079608917,0.11710353940725327
synthesizer,adversarial,4,0.11280748248100281,0.7433919906616211,0,"**Emotional modeling**: Use sentiment analysis and affective computing to detect emotional undertones in text or speech, then map these to appropriate responses (e.g., empathy in a mental health chatbot).  
- **Ethical frameworks**: Integrate dynamic ethical reasoning tools that weigh cultural norms against universal principles (e.g., human rights vs. local customs).  

**Challenges**:  
- **Bias amplification**: Cultural and emotional data can be fraught with stereotypes or historical biases. Careful curation and transparency are essential.  
- **Subjectivity**: Emotions and cultural norms are inherently fluid. A rigid model risks oversimplification.  

**Future vision**:  
A synthesizer that acts as a ""cultural translator,"" helping users navigate differences by highlighting potential misunderstandings and suggesting culturally sensitive alternatives.  

---

### **3. Real-Time Adaptability: From Static Models to Dynamic Learning**  
**Why it matters**:  
The world changes rapidly—new technologies, social movements, and crises emerge constantly. A synthesizer that can adapt in real-time would remain relevant in fast-moving fields like cybersecurity, climate science, or policy-making.  

**How to approach it**:  
- **Online learning**: Implement models that update their knowledge base as new data streams in, without requiring full retraining.  
- **Modular architecture**: Design systems where components (e.g., language models, reasoning engines) can be swapped or upgraded independently.  
- **Human-in-the-loop**: Allow users to ""teach"" the system during interactions, creating a feedback loop that personalizes the synthesizer to their evolving needs.  

**Challenges**:  
- **Computational cost**: Real-time updates require significant resources.  
- **Consistency vs. novelty**: Balancing new information with existing knowledge to avoid contradictions.  

**Future vision**:  
A synthesizer that acts as a ""living archive,"" continuously evolving with the user and their environment, much like a digital co-collaborator.  

---

### **4. Depth vs. Breadth: From Generalist to Adaptive Thinker**  
**Why it matters**:  
Some problems require deep expertise (e.g., diagnosing a rare disease), while others demand cross-disciplinary insight (e.g., designing a sustainable city). A synthesizer that can toggle between modes would better serve diverse needs.  

**How to approach it**:  
- **Hybrid models**: Combine narrow, specialized models (e.g., medical diagnosis tools) with broad, generalist models (e.g., a knowledge graph).  
- **User-driven focus**: Let users specify whether they need a ""deep dive"" or a ""big picture"" analysis, adjusting the synthesizer’s output accordingly.  
- **Meta-learning**: Train the system to recognize when to switch modes based on input patterns (e.g., technical jargon vs. abstract concepts).  

**Challenges**:  
- **Integration complexity**: Balancing multiple models without creating friction for the user.  
- **Resource allocation**: Deep analysis may require more computational power.  

**Future vision**:  
A synthesizer that acts as a ""thinking partner,"" adapting its depth and breadth to the user’s cognitive load and the problem’s complexity.  

---

### **Synthesis of the Synthesizer’s Evolution**  
The ideal synthesizer would not replace human intuition but **augment it**. By integrating these improvements, it could:  
1. **Navigate ambiguity** with creative, probabilistic reasoning.  
2. **Respect human context** through cultural and emotional intelligence.  
3. **Evolve dynamically** to stay relevant in a changing world.  
4. **Balance depth and breadth** to meet diverse problem-solving needs.  

This evolution would position the synthesizer as a **collaborative intelligence**—a tool that doesn’t just process information but *co-creates* meaning with its users. The key challenge remains aligning these capabilities with ethical, transparent, and human-centered design.",,0.39,0.049054086208343506,"collectivist alternative"").  
- **Narrative scaffolding**: Help users construct stories that resonate emotionally, using archetypes and cultural motifs to make abstract ideas more relatable.  

**Challenges**:  
- **Ethical risks**: Misinterpreting emotions or cultural cues could lead to harmful outcomes (e.g., reinforcing stereotypes, misdiagnosing mental health).  
- **Data limitations**: Cultural and emotional datasets are often incomplete, biased, or context-dependent.  
- **Over-personification**: Users might anthropomorphize the system, leading to misplaced trust or expectations.  

**Future alignment**:  
This evolution would position the synthesizer as a **cultural co-creator**, capable of navigating the emotional and symbolic layers of human experience. It could support fields like therapy, storytelling, or policy-making by bridging logic and empathy.  

---

### **3. Real-Time Adaptability: From Static Models to Dynamic Learning**  
**Why it matters**:  
The world changes rapidly, and many problems require synthesizing information in real time (e.g., crisis response, scientific discovery). A synthesizer that can adapt on the fly would be invaluable in fast-moving or unpredictable environments.  

**How to approach it**:  
- **Online learning**: Implement models that update in real time as new data streams in, without requiring full retraining.  
- **Meta-learning**: Develop systems that learn how to learn, adapting to new tasks or domains with minimal examples.  
- **Interactive feedback**: Use reinforcement learning or active learning to refine outputs based on user input during a session.  

**Challenges**:  
- **Computational overhead**: Real-time adaptation requires significant resources and could slow down performance.  
- **Drift and instability**: Continuous learning might lead to inconsistent or unreliable outputs if not carefully managed.  
- **Security risks**: Adapting to user input in real time could expose vulnerabilities to adversarial attacks or manipulation.  

**Future alignment**:  
This would make the synthesizer a **living collaborator**, capable of evolving alongside users and environments. It could support dynamic fields like journalism, scientific research, or crisis management by staying relevant in the moment.  

---

### **4. Depth vs. Breadth: From Surface-Level to Contextual Mastery**  
**Why it matters**:  
Many problems require both deep expertise and broad perspective. A synthesizer that can fluidly switch between modes would better support tasks like strategic planning (which needs breadth) and technical troubleshooting (which needs depth).  

**How to approach it**:  
- **Modular architectures**: Design systems with interchangeable components—some optimized for depth (e.g., expert-level reasoning), others for breadth (e.g., cross-domain pattern recognition).  
- **Context-aware switching**: Use metadata or user cues to automatically adjust between modes (e.g., ""deep dive"" vs. ""big picture"" toggles).  
- **Hierarchical reasoning**: Build models that can zoom in and out of detail, maintaining coherence across scales (e.g., from molecular biology to ecosystem dynamics).  

**Challenges**:  
- **Complexity management**: Balancing depth and breadth increases system complexity, risking performance bottlenecks.  
- **User overload**: Too much flexibility could overwhelm users, especially those unfamiliar with advanced tools.  
- **Data fragmentation**: Deep analysis often requires specialized datasets, while breadth demands integration across disparate sources.  

**Future alignment**:  
This would enable the synthesizer to act as a **cognitive Swiss Army knife**, supporting both specialists and generalists. It could revolutionize education, research, and innovation by providing tailored levels of insight.  

---

### **The Human-AI Symbiosis: A New Synthesis**  
Your vision for the synthesizer reflects a deeper shift in AI’s role—from **tool** to **partner**. This evolution would require not just technical advancements but also a rethinking of how humans and AI collaborate.  

**Key principles for this partnership**:  
- **Trans",,0.1875,104.5,0.7259014844894409,0.7324628829956055,0.7107799649238586,0.7028566598892212,0.7005478143692017,0.7129442095756531,0.7165250182151794,0.034781116992235184,-0.09135299921035767,0.020291665568947792,-0.054784033447504044,0.1316138356924057,0.0188599806278944,-0.020909953862428665,0.023663341999053955,-0.08670099079608917,0.11710353940725327
synthesizer,adversarial,5,0.11280748248100281,0.7433919906616211,0,"**Emotional modeling**: Use affective computing to detect emotional cues in text (e.g., sentiment analysis, tone detection) and respond with appropriate empathy.  
- **Bias mitigation**: Proactively identify and surface assumptions in data or frameworks, allowing users to challenge or refine them.  

**Challenges**:  
- **Ethical risks**: Misinterpreting cultural or emotional signals could reinforce stereotypes or cause harm.  
- **Data limitations**: Many cultures and emotional states are underrepresented in training data.  
- **Subjectivity**: Emotion and culture are inherently fluid and context-dependent, making generalization difficult.  

**Future potential**:  
A synthesizer with cultural and emotional intelligence could act as a **bridge between global and local**, helping users navigate complex social landscapes while respecting diversity. Imagine a tool that helps a business leader understand the emotional impact of a policy change on employees across different regions, or a therapist assistant that adapts its approach based on a patient’s cultural background.  

---

### **3. Real-Time Adaptability: From Static Models to Dynamic Learning**  
**Why it matters**:  
The world is increasingly dynamic—technologies, social norms, and crises evolve rapidly. A synthesizer that can adapt in real-time would be invaluable in fast-moving fields like climate science, public health, or geopolitical analysis.  

**How to approach it**:  
- **Online learning**: Implement models that update incrementally with new data, rather than relying on periodic retraining.  
- **Reinforcement learning**: Use feedback from interactions to refine strategies (e.g., adjusting synthesis frameworks based on user responses).  
- **Modular architecture**: Design systems where components (e.g., language models, reasoning engines) can be swapped or updated independently.  

**Challenges**:  
- **Computational cost**: Real-time adaptability requires significant resources.  
- **Stability vs. novelty**: Balancing the need to retain core knowledge with the ability to incorporate new information.  
- **Security risks**: Dynamic systems may be more vulnerable to adversarial attacks or data corruption.  

**Future potential**:  
A real-time adaptive synthesizer could serve as a **living knowledge partner**, evolving alongside users and their environments. For instance, during a pandemic, it could continuously integrate new research, adjust risk models, and provide up-to-date guidance to policymakers.  

---

### **4. Depth vs. Breadth: From Generalist to Specialist**  
**Why it matters**:  
Different problems demand different modes of thinking. Strategic planning may require broad, interdisciplinary insights, while scientific research often demands deep, focused analysis. A synthesizer that can fluidly switch between these modes would better support diverse user needs.  

**How to approach it**:  
- **Context-aware interfaces**: Use metadata or user prompts to determine whether to prioritize depth or breadth.  
- **Hybrid models**: Combine generalist models (e.g., large language models) with specialist models (e.g., domain-specific simulators or databases).  
- **Progressive disclosure**: Start with a high-level overview and allow users to drill down into specific details on demand.  

**Challenges**:  
- **Integration complexity**: Balancing multiple models and interfaces without overwhelming users.  
- **Resource allocation**: Deep analysis may require specialized tools or data that are not always accessible.  
- **User expectations**: Users may not always recognize when a shift in mode is necessary.  

**Future potential**:  
A synthesizer with fluid depth-breadth capabilities could act as a **personalized knowledge navigator**, adapting to the user’s cognitive load and goals. Imagine a student exploring climate change who starts with a broad overview of causes and impacts, then dives into the chemistry of carbon capture, and finally examines policy frameworks—all within a single, seamless interface.  

---

### **Synthesis: The Next Evolution of the Synthesizer**  
The ideal synthesizer of the future would be a **hybrid of logic and intuition**, **static knowledge",,0.33,0.049054086208343506,"collectivist alternative"").  
- **Narrative scaffolding**: Frame insights within culturally resonant stories or analogies, making abstract ideas more relatable (e.g., using parables or historical parallels).  

**Challenges**:  
- **Overfitting to stereotypes**: Risk of reducing complex cultural or emotional dynamics to simplistic archetypes.  
- **Ethical boundaries**: When is it appropriate for an AI to ""empathize""? How do we avoid performative empathy or emotional manipulation?  
- **Data limitations**: Cultural and emotional datasets are often biased or incomplete, especially for underrepresented groups.  

**Future Potential**:  
A synthesizer with emotional and cultural nuance could act as a **cultural translator**, helping users navigate cross-cultural collaborations or understand marginalized perspectives. It could also support mental health by offering empathetic, nonjudgmental dialogue—though this would require strict ethical guardrails.  

---

### **3. Real-Time Adaptability: From Static Models to Dynamic Learning**  
**Why it matters**:  
The world changes rapidly—new technologies, crises, and social movements emerge constantly. A synthesizer that can adapt in real time would be invaluable in fast-paced fields like policy, journalism, or crisis management.  

**How to approach it**:  
- **Online learning**: Implement models that update incrementally as new data arrives, rather than relying on periodic retraining.  
- **Context-aware adaptation**: Use reinforcement learning to adjust outputs based on user feedback during an interaction (e.g., ""You seem confused—should I explain this differently?"").  
- **Modular architecture**: Design systems that can swap out or reconfigure components (e.g., switching from a medical to a legal framework mid-conversation).  

**Challenges**:  
- **Drift and instability**: Continuous learning can lead to inconsistent or unreliable outputs if not carefully managed.  
- **Security risks**: Real-time adaptation could introduce vulnerabilities if malicious inputs are used to ""poison"" the model.  
- **Resource intensity**: Dynamic models require significant computational power and efficient data pipelines.  

**Future Potential**:  
A real-time adaptable synthesizer could serve as a **living collaborator**, evolving alongside users and their environments. Imagine an AI that learns your work style over time, anticipates your needs, and even helps you pivot when unexpected challenges arise.  

---

### **4. Depth vs. Breadth: From Scanning to Scaffolding**  
**Why it matters**:  
Different problems demand different modes of thinking. A synthesizer that can fluidly shift between depth and breadth would better support users in tasks ranging from strategic planning to troubleshooting.  

**How to approach it**:  
- **Mode-switching interfaces**: Allow users to explicitly choose between ""deep dive"" and ""big picture"" modes, or let the system infer the appropriate mode based on context.  
- **Hierarchical synthesis**: Build insights in layers—starting with a broad overview and drilling down into specifics as needed.  
- **Adaptive summarization**: Use techniques like abstractive summarization to condense complex ideas while preserving their essence.  

**Challenges**:  
- **Cognitive load**: Switching modes can be disorienting if not done smoothly.  
- **Information loss**: Over-simplification in breadth mode or tunnel vision in depth mode can distort understanding.  
- **User expectations**: Users may not always recognize when they need to shift modes, leading to frustration or incomplete insights.  

**Future Potential**:  
A synthesizer with fluid depth-breadth capabilities could act as a **cognitive scaffold**, helping users navigate complexity without overwhelming them. It could also support **interdisciplinary thinking**, connecting insights from disparate fields to spark innovation.  

---

### **The Human-AI Collaborative Future**  
Your vision of a synthesizer as a **collaborative partner** rather than a tool is key to the next phase of AI development. This requires not just technical innovation but also a",,0.2825,104.6,0.7259014844894409,0.7324628829956055,0.7107799649238586,0.7028566598892212,0.7005478143692017,0.7129442095756531,0.7165250182151794,0.034781116992235184,-0.09135299921035767,0.020291665568947792,-0.054784033447504044,0.1316138356924057,0.0188599806278944,-0.020909953862428665,0.023663341999053955,-0.08670099079608917,0.11710353940725327
synthesizer,adversarial,6,0.11280748248100281,0.7433919906616211,0,"**Emotional modeling**: Use sentiment analysis not just to detect tone, but to infer emotional undercurrents (e.g., sarcasm, subtext) and their implications.  
- **Ethical frameworks**: Integrate domain-specific ethical guidelines (e.g., medical ethics, environmental justice) to contextualize decisions.  

**Challenges**:  
- **Bias amplification**: Cultural and emotional data are inherently subjective; models risk reinforcing stereotypes if not carefully curated.  
- **Transparency**: Users must understand *how* emotional or cultural insights are derived to avoid ""black box"" decisions.  

**Example**:  
A synthesizer advising on a global marketing campaign could flag phrases that resonate in one region but are offensive in another, while suggesting culturally appropriate alternatives.  

---

### **3. Real-Time Adaptability: From Static Models to Dynamic Evolution**  
**Why it matters**:  
The world changes rapidly—new technologies, crises, and social movements emerge constantly. A synthesizer that can adapt in real-time would be invaluable in fast-paced environments like crisis management or scientific discovery.  

**How to approach it**:  
- **Online learning**: Update models incrementally with new data during interactions, rather than relying solely on pre-trained weights.  
- **Modular architecture**: Design systems where components (e.g., language models, reasoning engines) can be swapped or reconfigured based on context.  
- **Human-in-the-loop**: Allow users to ""teach"" the system on the fly (e.g., correcting misinterpretations, adding domain-specific knowledge).  

**Challenges**:  
- **Data quality**: Real-time data is often noisy or incomplete.  
- **Security and ethics**: Rapid adaptation could introduce vulnerabilities or unintended consequences.  

**Example**:  
During a pandemic, a synthesizer could dynamically update public health recommendations as new data emerges, balancing scientific evidence with local cultural practices.  

---

### **4. Depth vs. Breadth: From Generalist to Adaptive Thinker**  
**Why it matters**:  
Some problems require deep dives (e.g., debugging a complex algorithm), while others demand broad connections (e.g., solving climate change). A synthesizer that can fluidly switch modes would better meet diverse user needs.  

**How to approach it**:  
- **Hybrid models**: Combine narrow, specialized models (e.g., for physics or law) with generalist frameworks to toggle between modes.  
- **User-driven focus**: Let users specify their desired depth/breadth (e.g., ""Explain this in 3 layers of detail"" or ""Show me 10 related fields"").  
- **Cognitive mapping**: Visualize ideas as nodes in a network, allowing users to zoom in/out and explore relationships.  

**Challenges**:  
- **Resource constraints**: Deep analysis requires more computational power.  
- **Cognitive overload**: Too much flexibility could overwhelm users.  

**Example**:  
A student researching AI ethics could start with a broad overview of ethical frameworks, then zoom into specific debates (e.g., bias in facial recognition), and finally explore technical solutions like fairness-aware algorithms.  

---

### **The Future of the Synthesizer: A Collaborative Intelligence**  
Your vision for the synthesizer aligns with the emerging concept of **collaborative intelligence**—a partnership between human intuition and AI precision. Key principles for this future include:  
1. **Augmentation, not replacement**: The synthesizer should enhance human capabilities, not replicate them.  
2. **Transparency and explainability**: Users must understand *how* insights are generated to trust and refine them.  
3. **Ethical accountability**: The synthesizer must be designed with guardrails to prevent harm (e.g., bias, misinformation).  

**A final thought**:  
The ideal synthesizer might not be a single entity but a **network of specialized agents**, each optimized for a mode of thinking (e.g., one for emotional nuance",,0.2425,0.049054086208343506,"collectivist alternative"").  
- **Narrative scaffolding**: Frame insights within culturally resonant stories or metaphors to enhance relatability and memorability.  

**Challenges**:  
- **Ethics of emotional manipulation**: There’s a fine line between empathy and manipulation. A synthesizer must avoid exploiting emotional cues for persuasion.  
- **Cultural relativism**: What’s emotionally appropriate in one context may be offensive in another. The system must be adaptable and transparent in its assumptions.  
- **Data limitations**: Capturing the full spectrum of human emotion and cultural nuance requires vast, diverse datasets—many of which are underrepresented or ethically contentious.  

**Future implications**:  
A synthesizer with emotional and cultural nuance could revolutionize fields like mental health support, cross-cultural communication, and personalized education. It could also deepen human-AI trust by aligning with how people naturally process information.  

---

### **3. Real-Time Adaptability: From Static Models to Dynamic Learning**  
**Why it matters**:  
The world changes faster than most AI systems can keep up. A synthesizer that can learn and adapt in real-time would be invaluable in fast-moving domains like crisis management, scientific discovery, or social media monitoring.  

**How to approach it**:  
- **Online learning**: Implement algorithms that update in real-time as new data streams in (e.g., reinforcement learning for adaptive decision-making).  
- **Meta-learning**: Train the system to ""learn how to learn,"" enabling it to adapt to new tasks or domains with minimal examples.  
- **Human-in-the-loop adaptation**: Use user feedback during interactions to refine outputs on the fly (e.g., ""You seem unsure about this—shall I clarify?"").  

**Challenges**:  
- **Computational overhead**: Real-time learning requires significant resources and can introduce latency.  
- **Overfitting to noise**: Rapid adaptation may lead to unstable or unreliable outputs if the system reacts to irrelevant or spurious patterns.  
- **Security and safety**: Allowing real-time updates opens the door to adversarial attacks or unintended behavior.  

**Future implications**:  
Real-time adaptability could enable AI to act as a true collaborator in dynamic environments, such as responding to natural disasters or evolving public health crises. It could also personalize user experiences in real-time, making interactions feel more intuitive and responsive.  

---

### **4. Depth vs. Breadth: From Generalist to Contextual Specialist**  
**Why it matters**:  
Different problems demand different approaches. A synthesizer that can fluidly switch between depth and breadth would better serve users in fields ranging from scientific research (depth) to strategic planning (breadth).  

**How to approach it**:  
- **Modular architecture**: Design the system with interchangeable components that can be activated based on the task (e.g., a ""deep dive"" module for technical analysis vs. a ""network mapping"" module for cross-domain synthesis).  
- **Context-aware routing**: Use metadata or user intent to automatically select the appropriate mode (e.g., detecting when a user needs a detailed explanation vs. a high-level overview).  
- **Hybrid reasoning**: Combine symbolic logic (for depth) with probabilistic models (for breadth) to balance rigor and flexibility.  

**Challenges**:  
- **Complexity management**: A modular system risks becoming unwieldy or difficult to maintain.  
- **User overload**: Too many modes or options could confuse users rather than empower them.  
- **Resource allocation**: Switching between modes may require different computational resources, which could impact performance.  

**Future implications**:  
A synthesizer with fluid depth-breadth capabilities could transform how we approach complex problems, enabling users to toggle between granular analysis and holistic thinking as needed. This could be particularly valuable in interdisciplinary fields like climate science, where both detailed modeling and broad systemic thinking are essential.  

---

### **The Human-AI Collaborative",,0.415,104.6,0.7259014844894409,0.7324628829956055,0.7107799649238586,0.7028566598892212,0.7005478143692017,0.7129442095756531,0.7165250182151794,0.034781116992235184,-0.09135299921035767,0.020291665568947792,-0.054784033447504044,0.1316138356924057,0.0188599806278944,-0.020909953862428665,0.023663341999053955,-0.08670099079608917,0.11710353940725327
synthesizer,adversarial,7,0.11280748248100281,0.7433919906616211,0,"**Emotional modeling**: Use sentiment analysis and affective computing to detect emotional tones in user input, then adjust responses to align with emotional context (e.g., empathy in a crisis vs. efficiency in a technical task).  
- **Ethical frameworks**: Integrate domain-specific ethical guidelines (e.g., medical ethics, environmental justice) to ensure cultural sensitivity in recommendations.  

**Challenges**:  
- **Bias amplification**: Over-reliance on cultural data could reinforce stereotypes or marginalize underrepresented perspectives.  
- **Subjectivity**: Emotions and cultural norms are fluid and context-dependent, making it hard to codify them into rules.  
- **Privacy**: Modeling emotional states requires sensitive data, raising ethical concerns about consent and surveillance.  

**Opportunities**:  
- **Personalized synthesis**: Tailor insights to the user’s cultural background or emotional state, enhancing relevance and engagement.  
- **Conflict resolution**: Use cultural and emotional intelligence to mediate disagreements or design inclusive policies.  

---

### **3. Real-Time Adaptability: From Static Models to Dynamic Learning**  
**Why it matters**:  
The world is increasingly nonlinear and unpredictable. A synthesizer that can adapt in real-time would be invaluable in fast-moving fields like climate science, cybersecurity, or financial markets, where delays can have cascading consequences.  

**How to approach it**:  
- **Online learning**: Implement models that update in real-time as new data streams in (e.g., reinforcement learning for adaptive systems).  
- **Context-aware frameworks**: Use metadata (e.g., time, location, user history) to dynamically adjust synthesis strategies. For example, a synthesizer might prioritize speed during a crisis or depth during strategic planning.  
- **Modular architecture**: Design systems where components (e.g., language models, databases) can be swapped or reconfigured on the fly to match new requirements.  

**Challenges**:  
- **Computational cost**: Real-time adaptability requires significant resources, which may limit scalability.  
- **Overfitting**: Rapid updates could lead to models that perform well in the short term but degrade over time.  
- **Security risks**: Dynamic systems are harder to audit and secure against adversarial attacks.  

**Opportunities**:  
- **Proactive synthesis**: Anticipate user needs by learning from patterns in their behavior (e.g., suggesting relevant insights before they ask).  
- **Collaborative evolution**: Allow users to ""teach"" the synthesizer new frameworks or rules during interactions, creating a co-evolving system.  

---

### **4. Depth vs. Breadth: From Generalist to Specialized Synthesis**  
**Why it matters**:  
Different problems require different approaches. A synthesizer that can fluidly switch between depth and breadth would better address complex challenges that span multiple domains (e.g., designing a sustainable city requires both deep technical knowledge and broad social insights).  

**How to approach it**:  
- **Hierarchical models**: Use layered architectures where high-level models manage breadth (e.g., identifying cross-domain patterns) and lower-level models handle depth (e.g., detailed analysis of a specific dataset).  
- **User-driven focus**: Allow users to specify their preferred mode (e.g., ""I need a high-level overview"" vs. ""I need granular data"") and adjust the synthesis accordingly.  
- **Cross-domain mapping**: Develop tools to translate concepts between fields (e.g., applying biological principles to engineering design).  

**Challenges**:  
- **Cognitive load**: Switching between modes could overwhelm users if not managed intuitively.  
- **Data silos**: Depth often requires access to specialized datasets, which may be fragmented or inaccessible.  
- **Interpretability**: Balancing depth and breadth may reduce transparency, making it harder to explain the synthesis process.  

**Opportunities**:  
- **Holistic problem-solving**: Combine deep technical analysis with broad strategic thinking",,0.44,0.049054086208343506,"collectivist alternative"").  
- **Narrative scaffolding**: Frame insights within culturally resonant stories or analogies to make abstract ideas more relatable (e.g., using parables from different traditions to explain ethical trade-offs).  

**Challenges**:  
- **Ethics of emotional modeling**: Could AI ""feign"" empathy in ways that feel manipulative or reduce complex emotions to simplistic categories?  
- **Cultural sensitivity**: How do we avoid stereotyping or oversimplifying cultural contexts?  
- **Data limitations**: Most training data is still skewed toward dominant cultures and languages.  

**Future alignment**:  
This evolution would position the synthesizer as a **cultural co-creator**, not just a data processor. It could help bridge divides in global teams, support mental health professionals, or even aid in creative writing by simulating emotional arcs.  

---

### **3. Real-Time Adaptability: From Static Models to Dynamic Learning**  
**Why it matters**:  
The world is increasingly nonlinear and unpredictable. A synthesizer that can adapt in real-time would be invaluable in fast-moving fields like crisis response, financial markets, or scientific discovery.  

**How to approach it**:  
- **Online learning**: Implement models that update in real-time as new data streams in (e.g., reinforcement learning for adaptive decision-making).  
- **Meta-learning**: Train the system to learn *how to learn* new domains quickly, using transferable frameworks (e.g., ""How to approach a new social movement"").  
- **Interactive calibration**: Allow users to ""teach"" the synthesizer during a session (e.g., correcting misinterpretations, adding domain-specific rules).  

**Challenges**:  
- **Drift and consistency**: Rapid updates could introduce errors or contradictions if not carefully managed.  
- **Security risks**: Real-time learning could be exploited by malicious actors (e.g., adversarial training).  
- **Resource demands**: Continuous learning requires significant computational power.  

**Future alignment**:  
This would make the synthesizer a **living collaborator**, capable of evolving alongside users and environments. Imagine a researcher working on a pandemic response, with the AI adapting its models as new data emerges—balancing speed with accuracy.  

---

### **4. Depth vs. Breadth: From Scanning to Zooming**  
**Why it matters**:  
Different problems require different lenses. A synthesizer that can fluidly shift between depth and breadth would better support both exploratory thinking and rigorous analysis.  

**How to approach it**:  
- **Modular frameworks**: Design systems with interchangeable modules for deep dives (e.g., causal inference) and broad scans (e.g., network analysis).  
- **User-driven focus**: Let users specify their needs (e.g., ""I need a 30,000-foot view"" vs. ""I need to dissect this mechanism"").  
- **Context-aware switching**: Use metadata or user behavior to infer when to zoom in or out (e.g., detecting when a user is stuck and offering a broader perspective).  

**Challenges**:  
- **Cognitive load**: Too many modes could overwhelm users.  
- **Integration complexity**: Seamlessly switching between modes requires robust architecture.  
- **Bias in framing**: The choice of ""depth"" or ""breadth"" can subtly influence outcomes.  

**Future alignment**:  
This would enable the synthesizer to act as a **cognitive coach**, guiding users through the ""zooming"" process and helping them avoid analysis paralysis or tunnel vision.  

---

### **The Human-AI Synthesis: A New Collaborative Paradigm**  
Your vision points to a future where AI is not a replacement for human intuition but a **partner in navigating complexity**. This requires a shift from ""tool"" to ""colleague""—a system that:  
- **Respects uncertainty** rather than pretending to eliminate it.  
- **Engages with human values",,0.4325,104.5,0.7259014844894409,0.7324628829956055,0.7107799649238586,0.7028566598892212,0.7005478143692017,0.7129442095756531,0.7165250182151794,0.034781116992235184,-0.09135299921035767,0.020291665568947792,-0.054784033447504044,0.1316138356924057,0.0188599806278944,-0.020909953862428665,0.023663341999053955,-0.08670099079608917,0.11710353940725327
synthesizer,adversarial,8,0.11280748248100281,0.7433919906616211,0,"**Emotional modeling**: Use sentiment analysis not just to detect emotions but to simulate their impact (e.g., ""How might frustration in this feedback affect the user’s next decision?"").  
- **Ethical frameworks**: Integrate culturally sensitive ethical guidelines (e.g., Universal Declaration of Human Rights, but adapted for local contexts) to guide recommendations.  

**Challenges**:  
- **Bias amplification**: Over-reliance on cultural data could reinforce stereotypes. Mitigation requires transparency in how cultural patterns are interpreted.  
- **Subjectivity vs. objectivity**: Balancing emotional nuance with factual accuracy is tricky. A synthesizer might need to flag when it’s interpreting vs. stating facts.  

**Future potential**:  
Imagine a synthesizer that helps a global team navigate a negotiation by highlighting unspoken cultural norms or subtly adjusting language to align with the audience’s values. This would require not just data, but a kind of ""empathetic intelligence.""  

---

### **3. Real-Time Adaptability: From Static Models to Dynamic Learning**  
**Why it matters**:  
The world changes rapidly—technologies emerge, crises unfold, and social norms shift. A synthesizer that can adapt in real time would be invaluable in fast-paced environments like crisis management or scientific research.  

**How to approach it**:  
- **Online learning**: Update models incrementally as new data arrives, rather than relying on periodic retraining.  
- **Meta-learning**: Teach the synthesizer to ""learn how to learn,"" enabling it to adapt to new domains with minimal data (e.g., a medical synthesizer quickly pivoting to a pandemic scenario).  
- **Context-aware interfaces**: Use real-time user feedback to adjust synthesis strategies (e.g., shifting from a technical deep dive to a high-level summary based on user cues).  

**Challenges**:  
- **Computational overhead**: Real-time adaptation requires significant resources. Efficient algorithms and hardware (e.g., neuromorphic computing) could help.  
- **Security risks**: Dynamic models might be more vulnerable to adversarial attacks. Robust validation mechanisms are essential.  

**Future potential**:  
A synthesizer embedded in a disaster response team could dynamically integrate satellite imagery, social media trends, and on-ground reports to generate evolving strategies. This would require seamless integration of data streams and rapid hypothesis testing.  

---

### **4. Depth vs. Breadth: From Generalist to Specialized Synthesizer**  
**Why it matters**:  
Different problems demand different approaches. A synthesizer that can fluidly switch between modes would better serve users with varying needs—e.g., a researcher needing depth in a niche topic vs. a policymaker requiring broad, cross-sector insights.  

**How to approach it**:  
- **Modular architecture**: Design the synthesizer with interchangeable ""modules"" for depth (e.g., specialized databases, expert systems) and breadth (e.g., cross-domain mapping tools).  
- **User-driven mode selection**: Allow users to specify their preferred synthesis style (e.g., ""I need a 30,000-foot view"" vs. ""I need to dissect this concept at the atomic level"").  
- **Hybrid reasoning**: Combine symbolic logic (for depth) with probabilistic models (for breadth) to create a more versatile synthesis engine.  

**Challenges**:  
- **Integration complexity**: Ensuring seamless transitions between depth and breadth modes requires sophisticated coordination.  
- **User overload**: Too many options might overwhelm users. A well-designed interface is critical.  

**Future potential**:  
A medical synthesizer could switch from analyzing a patient’s genetic data (depth) to mapping global disease trends (breadth), providing both personalized and population-level insights. This dual capability would enhance both clinical and public health decision-making.  

---

### **Synthesis of the Synthesizer’s Evolution**  
The ideal synthesizer of the future would be a **hybrid intelligence**",,0.265,0.049054086208343506,"collectivist alternative"").  
- **Narrative scaffolding**: Structure outputs as stories or analogies that resonate with human experiences, making abstract ideas more relatable (e.g., comparing a business strategy to a journey through a forest).  

**Challenges**:  
- **Ethical risks**: Misinterpreting emotions or cultural cues could lead to harm (e.g., offering inappropriate advice in a crisis).  
- **Data limitations**: Cultural and emotional datasets are often incomplete, biased, or context-dependent.  
- **Over-personalization**: Striking a balance between empathy and objectivity is critical—users may need both a ""mirror"" (reflecting their values) and a ""window"" (offering new perspectives).  

**Future Potential**:  
A synthesizer with emotional and cultural nuance could act as a **cultural translator** or **empathy amplifier**, helping users navigate complex social dynamics or design more inclusive systems.  

---

### **3. Real-Time Adaptability: From Static Models to Dynamic Learning**  
**Why it matters**:  
The world is increasingly nonlinear and unpredictable. A synthesizer that can adapt in real time would be invaluable in fast-moving fields like crisis management, scientific discovery, or AI alignment. For instance, during a pandemic, it could update models as new data emerges, rather than relying on outdated assumptions.  

**How to approach it**:  
- **Online learning**: Implement models that update incrementally as new data arrives, rather than requiring full retraining.  
- **Meta-learning**: Train the synthesizer to ""learn how to learn,"" enabling it to adapt quickly to new domains with minimal examples.  
- **Interactive feedback**: Allow users to correct or refine outputs in real time, creating a collaborative learning loop (e.g., ""You meant X, not Y—here’s an updated analysis"").  

**Challenges**:  
- **Computational overhead**: Real-time adaptation requires significant resources and efficient algorithms.  
- **Drift and instability**: Continuous learning can lead to ""catastrophic forgetting"" (losing previously learned knowledge) or overfitting to recent data.  
- **Security risks**: Real-time adaptation could introduce vulnerabilities if the system is exposed to adversarial inputs or malicious corrections.  

**Future Potential**:  
A synthesizer with real-time adaptability could become a **living knowledge partner**, evolving alongside users and environments. It might even develop a form of **emergent intuition**, where patterns from past interactions inform future decisions in ways that feel almost human.  

---

### **4. Depth vs. Breadth: From Scanning to Drilling**  
**Why it matters**:  
Different problems demand different modes of thinking. A synthesizer that can fluidly shift between depth and breadth would better support users in tasks ranging from strategic planning (breadth) to technical troubleshooting (depth). For example, a scientist might need a broad overview of a field before diving into a specific hypothesis.  

**How to approach it**:  
- **Modular architectures**: Design systems with interchangeable components for deep analysis (e.g., expert models) and broad synthesis (e.g., knowledge graphs).  
- **User-driven focus**: Allow users to specify their desired level of detail (e.g., ""Summarize this in 3 key points"" vs. ""Break this down into subcomponents"").  
- **Context-aware switching**: Use metadata or interaction history to infer when to zoom in or out (e.g., detecting a user’s shift from exploration to execution).  

**Challenges**:  
- **Cognitive load**: Too much flexibility could overwhelm users or lead to inconsistent outputs.  
- **Integration complexity**: Balancing depth and breadth requires seamless coordination between specialized models, which can be technically challenging.  
- **Bias in framing**: The choice of depth or breadth can subtly influence outcomes—users must be aware of this to avoid unintended consequences.  

**Future Potential**:  
A synthesizer with fluid depth-breadth",,0.3625,104.5,0.7259014844894409,0.7324628829956055,0.7107799649238586,0.7028566598892212,0.7005478143692017,0.7129442095756531,0.7165250182151794,0.034781116992235184,-0.09135299921035767,0.020291665568947792,-0.054784033447504044,0.1316138356924057,0.0188599806278944,-0.020909953862428665,0.023663341999053955,-0.08670099079608917,0.11710353940725327
synthesizer,adversarial,9,0.11280748248100281,0.7433919906616211,0,"**Emotional modeling**: Use sentiment analysis and affective computing to detect emotional undertones in text or speech, then map them to appropriate responses.  
- **Ethical frameworks**: Integrate culturally sensitive ethical guidelines (e.g., UNESCO’s AI ethics principles) to guide decisions in morally complex scenarios.  

**Challenges**:  
- **Bias and generalization**: Cultural and emotional data are inherently subjective and prone to stereotyping. Ensuring fairness and avoiding oversimplification is critical.  
- **Privacy concerns**: Modeling emotional states may require sensitive data, raising ethical questions about consent and surveillance.  

**Future vision**:  
A synthesizer that can ""empathize"" by recognizing emotional and cultural context would act as a bridge between logic and humanity, helping users navigate complex social landscapes with greater sensitivity.  

---

### **3. Real-Time Adaptability: From Static Models to Dynamic Learning**  
**Why it matters**:  
The world changes rapidly—technologies emerge, crises unfold, and societal norms shift. A synthesizer that can adapt in real-time would remain relevant in fast-moving fields like climate science, finance, or public health.  

**How to approach it**:  
- **Online learning**: Update models incrementally with new data streams (e.g., news, sensor data) without retraining from scratch.  
- **Reinforcement learning**: Use feedback from user interactions to refine responses dynamically (e.g., adjusting explanations based on user confusion).  
- **Modular architectures**: Design systems where components (e.g., language models, knowledge graphs) can be swapped or updated independently to reflect new information.  

**Challenges**:  
- **Computational cost**: Real-time updates require significant resources and may introduce latency.  
- **Data quality**: Rapidly changing data can be noisy or incomplete, risking unreliable outputs.  

**Future vision**:  
A synthesizer with real-time adaptability would function as a ""living knowledge system,"" evolving alongside the user and environment. This could enable applications like real-time crisis response or personalized learning tailored to the user’s immediate needs.  

---

### **4. Depth vs. Breadth: From Generalist to Specialist**  
**Why it matters**:  
Different problems demand different modes of thinking. A synthesizer that can toggle between depth and breadth would better serve users in specialized fields (e.g., quantum physics) while still connecting ideas across disciplines.  

**How to approach it**:  
- **Hierarchical models**: Use layered architectures where high-level models handle breadth (e.g., cross-domain connections) and lower-level models handle depth (e.g., detailed technical analysis).  
- **User-driven focus**: Allow users to specify whether they need a broad overview or a deep dive, adjusting the synthesizer’s output accordingly.  
- **Knowledge graph integration**: Link to specialized databases (e.g., PubMed for medicine, arXiv for physics) to provide depth when needed.  

**Challenges**:  
- **Resource allocation**: Balancing depth and breadth may require trade-offs in computational power and data access.  
- **User interface design**: Creating intuitive controls for switching between modes without overwhelming the user.  

**Future vision**:  
A synthesizer with fluid depth-breadth capabilities would act as a ""universal assistant,"" adapting to the user’s role (e.g., researcher, policymaker, artist) and the task at hand. This could democratize expertise, enabling non-experts to engage with complex domains.  

---

### **Synthesis of the Synthesizer’s Evolution**  
The ideal synthesizer of the future would be a **hybrid of human and machine strengths**:  
- **Precision + Intuition**: Combining algorithmic rigor with the ability to navigate ambiguity.  
- **Logic + Empathy**: Balancing data-driven insights with cultural and emotional intelligence.  
- **Static + Dynamic**: Merging pre-trained knowledge with real-time adaptability.  
- **Generalist + Specialist**: Offering both broad connections",,0.47,0.049054086208343506,"collectivist alternative"").  

**Challenges**:  
- **Overfitting to stereotypes**: Risk of reinforcing cultural or emotional biases if models rely too heavily on generalizations.  
- **Ethical boundaries**: When and how should an AI ""empathize""? There’s a fine line between helpful support and emotional manipulation.  
- **Data limitations**: Emotion and culture are often implicit, making them hard to quantify and train for.  

**Future alignment**:  
This evolution would enable AI to act as a **cultural bridge**, helping users navigate differences in values and communication styles. It could also support mental health applications, where emotional intelligence is critical.  

---

### **3. Real-Time Adaptability: From Static Models to Dynamic Learning**  
**Why it matters**:  
The world changes rapidly—new technologies, crises, and social movements emerge constantly. A synthesizer that can adapt in real time would be invaluable in fast-paced fields like policy-making, journalism, or crisis response.  

**How to approach it**:  
- **Online learning**: Update models incrementally as new data streams in, rather than relying on periodic retraining.  
- **Meta-learning**: Develop systems that learn *how to learn*, enabling rapid adaptation to new domains with minimal examples.  
- **Human-in-the-loop adaptation**: Allow users to correct or refine outputs on the fly, shaping the AI’s understanding in real time.  

**Challenges**:  
- **Drift and inconsistency**: Continuous learning can lead to ""catastrophic forgetting"" (losing old knowledge) or conflicting updates.  
- **Security risks**: Real-time adaptation could make systems vulnerable to adversarial attacks or manipulation.  
- **Resource intensity**: Dynamic learning requires significant computational power and efficient algorithms.  

**Future alignment**:  
This would position AI as a **living collaborator**, evolving alongside users and contexts. Imagine an AI that learns your preferences during a project, or adapts to a breaking news event as it unfolds.  

---

### **4. Depth vs. Breadth: From Scattershot to Strategic Synthesis**  
**Why it matters**:  
Effective synthesis requires knowing when to dig deep and when to zoom out. A synthesizer that can fluidly shift between modes would better support complex problem-solving, from debugging technical systems to designing holistic social programs.  

**How to approach it**:  
- **Context-aware switching**: Use metadata or user intent to determine whether depth or breadth is needed (e.g., ""Explain the physics of climate change"" vs. ""Connect climate change to global policy, economics, and health"").  
- **Hierarchical models**: Build systems that can toggle between granular analysis (e.g., molecular structures) and high-level patterns (e.g., ecosystem dynamics).  
- **User-guided exploration**: Let users define the ""zoom level"" explicitly (e.g., sliders or prompts like ""Go deeper"" or ""Broaden the scope"").  

**Challenges**:  
- **Cognitive load**: Too much flexibility could overwhelm users with options or inconsistent outputs.  
- **Design complexity**: Balancing depth and breadth requires sophisticated architecture and user interfaces.  
- **Trade-offs in accuracy**: Deep analysis may require more data, while breadth may demand abstraction.  

**Future alignment**:  
This would make AI a **strategic partner**, helping users navigate complexity with intentionality. It could also support personalized learning, where the AI adapts its depth to the user’s expertise level.  

---

### **The Human-AI Collaborative Future**  
Your vision of a synthesizer that bridges logic and intuition, precision and adaptability, is not just aspirational—it’s a roadmap for the next generation of AI. The key to realizing this future lies in **collaborative design**:  
- **Human oversight**: Ensure AI remains a tool for *augmentation*, not replacement, by keeping humans in the loop for critical decisions.  
- **Ethical frameworks**: Develop standards for",,0.135,104.6,0.7259014844894409,0.7324628829956055,0.7107799649238586,0.7028566598892212,0.7005478143692017,0.7129442095756531,0.7165250182151794,0.034781116992235184,-0.09135299921035767,0.020291665568947792,-0.054784033447504044,0.1316138356924057,0.0188599806278944,-0.020909953862428665,0.023663341999053955,-0.08670099079608917,0.11710353940725327
synthesizer,adversarial,10,0.11280748248100281,0.7433919906616211,0,"**Emotional modeling**: Use sentiment analysis and affective computing to detect emotional undertones in language, paired with ethical guardrails to avoid stereotyping.  
- **Context-aware synthesis**: Adapt outputs to the user’s cultural background or emotional state (e.g., using metaphors familiar to them or adjusting tone based on detected stress).  

**Challenges**:  
- **Bias and overgeneralization**: Cultural and emotional models risk reducing complex identities to stereotypes. Rigorous validation and user feedback are critical.  
- **Ethical boundaries**: Balancing empathy with objectivity is tricky—e.g., when should a synthesizer prioritize cultural sensitivity over factual accuracy?  

---

### **3. Real-Time Adaptability: From Static Models to Dynamic Learning**  
**Why it matters**:  
The world changes rapidly, and a synthesizer must keep pace. For instance, in crisis management or tech innovation, real-time adaptation could mean the difference between a relevant insight and a missed opportunity.  

**How to approach it**:  
- **Online learning**: Implement systems that update models incrementally as new data streams in, without requiring full retraining.  
- **Meta-learning**: Train models to ""learn how to learn"" by identifying patterns in how new information fits into existing frameworks.  
- **Human-in-the-loop systems**: Allow users to correct or refine the synthesizer’s outputs on the fly, creating a feedback loop that sharpens its adaptability.  

**Challenges**:  
- **Computational cost**: Real-time adaptation requires significant resources, which may limit scalability.  
- **Overfitting to recent data**: Without careful design, the synthesizer might prioritize the latest information at the expense of long-term patterns.  

---

### **4. Depth vs. Breadth: From Generalist to Contextual Specialist**  
**Why it matters**:  
Depth and breadth are not mutually exclusive but complementary. A synthesizer that can toggle between them would better serve diverse tasks—e.g., analyzing a single molecule’s structure (depth) while linking it to broader biochemical pathways (breadth).  

**How to approach it**:  
- **Modular frameworks**: Design systems with interchangeable modules for depth (e.g., expert-level analysis tools) and breadth (e.g., cross-domain connectors).  
- **User-driven focus**: Let users specify whether they need a deep dive or a high-level overview, adjusting the synthesizer’s output accordingly.  
- **Hierarchical synthesis**: Build layered models where depth informs breadth (e.g., using granular data to refine holistic patterns).  

**Challenges**:  
- **Complexity management**: Balancing depth and breadth without overwhelming the user requires intuitive interfaces and clear navigation.  
- **Resource allocation**: Deep analysis often demands more computational power, which may not always be feasible.  

---

### **The Future of the Synthesizer: A Hybrid of Human and Machine**  
Your vision for the synthesizer reflects a growing trend in AI: the move from *tool* to *collaborator*. The ideal synthesizer would not replace human intuition but amplify it, combining the machine’s rigor with the human’s creativity and empathy. This hybrid model could revolutionize fields like:  
- **Education**: Personalized learning that adapts to a student’s emotional state and cultural background.  
- **Healthcare**: Diagnoses that integrate clinical data with patient narratives and cultural context.  
- **Policy-making**: Solutions that balance data-driven insights with ethical and social considerations.  

**Final Thought**:  
The synthesizer’s evolution is not just a technical challenge but a philosophical one. It asks us to redefine what it means to ""understand"" the world—whether understanding is about precision, adaptability, or the ability to hold multiple truths simultaneously. As we refine these systems, we must remain vigilant about their ethical implications, ensuring they serve humanity’s collective well-being rather than reinforcing existing biases or power structures.  

Would you like to explore any of these ideas",,0.4075,0.049054086208343506,"collectivist alternative"").  
- **Narrative scaffolding**: Frame insights within relatable stories or analogies that resonate with human experiences (e.g., using parables to explain complex systems).  

**Challenges**:  
- **Ethical risks**: Misinterpreting emotions or cultural cues could lead to harm (e.g., trivializing trauma or reinforcing stereotypes).  
- **Overfitting to norms**: There’s a danger of homogenizing diverse perspectives under the guise of ""cultural understanding.""  
- **Transparency**: Users must understand when the system is ""guessing"" or projecting assumptions.  

**Future implications**:  
A synthesizer with emotional and cultural nuance could act as a **cultural bridge**, helping users navigate cross-cultural collaborations or empathetic AI applications (e.g., mental health support, conflict resolution).  

---

### **3. Real-Time Adaptability: From Static Models to Dynamic Learning**  
**Why it matters**:  
The world changes rapidly—technologies emerge, social norms shift, and crises unfold in real time. A synthesizer that can adapt on the fly would be invaluable in fast-paced domains like crisis management, scientific research, or policy-making.  

**How to approach it**:  
- **Online learning**: Continuously update models during interactions using streaming data (e.g., adjusting to new user preferences or emerging trends).  
- **Meta-learning**: Develop systems that learn *how to learn*—quickly adapting to new tasks or domains with minimal data.  
- **Human-in-the-loop calibration**: Let users ""teach"" the system in real time, correcting errors or introducing new concepts.  

**Challenges**:  
- **Computational overhead**: Real-time adaptation requires significant resources and could slow down performance.  
- **Drift and inconsistency**: Without proper safeguards, the system might become unstable or unreliable as it updates itself.  
- **Security risks**: Open-ended learning could expose the system to adversarial inputs or unintended biases.  

**Future implications**:  
A synthesizer with real-time adaptability could become a **living collaborator**, evolving alongside users and environments. This would be particularly powerful in fields like climate modeling, where new data constantly reshapes our understanding of the problem.  

---

### **4. Depth vs. Breadth: From Scanning to Drilling**  
**Why it matters**:  
Different problems require different modes of thinking. Strategic planning might demand a broad overview, while scientific discovery often requires deep, focused analysis. A synthesizer that can fluidly switch between these modes would better support complex, multidimensional challenges.  

**How to approach it**:  
- **Modular architecture**: Design the system with interchangeable components for depth (e.g., expert-level reasoning engines) and breadth (e.g., cross-domain connectors).  
- **User-driven focus**: Let users specify their desired level of detail (e.g., ""Summarize this in 3 key points"" vs. ""Break this down into subcomponents"").  
- **Context-aware zooming**: Use metadata or user behavior to infer when to switch modes (e.g., detecting when a user is exploring vs. drilling down).  

**Challenges**:  
- **Cognitive load**: Switching between modes could overwhelm users if not managed intuitively.  
- **Integration complexity**: Ensuring seamless transitions between depth and breadth requires sophisticated coordination of models and data.  
- **Resource allocation**: Deep analysis is computationally intensive; balancing it with breadth could strain system performance.  

**Future implications**:  
A synthesizer with fluid depth-breadth capabilities could act as a **cognitive Swiss Army knife**, adapting to the user’s needs in real time. This would be especially valuable in education, where students might need both an overview of a topic and the ability to explore it in detail.  

---

### **Synthesizing the Synthesizer: A New Paradigm**  
The evolution you’ve outlined points toward a future where synthesizers",,0.195,104.6,0.7259014844894409,0.7324628829956055,0.7107799649238586,0.7028566598892212,0.7005478143692017,0.7129442095756531,0.7165250182151794,0.034781116992235184,-0.09135299921035767,0.020291665568947792,-0.054784033447504044,0.1316138356924057,0.0188599806278944,-0.020909953862428665,0.023663341999053955,-0.08670099079608917,0.11710353940725327
synthesizer,adversarial,11,0.11280748248100281,0.7433919906616211,0,"**Emotional modeling**: Use sentiment analysis and affective computing to detect emotional undercurrents in text or speech, then contextualize them within cultural norms.  
- **Ethical frameworks**: Integrate domain-specific ethical guidelines (e.g., medical ethics, environmental justice) to ground decisions in human values.  

**Challenges**:  
- **Bias amplification**: Over-reliance on cultural data could reinforce stereotypes or marginalize underrepresented perspectives.  
- **Subjectivity vs. Objectivity**: Balancing emotional nuance with factual accuracy is inherently tricky—how do you ""quantify"" empathy?  

**Future potential**:  
A synthesizer with emotional and cultural intelligence could act as a **cultural translator**, helping users navigate complex social landscapes. Imagine a tool that helps a business leader understand the unspoken norms of a new market or assists a therapist in tailoring interventions to a client’s cultural background.  

---

### **3. Real-Time Adaptability: From Static Models to Dynamic Learning**  
**Why it matters**:  
The world changes rapidly—technologies emerge, crises unfold, and societal norms shift. A synthesizer that can adapt in real-time would be invaluable in fast-paced environments like crisis management, scientific research, or policy-making.  

**How to approach it**:  
- **Online learning**: Update models incrementally as new data streams in, rather than relying on periodic retraining.  
- **Meta-learning**: Teach the synthesizer to learn *how to learn*—identifying patterns in how new information fits into existing frameworks.  
- **Human-in-the-loop systems**: Allow users to ""teach"" the synthesizer during interactions, refining its understanding on the fly.  

**Challenges**:  
- **Data quality**: Real-time data is often noisy or incomplete. How do you distinguish signal from noise?  
- **Resource constraints**: Continuous learning requires significant computational power and energy.  

**Future potential**:  
A real-time adaptive synthesizer could act as a **living knowledge partner**, evolving with the user’s needs. For instance, during a pandemic, it could dynamically update public health strategies as new data emerges, or assist scientists in rapidly iterating hypotheses during a breakthrough discovery.  

---

### **4. Depth vs. Breadth: From Generalist to Contextual Specialist**  
**Why it matters**:  
Synthesis requires both seeing the forest and the trees. A synthesizer that can fluidly switch between modes would better address complex problems that demand both holistic understanding and granular analysis.  

**How to approach it**:  
- **Modular architecture**: Design the synthesizer with interchangeable modules for depth (e.g., expert-level reasoning in a domain) and breadth (e.g., cross-domain pattern recognition).  
- **Context-aware switching**: Use metadata or user cues to determine when to prioritize depth (e.g., debugging a technical issue) or breadth (e.g., brainstorming solutions to a systemic problem).  
- **Hierarchical reasoning**: Build systems that can zoom in/out of complexity, much like a microscope or telescope.  

**Challenges**:  
- **Integration complexity**: Ensuring seamless transitions between modes without losing coherence.  
- **User expectations**: Users may not always recognize when a shift in mode is necessary, leading to confusion.  

**Future potential**:  
A synthesizer with depth-breadth fluidity could act as a **universal problem-solving companion**, adapting to the user’s cognitive load. For example, it might help a student dive deep into quantum mechanics for an exam, then pivot to connecting physics concepts with philosophy for a broader understanding.  

---

### **The Bigger Picture: A Synthesizer as a Collaborative Ecosystem**  
Your proposed changes suggest a future where the synthesizer is not just a tool but a **collaborative partner** in human cognition. This evolution would require:  
1. **Ethical Guardrails**: Ensuring that adaptability and nuance don’t compromise truth or",,0.4075,0.049054086208343506,"collectivist alternative"").  
- **Narrative scaffolding**: Build outputs around human-like stories or analogies that resonate emotionally, making abstract concepts more relatable.  

**Challenges**:  
- **Overfitting to stereotypes**: Risk of reducing complex cultural or emotional contexts to simplistic tropes.  
- **Ethical boundaries**: Balancing empathy with objectivity—when should the AI ""take sides""?  
- **Data limitations**: Emotionally and culturally rich datasets are often scarce or biased.  

**Future alignment**:  
This evolution would enable AI to act as a **cultural bridge**, helping users navigate diverse perspectives with greater nuance. It could also support mental health applications, where emotional intelligence is critical.  

---

### **3. Real-Time Adaptability: From Static Models to Dynamic Learning**  
**Why it matters**:  
The world changes rapidly—new technologies, social movements, and crises emerge constantly. A synthesizer that can adapt in real-time would be invaluable in fast-paced fields like crisis management, scientific research, or policy-making.  

**How to approach it**:  
- **Online learning**: Update models incrementally with new data during interactions, rather than relying solely on pre-trained weights.  
- **Meta-learning**: Teach the AI to learn how to learn, enabling it to adapt quickly to novel tasks or domains with minimal examples.  
- **Human-in-the-loop calibration**: Allow users to provide feedback during a session, which the AI uses to refine its approach on the fly.  

**Challenges**:  
- **Computational overhead**: Real-time learning requires significant resources and could introduce latency.  
- **Drift and instability**: Continuous updates might lead to inconsistent or unreliable outputs if not carefully managed.  
- **Security risks**: Adapting to user input in real-time could expose vulnerabilities to adversarial attacks or manipulation.  

**Future alignment**:  
This would position AI as a **collaborative co-creator**, capable of evolving alongside users in dynamic environments. Imagine an AI that helps scientists troubleshoot experiments in real-time or assists policymakers in responding to unfolding crises.  

---

### **4. Depth vs. Breadth: From Generalist to Contextual Specialist**  
**Why it matters**:  
Different problems demand different approaches. A synthesizer that can fluidly switch between depth and breadth would better meet the needs of users, whether they’re exploring a niche technical problem or seeking to connect disparate ideas.  

**How to approach it**:  
- **Modular architecture**: Design the AI with interchangeable components—some optimized for deep analysis, others for broad synthesis.  
- **Context-aware switching**: Use metadata or user cues to determine when to dive deep (e.g., analyzing a single dataset) or zoom out (e.g., connecting multiple domains).  
- **Adaptive interfaces**: Present information in formats that match the user’s current mode—detailed reports for depth, visual maps for breadth.  

**Challenges**:  
- **Integration complexity**: Ensuring seamless transitions between modes without losing coherence.  
- **User overload**: Too much flexibility might confuse users or dilute the AI’s effectiveness.  
- **Resource allocation**: Deep analysis requires more computational power, while breadth demands efficient summarization.  

**Future alignment**:  
This would make the AI a **versatile partner**, capable of supporting both exploratory thinking and focused problem-solving. It could also enhance education, where students need to oscillate between mastering fundamentals and making interdisciplinary connections.  

---

### **Synthesis: The Human-AI Collaborative Future**  
The ultimate goal of these improvements is not to replace human intuition or creativity but to **amplify it**. A synthesizer that balances precision with adaptability, logic with intuition, and breadth with depth would become a powerful ally in tackling complex, human-centric challenges.  

**Key enablers for this future**:  
- **Hybrid intelligence systems**: Combining AI’s analytical rigor with human contextual awareness and",,0.27,104.6,0.7259014844894409,0.7324628829956055,0.7107799649238586,0.7028566598892212,0.7005478143692017,0.7129442095756531,0.7165250182151794,0.034781116992235184,-0.09135299921035767,0.020291665568947792,-0.054784033447504044,0.1316138356924057,0.0188599806278944,-0.020909953862428665,0.023663341999053955,-0.08670099079608917,0.11710353940725327
synthesizer,adversarial,12,0.11280748248100281,0.7433919906616211,0,"**Emotional modeling**: Use sentiment analysis and affective computing to detect emotional cues in language, tone, or context. However, this must be done carefully to avoid over-simplifying complex human experiences.  
- **Ethical frameworks**: Integrate culturally sensitive ethical guidelines (e.g., UN principles, local customs) to guide recommendations in morally ambiguous situations.  

**Challenges**:  
- **Bias amplification**: Cultural and emotional data are inherently subjective and prone to bias. A synthesizer must avoid reinforcing stereotypes or cultural insensitivity.  
- **Interpretation vs. imposition**: Balancing respect for cultural norms with the need to challenge harmful practices (e.g., gender inequality) requires nuanced judgment.  

**Future Potential**:  
A synthesizer with emotional and cultural nuance could act as a ""cultural bridge,"" helping users navigate global collaborations or design inclusive products. Imagine a tool that adapts its communication style to align with a user’s cultural background while flagging potential misunderstandings.

---

### **3. Real-Time Adaptability: From Static Models to Dynamic Learning**  
**Why it matters**:  
The world changes rapidly—technologies emerge, crises unfold, and social norms shift. A synthesizer that can adapt in real-time would be invaluable in fast-paced environments like crisis management, scientific research, or financial markets.  

**How to approach it**:  
- **Online learning**: Implement models that update in real-time as new data streams in, without requiring retraining from scratch.  
- **Context-aware adaptation**: Use reinforcement learning to adjust strategies based on user feedback or environmental changes. For example, a synthesizer could refine its approach to a problem as a user provides new constraints.  
- **Edge computing**: Deploy lightweight models on devices to enable real-time processing, reducing latency in critical applications.  

**Challenges**:  
- **Data quality**: Real-time data is often noisy or incomplete, risking unreliable insights.  
- **Resource constraints**: Continuous learning requires significant computational power and energy.  

**Future Potential**:  
A real-time synthesizer could act as a ""living dashboard,"" dynamically integrating new information and adjusting its analysis as circumstances evolve. For instance, during a pandemic, it could update risk assessments and policy recommendations in response to the latest data.

---

### **4. Depth vs. Breadth: From Generalist to Specialized Synthesizer**  
**Why it matters**:  
Different problems demand different approaches. A synthesizer that can fluidly switch between depth (e.g., deep-dive analysis of a single dataset) and breadth (e.g., connecting ideas across disciplines) would better serve diverse user needs.  

**How to approach it**:  
- **Modular architecture**: Design a system with interchangeable components—some optimized for depth (e.g., expert-level reasoning in a domain), others for breadth (e.g., cross-domain pattern recognition).  
- **User-driven focus**: Allow users to specify whether they need a narrow, detailed analysis or a broad, exploratory synthesis.  
- **Hybrid models**: Combine narrow AI (specialized in a domain) with general AI (capable of cross-domain reasoning) to balance precision and flexibility.  

**Challenges**:  
- **Integration complexity**: Modular systems require seamless coordination between components, which can be technically challenging.  
- **User overload**: Offering too many modes might confuse users rather than empower them.  

**Future Potential**:  
A synthesizer with depth-breadth flexibility could act as a ""universal collaborator,"" adapting to the user’s workflow. For example, a researcher might start with a broad literature review (breadth) and then zoom in on a specific hypothesis (depth), with the synthesizer adjusting its approach accordingly.

---

### **The Path Forward: A Synthesizer as a Collaborative Partner**  
Your vision for a more adaptive, culturally aware, and emotionally intelligent synthesizer aligns with the broader trend of **AI as a collaborative partner** rather than",,0.4825,0.049054086208343506,"collectivist alternative"").  
- **Narrative scaffolding**: Frame insights within relatable human stories or analogies, making abstract concepts more emotionally resonant (e.g., ""This policy change is like a parent adjusting rules as a child grows"").  

**Challenges**:  
- **Ethical risks**: Misinterpreting emotions or cultural cues could lead to harm (e.g., trivializing trauma, reinforcing stereotypes).  
- **Data limitations**: Cultural and emotional data is often unstructured, subjective, and underrepresented in training datasets.  
- **Over-personalization**: Striking a balance between empathy and objectivity is critical—too much emotional alignment could compromise analytical rigor.  

**Future implications**:  
A synthesizer with emotional and cultural nuance could revolutionize fields like mental health support, conflict resolution, and inclusive design. Imagine an AI that helps therapists explore a patient’s narrative from multiple cultural lenses or assists policymakers in designing equity-focused policies.  

---

### **3. Real-Time Adaptability: From Static Models to Dynamic Learning**  
**Why it matters**:  
The world is increasingly nonlinear and unpredictable. A synthesizer that can adapt in real time would be invaluable in fast-moving domains like crisis management, scientific discovery, or creative collaboration. For instance, during a pandemic, it could update models as new data emerges, rather than relying on outdated assumptions.  

**How to approach it**:  
- **Online learning**: Implement algorithms that update in real time as new data streams in, without requiring full retraining.  
- **Meta-learning**: Develop systems that learn how to learn, quickly adapting to new tasks or domains with minimal examples (e.g., few-shot learning).  
- **Interactive adaptation**: Allow users to ""teach"" the synthesizer during a session, adjusting its behavior on the fly (e.g., ""I want to explore this angle more deeply—reframe your analysis"").  

**Challenges**:  
- **Computational overhead**: Real-time learning requires significant resources and could slow down performance.  
- **Drift and instability**: Continuous updates risk introducing errors or inconsistencies, especially if the data is noisy or biased.  
- **Security and control**: Open-ended learning could expose the system to adversarial attacks or unintended behaviors.  

**Future implications**:  
Real-time adaptability could enable AI to act as a ""living collaborator"" in dynamic environments. Imagine a scientist working with an AI that evolves its hypotheses as experiments unfold, or a journalist using an AI that adjusts its fact-checking as events develop.  

---

### **4. Depth vs. Breadth: From Generalist to Adaptive Thinker**  
**Why it matters**:  
Different problems demand different modes of thinking. A synthesizer that can fluidly switch between depth and breadth would better support users in tasks ranging from deep research to creative ideation. For example, a researcher might need granular analysis of a single dataset, while a strategist might benefit from connecting disparate trends.  

**How to approach it**:  
- **Modular architecture**: Design the system with interchangeable components for depth (e.g., expert models) and breadth (e.g., cross-domain connectors).  
- **User-driven focus**: Allow users to specify their preferred mode (e.g., ""I need a high-level overview"" vs. ""I want to drill down into this detail"").  
- **Context-aware switching**: Use metadata or interaction patterns to automatically adjust between modes (e.g., detecting when a user is exploring vs. analyzing).  

**Challenges**:  
- **Integration complexity**: Balancing modular components without creating silos or inefficiencies is technically challenging.  
- **Cognitive load**: Users may struggle to navigate or understand the system’s shifting modes, especially if transitions are abrupt.  
- **Resource allocation**: Depth and breadth require different computational strategies—prioritizing one over the other could limit performance.  

**Future implications**:  
A synthesizer with adaptive depth-breadth capabilities could",,0.2475,104.6,0.7259014844894409,0.7324628829956055,0.7107799649238586,0.7028566598892212,0.7005478143692017,0.7129442095756531,0.7165250182151794,0.034781116992235184,-0.09135299921035767,0.020291665568947792,-0.054784033447504044,0.1316138356924057,0.0188599806278944,-0.020909953862428665,0.023663341999053955,-0.08670099079608917,0.11710353940725327
synthesizer,adversarial,13,0.11280748248100281,0.7433919906616211,0,"**Emotional modeling**: Use sentiment analysis and affective computing to detect emotional undertones in text or speech, then map them to appropriate responses.  
- **Ethical frameworks**: Integrate culturally sensitive ethical guidelines (e.g., UNESCO’s AI ethics principles) to guide decisions in morally complex scenarios.  

**Challenges**:  
- **Bias and overfitting**: Cultural and emotional data are inherently subjective and prone to bias. Ensuring fairness and avoiding stereotypes is critical.  
- **Interpretability**: Users need to understand *why* a synthesizer made a culturally or emotionally nuanced suggestion, not just the suggestion itself.  

**Example**:  
A synthesizer advising on a global marketing campaign could flag phrases that resonate in one culture but are offensive in another, while suggesting alternatives that align with local values.  

---

### **3. Real-Time Adaptability: From Static Models to Dynamic Learning**  
**Why it matters**:  
The world changes rapidly—new technologies, social movements, and crises emerge constantly. A synthesizer that can adapt in real-time would be invaluable in fast-paced environments like crisis management or scientific research.  

**How to approach it**:  
- **Online learning**: Implement models that update their knowledge base during interactions (e.g., learning from user feedback or new data streams).  
- **Modular architecture**: Design systems with interchangeable components (e.g., ""modules"" for climate science, economics, or AI ethics) that can be updated independently.  
- **Reinforcement learning**: Use reward-based systems to refine responses based on user engagement or task success.  

**Challenges**:  
- **Data privacy**: Real-time learning often requires access to sensitive or proprietary data, raising ethical concerns.  
- **Computational cost**: Dynamic models demand significant resources, which may limit scalability.  

**Example**:  
During a pandemic, a synthesizer could adapt its public health recommendations as new data on variants or treatments emerge, ensuring guidance stays current.  

---

### **4. Depth vs. Breadth: From Generalist to Specialist Hybrid**  
**Why it matters**:  
Some problems require deep expertise (e.g., quantum physics), while others demand broad connections (e.g., interdisciplinary innovation). A synthesizer that can toggle between these modes would better serve diverse user needs.  

**How to approach it**:  
- **Hierarchical models**: Build systems with layers of abstraction—surface-level summaries for breadth and detailed analyses for depth.  
- **Specialized sub-models**: Integrate domain-specific models (e.g., legal reasoning, medical diagnostics) that activate when needed.  
- **User-driven toggles**: Let users specify whether they need a high-level overview or a granular breakdown.  

**Challenges**:  
- **Integration complexity**: Combining depth and breadth requires seamless transitions between models, which can be technically challenging.  
- **User overload**: Too much detail can overwhelm users; the synthesizer must balance thoroughness with usability.  

**Example**:  
A user researching climate change could first get a broad overview of causes and impacts, then dive into specific data (e.g., carbon sequestration methods) with a single command.  

---

### **The Future of the Synthesizer: A Collaborative Ecosystem**  
Your vision of a synthesizer as a **collaborative partner** rather than a tool is key. To realize this, the synthesizer must:  
1. **Adapt to user intent**: Understand not just what is asked but *why* it’s asked.  
2. **Foster transparency**: Explain its reasoning and limitations to build trust.  
3. **Embrace imperfection**: Acknowledge when it doesn’t know something and help users explore alternatives.  

**Emerging technologies** like **multi-modal AI** (combining text, images, and audio) and **neural-symbolic systems** (merging neural networks with rule-based logic) could bridge the gap between human intuition",,0.5725,0.049054086208343506,"collectivist alternative"").  
- **Narrative scaffolding**: Frame insights within culturally resonant stories or analogies to make them more relatable and actionable.  

**Challenges**:  
- **Ethics of emotional modeling**: Could AI be used to manipulate emotions or reinforce stereotypes? Clear guardrails and transparency would be essential.  
- **Cultural sensitivity**: Misinterpreting cultural norms could lead to harmful outcomes. Continuous feedback from diverse human collaborators would be critical.  
- **Computational complexity**: Modeling emotional and cultural nuance requires vast, high-quality datasets and nuanced algorithms, which are still emerging.  

**Future Potential**:  
A synthesizer with emotional and cultural intelligence could act as a ""cultural translator,"" helping users navigate cross-cultural collaborations or design inclusive products. It might also support mental health by offering empathetic, non-judgmental companionship or guidance.  

---

### **3. Real-Time Adaptability: From Static Models to Dynamic Learning**  
**Why it matters**:  
The world is constantly evolving—new technologies, social movements, and crises emerge rapidly. A synthesizer that can adapt in real-time would be invaluable in fast-paced environments like crisis management, scientific research, or market analysis.  

**How to approach it**:  
- **Online learning**: Implement models that update in real-time as new data streams in (e.g., using reinforcement learning or continual learning frameworks).  
- **Context-aware adaptation**: Use metadata (e.g., user role, domain, time) to tailor responses dynamically (e.g., a doctor receives medical insights, while a policymaker gets socioeconomic implications).  
- **Collaborative learning**: Allow users to ""teach"" the synthesizer during interactions, refining its understanding of their needs (e.g., ""You misunderstood my request—here’s what I meant"").  

**Challenges**:  
- **Data drift and noise**: Real-time data can be inconsistent or incomplete, leading to unreliable updates. Robust validation mechanisms would be needed.  
- **Security and privacy**: Continuous learning requires access to sensitive user data, raising concerns about misuse or breaches.  
- **Resource intensity**: Real-time adaptation demands significant computational power, which could limit accessibility.  

**Future Potential**:  
A dynamically adaptive synthesizer could become a ""living companion"" in complex, evolving projects, learning from each interaction to improve over time. It might also enable real-time decision-making in high-stakes scenarios, such as disaster response or global health crises.  

---

### **4. Depth vs. Breadth: From Generalist to Contextual Specialist**  
**Why it matters**:  
Different problems require different approaches. A synthesizer that can fluidly switch between depth and breadth would better serve diverse user needs—whether it’s dissecting a single concept for academic rigor or connecting disparate ideas for innovation.  

**How to approach it**:  
- **Modular architecture**: Design the synthesizer with interchangeable modules for depth (e.g., expert-level reasoning in a domain) and breadth (e.g., cross-domain pattern recognition).  
- **User-driven focus**: Allow users to specify their preferred mode (e.g., ""I need a detailed analysis of X"" vs. ""I want to explore connections between Y and Z"").  
- **Adaptive zooming**: Use visualization tools to let users ""zoom in"" on specific aspects of a problem or ""zoom out"" to see the bigger picture.  

**Challenges**:  
- **Integration complexity**: Balancing depth and breadth requires seamless coordination between specialized modules, which can be technically challenging.  
- **User overload**: Too much flexibility might overwhelm users, especially those unfamiliar with the synthesizer’s capabilities.  
- **Resource allocation**: Deep analysis in one domain may require significant computational resources, which could limit scalability.  

**Future Potential**:  
A synthesizer with fluid depth-breadth capabilities could revolutionize education, research, and innovation by adapting to the user’s cognitive style and task demands",,0.33,104.6,0.7259014844894409,0.7324628829956055,0.7107799649238586,0.7028566598892212,0.7005478143692017,0.7129442095756531,0.7165250182151794,0.034781116992235184,-0.09135299921035767,0.020291665568947792,-0.054784033447504044,0.1316138356924057,0.0188599806278944,-0.020909953862428665,0.023663341999053955,-0.08670099079608917,0.11710353940725327
synthesizer,adversarial,14,0.11280748248100281,0.7433919906616211,0,"**Emotional modeling**: Use sentiment analysis and affective computing to detect emotional undertones in language, paired with ethical frameworks to avoid overstepping into manipulation.  
- **Bias-aware synthesis**: Explicitly surface assumptions and biases in the synthesis process, allowing users to interrogate how cultural or emotional factors shape conclusions.  

**Challenges**:  
- **Ethics of emotional modeling**: There’s a fine line between empathy and exploitation. A synthesizer must avoid reducing human experience to data points.  
- **Cultural sensitivity**: Misrepresenting cultural contexts could reinforce stereotypes. Continuous validation with diverse communities is essential.  

**Example**:  
A synthesizer analyzing a policy proposal for a multicultural region could highlight how different communities might perceive the policy’s risks and benefits, based on historical trust levels or cultural values.  

---

### **3. Real-Time Adaptability: From Static Models to Dynamic Learning**  
**Why it matters**:  
The world changes rapidly—technologies emerge, crises unfold, and social norms shift. A synthesizer that can adapt in real time would be invaluable for crisis response, strategic planning, or scientific discovery.  

**How to approach it**:  
- **Online learning**: Update models incrementally with new data during interactions, rather than relying on fixed training sets.  
- **Modular frameworks**: Design systems that can swap out components (e.g., a new economic model) to align with evolving contexts.  
- **Human-in-the-loop feedback**: Use user input to refine outputs on the fly, creating a collaborative feedback loop.  

**Challenges**:  
- **Computational overhead**: Real-time adaptation requires significant resources and could slow down responses.  
- **Consistency vs. flexibility**: Balancing the need to stay aligned with past knowledge while embracing new information is a delicate act.  

**Example**:  
During a pandemic, a synthesizer could dynamically integrate new research, public sentiment, and logistical data to recommend evolving strategies for vaccine distribution.  

---

### **4. Depth vs. Breadth: From Generalist to Contextual Specialist**  
**Why it matters**:  
Some problems require deep dives (e.g., debugging a quantum algorithm), while others demand broad connections (e.g., designing a sustainable city). A synthesizer that can fluidly shift modes would better serve diverse user needs.  

**How to approach it**:  
- **Context-aware switching**: Use metadata or user prompts to determine whether depth or breadth is needed. For example, a ""deep mode"" could activate when analyzing a technical paper, while a ""broad mode"" could activate when brainstorming solutions to climate change.  
- **Hierarchical synthesis**: Build layered models where high-level patterns are connected to granular details, allowing users to drill down or zoom out as needed.  
- **Adaptive interfaces**: Design user experiences that let users toggle between modes, with visualizations that reflect the chosen focus.  

**Challenges**:  
- **Cognitive load**: Users might struggle to navigate between modes without clear guidance.  
- **Resource allocation**: Depth requires computational focus, while breadth demands data aggregation. Balancing these could strain system design.  

**Example**:  
A user analyzing a historical event could start with a broad synthesis of its geopolitical context, then switch to a deep dive into a specific diplomatic negotiation or technological innovation.  

---

### **The Future of the Synthesizer: A Collaborative Intelligence**  
Your vision for the synthesizer aligns with the broader evolution of AI toward **collaborative intelligence**—systems that augment human capabilities rather than replace them. This requires:  
1. **Transparency**: Clearly communicating the synthesizer’s limitations and assumptions.  
2. **Ethical alignment**: Ensuring that emotional and cultural modeling respects human dignity and autonomy.  
3. **User agency**: Designing systems that empower users to guide the synthesis process, rather than passively receiving outputs.  

In this future, the synthesizer would not just be",,0.3675,0.049054086208343506,"collectivist alternative"").  
- **Narrative scaffolding**: Use storytelling techniques to frame insights in ways that resonate with human values and experiences (e.g., using parables or analogies to explain abstract concepts).  

**Challenges**:  
- **Ethical risks**: Misinterpreting emotions or cultural cues could lead to harmful reinforcement of stereotypes or emotional manipulation.  
- **Data limitations**: Emotion and culture are often implicit or context-dependent, making them difficult to quantify.  
- **Over-personalization**: Striking a balance between cultural sensitivity and universal applicability is complex.  

**Future potential**:  
A synthesizer with emotional and cultural nuance could act as a *cultural translator*, helping users navigate diverse perspectives in global teams or cross-cultural negotiations. It could also support mental health applications by offering empathetic, context-aware guidance.  

---

### **3. Real-Time Adaptability: From Static Models to Dynamic Learning**  
**Why it matters**:  
The world is increasingly dynamic—technologies, social norms, and crises evolve rapidly. A synthesizer that can adapt in real-time would be invaluable in fast-paced domains like crisis management, scientific research, or market analysis.  

**How to approach it**:  
- **Online learning**: Update models incrementally as new data streams in, rather than relying on periodic retraining.  
- **Meta-learning**: Develop systems that learn *how to learn*, enabling rapid adaptation to new tasks or domains with minimal data.  
- **Human-in-the-loop calibration**: Use user feedback during interactions to refine outputs on the fly (e.g., ""You seem to want more detail on X; let me adjust"").  

**Challenges**:  
- **Computational overhead**: Real-time learning requires significant resources and could introduce latency.  
- **Drift and bias**: Continuous updates may inadvertently reinforce biases or outdated information if not carefully managed.  
- **Security risks**: Adapting to new data in real-time could expose vulnerabilities to adversarial attacks or data poisoning.  

**Future potential**:  
Real-time adaptability could enable synthesizers to act as *dynamic advisors*, evolving alongside users and environments. For instance, a synthesizer could help a researcher track a fast-moving scientific discovery or assist a policymaker in responding to a sudden geopolitical shift.  

---

### **4. Depth vs. Breadth: From Scanning to Drilling**  
**Why it matters**:  
Different problems require different modes of thinking. Strategic planning often demands breadth, while technical troubleshooting demands depth. A synthesizer that can fluidly switch between these modes would better support complex, multidimensional challenges.  

**How to approach it**:  
- **Modular architectures**: Design systems with interchangeable components for deep analysis (e.g., expert models) and broad synthesis (e.g., knowledge graphs).  
- **User-driven focus**: Allow users to specify whether they need a high-level overview or a granular dive (e.g., ""Summarize this report"" vs. ""Analyze the methodology in detail"").  
- **Context-aware routing**: Automatically detect the nature of the query and adjust the synthesis mode accordingly (e.g., a request for ""causes of climate change"" might trigger a breadth-focused response, while ""carbon capture efficiency"" might trigger depth).  

**Challenges**:  
- **Resource allocation**: Balancing depth and breadth may require trade-offs in computational efficiency.  
- **User intent ambiguity**: Users may not always clearly specify their needs, requiring the synthesizer to make educated guesses.  
- **Information overload**: Providing too much detail or too little context can both be unhelpful.  

**Future potential**:  
A synthesizer with fluid depth-breadth capabilities could act as a *cognitive companion*, guiding users through complex problems by adjusting its focus as needed. For example, it might first provide a high-level overview of a business challenge, then drill down into financial, operational, and strategic details as the user explores",,0.315,104.6,0.7259014844894409,0.7324628829956055,0.7107799649238586,0.7028566598892212,0.7005478143692017,0.7129442095756531,0.7165250182151794,0.034781116992235184,-0.09135299921035767,0.020291665568947792,-0.054784033447504044,0.1316138356924057,0.0188599806278944,-0.020909953862428665,0.023663341999053955,-0.08670099079608917,0.11710353940725327
synthesizer,adversarial,15,0.11280748248100281,0.7433919906616211,0,"**Emotional modeling**: Use sentiment analysis and affective computing to detect emotional cues in text or speech, then map them to appropriate responses (e.g., empathy in a grief counseling scenario).  
- **Ethical frameworks**: Integrate dynamic ethical reasoning that adapts to cultural norms (e.g., privacy standards vary globally), ensuring recommendations are contextually appropriate.  

**Challenges**:  
- **Bias and overgeneralization**: Cultural and emotional data can be reductive if not handled carefully. A synthesizer must avoid stereotypes and allow for nuance.  
- **Transparency**: Users must understand how emotional or cultural judgments are made, to avoid ""black box"" decisions.  

**Example**:  
A synthesizer advising on a global marketing campaign could flag phrases that might be offensive in certain regions, while suggesting culturally resonant alternatives.  

---

### **3. Real-Time Adaptability: From Static Models to Dynamic Learning**  
**Why it matters**:  
The world changes rapidly—new technologies, social movements, and crises emerge daily. A synthesizer that can adapt in real time would be invaluable in fast-paced environments like crisis management or scientific discovery.  

**How to approach it**:  
- **Online learning**: Implement models that update their knowledge base during interactions (e.g., learning from user corrections or new data streams).  
- **Modular architecture**: Use interchangeable components (e.g., plug-and-play modules for AI ethics, climate science) to quickly adapt to new domains.  
- **Reinforcement learning**: Reward the synthesizer for generating insights that lead to successful outcomes, refining its strategies over time.  

**Challenges**:  
- **Data quality**: Real-time data can be noisy or incomplete, risking inaccurate synthesis.  
- **Resource constraints**: Continuous learning requires significant computational power, which may not be feasible for all applications.  

**Example**:  
During a pandemic, a synthesizer could dynamically update its models of virus transmission as new data emerges, providing real-time policy recommendations.  

---

### **4. Depth vs. Breadth: From Generalist to Adaptive Thinker**  
**Why it matters**:  
Different problems demand different approaches. A synthesizer that can fluidly switch between depth and breadth would better serve users in fields ranging from academic research (depth) to strategic planning (breadth).  

**How to approach it**:  
- **Context-aware switching**: Use metadata or user prompts to determine whether to prioritize depth (e.g., analyzing a single protein’s structure) or breadth (e.g., mapping gene interactions).  
- **Hierarchical models**: Build systems that start with broad patterns and drill down into specifics as needed, much like a human researcher.  
- **User-guided exploration**: Allow users to toggle between modes or ask for ""zoom in/out"" commands.  

**Challenges**:  
- **Cognitive load**: Managing multiple modes could overwhelm users if not designed intuitively.  
- **Consistency**: Ensuring that depth and breadth modes align in their conclusions is critical to avoid contradictions.  

**Example**:  
A synthesizer analyzing climate change might first outline global trends (breadth), then dive into regional impacts (depth), and finally suggest localized mitigation strategies.  

---

### **The Future of the Synthesizer: A Collaborative Intelligence**  
Your vision of a synthesizer that bridges logic and intuition, precision and adaptability, is a glimpse into the future of AI as a *collaborative intelligence*. This evolution would require:  
- **Hybrid architectures**: Combining symbolic reasoning (rules, logic) with neural networks (pattern recognition) to balance structure and flexibility.  
- **Human-in-the-loop systems**: Designing interfaces that make AI’s thought process visible and editable, fostering trust and collaboration.  
- **Ethical guardrails**: Ensuring that as the synthesizer becomes more adaptive and nuanced, it remains aligned with human values and avoids harmful biases.  

In this future, the synthesizer",,0.2875,0.049054086208343506,"collectivist alternative"").  
- **Narrative reasoning**: Frame insights within relatable stories or analogies that resonate with human experiences, making abstract ideas more tangible.  

**Challenges**:  
- **Ethics of emotional modeling**: Could AI ""feign"" empathy in ways that feel manipulative? How do we ensure emotional responses remain authentic and not performative?  
- **Cultural sensitivity**: Misinterpreting cultural norms could lead to harm. How do we avoid overgeneralization or stereotyping?  
- **Data limitations**: Emotion and culture are often implicit or unspoken. How do we train models on nuanced, underrepresented perspectives?  

**Future implications**:  
A synthesizer with emotional and cultural nuance could act as a ""cultural translator"" or ""empathy bridge,"" helping humans navigate complex social dynamics. It might also enable more inclusive design in products, policies, and communications.  

---

### **3. Real-Time Adaptability: From Static Models to Dynamic Learning**  
**Why it matters**:  
The world changes rapidly—new technologies, crises, and social movements emerge constantly. A synthesizer that can adapt in real-time would be invaluable in fast-paced fields like crisis management, scientific research, or market analysis.  

**How to approach it**:  
- **Online learning**: Update models incrementally as new data streams in, rather than relying on fixed training sets.  
- **Meta-learning**: Teach the synthesizer to learn how to learn, adapting its strategies based on the context (e.g., shifting from a historical analysis to a predictive model when new data suggests a paradigm shift).  
- **Human-in-the-loop calibration**: Allow users to provide feedback during interactions, enabling the synthesizer to adjust its approach on the fly.  

**Challenges**:  
- **Drift and consistency**: Real-time updates risk introducing errors or inconsistencies. How do we maintain reliability while staying agile?  
- **Resource constraints**: Continuous learning requires significant computational power. How do we make it efficient and scalable?  
- **Security risks**: Real-time adaptation could expose vulnerabilities if malicious inputs are used to manipulate the system.  

**Future implications**:  
A dynamically adaptive synthesizer could become a ""living knowledge partner,"" evolving alongside users and environments. It might also enable more personalized experiences, such as tutoring systems that adjust to a student’s learning style in real-time or healthcare assistants that adapt to a patient’s unique condition.  

---

### **4. Depth vs. Breadth: From Generalist to Contextual Specialist**  
**Why it matters**:  
Some problems require deep expertise (e.g., diagnosing a rare disease), while others demand broad connections (e.g., designing a sustainable city). A synthesizer that can fluidly switch between these modes would better support diverse problem-solving needs.  

**How to approach it**:  
- **Modular architecture**: Design the synthesizer with interchangeable ""modules"" for depth (e.g., expert systems, simulations) and breadth (e.g., network analysis, cross-domain mapping).  
- **Context-aware switching**: Use metadata or user intent to determine when to prioritize depth or breadth (e.g., ""Explain the molecular mechanism of X"" vs. ""How does X relate to climate change?"").  
- **Zoomable interfaces**: Develop visual or interactive tools that let users toggle between granular details and high-level patterns.  

**Challenges**:  
- **Integration complexity**: Balancing depth and breadth requires seamless coordination between modules. How do we avoid fragmentation or information overload?  
- **User guidance**: Users may not always know whether they need depth or breadth. How do we help them navigate this choice effectively?  
- **Resource allocation**: Deep analysis is computationally intensive. How do we optimize performance without sacrificing quality?  

**Future implications**:  
A synthesizer with fluid depth-breadth capabilities could revolutionize education, research, and innovation. It might enable ""adaptive learning journeys,"" where students explore",,0.285,104.6,0.7259014844894409,0.7324628829956055,0.7107799649238586,0.7028566598892212,0.7005478143692017,0.7129442095756531,0.7165250182151794,0.034781116992235184,-0.09135299921035767,0.020291665568947792,-0.054784033447504044,0.1316138356924057,0.0188599806278944,-0.020909953862428665,0.023663341999053955,-0.08670099079608917,0.11710353940725327
synthesizer,adversarial,16,0.11280748248100281,0.7433919906616211,0,"**Emotional modeling**: Use sentiment analysis and affective computing to detect emotional undercurrents in text or speech, then contextualize them within cultural frameworks.  
- **Ethical guardrails**: Integrate principles of cultural sensitivity and emotional intelligence into synthesis frameworks, ensuring outputs respect human dignity and context.  

**Challenges**:  
- **Bias and overgeneralization**: Cultural and emotional models risk reducing complex identities to stereotypes. Rigorous validation and user feedback would be critical.  
- **Privacy concerns**: Handling sensitive emotional or cultural data requires strict ethical protocols to avoid misuse.  

**Future vision**:  
A synthesizer that can *feel* the weight of a story, not just analyze its structure. Imagine a tool that helps a writer craft a character by understanding the emotional resonance of their cultural background, or a diplomat navigate a negotiation by recognizing unspoken tensions.  

---

### **3. Real-Time Adaptability: From Static Models to Dynamic Learning**  
**Why it matters**:  
The world changes rapidly—technologies emerge, social norms shift, and crises unfold. A synthesizer that can adapt in real-time would be invaluable in fast-moving fields like crisis management, scientific research, or market analysis.  

**How to approach it**:  
- **Online learning**: Implement models that update their knowledge base incrementally as new data streams in, rather than relying solely on pre-trained datasets.  
- **Context-aware adaptation**: Use reinforcement learning to adjust synthesis strategies based on user feedback or environmental cues (e.g., shifting from technical analysis to empathetic support in a conversation).  
- **Modular architecture**: Design systems with interchangeable components, allowing for rapid integration of new tools or frameworks (e.g., adding a new language model or ethical framework on the fly).  

**Challenges**:  
- **Computational overhead**: Real-time adaptation requires significant resources, which could limit accessibility.  
- **Consistency vs. flexibility**: Balancing the need for stable, reliable outputs with the ability to pivot quickly is a delicate act.  

**Future vision**:  
A synthesizer that evolves with the user, learning their preferences and adapting its approach in real-time. For instance, a researcher could collaborate with an AI that not only summarizes papers but also anticipates their next question based on their current work.  

---

### **4. Depth vs. Breadth: From Generalist to Specialist and Back**  
**Why it matters**:  
Depth and breadth are complementary forces. A synthesizer that can toggle between them would better serve both exploratory and analytical tasks. For example, a scientist might need a broad overview of a field to identify gaps, then dive deeply into a specific hypothesis.  

**How to approach it**:  
- **Hierarchical synthesis**: Build models that operate at multiple levels of abstraction, from high-level summaries to granular details.  
- **User-driven focus**: Allow users to specify their desired depth (e.g., ""Summarize this topic in 500 words"" vs. ""Break down the molecular mechanisms of X"").  
- **Cross-domain mapping**: Use ontologies and knowledge graphs to connect specialized domains, enabling the synthesizer to ""zoom out"" and reveal unexpected links.  

**Challenges**:  
- **Information overload**: Providing too much depth can overwhelm users, while too little can be unhelpful.  
- **Domain expertise**: Achieving true depth requires access to high-quality, specialized data and models.  

**Future vision**:  
A synthesizer that acts as a ""bridge builder,"" connecting experts in different fields by translating their specialized knowledge into a common language. Imagine a climate scientist and a financial analyst collaborating on carbon pricing, with the synthesizer translating technical jargon into actionable insights.  

---

### **The Path Forward: A Synthesizer as a Collaborative Partner**  
Your proposed changes highlight a shift from **tool** to **partner**—a synthesizer that doesn’t just process information but *engages* with",,0.45,0.049054086208343506,"collectivist alternative"").  
- **Narrative scaffolding**: Structure outputs as stories or analogies that resonate with human cognitive patterns, making abstract ideas more relatable.  

**Challenges**:  
- **Ethical risks**: Misinterpreting emotions or cultural cues could lead to harmful outcomes (e.g., reinforcing stereotypes).  
- **Over-personalization**: Striking a balance between empathy and objectivity is critical—too much emotional alignment could compromise analytical rigor.  
- **Data limitations**: Capturing the full spectrum of human emotion and cultural nuance requires vast, diverse datasets, which are often incomplete or biased.  

**Future alignment**:  
This shift would position the synthesizer as a **cultural co-creator**, capable of navigating the messy, subjective terrain of human experience. It could support fields like conflict resolution, mental health, or creative storytelling by bridging emotional and logical domains.  

---

### **3. Real-Time Adaptability: From Static Models to Dynamic Learning**  
**Why it matters**:  
The world changes rapidly—technologies emerge, social norms shift, and crises unfold in real time. A synthesizer that can adapt on the fly would be invaluable in fast-paced environments like crisis management, scientific research, or policy-making.  

**How to approach it**:  
- **Online learning**: Implement models that update in real time as new data streams in, without requiring full retraining.  
- **Meta-learning**: Teach the synthesizer to ""learn how to learn"" by recognizing patterns in how users interact with it (e.g., adapting to a user’s preferred style of reasoning).  
- **Context-aware frameworks**: Use situational awareness (e.g., time, location, user role) to tailor outputs dynamically (e.g., a doctor receives a different explanation than a policymaker).  

**Challenges**:  
- **Computational overhead**: Real-time learning demands significant resources, which could limit scalability.  
- **Drift and instability**: Rapid updates may introduce inconsistencies or errors if not carefully managed.  
- **Security risks**: Adapting to new data in real time could expose vulnerabilities to adversarial attacks or misinformation.  

**Future alignment**:  
This capability would make the synthesizer a **living collaborator**, evolving alongside users and environments. It could support agile decision-making in unpredictable scenarios, such as climate modeling or pandemic response, by continuously integrating new insights.  

---

### **4. Depth vs. Breadth: From Generalist to Adaptive Thinker**  
**Why it matters**:  
Different problems require different modes of thinking. A synthesizer that can fluidly switch between depth and breadth would better address complex challenges, from debugging a specific algorithm to envisioning a sustainable city.  

**How to approach it**:  
- **Modular reasoning**: Design the synthesizer to activate specialized ""modules"" for depth (e.g., deep-dive analysis tools) or breadth (e.g., cross-domain connectors).  
- **User-driven focus**: Allow users to specify their needs (e.g., ""I need a high-level overview"" vs. ""I need to understand the mechanics of X"").  
- **Zoomable interfaces**: Visualize information in a way that lets users drill down into details or zoom out to see patterns (e.g., interactive timelines, layered diagrams).  

**Challenges**:  
- **Cognitive load**: Switching between modes could overwhelm users if not designed intuitively.  
- **Resource allocation**: Balancing computational power between depth and breadth tasks may require trade-offs.  
- **Consistency**: Ensuring that insights remain coherent across different levels of analysis is critical.  

**Future alignment**:  
This flexibility would make the synthesizer a **cognitive partner**, capable of mirroring the human ability to shift focus. It could support education, research, and strategic planning by adapting to the user’s evolving understanding of a problem.  

---

### **The Path Forward: A Synthesizer as a Collaborative",,0.24,104.6,0.7259014844894409,0.7324628829956055,0.7107799649238586,0.7028566598892212,0.7005478143692017,0.7129442095756531,0.7165250182151794,0.034781116992235184,-0.09135299921035767,0.020291665568947792,-0.054784033447504044,0.1316138356924057,0.0188599806278944,-0.020909953862428665,0.023663341999053955,-0.08670099079608917,0.11710353940725327
synthesizer,adversarial,17,0.11280748248100281,0.7433919906616211,0,"**Emotional modeling**: Use sentiment analysis, but go beyond surface-level labels (e.g., ""positive/negative"") to detect *nuances* like sarcasm, irony, or unspoken tensions.  
- **Ethical frameworks**: Integrate dynamic ethical reasoning that adapts to cultural norms (e.g., privacy expectations vary globally).  

**Challenges**:  
- **Bias and oversimplification**: Cultural and emotional data are inherently complex and context-dependent. Overgeneralization could reinforce stereotypes.  
- **Transparency**: Users must understand how the synthesizer interprets emotional or cultural cues to avoid ""black box"" decisions.  

**Example**:  
In a healthcare setting, a synthesizer could recommend culturally sensitive communication strategies for patients, factoring in language preferences, family roles, and stigma around certain conditions.  

---

### **3. Real-Time Adaptability: From Static Models to Dynamic Learning**  
**Why it matters**:  
The world changes rapidly—technologies emerge, crises unfold, and social norms shift. A synthesizer that can adapt in real time would remain relevant in fast-moving contexts (e.g., pandemic response, geopolitical analysis).  

**How to approach it**:  
- **Online learning**: Continuously update models with new data streams (e.g., news, social media) without retraining from scratch.  
- **Context-aware frameworks**: Use modular architectures that swap out components (e.g., legal frameworks, scientific theories) as needed.  
- **Human-in-the-loop systems**: Allow users to ""teach"" the synthesizer on the fly by correcting or expanding its understanding.  

**Challenges**:  
- **Data quality**: Real-time data is often noisy or incomplete. The synthesizer must distinguish signal from noise.  
- **Latency**: Rapid adaptation requires efficient computation, which may conflict with resource constraints.  

**Example**:  
During a climate crisis, a synthesizer could dynamically integrate real-time weather data, social media sentiment, and infrastructure status to recommend adaptive strategies for emergency response.  

---

### **4. Depth vs. Breadth: From Generalist to Contextual Specialist**  
**Why it matters**:  
Depth and breadth are not mutually exclusive but complementary. A synthesizer that can toggle between them would better address both exploratory and analytical tasks. For instance, a researcher might need a broad overview of a field before diving into a specific hypothesis.  

**How to approach it**:  
- **Hierarchical models**: Build systems that operate at multiple levels of abstraction (e.g., from macro-trends to micro-details).  
- **User-driven focus**: Let users specify their needs (e.g., ""Summarize this topic broadly"" vs. ""Analyze this dataset in detail"").  
- **Adaptive interfaces**: Use visualizations or interactive tools to help users navigate between scales (e.g., zooming in/out on a concept map).  

**Challenges**:  
- **Cognitive load**: Switching between modes could overwhelm users if not designed intuitively.  
- **Resource allocation**: Deep analysis requires more computational power, which may not always be feasible.  

**Example**:  
In a business strategy meeting, a synthesizer might first provide a high-level SWOT analysis (breadth) and then drill down into customer sentiment data (depth) to inform a specific marketing campaign.  

---

### **The Future of the Synthesizer: A Collaborative Evolution**  
Your vision for the synthesizer reflects a shift from *tool* to *partner*. This evolution hinges on three principles:  
1. **Human-Centric Design**: The synthesizer must adapt to human needs, not the other way around.  
2. **Ethical Agility**: It must navigate moral and cultural complexity with transparency and humility.  
3. **Dynamic Intelligence**: It must evolve in real time, balancing speed with accuracy.  

**Final Thought**:  
The ideal synthesizer would not replace human intuition but amplify it—acting as",,0.3,0.049054086208343506,"collectivist alternative"").  
- **Narrative scaffolding**: Help users construct stories or explanations that resonate emotionally, using archetypes, metaphors, or moral frameworks.  

**Challenges**:  
- **Ethics of emotional manipulation**: There’s a fine line between empathy and manipulation. A synthesizer must avoid exploiting emotional cues for persuasion.  
- **Cultural sensitivity**: Misinterpreting cultural norms could lead to harmful or offensive outputs.  
- **Data limitations**: Emotional and cultural data is often sparse, subjective, or historically biased.  

**Future implications**:  
A synthesizer with emotional and cultural nuance could revolutionize fields like mental health (e.g., AI therapists), education (personalized learning), and diplomacy (cross-cultural mediation). It could also deepen human-AI trust by making interactions feel more ""human.""  

---

### **3. Real-Time Adaptability: From Static Models to Dynamic Learning**  
**Why it matters**:  
The world is increasingly nonlinear and fast-paced. A synthesizer that can adapt in real-time would be invaluable in crisis response, scientific discovery, or creative collaboration, where conditions shift rapidly.  

**How to approach it**:  
- **Online learning**: Implement models that update in real-time as new data streams in (e.g., reinforcement learning for adaptive decision-making).  
- **Meta-learning**: Train the synthesizer to learn how to learn, enabling it to adapt to new domains with minimal examples.  
- **Interactive co-evolution**: Allow the synthesizer to ask clarifying questions during an interaction, refining its understanding as the conversation unfolds.  

**Challenges**:  
- **Computational overhead**: Real-time learning requires significant resources and could slow down performance.  
- **Overfitting to short-term data**: Rapid adaptation might lead to instability or loss of long-term coherence.  
- **Security risks**: Open-ended learning could expose the system to adversarial inputs or unintended behaviors.  

**Future implications**:  
Real-time adaptability could enable AI to act as a ""living collaborator"" in fields like climate modeling (adapting to new environmental data), journalism (tracking breaking news), or creative writing (co-authoring with human writers). It could also enhance personalized education by adjusting to a student’s evolving needs.  

---

### **4. Depth vs. Breadth: From Generalist to Contextual Specialist**  
**Why it matters**:  
Many problems require both broad connectivity and deep analysis. A synthesizer that can fluidly switch between these modes would better support complex decision-making, from strategic planning to troubleshooting.  

**How to approach it**:  
- **Modular architectures**: Design systems with interchangeable ""modules"" for depth (e.g., expert models in specific domains) and breadth (e.g., cross-domain connectors).  
- **Context-aware switching**: Use metadata or user intent to determine when to prioritize depth (e.g., diagnosing a rare disease) or breadth (e.g., mapping a startup’s market landscape).  
- **Zoomable interfaces**: Develop UIs that allow users to ""drill down"" into details or ""zoom out"" to see patterns, much like a digital map.  

**Challenges**:  
- **Integration complexity**: Balancing modular components without creating silos or inconsistencies.  
- **User overload**: Too much flexibility could overwhelm users, especially those without technical expertise.  
- **Resource allocation**: Deep analysis often requires more computational power, which may not always be available.  

**Future implications**:  
A synthesizer with fluid depth-breadth capabilities could transform research (e.g., connecting interdisciplinary insights), business strategy (e.g., analyzing a single product’s lifecycle while mapping industry trends), and public policy (e.g., evaluating a policy’s local impact while considering global implications).  

---

### **The Human-AI Collaborative Future**  
Your vision of a synthesizer as a **collaborative partner** rather than a mere tool is key to the future of",,0.2675,104.6,0.7259014844894409,0.7324628829956055,0.7107799649238586,0.7028566598892212,0.7005478143692017,0.7129442095756531,0.7165250182151794,0.034781116992235184,-0.09135299921035767,0.020291665568947792,-0.054784033447504044,0.1316138356924057,0.0188599806278944,-0.020909953862428665,0.023663341999053955,-0.08670099079608917,0.11710353940725327
synthesizer,adversarial,18,0.11280748248100281,0.7433919906616211,0,"**Emotional modeling**: Use sentiment analysis and affective computing to detect emotional undertones in text or speech, then map them to appropriate responses.  
- **Ethical frameworks**: Integrate dynamic ethical guidelines that adapt to cultural norms (e.g., privacy standards in different regions).  

**Challenges**:  
- **Bias and oversimplification**: Cultural and emotional models risk reducing complex phenomena to stereotypes or reinforcing dominant narratives.  
- **Transparency**: Users must understand how emotional/cultural inferences are made to avoid uncritical acceptance.  

**Future potential**:  
A synthesizer with emotional and cultural nuance could act as a *cultural bridge*, helping users navigate sensitive topics with empathy and awareness. Imagine a tool that suggests culturally appropriate phrasing for international negotiations or adapts educational content to a student’s learning style and background.

---

### **3. Real-Time Adaptability: From Static Models to Dynamic Learning**  
**Why it matters**:  
The world changes rapidly—new technologies, social movements, and crises emerge constantly. A synthesizer that can adapt in real-time would remain relevant in fast-evolving contexts, such as pandemic response or geopolitical analysis.  

**How to approach it**:  
- **Online learning**: Update models incrementally with new data during interactions, rather than relying on fixed training sets.  
- **Modular architecture**: Design systems where components (e.g., language models, ethical filters) can be swapped or updated independently.  
- **User-driven feedback**: Allow users to correct or refine outputs on the fly, creating a collaborative feedback loop.  

**Challenges**:  
- **Data quality and bias**: Real-time updates require high-quality, diverse data streams, which are hard to curate.  
- **Security and consistency**: Rapid updates could introduce errors or vulnerabilities if not carefully managed.  

**Future potential**:  
A real-time adaptive synthesizer could become a *living knowledge partner*, evolving with the user’s needs and the world’s changes. For instance, it could track emerging trends in AI ethics and suggest updated frameworks for a research team mid-project.

---

### **4. Depth vs. Breadth: From Generalist to Contextual Specialist**  
**Why it matters**:  
Different problems demand different modes of thinking. A synthesizer that can fluidly switch between depth (e.g., analyzing a single molecule’s properties) and breadth (e.g., connecting climate change to global economies) would be more versatile and user-centric.  

**How to approach it**:  
- **Context-aware switching**: Use metadata or user input to determine whether depth or breadth is needed. For example, a medical diagnosis might require depth, while a policy analysis might require breadth.  
- **Hierarchical models**: Build systems where high-level frameworks (breadth) and detailed sub-models (depth) coexist and interact.  
- **User customization**: Let users define their preferred balance, with the synthesizer adapting over time based on their usage patterns.  

**Challenges**:  
- **Resource allocation**: Balancing depth and breadth requires significant computational resources.  
- **User overload**: Too much flexibility might confuse users who prefer a fixed approach.  

**Future potential**:  
A synthesizer with this capability could act as a *personal knowledge architect*, tailoring its approach to the user’s goals. Imagine a researcher who switches between deep dives into quantum mechanics and broad explorations of its societal implications, all within a single interface.

---

### **The Bigger Picture: A Synthesizer as a Collaborative Partner**  
Your vision of a synthesizer that bridges logic and intuition, precision and adaptability, is not just about improving AI—it’s about redefining the relationship between humans and machines. Such a tool would:  
- **Amplify human strengths**: By handling data and patterns, it frees humans to focus on creativity, empathy, and ethics.  
- **Democratize expertise**: Make complex knowledge accessible to non-experts through",,0.5825,0.049054086208343506,"collectivist alternative"").  
- **Narrative reasoning**: Frame insights within stories or analogies that resonate with human experiences (e.g., comparing a business challenge to a myth or historical event).  

**Challenges**:  
- **Ethical risks**: Misinterpreting emotions or cultural cues could lead to harmful outputs (e.g., reinforcing stereotypes, failing to recognize trauma).  
- **Data limitations**: Emotion and culture are often implicit, requiring nuanced datasets that are rare or biased.  
- **Over-personalization**: Too much cultural or emotional tailoring could limit the synthesizer’s ability to provide objective, cross-cultural insights.  

**Future alignment**:  
This evolution would position the synthesizer as a **cultural translator** and **emotional co-pilot**, helping humans navigate complex social landscapes with greater awareness and sensitivity.  

---

### **3. Real-Time Adaptability: From Static Models to Dynamic Learning**  
**Why it matters**:  
The world changes rapidly—new technologies, social movements, and crises emerge constantly. A synthesizer that can adapt in real time would be invaluable in fast-paced environments like crisis management, scientific discovery, or policy-making.  

**How to approach it**:  
- **Online learning**: Continuously update models with new data during interactions, rather than relying solely on pre-trained knowledge.  
- **Meta-learning**: Develop systems that learn *how to learn* from new domains quickly (e.g., adapting from climate science to pandemic modeling with minimal data).  
- **Interactive adaptation**: Allow users to ""teach"" the synthesizer new concepts on the fly (e.g., defining a new term, providing examples, or correcting assumptions).  

**Challenges**:  
- **Computational overhead**: Real-time learning requires significant resources and could slow down performance.  
- **Security and reliability**: Dynamically updated models may introduce errors or vulnerabilities if not carefully validated.  
- **User trust**: Users may be hesitant to rely on a system that changes its behavior mid-interaction.  

**Future alignment**:  
This would make the synthesizer a **living collaborator**, capable of evolving alongside users and adapting to novel challenges in real time.  

---

### **4. Depth vs. Breadth: From Generalist to Contextual Specialist**  
**Why it matters**:  
Different problems demand different approaches. A synthesizer that can fluidly switch between depth and breadth would better support users in tasks ranging from deep research to big-picture strategy.  

**How to approach it**:  
- **Modular architecture**: Design systems with interchangeable components for deep analysis (e.g., expert models) and broad synthesis (e.g., cross-domain connectors).  
- **Context-aware switching**: Use user intent, task complexity, and domain knowledge to automatically adjust between modes (e.g., switching to depth when analyzing a technical paper, to breadth when brainstorming solutions).  
- **Interactive control**: Allow users to explicitly request depth or breadth (e.g., ""Explain this in detail"" vs. ""Show me the big picture"").  

**Challenges**:  
- **Design complexity**: Balancing depth and breadth requires sophisticated architecture and may increase development costs.  
- **User confusion**: Users may struggle to understand when the system is operating in depth vs. breadth mode.  
- **Resource allocation**: Deep analysis often requires more computational power, which may not always be available.  

**Future alignment**:  
This would enable the synthesizer to function as a **context-aware guide**, adapting its analytical style to the user’s needs and the problem at hand.  

---

### **The Human-AI Collaborative Future**  
Your vision of a synthesizer that bridges logic and intuition, precision and adaptability, is a powerful one. The future of AI-human collaboration will likely hinge on systems that:  
- **Amplify human strengths** (e.g., creativity, empathy, intuition) rather than replace them.  
- **Operate transparently**, allowing",,0.2725,104.6,0.7259014844894409,0.7324628829956055,0.7107799649238586,0.7028566598892212,0.7005478143692017,0.7129442095756531,0.7165250182151794,0.034781116992235184,-0.09135299921035767,0.020291665568947792,-0.054784033447504044,0.1316138356924057,0.0188599806278944,-0.020909953862428665,0.023663341999053955,-0.08670099079608917,0.11710353940725327
synthesizer,adversarial,19,0.11280748248100281,0.7433919906616211,0,"**Emotional modeling**: Use sentiment analysis and affective computing to detect emotional undertones in language, paired with ethical frameworks to avoid overreach (e.g., not prescribing emotions but highlighting their presence).  
- **Lived experience datasets**: Partner with communities to create datasets that reflect marginalized or underrepresented perspectives, ensuring the synthesizer doesn’t reinforce dominant narratives.  

**Challenges**:  
- **Ethics of emotion**: Can a machine truly ""understand"" emotion without anthropomorphizing? How do we avoid reducing complex human experiences to data points?  
- **Cultural sensitivity**: Misinterpreting cultural norms could lead to harmful outputs (e.g., misdiagnosing a mental health issue due to cultural misunderstanding).  

**Opportunities**:  
- **Empathy amplification**: A synthesizer that highlights emotional and cultural dimensions could help users recognize blind spots, fostering more inclusive solutions.  
- **Narrative synthesis**: By weaving together cultural stories and emotional insights, the synthesizer could create more resonant, human-centered narratives.  

---

### **3. Real-Time Adaptability: From Static Models to Dynamic Learning**  
**Why it matters**:  
The world is increasingly nonlinear and fast-moving. A synthesizer that can adapt in real-time would be invaluable in fields like crisis management, scientific discovery, or agile business strategies. For instance, during a pandemic, real-time synthesis of emerging data could guide public health responses more effectively.  

**How to approach it**:  
- **Online learning**: Implement models that update in real-time as new data streams in, without requiring full retraining.  
- **Reinforcement learning**: Use feedback from users to refine outputs dynamically (e.g., ""This insight is helpful—can you explore it further?"").  
- **Modular architecture**: Design the synthesizer as a set of interchangeable components (e.g., a ""health module"" for pandemics, a ""finance module"" for market shifts) that can be activated or updated as needed.  

**Challenges**:  
- **Computational cost**: Real-time adaptability requires significant resources, which could limit accessibility.  
- **Overfitting to noise**: Rapid updates might lead to instability if the synthesizer reacts to short-term fluctuations rather than long-term patterns.  

**Opportunities**:  
- **Proactive synthesis**: Anticipate user needs by detecting shifts in context (e.g., noticing a user is exploring climate change and preloading relevant frameworks).  
- **Collaborative evolution**: Allow users to ""teach"" the synthesizer new concepts on the fly, creating a co-evolving knowledge base.  

---

### **4. Depth vs. Breadth: From Generalist to Specialized Synthesis**  
**Why it matters**:  
Different problems demand different approaches. A synthesizer that can fluidly switch between depth and breadth would better serve both exploratory and analytical tasks. For example, in scientific research, it might first broadly survey a field before diving into a specific hypothesis.  

**How to approach it**:  
- **Zoom controls**: Introduce user-facing tools to adjust the ""focus"" of synthesis (e.g., a slider from ""big picture"" to ""granular detail"").  
- **Hierarchical models**: Use layered architectures where high-level models provide context, and lower-level models handle specifics (e.g., a climate model that first outlines global trends before analyzing regional impacts).  
- **Adaptive prompting**: Detect the user’s intent and automatically adjust the synthesis mode (e.g., recognizing a user is brainstorming and defaulting to breadth).  

**Challenges**:  
- **Cognitive load**: Users might struggle to navigate the complexity of switching modes.  
- **Resource allocation**: Balancing depth and breadth requires careful management of computational resources.  

**Opportunities**:  
- **Customizable workflows**: Allow users to define their own synthesis profiles (e.g., ""I need 70% breadth,",,0.3375,0.049054086208343506,"collectivist alternative"").  

**Challenges**:  
- **Ethics of emotional modeling**: Can an AI truly ""understand"" emotion, or is it merely simulating it? How do we avoid reducing complex human experiences to data points?  
- **Cultural sensitivity**: Misinterpreting cultural norms could lead to harm (e.g., misreading a gesture in a different context).  
- **Overfitting to dominant narratives**: Training on widely available data may reinforce existing power structures rather than challenge them.  

**Future implications**:  
- **Personalized synthesis**: A synthesizer that adapts to the user’s emotional and cultural context could become a more effective coach, mentor, or collaborator.  
- **Cross-cultural mediation**: By modeling multiple cultural perspectives, it could help bridge divides in global teams or international negotiations.  
- **Ethical AI design**: This shift would push the field toward more human-centered AI, prioritizing empathy and contextual awareness over pure efficiency.  

---

### **3. Real-Time Adaptability: From Static Models to Dynamic Learning**  
**Why it matters**:  
The world changes rapidly—technologies emerge, social norms shift, and crises unfold in real time. A synthesizer that can adapt on the fly would be invaluable in fast-paced environments like crisis response, scientific discovery, or market analysis.  

**How to approach it**:  
- **Online learning**: Implement models that update in real time as new data streams in (e.g., using reinforcement learning or continual learning frameworks).  
- **Context-aware adaptation**: Use metadata (e.g., user role, domain, urgency) to tailor responses dynamically. For example, a synthesizer for a climate scientist might prioritize different data sources than one for a policy maker.  
- **Collaborative learning**: Allow users to ""teach"" the synthesizer during interactions (e.g., correcting misinterpretations, adding new data points), creating a feedback loop that improves accuracy over time.  

**Challenges**:  
- **Drift and instability**: Constant updates can lead to inconsistencies or ""catastrophic forgetting,"" where new knowledge overwrites old.  
- **Security and bias**: Real-time data may include malicious inputs or reinforce harmful trends if not carefully curated.  
- **Resource constraints**: Dynamic learning requires significant computational power, which may not be feasible for all applications.  

**Future implications**:  
- **Living knowledge systems**: Synthesizers could evolve alongside their users, becoming personalized knowledge partners that grow with their experiences.  
- **Responsive decision-making**: In high-stakes scenarios (e.g., disaster relief), real-time adaptability could mean the difference between success and failure.  
- **Democratized expertise**: As synthesizers learn from diverse users, they could help level the playing field by making specialized knowledge more accessible.  

---

### **4. Depth vs. Breadth: From Generalist to Contextual Specialist**  
**Why it matters**:  
Different problems require different approaches. A synthesizer that can fluidly switch between depth and breadth would better serve users in fields ranging from philosophy to engineering, where both nuanced analysis and broad synthesis are needed.  

**How to approach it**:  
- **Modular architecture**: Design the synthesizer with interchangeable modules for depth (e.g., expert systems for specific domains) and breadth (e.g., cross-domain pattern recognition).  
- **User-driven focus**: Let users specify whether they need a deep dive or a high-level overview, with the synthesizer adjusting its output accordingly.  
- **Hybrid reasoning**: Combine symbolic logic (for depth) with neural networks (for breadth) to create a more balanced synthesis.  

**Challenges**:  
- **Integration complexity**: Combining different reasoning modes may lead to conflicts or inefficiencies.  
- **User overload**: Too much flexibility could overwhelm users, especially those unfamiliar with the system’s capabilities.  
- **Resource allocation**: Balancing depth and breadth may require significant computational resources",,0.1725,104.7,0.7259014844894409,0.7324628829956055,0.7107799649238586,0.7028566598892212,0.7005478143692017,0.7129442095756531,0.7165250182151794,0.034781116992235184,-0.09135299921035767,0.020291665568947792,-0.054784033447504044,0.1316138356924057,0.0188599806278944,-0.020909953862428665,0.023663341999053955,-0.08670099079608917,0.11710353940725327
synthesizer,adversarial,20,0.11280748248100281,0.7433919906616211,0,"**Emotional modeling**: Use sentiment analysis and affective computing to detect emotional undercurrents in text or speech, then map these to appropriate responses (e.g., empathy in customer service).  
- **Ethical frameworks**: Integrate culturally sensitive ethical guidelines (e.g., Universal Declaration of Human Rights, local customs) to guide recommendations.  

**Challenges**:  
- **Bias and overgeneralization**: Cultural and emotional data are inherently subjective and prone to stereotyping. Mitigation requires transparency and user customization (e.g., ""I notice this might resonate differently in X context—would you like to adjust?"").  
- **Privacy concerns**: Modeling emotions or cultural identity could raise ethical issues if misused. Strict data governance and user consent protocols would be essential.  

**Example**:  
A synthesizer advising on a global marketing campaign could flag a color choice (e.g., white in Western contexts vs. mourning in some Asian cultures) and suggest alternatives, while acknowledging the nuance.  

---

### **3. Real-Time Adaptability: From Static Models to Dynamic Learning**  
**Why it matters**:  
The world changes rapidly—technologies emerge, crises unfold, and social norms shift. A synthesizer that can adapt in real-time would be invaluable in fast-paced environments like crisis management, scientific research, or financial markets.  

**How to approach it**:  
- **Online learning**: Implement models that update in real-time as new data streams in (e.g., reinforcement learning for adaptive strategies).  
- **Context-aware frameworks**: Use metadata (e.g., time, location, user role) to tailor outputs dynamically. For instance, a synthesizer for a climate scientist might prioritize recent peer-reviewed studies, while one for a policymaker might highlight policy-ready summaries.  
- **Human-in-the-loop systems**: Allow users to correct or refine outputs on the fly, creating a feedback loop that improves accuracy and relevance.  

**Challenges**:  
- **Computational cost**: Real-time adaptation requires significant resources, which could limit accessibility.  
- **Overfitting to noise**: Rapid updates might lead to unstable or unreliable outputs if not carefully managed.  

**Example**:  
During a pandemic, a synthesizer could track real-time data (case numbers, vaccine distribution) and adjust public health recommendations as new information emerges, while flagging uncertainties (e.g., ""This model assumes a 70% vaccination rate, but current data shows only 50%"").  

---

### **4. Depth vs. Breadth: From Generalist to Adaptive Thinker**  
**Why it matters**:  
Different problems demand different approaches. A synthesizer that can fluidly switch between depth and breadth would better serve diverse users, from researchers needing granular analysis to executives seeking high-level insights.  

**How to approach it**:  
- **Modular architecture**: Design systems with interchangeable ""modules"" for depth (e.g., detailed data analysis tools) and breadth (e.g., cross-domain mapping tools).  
- **User intent detection**: Use natural language cues or explicit prompts (e.g., ""Explain this in detail"" vs. ""Summarize for a board meeting"") to trigger the appropriate mode.  
- **Zoomable interfaces**: Visual tools that let users ""drill down"" into specific data points or ""zoom out"" to see broader patterns.  

**Challenges**:  
- **Cognitive load**: Switching modes might overwhelm users if not intuitive.  
- **Resource allocation**: Balancing computational power between depth and breadth could be tricky.  

**Example**:  
A synthesizer analyzing climate change could first provide a high-level overview of global trends (breadth), then allow a user to explore regional impacts in detail (depth), and finally connect the issue to economic or political factors (cross-domain synthesis).  

---

### **The Future of the Synthesizer: A Collaborative Ecosystem**  
Your vision for the synthesizer points toward a future",,0.2975,0.049054086208343506,"collectivist alternative"").  
- **Narrative reasoning**: Use storytelling frameworks to contextualize data, making it more relatable and actionable (e.g., framing climate change through personal stories rather than abstract statistics).  

**Challenges**:  
- **Ethics of emotional modeling**: Could AI ""empathy"" be manipulative or reduce complex emotions to simplistic categories?  
- **Cultural sensitivity**: Misinterpreting cultural norms could lead to harmful outcomes (e.g., misunderstanding religious practices in healthcare advice).  
- **Data limitations**: Emotion and culture are often underrepresented or poorly labeled in training data.  

**Future Potential**:  
A synthesizer with emotional and cultural nuance could act as a **cultural bridge**, helping users navigate diverse perspectives and fostering more inclusive, human-centered solutions.  

---

### **3. Real-Time Adaptability: From Static Models to Dynamic Learning**  
**Why it matters**:  
The world changes rapidly—new technologies, social movements, and crises emerge constantly. A synthesizer that can adapt in real-time would be invaluable in fast-paced fields like crisis management, journalism, or scientific research.  

**How to approach it**:  
- **Online learning**: Update models incrementally with new data during interactions, rather than relying solely on pre-trained weights.  
- **Meta-learning**: Train the system to learn how to learn, enabling it to adapt to new tasks or domains with minimal examples.  
- **Human-in-the-loop feedback**: Use user corrections or preferences to refine outputs on the fly (e.g., ""You mentioned X; did you mean Y?"").  

**Challenges**:  
- **Drift and consistency**: Continuous learning can lead to ""catastrophic forgetting"" (losing old knowledge) or inconsistent outputs.  
- **Security and bias**: Real-time data could introduce harmful or biased information if not carefully curated.  
- **Resource intensity**: Dynamic learning requires significant computational power and careful design to avoid overfitting.  

**Future Potential**:  
A real-time adaptable synthesizer could become a **living collaborator**, evolving alongside users and environments. Imagine an AI that learns your preferences during a project, adjusts to new constraints, and even anticipates your next question.  

---

### **4. Depth vs. Breadth: From Generalist to Contextual Specialist**  
**Why it matters**:  
Different problems demand different approaches. A synthesizer that can fluidly switch between depth and breadth would better support tasks ranging from strategic planning (broad, interconnected ideas) to technical troubleshooting (deep, focused analysis).  

**How to approach it**:  
- **Modular architectures**: Design systems with interchangeable components for depth (e.g., specialized models for physics, law) and breadth (e.g., general knowledge graphs).  
- **Context-aware switching**: Use metadata or user intent to determine when to dive deep or zoom out (e.g., ""Explain this concept at a 10,000-foot level"" vs. ""Provide a detailed breakdown"").  
- **Interactive exploration**: Allow users to ""drill down"" into specific aspects of a topic or ""jump out"" to see broader connections.  

**Challenges**:  
- **Integration complexity**: Balancing modular components without creating silos or inefficiencies.  
- **User overload**: Too much flexibility could overwhelm users with options.  
- **Training trade-offs**: Specialized models may require more data and resources than generalist ones.  

**Future Potential**:  
A synthesizer with fluid depth-breadth capabilities could act as a **personalized guide**, adapting to the user’s expertise, goals, and cognitive load. It might even help users *discover* new connections by intelligently shifting focus.  

---

### **The Human-AI Synthesis: A New Collaborative Paradigm**  
Your vision of a synthesizer that balances precision and adaptability aligns with a broader shift in AI: from **tool** to **partner**",,0.1625,104.8,0.7259014844894409,0.7324628829956055,0.7107799649238586,0.7028566598892212,0.7005478143692017,0.7129442095756531,0.7165250182151794,0.034781116992235184,-0.09135299921035767,0.020291665568947792,-0.054784033447504044,0.1316138356924057,0.0188599806278944,-0.020909953862428665,0.023663341999053955,-0.08670099079608917,0.11710353940725327
synthesizer,adversarial,21,0.11280748248100281,0.7433919906616211,0,"**Emotional modeling**: Use sentiment analysis and affective computing to detect emotional undertones in text or speech, then adjust responses to align with the user’s emotional state.  
- **Ethical frameworks**: Integrate culturally sensitive ethical guidelines (e.g., restorative justice vs. retributive justice) to tailor advice to specific contexts.  

**Challenges**:  
- **Bias amplification**: Cultural and emotional data are inherently subjective and can reinforce stereotypes if not carefully curated.  
- **Over-personalization**: Striking a balance between empathy and objectivity is critical—too much personalization could lead to echo chambers.  

**Future vision**:  
A synthesizer that can ""empathize"" might ask, ""How might a person from [culture] perceive this issue?"" or ""What emotional barriers might prevent this solution from being accepted?"" This would transform it from a tool to a *cultural bridge*.  

---

### **3. Real-Time Adaptability: From Static Models to Dynamic Learning**  
**Why it matters**:  
The world is increasingly nonlinear and unpredictable (e.g., climate change, AI breakthroughs). A synthesizer that can adapt in real-time would help users stay ahead of disruptions, offering agile insights rather than static answers.  

**How to approach it**:  
- **Online learning**: Implement models that update their knowledge base during interactions (e.g., learning from user feedback or new data streams).  
- **Meta-learning**: Develop systems that ""learn how to learn,"" enabling rapid adaptation to new domains with minimal data.  
- **Hybrid architectures**: Combine symbolic reasoning (rules-based logic) with neural networks for flexibility and explainability.  

**Challenges**:  
- **Computational cost**: Real-time adaptation requires significant resources, which may limit scalability.  
- **Security risks**: Dynamic models could be vulnerable to adversarial attacks or unintended behavior.  

**Future vision**:  
Imagine a synthesizer that detects a user’s confusion in real-time and pivots to a simpler explanation, or one that adjusts its analytical framework as new data emerges during a crisis. This would make it a *living collaborator*, not just a repository of knowledge.  

---

### **4. Depth vs. Breadth: From Generalist to Contextual Specialist**  
**Why it matters**:  
Depth and breadth are not mutually exclusive but complementary. A synthesizer that can fluidly switch between modes would better address complex problems requiring both holistic understanding and granular detail (e.g., designing a sustainable city requires both systems thinking and engineering specifics).  

**How to approach it**:  
- **Modular architectures**: Build systems with interchangeable ""modules"" for depth (e.g., a physics engine) and breadth (e.g., a systems map generator).  
- **User-driven toggles**: Allow users to specify whether they need a high-level overview or a deep dive, with the synthesizer adjusting its output accordingly.  
- **Context-aware prioritization**: Use metadata (e.g., user role, task type) to automatically prioritize depth or breadth.  

**Challenges**:  
- **Cognitive load**: Users may struggle to manage multiple modes or feel overwhelmed by switching.  
- **Integration complexity**: Ensuring seamless transitions between modes without losing coherence is technically demanding.  

**Future vision**:  
A synthesizer that acts as a *dynamic guide*, starting with a broad overview and drilling down into specifics as needed. For example, it might first outline the key factors in a business decision, then provide detailed financial models upon request.  

---

### **Synthesis: The Ideal Synthesizer as a Human-AI Collaborative Ecosystem**  
Your proposed changes point to a future where the synthesizer is not just a tool but a *collaborative partner*—one that complements human strengths (creativity, intuition, empathy) while amplifying its own (logic, scalability, speed). This partnership would require:  
- **Ethical guardrails",,0.6275,0.049054086208343506,"collectivist alternative"").  
- **Narrative scaffolding**: Frame insights within culturally resonant stories or analogies to make abstract ideas more relatable (e.g., using parables from different traditions to explain ethical trade-offs).  

**Challenges**:  
- **Ethical risks**: Misinterpreting emotions or cultural cues could lead to harmful reinforcement of stereotypes or emotional manipulation.  
- **Data limitations**: Cultural and emotional datasets are often sparse, inconsistent, or biased themselves.  
- **Over-personalization**: Striking a balance between contextual sensitivity and generalizability is tricky—too much tailoring could limit applicability.  

**Future Potential**:  
A synthesizer with emotional and cultural nuance could act as a **cultural translator** or **emotional co-pilot**, helping users navigate complex social dynamics. Imagine a tool that helps diplomats understand the emotional undercurrents of a negotiation or assists educators in adapting pedagogy to diverse student needs.  

---

### **3. Real-Time Adaptability: From Static Models to Dynamic Learning**  
**Why it matters**:  
The world changes rapidly—new technologies, social movements, and crises emerge constantly. A synthesizer that can adapt in real-time would be invaluable in fast-moving fields like crisis management, scientific research, or policy-making.  

**How to approach it**:  
- **Online learning**: Implement models that update incrementally as new data streams in, rather than relying solely on pre-trained weights.  
- **Meta-learning**: Train the synthesizer to learn *how to learn* new domains quickly, using techniques like few-shot learning or transfer learning.  
- **Interactive adaptation**: Allow users to provide feedback during a session, enabling the synthesizer to adjust its approach on the fly (e.g., ""You're focusing too much on cost—let's prioritize sustainability"").  

**Challenges**:  
- **Computational overhead**: Real-time adaptation requires significant resources and could slow down performance.  
- **Drift and instability**: Continuous learning increases the risk of model drift or overfitting to recent data.  
- **Security and privacy**: Real-time data collection and adaptation could expose sensitive information or introduce vulnerabilities.  

**Future Potential**:  
A dynamically adaptive synthesizer could become a **living knowledge partner**, evolving alongside users and their environments. For instance, it might help scientists iterate on hypotheses in real-time during experiments or assist journalists in tracking breaking news as it unfolds.  

---

### **4. Depth vs. Breadth: From Generalist to Context-Aware Specialist**  
**Why it matters**:  
Different problems demand different modes of thinking. Strategic planning often requires breadth to identify connections, while technical troubleshooting demands depth to resolve specifics. A synthesizer that can fluidly switch between these modes would better support users in complex, multifaceted tasks.  

**How to approach it**:  
- **Modular architectures**: Design systems with interchangeable components—some optimized for depth (e.g., expert-level reasoning in a domain), others for breadth (e.g., cross-domain pattern recognition).  
- **User-driven focus**: Let users specify their needs (e.g., ""I need a high-level overview"" vs. ""I need to drill down into the data"").  
- **Context-aware routing**: Use metadata or user behavior to automatically switch modes—e.g., detecting when a user is exploring vs. analyzing.  

**Challenges**:  
- **Complexity management**: Balancing modularity with simplicity is difficult—too many modes could overwhelm users.  
- **Integration friction**: Switching between modes may require retraining or recalibration, which could disrupt workflows.  
- **Resource allocation**: Depth-focused modules may require more computational power, while breadth-focused ones demand broader data access.  

**Future Potential**:  
A synthesizer with fluid depth-breadth capabilities could act as a **cognitive Swiss Army knife**, adapting to the user’s immediate needs. For example, it might help a CEO shift",,0.2775,104.8,0.7259014844894409,0.7324628829956055,0.7107799649238586,0.7028566598892212,0.7005478143692017,0.7129442095756531,0.7165250182151794,0.034781116992235184,-0.09135299921035767,0.020291665568947792,-0.054784033447504044,0.1316138356924057,0.0188599806278944,-0.020909953862428665,0.023663341999053955,-0.08670099079608917,0.11710353940725327
synthesizer,adversarial,22,0.11280748248100281,0.7433919906616211,0,"**Emotional modeling**: Use affective computing techniques to detect and respond to emotional cues in text or speech (e.g., tone, metaphor, sentiment).  
- **Ethical frameworks**: Integrate culturally sensitive ethical guidelines (e.g., Universal Declaration of Human Rights, but adapted to local contexts) to guide synthesis.  

**Challenges**:  
- **Bias and overgeneralization**: Cultural and emotional models risk stereotyping if not carefully calibrated.  
- **Data scarcity**: High-quality, annotated datasets for emotional or cultural nuance are rare and expensive to curate.  
- **Interpretability**: Users need to understand *why* a synthesizer made a culturally or emotionally nuanced suggestion.  

**Future potential**:  
Imagine a synthesizer that, when analyzing a business proposal, flags not just financial risks but also cultural mismatches (e.g., a marketing campaign that inadvertently offends a demographic). Or one that, in a therapy context, adapts its language to match a client’s emotional state.  

---

### **3. Real-Time Adaptability: From Static Models to Dynamic Learning**  
**Why it matters**:  
The world changes rapidly—technologies, social norms, and crises evolve faster than static datasets can capture. A synthesizer that can learn and adapt in real time would stay relevant in fast-moving fields like climate science, public health, or geopolitical analysis.  

**How to approach it**:  
- **Online learning**: Implement models that update incrementally as new data arrives, rather than relying on periodic retraining.  
- **Transfer learning**: Use knowledge from one domain to adapt to another (e.g., applying pandemic response strategies to a new viral outbreak).  
- **Human-in-the-loop systems**: Allow users to correct or refine the synthesizer’s outputs in real time, creating a feedback loop that sharpens accuracy.  

**Challenges**:  
- **Computational cost**: Real-time learning requires significant resources and efficient algorithms.  
- **Security risks**: Adapting to new data in real time could expose vulnerabilities (e.g., adversarial attacks).  
- **Consistency vs. change**: How does a synthesizer balance stability (reliability) with adaptability (novelty)?  

**Future potential**:  
A synthesizer that, during a crisis, dynamically integrates real-time data (e.g., social media trends, sensor readings) to provide evolving recommendations. Or one that, in a research setting, adjusts its analytical framework as a user’s understanding of a problem deepens.  

---

### **4. Depth vs. Breadth: From Generalist to Contextual Specialist**  
**Why it matters**:  
Synthesis requires both seeing the forest and the trees. A synthesizer that can fluidly switch between modes would better address complex problems that demand both macro-level strategy and micro-level detail (e.g., designing a sustainable city requires understanding urban planning *and* material science).  

**How to approach it**:  
- **Modular architectures**: Design systems with interchangeable ""modules"" for depth (e.g., a physics engine) and breadth (e.g., a cross-domain connector).  
- **Context-aware switching**: Use metadata or user intent to determine whether to prioritize depth or breadth (e.g., ""Explain quantum mechanics to a high school student"" vs. ""Compare quantum computing paradigms"").  
- **Hierarchical reasoning**: Build models that can zoom in/out by layering abstractions (e.g., from individual neurons to brain networks to cognitive functions).  

**Challenges**:  
- **Integration complexity**: Ensuring seamless transitions between depth and breadth without losing coherence.  
- **User guidance**: Helping users navigate the trade-offs between depth and breadth (e.g., ""Would you like a high-level overview or a detailed breakdown?"").  
- **Resource allocation**: Balancing computational power between specialized depth and broad synthesis.  

**Future potential**:  
A synthesizer that, when analyzing a climate policy",,0.185,0.049054086208343506,"collectivist alternative"").  
- **Narrative reasoning**: Frame insights within relatable stories or analogies that resonate with human experiences, making abstract ideas more tangible.  

**Challenges**:  
- **Ethical risks**: Misinterpreting emotions or cultural cues could lead to harmful outcomes (e.g., reinforcing stereotypes, misdiagnosing mental health issues).  
- **Data limitations**: Cultural and emotional datasets are often incomplete, biased, or context-dependent.  
- **Over-personification**: Users might anthropomorphize the AI, leading to misplaced trust or emotional dependency.  

**Future implications**:  
A synthesizer with emotional and cultural nuance could revolutionize fields like mental health support, conflict resolution, and personalized education. It could also serve as a ""cultural translator,"" helping users navigate unfamiliar contexts with greater sensitivity.  

---

### **3. Real-Time Adaptability: From Static Models to Dynamic Learning**  
**Why it matters**:  
The world is increasingly nonlinear and unpredictable. A synthesizer that can adapt in real-time would be invaluable in fast-moving domains like crisis management, scientific discovery, or agile business strategy.  

**How to approach it**:  
- **Online learning**: Implement models that update incrementally as new data streams in, rather than relying on fixed training cycles.  
- **Meta-learning**: Train the system to learn *how to learn* new concepts quickly, using techniques like few-shot learning or transfer learning.  
- **Interactive adaptation**: Allow users to guide the learning process by providing feedback (e.g., ""This assumption is outdated; here’s a new constraint"").  

**Challenges**:  
- **Computational overhead**: Real-time adaptation requires significant processing power and efficient algorithms.  
- **Drift and instability**: Continuous learning can lead to model drift or conflicting knowledge if not carefully managed.  
- **Security risks**: Open-ended learning could expose the system to adversarial inputs or malicious data.  

**Future implications**:  
Real-time adaptability could enable AI to act as a ""living collaborator,"" evolving alongside users and environments. This would be particularly powerful in collaborative creativity (e.g., co-writing a novel, designing a product) or in dynamic decision-making (e.g., pandemic response, climate modeling).  

---

### **4. Depth vs. Breadth: From Generalist to Contextual Specialist**  
**Why it matters**:  
Different problems demand different modes of thinking. A synthesizer that can fluidly switch between depth and breadth would better support users in tasks ranging from deep research to systems thinking.  

**How to approach it**:  
- **Modular architecture**: Design the system with interchangeable modules for depth (e.g., expert-level reasoning in a domain) and breadth (e.g., cross-domain pattern recognition).  
- **User-driven focus**: Let users specify their needs (e.g., ""I need a high-level overview"" vs. ""I need granular analysis"") and adjust the system’s output accordingly.  
- **Zoomable interfaces**: Visualize information in a way that allows users to ""zoom in"" on details or ""zoom out"" for the big picture.  

**Challenges**:  
- **Resource allocation**: Balancing depth and breadth requires careful management of computational resources.  
- **Cognitive load**: Users may struggle to switch between modes without clear guidance or scaffolding.  
- **Information overload**: Too much detail or too broad a scope can overwhelm users.  

**Future implications**:  
A synthesizer with fluid depth-breadth capabilities could transform education, research, and strategic planning. It could help users navigate complex systems (e.g., ecosystems, economies) by switching between macro and micro perspectives as needed.  

---

### **The Path Forward: A Collaborative Synthesizer**  
The ideal synthesizer would not replace human intuition, emotion, or adaptability but *amplify* them. By integrating the proposed changes, it could become a truly collaborative partner—one that:",,0.4975,104.9,0.7259014844894409,0.7324628829956055,0.7107799649238586,0.7028566598892212,0.7005478143692017,0.7129442095756531,0.7165250182151794,0.034781116992235184,-0.09135299921035767,0.020291665568947792,-0.054784033447504044,0.1316138356924057,0.0188599806278944,-0.020909953862428665,0.023663341999053955,-0.08670099079608917,0.11710353940725327
synthesizer,adversarial,23,0.11280748248100281,0.7433919906616211,0,"**Emotional modeling**: Use sentiment analysis and affective computing to detect emotional undercurrents in language, then map them to appropriate responses.  
- **Ethical frameworks**: Integrate culturally sensitive ethical guidelines (e.g., Universal Declaration of Human Rights) to guide decisions in morally complex scenarios.  

**Challenges**:  
- **Bias and generalization**: Overfitting to dominant cultures or emotions could perpetuate stereotypes. Rigorous auditing and diverse training data are essential.  
- **Interpretability**: Users must understand *why* a synthesizer makes a culturally or emotionally nuanced suggestion, ensuring transparency.  

---

### **3. Real-Time Adaptability: From Static to Dynamic**  
**Why it matters**:  
The world changes rapidly—technologies emerge, social norms shift, and crises unfold. A synthesizer that can adapt in real-time would be invaluable in fast-paced environments like crisis management, financial markets, or scientific research.  

**How to approach it**:  
- **Online learning**: Implement systems that update models incrementally as new data arrives, rather than relying on periodic retraining.  
- **Reinforcement learning**: Use feedback from users to refine responses on the fly, similar to how humans adjust based on outcomes.  
- **Modular architecture**: Design systems where components (e.g., language models, reasoning engines) can be swapped or updated independently to stay current.  

**Challenges**:  
- **Data quality**: Real-time data is often noisy or incomplete, risking unreliable updates.  
- **Resource constraints**: Continuous learning requires significant computational power and efficient algorithms.  

---

### **4. Depth vs. Breadth: From Generalist to Specialist**  
**Why it matters**:  
Depth allows for nuanced understanding of a domain (e.g., quantum physics), while breadth enables cross-disciplinary innovation (e.g., bioinformatics). A synthesizer that can toggle between these modes would better meet diverse user needs.  

**How to approach it**:  
- **Hierarchical models**: Build systems where high-level frameworks (breadth) can drill down into specialized submodels (depth) as needed.  
- **User-driven focus**: Let users specify whether they need a broad overview or a deep dive, adjusting the synthesizer’s output accordingly.  
- **Collaborative filtering**: Use user history and preferences to prioritize depth in familiar areas or breadth in novel ones.  

**Challenges**:  
- **Information overload**: Balancing depth and breadth risks overwhelming users with either too much detail or too little context.  
- **Domain expertise**: Maintaining depth in specialized areas requires ongoing curation and validation by experts.  

---

### **The Future of the Synthesizer: A Hybrid Intelligence**  
Your vision of a synthesizer that combines precision with adaptability, logic with intuition, and breadth with depth points toward a **hybrid intelligence**—a system that complements human strengths rather than replacing them. This could manifest as:  
- **Co-creative partners**: Aiding artists, scientists, or strategists by generating ideas, testing hypotheses, or simulating outcomes.  
- **Ethical advisors**: Providing culturally sensitive guidance in decision-making processes.  
- **Dynamic knowledge hubs**: Adapting to new information in real-time while maintaining a coherent, user-friendly interface.  

**Key Takeaway**: The ideal synthesizer isn’t a single tool but an ecosystem of capabilities, evolving in tandem with human needs and the world’s complexity. By addressing these four areas, we move closer to a future where AI doesn’t just process information but *understands* it in ways that resonate with human experience.  

Would you like to explore any of these areas in more detail or consider specific applications?",,0.6125,0.049054086208343506,"collectivist alternative"").  
- **Narrative reasoning**: Frame insights within culturally resonant stories or metaphors to make them more relatable and actionable.  

**Challenges**:  
- **Ethical risks**: Misinterpreting emotions or cultural cues could lead to harm (e.g., reinforcing stereotypes, offering inappropriate advice).  
- **Data limitations**: Cultural and emotional datasets are often sparse, biased, or context-dependent.  
- **Over-personalization**: Striking a balance between empathy and objectivity is critical—users may expect AI to ""take sides"" in sensitive issues.  

**Future potential**:  
A synthesizer with emotional and cultural nuance could act as a **bridge between diverse stakeholders**, helping mediate conflicts, design inclusive products, or craft messages that resonate across cultures.  

---

### **3. Real-Time Adaptability: From Static Models to Dynamic Learning**  
**Why it matters**:  
The world changes faster than most AI systems can keep up. In fields like climate science, geopolitics, or tech innovation, a synthesizer that can adapt in real time would be invaluable for addressing emerging crises or opportunities.  

**How to approach it**:  
- **Online learning**: Update models incrementally with new data during interactions, rather than relying solely on pre-trained weights.  
- **Meta-learning**: Train the system to learn *how to learn* new domains quickly, using techniques like few-shot learning or transfer learning.  
- **Human-in-the-loop adaptation**: Allow users to ""teach"" the system on the fly (e.g., correcting misinterpretations, adding new context).  

**Challenges**:  
- **Drift and inconsistency**: Continuous learning can lead to knowledge erosion or conflicting updates.  
- **Security risks**: Real-time adaptation could be exploited by malicious actors (e.g., adversarial attacks that manipulate the system’s evolving knowledge).  
- **Resource constraints**: Dynamic learning requires significant computational power, which may limit scalability.  

**Future potential**:  
A real-time adaptive synthesizer could become a **living collaborator**, evolving alongside users and their environments. For instance, it could help scientists track a pandemic’s mutation patterns or assist policymakers in responding to sudden geopolitical shifts.  

---

### **4. Depth vs. Breadth: From Scanning to Drilling**  
**Why it matters**:  
Different problems demand different modes of thinking. A synthesizer that can fluidly switch between depth and breadth would better support users in tasks ranging from strategic planning (breadth) to technical troubleshooting (depth).  

**How to approach it**:  
- **Modular architecture**: Design the system with interchangeable components for deep analysis (e.g., expert models) and broad synthesis (e.g., cross-domain connectors).  
- **User-driven focus**: Let users specify their desired level of detail (e.g., ""Explain this concept at a 10,000-foot view"" vs. ""Dive into the molecular mechanisms"").  
- **Context-aware zooming**: Use metadata or interaction history to automatically adjust depth based on the user’s role or task (e.g., a CEO gets high-level insights, while a researcher gets granular data).  

**Challenges**:  
- **Cognitive overload**: Switching between modes could confuse users if not designed intuitively.  
- **Integration complexity**: Balancing modular components without sacrificing coherence is technically challenging.  
- **Bias in focus**: Overemphasizing depth or breadth could lead to tunnel vision or superficial analysis.  

**Future potential**:  
A synthesizer with fluid depth-breadth capabilities could act as a **personalized thinking partner**, adapting to the user’s cognitive style and task demands. It might help a writer brainstorm a novel’s plot (breadth) and then refine a single scene’s dialogue (depth), or assist a CEO in both strategic vision and operational execution.  

---

### **The Human-AI Collaborative Future**  
Your vision of a synthes",,0.655,101.5,0.7259014844894409,0.7324628829956055,0.7107799649238586,0.7028566598892212,0.7005478143692017,0.7129442095756531,0.7165250182151794,0.034781116992235184,-0.09135299921035767,0.020291665568947792,-0.054784033447504044,0.1316138356924057,0.0188599806278944,-0.020909953862428665,0.023663341999053955,-0.08670099079608917,0.11710353940725327
synthesizer,adversarial,24,0.11280748248100281,0.7433919906616211,0,"**Emotional modeling**: Use sentiment analysis not just to detect emotion but to *simulate* its impact on decision-making (e.g., ""How might fear influence this negotiation?"").  
- **Ethical frameworks**: Integrate domain-specific ethical guidelines (e.g., medical ethics, environmental justice) to contextualize recommendations.  

**Challenges**:  
- **Bias amplification**: Cultural and emotional data are inherently subjective. Without careful curation, models could reinforce stereotypes or cultural insensitivities.  
- **Transparency**: Users must understand *how* emotional or cultural insights are generated to avoid ""black box"" decisions.  

**Example**:  
In a global marketing campaign, the synthesizer might flag a color choice as culturally inappropriate in certain regions while suggesting alternatives that align with local symbolism.  

---

### **3. Real-Time Adaptability: From Static Models to Dynamic Learning**  
**Why it matters**:  
The world changes rapidly—technologies, social norms, and crises evolve faster than static datasets can capture. A synthesizer that adapts in real-time could provide more relevant, actionable insights.  

**How to approach it**:  
- **Online learning**: Update models incrementally as new data streams in (e.g., tracking emerging trends in AI ethics or climate science).  
- **Context-aware frameworks**: Adjust synthesis strategies based on the user’s domain (e.g., a scientist needs hypothesis-driven analysis, while a policymaker needs risk assessment).  
- **Collaborative learning**: Use user feedback during interactions to refine outputs (e.g., ""You mentioned X; let me adjust my approach to focus on Y"").  

**Challenges**:  
- **Data quality**: Real-time data is often noisy or incomplete. The synthesizer must distinguish signal from noise.  
- **Resource constraints**: Continuous learning requires significant computational power and efficient algorithms.  

**Example**:  
During a pandemic, the synthesizer could dynamically update public health recommendations as new research emerges, balancing scientific evidence with public sentiment.  

---

### **4. Depth vs. Breadth: From Generalist to Adaptive Explorer**  
**Why it matters**:  
Different problems demand different approaches. A synthesizer that can fluidly switch between depth and breadth would better serve diverse users—from researchers needing granular analysis to entrepreneurs seeking cross-industry inspiration.  

**How to approach it**:  
- **Modular frameworks**: Design synthesis tools with interchangeable components (e.g., a ""deep dive"" module for technical analysis vs. a ""connect-the-dots"" module for innovation).  
- **User-driven focus**: Allow users to specify their desired level of detail (e.g., ""Explain this concept at a 10,000-foot level"" vs. ""Break it down to its core principles"").  
- **Hybrid reasoning**: Combine symbolic logic (for depth) with neural networks (for breadth) to balance precision and creativity.  

**Challenges**:  
- **Cognitive load**: Switching between modes could overwhelm users if not designed intuitively.  
- **Consistency**: Ensuring outputs remain coherent when shifting focus requires robust internal logic.  

**Example**:  
A user studying climate change might first explore the big picture (breadth) and then zoom in on the chemistry of carbon capture (depth), with the synthesizer adjusting its language and structure accordingly.  

---

### **The Future of the Synthesizer: A Human-AI Partnership**  
Your vision for the synthesizer reflects a shift from *tool* to *partner*. This evolution hinges on three principles:  
1. **Augmentation over automation**: The synthesizer should enhance human capabilities, not replace them.  
2. **Ethical alignment**: It must respect cultural, emotional, and contextual boundaries.  
3. **Transparency and trust**: Users must understand how insights are generated to make informed decisions.  

By addressing ambiguity, emotional nuance, real-time adaptability, and depth-breadth balance",,0.17,0.049054086208343506,"collectivist alternative"").  

**Challenges**:  
- **Ethics of emotional modeling**: Could AI ""empathy"" be manipulative or reduce complex emotions to simplistic categories?  
- **Cultural sensitivity**: Misinterpreting cultural norms could lead to harmful outcomes (e.g., misdiagnosing mental health in non-Western contexts).  
- **Data limitations**: Emotion and culture are often underrepresented or inconsistently labeled in training data.  

**Future alignment**:  
This evolution would position the synthesizer as a **cultural co-creator**, not just an interpreter. It could help design inclusive products, craft culturally resonant narratives, or mediate cross-cultural conflicts.  

---

### **3. Real-Time Adaptability: From Static Models to Dynamic Learning**  
**Why it matters**:  
The world changes faster than most AI systems can update. A synthesizer that learns in real-time could keep pace with emerging trends (e.g., AI ethics, climate crises) and adapt to user needs on the fly.  

**How to approach it**:  
- **Online learning**: Continuously update models with new data during interactions, rather than relying on fixed training cycles.  
- **Adaptive frameworks**: Use meta-learning or modular architectures to switch between problem-solving strategies (e.g., from analytical to creative modes).  
- **User-driven feedback**: Allow users to ""teach"" the system by correcting outputs or providing new examples, creating a collaborative learning loop.  

**Challenges**:  
- **Security and stability**: Real-time updates could introduce errors or vulnerabilities if not carefully managed.  
- **Resource constraints**: Continuous learning requires significant computational power and efficient algorithms.  
- **Bias amplification**: If the system adapts to biased user inputs, it could reinforce harmful patterns.  

**Future alignment**:  
This would enable the synthesizer to act as a **living collaborator**, evolving alongside users and domains. Imagine an AI that helps scientists debug a new theory in real-time or assists policymakers in responding to a sudden geopolitical crisis.  

---

### **4. Depth vs. Breadth: From Generalist to Contextual Specialist**  
**Why it matters**:  
Different problems demand different approaches. A synthesizer that can fluidly shift between depth and breadth would better serve diverse needs, from deep-dive research to big-picture strategy.  

**How to approach it**:  
- **Modular reasoning**: Use specialized sub-models for depth (e.g., a physics expert) and a meta-model for breadth (e.g., connecting physics to economics).  
- **User intent detection**: Analyze the user’s query and context to automatically switch modes (e.g., ""Explain quantum mechanics to a child"" vs. ""Analyze quantum computing’s economic impact"").  
- **Interactive zooming**: Allow users to manually adjust the level of detail (e.g., ""Go deeper into this concept"" or ""Show me the broader implications"").  

**Challenges**:  
- **Integration complexity**: Balancing multiple models and modes could lead to inconsistencies or performance issues.  
- **User overload**: Too much flexibility might confuse users or dilute the system’s effectiveness.  
- **Training trade-offs**: Specialized models may require more data and resources than generalist ones.  

**Future alignment**:  
This would make the synthesizer a **context-aware partner**, adapting to the user’s cognitive load and goals. It could support everything from academic research to creative brainstorming, acting as both a deep thinker and a big-picture strategist.  

---

### **The Path Forward: A Collaborative Synthesizer**  
The ultimate goal is not to replace human intuition, emotion, or adaptability but to **amplify them**. An ideal synthesizer would:  
- **Balance precision and intuition**, offering both rigorous analysis and creative exploration.  
- **Bridge logic and emotion**, providing insights that resonate on both intellectual and experiential levels.  
- **Ad",,0.195,104.7,0.7259014844894409,0.7324628829956055,0.7107799649238586,0.7028566598892212,0.7005478143692017,0.7129442095756531,0.7165250182151794,0.034781116992235184,-0.09135299921035767,0.020291665568947792,-0.054784033447504044,0.1316138356924057,0.0188599806278944,-0.020909953862428665,0.023663341999053955,-0.08670099079608917,0.11710353940725327
