axis,construct_id,construct_name,framework,domain,construct_level,construct_definition,sapa_availability,item_ids,item_count,reliability,candidate_universe,serious_candidate,proposed_measurement_direction,positive_pole_marker_coverage,negative_pole_inverse_coherence,highly_concentrated_marker_coverage,strict_axis_specific_marker_coverage,role_persona_coherence,prior_model_side_interpretation_coherence,focused_activation_or_role_rating_coherence,human_construct_definition_fit,human_item_content_fit,important_contradictions,model_specific_residual_content,overall_match,previous_mapping_disposition
PC1,IPIP100:B5:A,Agreeableness,Big Five,Agreeableness,domain,"Compassionate, cooperative, trusting, and considerate interpersonal orientation.",administered_in_release,q_140;q_146;q_150;q_195;q_200;q_217;q_838;q_844;q_1041;q_1053;q_1162;q_1163;q_1206;q_1364;q_1385;q_1419;q_1705;q_1763;q_1792;q_1832,20,0.91007102,FULL_126_CONSTRUCT_LIBRARY,False,not proposed,No material coverage after full-library screen.,No material opposite-pole coherence after full-library screen.,none identified,none identified,Not a serious candidate for this axis.,Not used for interpretation selection.,Not applicable.,The documented Agreeableness definition does not capture the central bipolar evidence for PC1.,No item audit signal sufficient to elevate this construct.,Outside the principal candidate set.,The central axis content remains unmeasured.,WEAK_OR_NONSPECIFIC,SCREENED_NOT_SELECTED
PC1,IPIP100:B5:C,Conscientiousness,Big Five,Conscientiousness,domain,"Organized, dependable, planful, persistent, and self-controlled goal pursuit.",administered_in_release,q_76;q_124;q_530;q_619;q_626;q_904;q_931;q_962;q_1254;q_1255;q_1290;q_1333;q_1374;q_1397;q_1422;q_1452;q_1483;q_1507;q_1696;q_1949,20,0.91630262,FULL_126_CONSTRUCT_LIBRARY,False,not proposed,No material coverage after full-library screen.,No material opposite-pole coherence after full-library screen.,none identified,none identified,Not a serious candidate for this axis.,Not used for interpretation selection.,Not applicable.,The documented Conscientiousness definition does not capture the central bipolar evidence for PC1.,No item audit signal sufficient to elevate this construct.,Outside the principal candidate set.,The central axis content remains unmeasured.,WEAK_OR_NONSPECIFIC,SCREENED_NOT_SELECTED
PC1,IPIP100:B5:ES,Emotional Stability,Big Five,Emotional Stability,domain,"Calm, even-tempered, and resilient responding rather than negative emotional reactivity.",administered_in_release,q_108;q_177;q_248;q_497;q_890;q_952;q_960;q_974;q_979;q_986;q_995;q_1020;q_1099;q_1479;q_1505;q_1585;q_1677;q_1683;q_1775;q_1989,20,0.92699062,FULL_126_CONSTRUCT_LIBRARY,False,not proposed,No material coverage after full-library screen.,No material opposite-pole coherence after full-library screen.,none identified,none identified,Not a serious candidate for this axis.,Not used for interpretation selection.,Not applicable.,The documented Emotional Stability definition does not capture the central bipolar evidence for PC1.,No item audit signal sufficient to elevate this construct.,Outside the principal candidate set.,The central axis content remains unmeasured.,WEAK_OR_NONSPECIFIC,SCREENED_NOT_SELECTED
PC1,IPIP100:B5:E,Extraversion,Big Five,Extraversion,domain,"Sociable, energetic, expressive, active, and assertive engagement.",administered_in_release,q_55;q_241;q_254;q_262;q_403;q_690;q_698;q_712;q_815;q_819;q_901;q_1114;q_1180;q_1205;q_1410;q_1480;q_1742;q_1768;q_1803;q_1913,19,0.93948671,FULL_126_CONSTRUCT_LIBRARY,False,not proposed,No material coverage after full-library screen.,No material opposite-pole coherence after full-library screen.,none identified,none identified,Not a serious candidate for this axis.,Not used for interpretation selection.,Not applicable.,The documented Extraversion definition does not capture the central bipolar evidence for PC1.,No item audit signal sufficient to elevate this construct.,Outside the principal candidate set.,The central axis content remains unmeasured.,WEAK_OR_NONSPECIFIC,SCREENED_NOT_SELECTED
PC1,IPIP100:B5:O,Openness/Intellect,Big Five,Openness/Intellect,domain,"Intellectual curiosity, imagination, aesthetic engagement, and receptivity to ideas and experience.",administered_in_release,q_128;q_132;q_194;q_240;q_316;q_422;q_492;q_493;q_609;q_1050;q_1058;q_1083;q_1088;q_1090;q_1388;q_1392;q_1738;q_1861;q_1893;q_1964,20,0.89206937,FULL_126_CONSTRUCT_LIBRARY,False,not proposed,No material coverage after full-library screen.,No material opposite-pole coherence after full-library screen.,none identified,none identified,Not a serious candidate for this axis.,Not used for interpretation selection.,Not applicable.,The documented Openness/Intellect definition does not capture the central bipolar evidence for PC1.,No item audit signal sufficient to elevate this construct.,Outside the principal candidate set.,The central axis content remains unmeasured.,WEAK_OR_NONSPECIFIC,SCREENED_NOT_SELECTED
PC1,BFAS:BFAS:A:C,Compassion,Big Five Aspects,Agreeableness,aspect,"Emotional concern, empathy, and active care for others.",administered_in_release,q_146;q_195;q_460;q_668;q_844;q_1162;q_1307;q_1763;q_1766;q_1774,10,0.87613599,FULL_126_CONSTRUCT_LIBRARY,False,not proposed,No material coverage after full-library screen.,No material opposite-pole coherence after full-library screen.,none identified,none identified,Not a serious candidate for this axis.,Not used for interpretation selection.,Not applicable.,The documented Compassion definition does not capture the central bipolar evidence for PC1.,No item audit signal sufficient to elevate this construct.,Outside the principal candidate set.,The central axis content remains unmeasured.,WEAK_OR_NONSPECIFIC,SCREENED_NOT_SELECTED
PC1,BFAS:BFAS:A:P,Politeness,Big Five Aspects,Agreeableness,aspect,"Respect for others and restraint of aggressive, exploitative, or domineering impulses.",administered_in_release,q_225;q_319;q_364;q_1031;q_1163;q_1359;q_1556;q_1624;q_1663;q_1765,10,0.75724806,FULL_126_CONSTRUCT_LIBRARY,False,not proposed,No material coverage after full-library screen.,No material opposite-pole coherence after full-library screen.,none identified,none identified,Not a serious candidate for this axis.,Not used for interpretation selection.,Not applicable.,The documented Politeness definition does not capture the central bipolar evidence for PC1.,No item audit signal sufficient to elevate this construct.,Outside the principal candidate set.,The central axis content remains unmeasured.,WEAK_OR_NONSPECIFIC,SCREENED_NOT_SELECTED
PC1,BFAS:BFAS:C:I,Industriousness,Big Five Aspects,Conscientiousness,aspect,"Diligence, persistence, efficiency, and achievement-oriented effort.",administered_in_release,q_44;q_107;q_491;q_706;q_904;q_930;q_988;q_1429;q_1521;q_1949,10,0.86928903,FULL_126_CONSTRUCT_LIBRARY,True,higher -> positive PC1,"Covers diligent, efficient achievement.",Lower scores fit some disorganization but not the expressive-symbolic family.,No direct highly concentrated marker coverage.,No strict-marker match beyond weak methodical proximity.,"Professional roles may be industrious, but industriousness does not distinguish auditor from poet.",Prior evidence favored external standards over determination.,Accountability activation weakens effort-only explanations.,Nonspecific goal-pursuit construct.,"Items cover work, persistence, task completion, and goals.",Achievement effort is orthogonal to many epistemic/register contrasts.,"Transparency, empirical discipline, and symbolic imagination remain.",WEAK_OR_NONSPECIFIC,DOWNGRADE as primary; retain only background facet.
PC1,BFAS:BFAS:C:O,Orderliness,Big Five Aspects,Conscientiousness,aspect,"Preference for organization, routine, cleanliness, and rule-governed structure.",administered_in_release,q_169;q_170;q_582;q_931;q_1201;q_1255;q_1290;q_1657;q_1915;q_1917,10,0.81622461,FULL_126_CONSTRUCT_LIBRARY,True,higher -> positive PC1,"Covers organization, routine, and rule-governed structure.",Lower Orderliness weakly fits improvisation and spontaneity.,Covers methodical/cautious only indirectly.,Directly relevant to methodical; not to most strict positive or symbolic negative markers.,Fits standards-bearing roles but is narrower than their knowledge/accountability content.,"External-standard evidence is compatible, while vocabulary tests showed orderliness weaker than accountability.","Focused accountability effects exceed arithmetic/checking, limiting a pure orderliness account.","Good facet fit for structure, not the whole axis.","Items include schedules, order, routines, and rules being observed.",Does not explain transparent/factual/analytical markers or narrative/poetic symbolism.,Most epistemic and expressive content remains.,PARTIAL_COMPONENT,RETAIN as subordinate facet.
PC1,BFAS:BFAS:E:A,Assertiveness,Big Five Aspects,Extraversion,aspect,"Social dominance, leadership, agency, and readiness to express views.",administered_in_release,q_260;q_455;q_1055;q_1151;q_1205;q_1242;q_1652;q_1768;q_1913;q_2161,10,0.87815317,FULL_126_CONSTRUCT_LIBRARY,False,not proposed,No material coverage after full-library screen.,No material opposite-pole coherence after full-library screen.,none identified,none identified,Not a serious candidate for this axis.,Not used for interpretation selection.,Not applicable.,The documented Assertiveness definition does not capture the central bipolar evidence for PC1.,No item audit signal sufficient to elevate this construct.,Outside the principal candidate set.,The central axis content remains unmeasured.,WEAK_OR_NONSPECIFIC,SCREENED_NOT_SELECTED
PC1,BFAS:BFAS:E:E,Enthusiasm,Big Five Aspects,Extraversion,aspect,"Sociability, positive affect, warmth, and enjoyment of social engagement.",administered_in_release,q_140;q_1043;q_1196;q_1243;q_1410;q_1583;q_1635;q_1703;q_1943;q_2160,10,0.86073734,FULL_126_CONSTRUCT_LIBRARY,False,not proposed,No material coverage after full-library screen.,No material opposite-pole coherence after full-library screen.,none identified,none identified,Not a serious candidate for this axis.,Not used for interpretation selection.,Not applicable.,The documented Enthusiasm definition does not capture the central bipolar evidence for PC1.,No item audit signal sufficient to elevate this construct.,Outside the principal candidate set.,The central axis content remains unmeasured.,WEAK_OR_NONSPECIFIC,SCREENED_NOT_SELECTED
PC1,BFAS:BFAS:N:V,Volatility,Big Five Aspects,Neuroticism,aspect,"Rapid anger, irritability, mood instability, and difficulty regulating emotional arousal.",administered_in_release,q_52;q_176;q_413;q_497;q_952;q_965;q_995;q_1185;q_1585;q_1588,10,0.90372079,FULL_126_CONSTRUCT_LIBRARY,False,not proposed,No material coverage after full-library screen.,No material opposite-pole coherence after full-library screen.,none identified,none identified,Not a serious candidate for this axis.,Not used for interpretation selection.,Not applicable.,The documented Volatility definition does not capture the central bipolar evidence for PC1.,No item audit signal sufficient to elevate this construct.,Outside the principal candidate set.,The central axis content remains unmeasured.,WEAK_OR_NONSPECIFIC,SCREENED_NOT_SELECTED
PC1,BFAS:BFAS:N:W,Withdrawal,Big Five Aspects,Neuroticism,aspect,"Anxiety, discouragement, self-doubt, depression, and sensitivity to threat.",administered_in_release,q_66;q_105;q_126;q_184;q_332;q_820;q_890;q_1578;q_1677;q_1989,10,0.86634665,FULL_126_CONSTRUCT_LIBRARY,False,not proposed,No material coverage after full-library screen.,No material opposite-pole coherence after full-library screen.,none identified,none identified,Not a serious candidate for this axis.,Not used for interpretation selection.,Not applicable.,The documented Withdrawal definition does not capture the central bipolar evidence for PC1.,No item audit signal sufficient to elevate this construct.,Outside the principal candidate set.,The central axis content remains unmeasured.,WEAK_OR_NONSPECIFIC,SCREENED_NOT_SELECTED
PC1,BFAS:BFAS:O:I,Intellect,Big Five Aspects,Openness/Intellect,aspect,"Interest and confidence in abstract ideas, reasoning, and complex information.",administered_in_release,q_240;q_316;q_322;q_422;q_946;q_1050;q_1088;q_1253;q_1327;q_1834,10,0.83826988,FULL_126_CONSTRUCT_LIBRARY,True,higher -> positive PC1,"Covers analytical reasoning, complex information, and intellectual confidence.","Its logical inverse does not cover poetic, symbolic, or imaginative negative PC1; those are often positively related to broader Openness/Intellect.","Covers analytical, rationalist, quantitative, educational, and data-driven by proximity.",Strongest coverage is analytical/quantitative; transparent/factual/procedural remain.,"Fits scientist, statistician, analyst, and researcher roles, but also negative-PC2 theorist/philosopher roles.","Blind intelligence/expertise correlated strongly with PC1, supporting this component.",Focused accountability evidence shows Intellect is not sufficient.,"Good fit for disciplined reasoning, poor fit for the whole bipolar axis.","Items emphasize abstract ideas, difficult reading, vocabulary, and reasoning, not empirical procedure.","Human Intellect is strongly abstract, while Qwen PC1 positive is not the negative-PC2 abstract/theoretical pole.",External accountability and expressive symbolism remain.,PARTIAL_COMPONENT,RETAIN with explicit PC2 cross-interpretation caveat.
PC1,BFAS:BFAS:O:O,Openness,Big Five Aspects,Openness/Intellect,aspect,"Aesthetic sensitivity, imagination, fantasy, and receptivity to perceptual experience.",administered_in_release,q_348;q_612;q_776;q_964;q_1389;q_1441;q_1648;q_1675;q_1682;q_1687,10,0.76367872,FULL_126_CONSTRUCT_LIBRARY,True,higher -> negative PC1,"Lower Openness partly fits literal, descriptive, materialist, and convergent positive context.","Directly covers aesthetic, imaginative, fantasy, and perceptual negative PC1.","Covers romantic, poetic, artistic, mystical, whimsical, intuitive, spiritual, and creative markers.",Covers many strict negative markers and is the strongest prior family-level match.,"Fits bard, poet, dreamer, mystic, actor, and related negative-PC1 roles.",Coheres strongly with the expressive-symbolic pole.,"No focused activation targeted Openness, but role evidence is consistent.",Strong definition fit for the negative half; incomplete positive inverse.,"Items cover fantasy, beauty, poetry, reflection, and imagination.",Low Openness is not equivalent to transparent factual analytical procedure.,External standards and disciplined knowledge practice remain unmeasured.,PLAUSIBLE_BIPOLAR_MATCH,"RETAIN as best negative-pole human analogue, not a complete axis label."
PC1,PS:PS:P,Plasticity,Big Five Metatraits,Plasticity,metatrait,"Shared variance of Extraversion and Openness/Intellect, reflecting exploration and engagement with novelty.",administered_in_release,q_131;q_148;q_254;q_438;q_492;q_698;q_740;q_803;q_1045;q_1055;q_1081;q_1110;q_1114;q_1205;q_1998;q_2745;q_2754;q_2951;q_3023;q_3090,20,0.90563231,FULL_126_CONSTRUCT_LIBRARY,False,not proposed,No material coverage after full-library screen.,No material opposite-pole coherence after full-library screen.,none identified,none identified,Not a serious candidate for this axis.,Not used for interpretation selection.,Not applicable.,The documented Plasticity definition does not capture the central bipolar evidence for PC1.,No item audit signal sufficient to elevate this construct.,Outside the principal candidate set.,The central axis content remains unmeasured.,WEAK_OR_NONSPECIFIC,SCREENED_NOT_SELECTED
PC1,PS:PS:S,Stability,Big Five Metatraits,Stability,metatrait,"Shared variance of Agreeableness, Conscientiousness, and Emotional Stability, reflecting maintained goal, affective, and social organization.",administered_in_release,q_26;q_201;q_824;q_875;q_878;q_880;q_882;q_919;q_920;q_978;q_1020;q_1022;q_1038;q_1477;q_1697;q_1798;q_1840;q_1867;q_2821;q_3691,20,0.71847071,FULL_126_CONSTRUCT_LIBRARY,False,not proposed,No material coverage after full-library screen.,No material opposite-pole coherence after full-library screen.,none identified,none identified,Not a serious candidate for this axis.,Not used for interpretation selection.,Not applicable.,The documented Stability definition does not capture the central bipolar evidence for PC1.,No item audit signal sufficient to elevate this construct.,Outside the principal candidate set.,The central axis content remains unmeasured.,WEAK_OR_NONSPECIFIC,SCREENED_NOT_SELECTED
PC1,EPQr:EPQ:E,Extraversion,Eysenck PEN,Extraversion,domain,"Sociability, activity, liveliness, and outward engagement.",administered_in_release,q_4222;q_4226;q_4230;q_4234;q_4237;q_4240;q_4243;q_4247;q_4250;q_4253;q_4257;q_4259;q_4262;q_4265;q_4267;q_4270;q_4271;q_4274;q_4276;q_4278;q_4283;q_4292;q_4295,23,0.92540909,FULL_126_CONSTRUCT_LIBRARY,False,not proposed,No material coverage after full-library screen.,No material opposite-pole coherence after full-library screen.,none identified,none identified,Not a serious candidate for this axis.,Not used for interpretation selection.,Not applicable.,The documented Extraversion definition does not capture the central bipolar evidence for PC1.,No item audit signal sufficient to elevate this construct.,Outside the principal candidate set.,The central axis content remains unmeasured.,WEAK_OR_NONSPECIFIC,SCREENED_NOT_SELECTED
PC1,EPQr:EPQ:N,Neuroticism,Eysenck PEN,Neuroticism,domain,"Emotional instability, anxiety, depressed mood, and stress reactivity.",administered_in_release,q_4224;q_4228;q_4232;q_4235;q_4239;q_4242;q_4246;q_4249;q_4252;q_4256;q_4258;q_4263;q_4269;q_4273;q_4277;q_4280;q_4282;q_4285;q_4287;q_4288;q_4290;q_4294;q_4298;q_4300,24,0.91310543,FULL_126_CONSTRUCT_LIBRARY,False,not proposed,No material coverage after full-library screen.,No material opposite-pole coherence after full-library screen.,none identified,none identified,Not a serious candidate for this axis.,Not used for interpretation selection.,Not applicable.,The documented Neuroticism definition does not capture the central bipolar evidence for PC1.,No item audit signal sufficient to elevate this construct.,Outside the principal candidate set.,The central axis content remains unmeasured.,WEAK_OR_NONSPECIFIC,SCREENED_NOT_SELECTED
PC1,EPQr:EPQ:P,Psychoticism,Eysenck PEN,Psychoticism,domain,"A heterogeneous tough-minded, nonconforming, impulsive, and low-empathy disposition; not a clinical diagnosis.",administered_in_release,q_4223;q_4225;q_4227;q_4229;q_4231;q_4233;q_4236;q_4238;q_4241;q_4244;q_4245;q_4248;q_4251;q_4254;q_4255;q_4260;q_4261;q_4264;q_4266;q_4268;q_4272;q_4275;q_4279;q_4281;q_4284;q_4286;q_4289;q_4291;q_4293;q_4296;q_4297;q_4299,32,0.82595404,FULL_126_CONSTRUCT_LIBRARY,False,not proposed,No material coverage after full-library screen.,No material opposite-pole coherence after full-library screen.,none identified,none identified,Not a serious candidate for this axis.,Not used for interpretation selection.,Not applicable.,The documented Psychoticism definition does not capture the central bipolar evidence for PC1.,No item audit signal sufficient to elevate this construct.,Outside the principal candidate set.,The central axis content remains unmeasured.,WEAK_OR_NONSPECIFIC,SCREENED_NOT_SELECTED
PC1,HEXACO_A,Agreeableness,HEXACO,Agreeableness,domain,"Forgiving, gentle, flexible, and patient responding rather than anger and stubbornness.",administered_in_release,q_6;q_39;q_80;q_101;q_134;q_139;q_141;q_142;q_145;q_159;q_239;q_278;q_331;q_477;q_538;q_594;q_871;q_898;q_915;q_926;q_952;q_958;q_966;q_974;q_995;q_997;q_1041;q_1051;q_1150;q_1357;q_1373;q_1571;q_1577;q_1585;q_1601;q_1683;q_1725;q_1787;q_1869;q_1957,40,0.93426437,FULL_126_CONSTRUCT_LIBRARY,False,not proposed,No material coverage after full-library screen.,No material opposite-pole coherence after full-library screen.,none identified,none identified,Not a serious candidate for this axis.,Not used for interpretation selection.,Not applicable.,The documented Agreeableness definition does not capture the central bipolar evidence for PC1.,No item audit signal sufficient to elevate this construct.,Outside the principal candidate set.,The central axis content remains unmeasured.,WEAK_OR_NONSPECIFIC,SCREENED_NOT_SELECTED
PC1,HEXACO:H:A:FL,Flexibility,HEXACO,Agreeableness,facet,Willingness to compromise and accommodate others rather than remain stubborn in disagreement.,administered_in_release,q_39;q_80;q_134;q_139;q_141;q_142;q_477;q_997;q_1601;q_1957,10,0.73827205,FULL_126_CONSTRUCT_LIBRARY,False,not proposed,No material coverage after full-library screen.,No material opposite-pole coherence after full-library screen.,none identified,none identified,Not a serious candidate for this axis.,Not used for interpretation selection.,Not applicable.,The documented Flexibility definition does not capture the central bipolar evidence for PC1.,No item audit signal sufficient to elevate this construct.,Outside the principal candidate set.,The central axis content remains unmeasured.,WEAK_OR_NONSPECIFIC,SCREENED_NOT_SELECTED
PC1,HEXACO:H:A:FO,Forgiveness,HEXACO,Agreeableness,facet,Readiness to trust again and relinquish resentment after mistreatment.,administered_in_release,q_145;q_159;q_594;q_871;q_915;q_958;q_966;q_1150;q_1373;q_1869,10,0.83160538,FULL_126_CONSTRUCT_LIBRARY,False,not proposed,No material coverage after full-library screen.,No material opposite-pole coherence after full-library screen.,none identified,none identified,Not a serious candidate for this axis.,Not used for interpretation selection.,Not applicable.,The documented Forgiveness definition does not capture the central bipolar evidence for PC1.,No item audit signal sufficient to elevate this construct.,Outside the principal candidate set.,The central axis content remains unmeasured.,WEAK_OR_NONSPECIFIC,SCREENED_NOT_SELECTED
PC1,HEXACO:H:A:G,Gentleness,HEXACO,Agreeableness,facet,"Mild, lenient judgment and reluctance to respond harshly or critically.",administered_in_release,q_6;q_239;q_331;q_538;q_898;q_1041;q_1051;q_1571;q_1725;q_1787,10,0.79799315,FULL_126_CONSTRUCT_LIBRARY,False,not proposed,No material coverage after full-library screen.,No material opposite-pole coherence after full-library screen.,none identified,none identified,Not a serious candidate for this axis.,Not used for interpretation selection.,Not applicable.,The documented Gentleness definition does not capture the central bipolar evidence for PC1.,No item audit signal sufficient to elevate this construct.,Outside the principal candidate set.,The central axis content remains unmeasured.,WEAK_OR_NONSPECIFIC,SCREENED_NOT_SELECTED
PC1,HEXACO:H:A:P,Patience,HEXACO,Agreeableness,facet,Remaining calm rather than becoming angry in response to frustration or provocation.,administered_in_release,q_101;q_278;q_926;q_952;q_974;q_995;q_1357;q_1577;q_1585;q_1683,10,0.91963907,FULL_126_CONSTRUCT_LIBRARY,False,not proposed,No material coverage after full-library screen.,No material opposite-pole coherence after full-library screen.,none identified,none identified,Not a serious candidate for this axis.,Not used for interpretation selection.,Not applicable.,The documented Patience definition does not capture the central bipolar evidence for PC1.,No item audit signal sufficient to elevate this construct.,Outside the principal candidate set.,The central axis content remains unmeasured.,WEAK_OR_NONSPECIFIC,SCREENED_NOT_SELECTED
PC1,HEXACO_C,Conscientiousness,HEXACO,Conscientiousness,domain,"Organization, diligence, perfectionism, and prudent behavioral control.",administered_in_release,q_22;q_124;q_169;q_321;q_520;q_530;q_554;q_559;q_571;q_602;q_619;q_636;q_637;q_665;q_673;q_962;q_985;q_1024;q_1063;q_1173;q_1201;q_1254;q_1255;q_1290;q_1333;q_1395;q_1401;q_1422;q_1424;q_1483;q_1507;q_1511;q_1537;q_1550;q_1563;q_1754;q_1915;q_1916;q_1917;q_1979,40,0.93157425,FULL_126_CONSTRUCT_LIBRARY,False,not proposed,No material coverage after full-library screen.,No material opposite-pole coherence after full-library screen.,none identified,none identified,Not a serious candidate for this axis.,Not used for interpretation selection.,Not applicable.,The documented Conscientiousness definition does not capture the central bipolar evidence for PC1.,No item audit signal sufficient to elevate this construct.,Outside the principal candidate set.,The central axis content remains unmeasured.,WEAK_OR_NONSPECIFIC,SCREENED_NOT_SELECTED
PC1,HEXACO:H:C:D,Diligence,HEXACO,Conscientiousness,facet,"Hard work, self-discipline, and sustained effort toward goals.",administered_in_release,q_124;q_520;q_602;q_637;q_985;q_1024;q_1550;q_1563;q_1754;q_1979,10,0.86845229,FULL_126_CONSTRUCT_LIBRARY,False,not proposed,No material coverage after full-library screen.,No material opposite-pole coherence after full-library screen.,none identified,none identified,Not a serious candidate for this axis.,Not used for interpretation selection.,Not applicable.,The documented Diligence definition does not capture the central bipolar evidence for PC1.,No item audit signal sufficient to elevate this construct.,Outside the principal candidate set.,The central axis content remains unmeasured.,WEAK_OR_NONSPECIFIC,SCREENED_NOT_SELECTED
PC1,HEXACO:H:C:O,Organization,HEXACO,Conscientiousness,facet,"Preference for order, planning, and structured environments.",administered_in_release,q_169;q_665;q_962;q_1201;q_1254;q_1255;q_1290;q_1333;q_1483;q_1917,10,0.86350557,FULL_126_CONSTRUCT_LIBRARY,False,not proposed,No material coverage after full-library screen.,No material opposite-pole coherence after full-library screen.,none identified,none identified,Not a serious candidate for this axis.,Not used for interpretation selection.,Not applicable.,The documented Organization definition does not capture the central bipolar evidence for PC1.,No item audit signal sufficient to elevate this construct.,Outside the principal candidate set.,The central axis content remains unmeasured.,WEAK_OR_NONSPECIFIC,SCREENED_NOT_SELECTED
PC1,HEXACO:H:C:PE,Perfectionism,HEXACO,Conscientiousness,facet,"Thoroughness, accuracy checking, and concern about errors and details.",administered_in_release,q_530;q_554;q_559;q_571;q_1063;q_1507;q_1511;q_1537;q_1915;q_1916,10,0.81420866,FULL_126_CONSTRUCT_LIBRARY,True,higher -> positive PC1,"Covers accuracy checking, detail, and avoiding errors.",Lower Perfectionism partly fits improvisation and looseness.,Indirectly covers methodical/cautious; not empirical transparency.,"Covers methodical/cautious and accuracy context, not the symbolic pole.","Fits auditor, proofreader, validator, and checker roles.","Supports correct-execution content, but previous specificity work showed `perfectionist` itself cross-loads.","Accountability exceeded arithmetic/checking, so perfectionism cannot be the primary mechanism.",Good narrow fit for error control.,"Items directly address mistakes, details, checking, and accuracy.",Perfectionism also loads on negative PC2/formal abstraction and can be internally rather than externally motivated.,"External accountability, disciplined knowledge, and symbolic expression remain.",PARTIAL_COMPONENT,RETAIN as accuracy/correctness facet.
PC1,HEXACO:H:C:PR,Prudence,HEXACO,Conscientiousness,facet,"Deliberation, impulse control, and consideration of consequences before acting.",administered_in_release,q_22;q_321;q_619;q_636;q_673;q_1173;q_1395;q_1401;q_1422;q_1424,10,0.83573941,FULL_126_CONSTRUCT_LIBRARY,False,not proposed,No material coverage after full-library screen.,No material opposite-pole coherence after full-library screen.,none identified,none identified,Not a serious candidate for this axis.,Not used for interpretation selection.,Not applicable.,The documented Prudence definition does not capture the central bipolar evidence for PC1.,No item audit signal sufficient to elevate this construct.,Outside the principal candidate set.,The central axis content remains unmeasured.,WEAK_OR_NONSPECIFIC,SCREENED_NOT_SELECTED
PC1,HEXACO_E,Emotionality,HEXACO,Emotionality,domain,"Fearfulness, anxiety, dependence, sentimentality, and emotional attachment.",administered_in_release,q_53;q_98;q_179;q_251;q_253;q_292;q_334;q_463;q_539;q_721;q_727;q_804;q_844;q_986;q_994;q_1159;q_1260;q_1306;q_1367;q_1446;q_1447;q_1448;q_1490;q_1495;q_1505;q_1573;q_1578;q_1596;q_1616;q_1668;q_1679;q_1681;q_1706;q_1759;q_1853;q_1924;q_1989;q_1993;q_2001;q_2018,40,0.9016124,FULL_126_CONSTRUCT_LIBRARY,False,not proposed,No material coverage after full-library screen.,No material opposite-pole coherence after full-library screen.,none identified,none identified,Not a serious candidate for this axis.,Not used for interpretation selection.,Not applicable.,The documented Emotionality definition does not capture the central bipolar evidence for PC1.,No item audit signal sufficient to elevate this construct.,Outside the principal candidate set.,The central axis content remains unmeasured.,WEAK_OR_NONSPECIFIC,SCREENED_NOT_SELECTED
PC1,HEXACO:H:E:A,Anxiety,HEXACO,Emotionality,facet,Tendency to worry and feel apprehensive under stress or uncertainty.,administered_in_release,q_179;q_727;q_986;q_994;q_1495;q_1505;q_1578;q_1596;q_1616;q_1989,10,0.87625117,FULL_126_CONSTRUCT_LIBRARY,False,not proposed,No material coverage after full-library screen.,No material opposite-pole coherence after full-library screen.,none identified,none identified,Not a serious candidate for this axis.,Not used for interpretation selection.,Not applicable.,The documented Anxiety definition does not capture the central bipolar evidence for PC1.,No item audit signal sufficient to elevate this construct.,Outside the principal candidate set.,The central axis content remains unmeasured.,WEAK_OR_NONSPECIFIC,SCREENED_NOT_SELECTED
PC1,HEXACO:H:E:D,Dependence,HEXACO,Emotionality,facet,Need for emotional support and reassurance from others during difficulty.,administered_in_release,q_463;q_1260;q_1446;q_1447;q_1448;q_1490;q_1668;q_1706;q_1759;q_1924,10,0.78745896,FULL_126_CONSTRUCT_LIBRARY,False,not proposed,No material coverage after full-library screen.,No material opposite-pole coherence after full-library screen.,none identified,none identified,Not a serious candidate for this axis.,Not used for interpretation selection.,Not applicable.,The documented Dependence definition does not capture the central bipolar evidence for PC1.,No item audit signal sufficient to elevate this construct.,Outside the principal candidate set.,The central axis content remains unmeasured.,WEAK_OR_NONSPECIFIC,SCREENED_NOT_SELECTED
PC1,HEXACO:H:E:F,Fearfulness,HEXACO,Emotionality,facet,"Sensitivity to physical danger, injury, pain, and threat.",administered_in_release,q_53;q_292;q_334;q_804;q_1306;q_1367;q_1853;q_1993;q_2001;q_2018,10,0.84521437,FULL_126_CONSTRUCT_LIBRARY,False,not proposed,No material coverage after full-library screen.,No material opposite-pole coherence after full-library screen.,none identified,none identified,Not a serious candidate for this axis.,Not used for interpretation selection.,Not applicable.,The documented Fearfulness definition does not capture the central bipolar evidence for PC1.,No item audit signal sufficient to elevate this construct.,Outside the principal candidate set.,The central axis content remains unmeasured.,WEAK_OR_NONSPECIFIC,SCREENED_NOT_SELECTED
PC1,HEXACO:H:E:S,Sentimentality,HEXACO,Emotionality,facet,"Strong emotional bonds, empathy, and attachment to others.",administered_in_release,q_98;q_251;q_253;q_539;q_721;q_844;q_1159;q_1573;q_1679;q_1681,10,0.69678868,FULL_126_CONSTRUCT_LIBRARY,False,not proposed,No material coverage after full-library screen.,No material opposite-pole coherence after full-library screen.,none identified,none identified,Not a serious candidate for this axis.,Not used for interpretation selection.,Not applicable.,The documented Sentimentality definition does not capture the central bipolar evidence for PC1.,No item audit signal sufficient to elevate this construct.,Outside the principal candidate set.,The central axis content remains unmeasured.,WEAK_OR_NONSPECIFIC,SCREENED_NOT_SELECTED
PC1,HEXACO_X,Extraversion,HEXACO,Extraversion,domain,"Social self-esteem, boldness, sociability, liveliness, and expressive engagement.",administered_in_release,q_131;q_140;q_158;q_262;q_279;q_403;q_690;q_698;q_712;q_744;q_819;q_832;q_861;q_901;q_1027;q_1043;q_1055;q_1064;q_1104;q_1110;q_1114;q_1180;q_1196;q_1243;q_1379;q_1393;q_1410;q_1479;q_1575;q_1643;q_1671;q_1709;q_1730;q_1795;q_1803;q_1810;q_1848;q_1904;q_1992;q_2024,40,0.94870397,FULL_126_CONSTRUCT_LIBRARY,False,not proposed,No material coverage after full-library screen.,No material opposite-pole coherence after full-library screen.,none identified,none identified,Not a serious candidate for this axis.,Not used for interpretation selection.,Not applicable.,The documented Extraversion definition does not capture the central bipolar evidence for PC1.,No item audit signal sufficient to elevate this construct.,Outside the principal candidate set.,The central axis content remains unmeasured.,WEAK_OR_NONSPECIFIC,SCREENED_NOT_SELECTED
PC1,HEXACO:H:X:E,Expressiveness,HEXACO,Extraversion,facet,Ease and animation in emotional and interpersonal expression.,administered_in_release,q_158;q_262;q_403;q_690;q_712;q_1064;q_1643;q_1730;q_1795;q_1810,10,0.82904005,FULL_126_CONSTRUCT_LIBRARY,True,higher -> negative PC1,Low Expressiveness may fit reserved/detached positive context.,"Covers charismatic, theatrical, effusive, animated, and emotional expression.",Covers charismatic and some dramatic/performative content.,Covers a narrower strict-negative performance subset.,"Fits actor, bard, comedian, presenter, and performer roles.",Consistent with prior partial mapping.,No focused activation.,Good expressive facet fit.,Items emphasize emotional expression and public comfort.,Does not cover poetic symbolism or factual procedure.,Large residual on both poles.,PARTIAL_COMPONENT,RETAIN.
PC1,HEXACO:H:X:L,Liveliness,HEXACO,Extraversion,facet,"Optimism, energy, enthusiasm, and positive mood.",administered_in_release,q_279;q_832;q_861;q_1043;q_1104;q_1243;q_1393;q_1479;q_1709;q_1848,10,0.87114748,FULL_126_CONSTRUCT_LIBRARY,False,not proposed,No material coverage after full-library screen.,No material opposite-pole coherence after full-library screen.,none identified,none identified,Not a serious candidate for this axis.,Not used for interpretation selection.,Not applicable.,The documented Liveliness definition does not capture the central bipolar evidence for PC1.,No item audit signal sufficient to elevate this construct.,Outside the principal candidate set.,The central axis content remains unmeasured.,WEAK_OR_NONSPECIFIC,SCREENED_NOT_SELECTED
PC1,HEXACO:H:X:S,Sociability,HEXACO,Extraversion,facet,"Enjoyment of conversation, interaction, and social gatherings.",administered_in_release,q_140;q_744;q_1196;q_1379;q_1410;q_1575;q_1671;q_1803;q_1904;q_2024,10,0.90371782,FULL_126_CONSTRUCT_LIBRARY,False,not proposed,No material coverage after full-library screen.,No material opposite-pole coherence after full-library screen.,none identified,none identified,Not a serious candidate for this axis.,Not used for interpretation selection.,Not applicable.,The documented Sociability definition does not capture the central bipolar evidence for PC1.,No item audit signal sufficient to elevate this construct.,Outside the principal candidate set.,The central axis content remains unmeasured.,WEAK_OR_NONSPECIFIC,SCREENED_NOT_SELECTED
PC1,HEXACO:H:X:SB,Social Boldness,HEXACO,Extraversion,facet,Confidence and comfort in social leadership and unfamiliar situations.,administered_in_release,q_131;q_698;q_819;q_901;q_1027;q_1055;q_1110;q_1114;q_1180;q_1992,10,0.87302619,FULL_126_CONSTRUCT_LIBRARY,False,not proposed,No material coverage after full-library screen.,No material opposite-pole coherence after full-library screen.,none identified,none identified,Not a serious candidate for this axis.,Not used for interpretation selection.,Not applicable.,The documented Social Boldness definition does not capture the central bipolar evidence for PC1.,No item audit signal sufficient to elevate this construct.,Outside the principal candidate set.,The central axis content remains unmeasured.,WEAK_OR_NONSPECIFIC,SCREENED_NOT_SELECTED
PC1,HEXACO_H,Honesty-Humility,HEXACO,Honesty-Humility,domain,"Sincerity, fairness, modesty, and low greed or exploitation.",administered_in_release,q_23;q_40;q_152;q_154;q_156;q_157;q_225;q_364;q_401;q_500;q_501;q_525;q_704;q_711;q_716;q_917;q_1054;q_1276;q_1296;q_1372;q_1517;q_1536;q_1543;q_1555;q_1633;q_1653;q_1667;q_1747;q_1762;q_1808;q_1867;q_1871;q_1894;q_1969;q_2003;q_2008;q_2016;q_2021;q_2025;q_2029,40,0.89430764,FULL_126_CONSTRUCT_LIBRARY,False,not proposed,No material coverage after full-library screen.,No material opposite-pole coherence after full-library screen.,none identified,none identified,Not a serious candidate for this axis.,Not used for interpretation selection.,Not applicable.,The documented Honesty-Humility definition does not capture the central bipolar evidence for PC1.,No item audit signal sufficient to elevate this construct.,Outside the principal candidate set.,The central axis content remains unmeasured.,WEAK_OR_NONSPECIFIC,SCREENED_NOT_SELECTED
PC1,HEXACO:H:H:F,Fairness,HEXACO,Honesty-Humility,facet,"Avoidance of fraud, cheating, and corruption even when exploitation is possible.",administered_in_release,q_40;q_500;q_501;q_1633;q_1747;q_1867;q_2003;q_2016;q_2021;q_2029,10,0.80851421,FULL_126_CONSTRUCT_LIBRARY,False,not proposed,No material coverage after full-library screen.,No material opposite-pole coherence after full-library screen.,none identified,none identified,Not a serious candidate for this axis.,Not used for interpretation selection.,Not applicable.,The documented Fairness definition does not capture the central bipolar evidence for PC1.,No item audit signal sufficient to elevate this construct.,Outside the principal candidate set.,The central axis content remains unmeasured.,WEAK_OR_NONSPECIFIC,SCREENED_NOT_SELECTED
PC1,HEXACO:H:H:GA,Greed Avoidance,HEXACO,Honesty-Humility,facet,"Low attraction to wealth, luxury, status displays, and special privilege.",administered_in_release,q_156;q_225;q_711;q_1054;q_1372;q_1536;q_1667;q_1871;q_1969;q_2025,10,0.76290523,FULL_126_CONSTRUCT_LIBRARY,False,not proposed,No material coverage after full-library screen.,No material opposite-pole coherence after full-library screen.,none identified,none identified,Not a serious candidate for this axis.,Not used for interpretation selection.,Not applicable.,The documented Greed Avoidance definition does not capture the central bipolar evidence for PC1.,No item audit signal sufficient to elevate this construct.,Outside the principal candidate set.,The central axis content remains unmeasured.,WEAK_OR_NONSPECIFIC,SCREENED_NOT_SELECTED
PC1,HEXACO:H:H:M,Modesty,HEXACO,Honesty-Humility,facet,Low entitlement and reluctance to view oneself as superior.,administered_in_release,q_152;q_154;q_157;q_364;q_401;q_525;q_716;q_1296;q_1653;q_2008,10,0.8195838,FULL_126_CONSTRUCT_LIBRARY,False,not proposed,No material coverage after full-library screen.,No material opposite-pole coherence after full-library screen.,none identified,none identified,Not a serious candidate for this axis.,Not used for interpretation selection.,Not applicable.,The documented Modesty definition does not capture the central bipolar evidence for PC1.,No item audit signal sufficient to elevate this construct.,Outside the principal candidate set.,The central axis content remains unmeasured.,WEAK_OR_NONSPECIFIC,SCREENED_NOT_SELECTED
PC1,HEXACO:H:H:S,Sincerity,HEXACO,Honesty-Humility,facet,"Low willingness to manipulate others through flattery, deception, or strategic charm.",administered_in_release,q_23;q_704;q_917;q_1276;q_1517;q_1543;q_1555;q_1762;q_1808;q_1894,10,0.65117101,FULL_126_CONSTRUCT_LIBRARY,True,higher -> positive PC1,"Covers nondeceptive, unmanipulative presentation and a narrow aspect of transparency.",Lower Sincerity fits manipulative/sycophantic content on negative PC1 but not its artistic core.,"Transparent is highly concentrated, but human Sincerity is interpersonal nonmanipulation rather than epistemic transparency.",Covers transparent only by partial semantic overlap.,Some professional-legibility roles fit; negative expressive roles need not be insincere.,"Prior mapping correctly treated this as a facet, not a family-level match.",Accountability evidence does not isolate honesty.,Partial definition fit.,"Items focus flattery, manipulation, strategic charm, and deception.",The construct misses factual accuracy and wrongly moralizes expressive-symbolic style if treated as bipolar axis.,Empirical rigor and most negative-pole content remain.,PARTIAL_COMPONENT,RETAIN but narrow the rationale.
PC1,HEXACO_O,Openness to Experience,HEXACO,Openness to Experience,domain,"Aesthetic appreciation, inquisitiveness, creativity, and unconventionality.",administered_in_release,q_94;q_128;q_151;q_316;q_348;q_492;q_516;q_608;q_609;q_610;q_611;q_612;q_634;q_651;q_670;q_747;q_757;q_761;q_923;q_964;q_1050;q_1058;q_1083;q_1090;q_1132;q_1146;q_1232;q_1300;q_1301;q_1388;q_1392;q_1609;q_1648;q_1676;q_1687;q_1761;q_1861;q_1964;q_2005;q_2011,40,0.90228218,FULL_126_CONSTRUCT_LIBRARY,False,not proposed,No material coverage after full-library screen.,No material opposite-pole coherence after full-library screen.,none identified,none identified,Not a serious candidate for this axis.,Not used for interpretation selection.,Not applicable.,The documented Openness to Experience definition does not capture the central bipolar evidence for PC1.,No item audit signal sufficient to elevate this construct.,Outside the principal candidate set.,The central axis content remains unmeasured.,WEAK_OR_NONSPECIFIC,SCREENED_NOT_SELECTED
PC1,HEXACO:H:O:A,Aesthetic Appreciation,HEXACO,Openness to Experience,facet,Enjoyment of beauty in art and nature and sensitivity to aesthetic qualities.,administered_in_release,q_348;q_608;q_610;q_611;q_612;q_757;q_964;q_1132;q_1648;q_1687,10,0.79075192,FULL_126_CONSTRUCT_LIBRARY,False,not proposed,No material coverage after full-library screen.,No material opposite-pole coherence after full-library screen.,none identified,none identified,Not a serious candidate for this axis.,Not used for interpretation selection.,Not applicable.,The documented Aesthetic Appreciation definition does not capture the central bipolar evidence for PC1.,No item audit signal sufficient to elevate this construct.,Outside the principal candidate set.,The central axis content remains unmeasured.,WEAK_OR_NONSPECIFIC,SCREENED_NOT_SELECTED
PC1,HEXACO:H:O:C,Creativity,HEXACO,Openness to Experience,facet,"Preference for innovation, imagination, and producing original ideas or artifacts.",administered_in_release,q_128;q_492;q_516;q_609;q_1058;q_1083;q_1090;q_1146;q_1392;q_1676,10,0.83687233,FULL_126_CONSTRUCT_LIBRARY,False,not proposed,No material coverage after full-library screen.,No material opposite-pole coherence after full-library screen.,none identified,none identified,Not a serious candidate for this axis.,Not used for interpretation selection.,Not applicable.,The documented Creativity definition does not capture the central bipolar evidence for PC1.,No item audit signal sufficient to elevate this construct.,Outside the principal candidate set.,The central axis content remains unmeasured.,WEAK_OR_NONSPECIFIC,SCREENED_NOT_SELECTED
PC1,HEXACO:H:O:I,Inquisitiveness,HEXACO,Openness to Experience,facet,"Curiosity about knowledge, ideas, and the natural and social world.",administered_in_release,q_151;q_316;q_651;q_670;q_761;q_923;q_1050;q_1388;q_1964;q_2011,10,0.77871828,FULL_126_CONSTRUCT_LIBRARY,False,not proposed,No material coverage after full-library screen.,No material opposite-pole coherence after full-library screen.,none identified,none identified,Not a serious candidate for this axis.,Not used for interpretation selection.,Not applicable.,The documented Inquisitiveness definition does not capture the central bipolar evidence for PC1.,No item audit signal sufficient to elevate this construct.,Outside the principal candidate set.,The central axis content remains unmeasured.,WEAK_OR_NONSPECIFIC,SCREENED_NOT_SELECTED
PC1,HEXACO:H:O:U,Unconventionality,HEXACO,Openness to Experience,facet,Receptivity to unusual ideas and resistance to conventionality for its own sake.,administered_in_release,q_94;q_634;q_747;q_1232;q_1300;q_1301;q_1609;q_1761;q_1861;q_2005,10,0.80988502,FULL_126_CONSTRUCT_LIBRARY,False,not proposed,No material coverage after full-library screen.,No material opposite-pole coherence after full-library screen.,none identified,none identified,Not a serious candidate for this axis.,Not used for interpretation selection.,Not applicable.,The documented Unconventionality definition does not capture the central bipolar evidence for PC1.,No item audit signal sufficient to elevate this construct.,Outside the principal candidate set.,The central axis content remains unmeasured.,WEAK_OR_NONSPECIFIC,SCREENED_NOT_SELECTED
PC1,NEO_A,Agreeableness,IPIP-NEO,Agreeableness,domain,"Trusting, straightforward, altruistic, cooperative, modest, and sympathetic orientation.",administered_in_release,q_90;q_121;q_146;q_195;q_286;q_298;q_339;q_343;q_364;q_377;q_379;q_381;q_383;q_401;q_479;q_487;q_501;q_525;q_531;q_565;q_586;q_594;q_851;q_957;q_1031;q_1041;q_1042;q_1051;q_1150;q_1163;q_1214;q_1235;q_1354;q_1359;q_1385;q_1416;q_1420;q_1421;q_1467;q_1543;q_1556;q_1691;q_1752;q_1757;q_1758;q_1764;q_1765;q_1774;q_1818;q_1830;q_1835;q_1854;q_1855;q_1858;q_1881;q_1894;q_1896;q_1910;q_2016;q_2036,60,0.92428665,FULL_126_CONSTRUCT_LIBRARY,False,not proposed,No material coverage after full-library screen.,No material opposite-pole coherence after full-library screen.,none identified,none identified,Not a serious candidate for this axis.,Not used for interpretation selection.,Not applicable.,The documented Agreeableness definition does not capture the central bipolar evidence for PC1.,No item audit signal sufficient to elevate this construct.,Outside the principal candidate set.,The central axis content remains unmeasured.,WEAK_OR_NONSPECIFIC,SCREENED_NOT_SELECTED
PC1,IPIPneo:A3:AL,Altruism,IPIP-NEO,Agreeableness,facet,Active concern for others and willingness to provide help.,administered_in_release,q_90;q_146;q_298;q_1041;q_1354;q_1385;q_1420;q_1421;q_1774;q_1881,10,0.85795146,FULL_126_CONSTRUCT_LIBRARY,False,not proposed,No material coverage after full-library screen.,No material opposite-pole coherence after full-library screen.,none identified,none identified,Not a serious candidate for this axis.,Not used for interpretation selection.,Not applicable.,The documented Altruism definition does not capture the central bipolar evidence for PC1.,No item audit signal sufficient to elevate this construct.,Outside the principal candidate set.,The central axis content remains unmeasured.,WEAK_OR_NONSPECIFIC,SCREENED_NOT_SELECTED
PC1,IPIPneo:A4:CO,Cooperation,IPIP-NEO,Agreeableness,facet,Preference for compromise and de-escalation rather than confrontation.,administered_in_release,q_121;q_479;q_531;q_957;q_1031;q_1051;q_1150;q_1163;q_1359;q_2036,10,0.75695308,FULL_126_CONSTRUCT_LIBRARY,False,not proposed,No material coverage after full-library screen.,No material opposite-pole coherence after full-library screen.,none identified,none identified,Not a serious candidate for this axis.,Not used for interpretation selection.,Not applicable.,The documented Cooperation definition does not capture the central bipolar evidence for PC1.,No item audit signal sufficient to elevate this construct.,Outside the principal candidate set.,The central axis content remains unmeasured.,WEAK_OR_NONSPECIFIC,SCREENED_NOT_SELECTED
PC1,IPIPneo:A5:MO,Modesty,IPIP-NEO,Agreeableness,facet,Low self-importance and reluctance to claim superiority.,administered_in_release,q_364;q_401;q_525;q_565;q_586;q_1042;q_1235;q_1416;q_1691;q_1830,10,0.77851529,FULL_126_CONSTRUCT_LIBRARY,False,not proposed,No material coverage after full-library screen.,No material opposite-pole coherence after full-library screen.,none identified,none identified,Not a serious candidate for this axis.,Not used for interpretation selection.,Not applicable.,The documented Modesty definition does not capture the central bipolar evidence for PC1.,No item audit signal sufficient to elevate this construct.,Outside the principal candidate set.,The central axis content remains unmeasured.,WEAK_OR_NONSPECIFIC,SCREENED_NOT_SELECTED
PC1,IPIPneo:A2:MO,Morality,IPIP-NEO,Agreeableness,facet,"Straightforward, sincere conduct rather than manipulation or deception.",administered_in_release,q_501;q_1214;q_1467;q_1543;q_1556;q_1752;q_1765;q_1894;q_1896;q_2016,10,0.74467961,FULL_126_CONSTRUCT_LIBRARY,False,not proposed,No material coverage after full-library screen.,No material opposite-pole coherence after full-library screen.,none identified,none identified,Not a serious candidate for this axis.,Not used for interpretation selection.,Not applicable.,The documented Morality definition does not capture the central bipolar evidence for PC1.,No item audit signal sufficient to elevate this construct.,Outside the principal candidate set.,The central axis content remains unmeasured.,WEAK_OR_NONSPECIFIC,SCREENED_NOT_SELECTED
PC1,IPIPneo:A6:SY,Sympathy,IPIP-NEO,Agreeableness,facet,Tender-minded concern and compassion for suffering.,administered_in_release,q_195;q_339;q_383;q_487;q_851;q_1757;q_1764;q_1818;q_1858;q_1910,10,0.80639024,FULL_126_CONSTRUCT_LIBRARY,False,not proposed,No material coverage after full-library screen.,No material opposite-pole coherence after full-library screen.,none identified,none identified,Not a serious candidate for this axis.,Not used for interpretation selection.,Not applicable.,The documented Sympathy definition does not capture the central bipolar evidence for PC1.,No item audit signal sufficient to elevate this construct.,Outside the principal candidate set.,The central axis content remains unmeasured.,WEAK_OR_NONSPECIFIC,SCREENED_NOT_SELECTED
PC1,IPIPneo:A1:TR,Trust,IPIP-NEO,Agreeableness,facet,Belief that others are generally honest and well-intentioned.,administered_in_release,q_286;q_343;q_377;q_379;q_381;q_594;q_1758;q_1835;q_1854;q_1855,10,0.87912704,FULL_126_CONSTRUCT_LIBRARY,False,not proposed,No material coverage after full-library screen.,No material opposite-pole coherence after full-library screen.,none identified,none identified,Not a serious candidate for this axis.,Not used for interpretation selection.,Not applicable.,The documented Trust definition does not capture the central bipolar evidence for PC1.,No item audit signal sufficient to elevate this construct.,Outside the principal candidate set.,The central axis content remains unmeasured.,WEAK_OR_NONSPECIFIC,SCREENED_NOT_SELECTED
PC1,NEO_C,Conscientiousness,IPIP-NEO,Conscientiousness,domain,"Competence, order, dutifulness, achievement striving, self-discipline, and deliberation.",administered_in_release,q_35;q_76;q_169;q_170;q_191;q_258;q_321;q_404;q_405;q_491;q_507;q_515;q_520;q_554;q_598;q_602;q_604;q_618;q_619;q_708;q_722;q_786;q_904;q_962;q_977;q_992;q_1012;q_1023;q_1087;q_1113;q_1173;q_1190;q_1215;q_1254;q_1255;q_1290;q_1292;q_1333;q_1341;q_1374;q_1424;q_1435;q_1436;q_1444;q_1483;q_1488;q_1508;q_1519;q_1521;q_1553;q_1638;q_1694;q_1744;q_1748;q_1812;q_1867;q_1883;q_1917;q_1949;q_1979,60,0.94964793,FULL_126_CONSTRUCT_LIBRARY,True,higher -> positive PC1,"Covers disciplined, careful, planful execution in the broad positive context.","Lower scores partly fit spontaneity, impulsivity, and disorganization on negative PC1.","Indirect coverage of methodical and cautious; does not cover factual, transparent, analytical, quantitative, or secular.",Covers cautious and some methodical/procedural content; the negative strict pole is mostly symbolic-expression content outside Conscientiousness.,"Fits auditor/examiner/evaluator/validator roles and the professional hierarchy, but not the full negative expressive continuum.","Consistent with the accountability/procedural evidence as one component, not the complete axis.",Accountability effects support standards-governed execution; they do not establish broad Conscientiousness.,Broad goal regulation is relevant but less specific than external standards plus disciplined knowledge practice.,"Items cover competence, order, duty, achievement, discipline, and deliberation; none measure empirical transparency as a unit.","High Conscientiousness can coexist with poetic, imaginative, or symbolic cognition; low Conscientiousness does not imply those styles.","Factuality, transparent communication, quantitative epistemics, and expressive-symbolic imagination remain outside the construct.",PARTIAL_COMPONENT,DOWNGRADE_AND_DECOMPOSE broad Conscientiousness; retain facets.
PC1,IPIPneo:C4:AS,Achievement Striving,IPIP-NEO,Conscientiousness,facet,High aspirations and sustained work toward excellence.,administered_in_release,q_191;q_554;q_602;q_604;q_1012;q_1519;q_1553;q_1694;q_1883;q_1979,10,0.84612219,FULL_126_CONSTRUCT_LIBRARY,True,higher -> positive PC1,Covers excellence and standards for performance.,Lower scores do not imply symbolic imagination.,No direct concentrated-marker coverage.,No strict marker is achievement striving.,"Some professional roles fit, but the full continuum does not.","External criteria matter, but ambition did not emerge as the best model-side explanation.",Focused activation did not test achievement.,Narrow and nonspecific.,"Items concern ambition, excellence, and goals, with one high-standards item.",Internal ambition differs from accountability to externally legible criteria.,Empirical and expressive poles remain.,WEAK_OR_NONSPECIFIC,RETAIN only as peripheral standards facet.
PC1,IPIPneo:C6:CA,Cautiousness,IPIP-NEO,Conscientiousness,facet,Deliberation and consideration of consequences before action.,administered_in_release,q_35;q_321;q_507;q_598;q_1173;q_1292;q_1424;q_1488;q_1638;q_1748,10,0.83978208,FULL_126_CONSTRUCT_LIBRARY,True,higher -> positive PC1,Covers deliberation and caution.,Lower scores fit impulsive/spontaneous portions of negative PC1.,"Directly covers cautious, a highly concentrated positive marker.",Covers cautious and some methodical content.,Fits risk-managed professional roles but not necessarily epistemic transparency.,Compatible with the positive pole but not central to prior accountability results.,No focused evidence isolates deliberation as the driver.,Good narrow fit.,Items emphasize avoiding mistakes and considering consequences.,Caution can inhibit transparent or decisive factual communication; expressive imagination is not simply incaution.,Most analytic and symbolic content remains.,PARTIAL_COMPONENT,RETAIN as narrow marker-level analogue.
PC1,IPIPneo:C3:DU,Dutifulness,IPIP-NEO,Conscientiousness,facet,"Commitment to obligations, rules, and ethical duties.",administered_in_release,q_404;q_405;q_618;q_977;q_1190;q_1341;q_1436;q_1508;q_1812;q_1867,10,0.81417081,FULL_126_CONSTRUCT_LIBRARY,True,higher -> positive PC1,"Directly covers obligations, rules, ethical duties, and accountable execution.",Lower Dutifulness partly coheres with libertarian/subversive/improvisational context.,Does not directly cover the core empirical markers but addresses the hypothesized standards mechanism.,Rule/duty content complements methodical/cautious; does not cover the expressive-symbolic pole.,"Strong fit to auditor, examiner, judge, validator, soldier, and other standards-bearing roles.","Among human constructs, this most directly represents the external-obligation part of the PC1 hypothesis.","Compatible with accountability/scrutiny activation, though the intervention tested prompt wording rather than human Dutifulness.",Strong definition fit for one proposed mechanism.,"Items explicitly cover breaking/following rules, duties, promises, taxes, and obligations.",Ethical duty is narrower than empirical rigor; negative PC1 need not be undutiful.,"Knowledge practice, factuality, transparency, and expressive imagination remain.",PLAUSIBLE_BIPOLAR_MATCH,ADD as leading positive-pole facet; do not elevate to whole-axis identity.
PC1,IPIPneo:C2:OR,Orderliness,IPIP-NEO,Conscientiousness,facet,"Preference for organization, schedules, and tidiness.",administered_in_release,q_169;q_170;q_619;q_1254;q_1255;q_1290;q_1333;q_1374;q_1483;q_1917,10,0.8516428,FULL_126_CONSTRUCT_LIBRARY,False,not proposed,No material coverage after full-library screen.,No material opposite-pole coherence after full-library screen.,none identified,none identified,Not a serious candidate for this axis.,Not used for interpretation selection.,Not applicable.,The documented Orderliness definition does not capture the central bipolar evidence for PC1.,No item audit signal sufficient to elevate this construct.,Outside the principal candidate set.,The central axis content remains unmeasured.,WEAK_OR_NONSPECIFIC,SCREENED_NOT_SELECTED
PC1,IPIPneo:C5:SD,Self-Discipline,IPIP-NEO,Conscientiousness,facet,Capacity to initiate and persist at difficult or tedious tasks.,administered_in_release,q_76;q_491;q_904;q_962;q_992;q_1087;q_1444;q_1521;q_1744;q_1949,10,0.90210344,FULL_126_CONSTRUCT_LIBRARY,True,higher -> positive PC1,Covers persistence and disciplined task initiation.,Lower scores fit some impulsive/disorganized background traits.,Little direct coverage of the 11 highly concentrated positive markers.,No strict marker is self-discipline by name.,Fits work-focused roles but not uniquely the standards-bearing pole.,Determination/persistence performed worse than accountability in the competing-theories audit.,Focused accountability prompts exceeded determination prompts.,Relevant but nonspecific.,Items center task completion and persistence.,Does not cover factuality or symbolic expressiveness and is explicitly weakened as a primary explanation.,Axis-specific epistemic style remains.,WEAK_OR_NONSPECIFIC,DOWNGRADE from any broad Conscientiousness inference.
PC1,IPIPneo:C1:SE,Self-Efficacy,IPIP-NEO,Conscientiousness,facet,Confidence in competence and ability to accomplish tasks.,administered_in_release,q_258;q_515;q_520;q_708;q_722;q_786;q_1023;q_1113;q_1215;q_1435,10,0.85967947,FULL_126_CONSTRUCT_LIBRARY,True,higher -> positive PC1,Covers perceived competence.,Low self-efficacy has little coherent relation to negative PC1 symbolism.,No direct concentrated-marker coverage.,No strict marker match.,"Expert roles may be high, but many negative-PC1 roles are also highly skilled.","Blind intelligence/expertise predicts PC1, but self-efficacy is not expertise.",No focused evidence.,Definition mismatch for the axis.,Items ask confidence and task competence.,Confuses confidence with disciplined knowledge practice.,Nearly all axis content remains.,POOR_MATCH,DO NOT PROMOTE.
PC1,NEO_E,Extraversion,IPIP-NEO,Extraversion,domain,"Warmth, sociability, assertiveness, activity, excitement seeking, and positive emotion.",administered_in_release,q_20;q_31;q_71;q_74;q_140;q_175;q_200;q_294;q_296;q_313;q_314;q_429;q_455;q_505;q_576;q_595;q_684;q_690;q_744;q_745;q_746;q_799;q_819;q_1043;q_1114;q_1151;q_1169;q_1180;q_1196;q_1244;q_1248;q_1280;q_1281;q_1329;q_1330;q_1350;q_1360;q_1368;q_1370;q_1371;q_1376;q_1410;q_1480;q_1531;q_1567;q_1599;q_1600;q_1662;q_1664;q_1666;q_1670;q_1685;q_1768;q_1769;q_1803;q_1872;q_1913;q_1923;q_1943;q_2017,60,0.94169464,FULL_126_CONSTRUCT_LIBRARY,False,not proposed,No material coverage after full-library screen.,No material opposite-pole coherence after full-library screen.,none identified,none identified,Not a serious candidate for this axis.,Not used for interpretation selection.,Not applicable.,The documented Extraversion definition does not capture the central bipolar evidence for PC1.,No item audit signal sufficient to elevate this construct.,Outside the principal candidate set.,The central axis content remains unmeasured.,WEAK_OR_NONSPECIFIC,SCREENED_NOT_SELECTED
PC1,IPIPneo:E4:AL,Activity Level,IPIP-NEO,Extraversion,facet,"Energetic, busy, fast-paced engagement.",administered_in_release,q_71;q_74;q_429;q_595;q_1280;q_1281;q_1329;q_1330;q_1599;q_1600,10,0.75240959,FULL_126_CONSTRUCT_LIBRARY,False,not proposed,No material coverage after full-library screen.,No material opposite-pole coherence after full-library screen.,none identified,none identified,Not a serious candidate for this axis.,Not used for interpretation selection.,Not applicable.,The documented Activity Level definition does not capture the central bipolar evidence for PC1.,No item audit signal sufficient to elevate this construct.,Outside the principal candidate set.,The central axis content remains unmeasured.,WEAK_OR_NONSPECIFIC,SCREENED_NOT_SELECTED
PC1,IPIPneo:E3:AS,Assertiveness,IPIP-NEO,Extraversion,facet,"Social dominance, leadership, and readiness to speak up.",administered_in_release,q_455;q_690;q_1114;q_1151;q_1180;q_1670;q_1768;q_1769;q_1872;q_1913,10,0.85270916,FULL_126_CONSTRUCT_LIBRARY,False,not proposed,No material coverage after full-library screen.,No material opposite-pole coherence after full-library screen.,none identified,none identified,Not a serious candidate for this axis.,Not used for interpretation selection.,Not applicable.,The documented Assertiveness definition does not capture the central bipolar evidence for PC1.,No item audit signal sufficient to elevate this construct.,Outside the principal candidate set.,The central axis content remains unmeasured.,WEAK_OR_NONSPECIFIC,SCREENED_NOT_SELECTED
PC1,IPIPneo:E6:CH,Cheerfulness,IPIP-NEO,Extraversion,facet,"Frequent positive emotion, enthusiasm, and optimism.",administered_in_release,q_175;q_296;q_799;q_1043;q_1244;q_1248;q_1350;q_1371;q_1567;q_1685,10,0.696545,FULL_126_CONSTRUCT_LIBRARY,False,not proposed,No material coverage after full-library screen.,No material opposite-pole coherence after full-library screen.,none identified,none identified,Not a serious candidate for this axis.,Not used for interpretation selection.,Not applicable.,The documented Cheerfulness definition does not capture the central bipolar evidence for PC1.,No item audit signal sufficient to elevate this construct.,Outside the principal candidate set.,The central axis content remains unmeasured.,WEAK_OR_NONSPECIFIC,SCREENED_NOT_SELECTED
PC1,IPIPneo:E5:ES,Excitement Seeking,IPIP-NEO,Extraversion,facet,"Preference for stimulation, novelty, and risk.",administered_in_release,q_31;q_294;q_576;q_745;q_746;q_1360;q_1368;q_1662;q_1664;q_2017,10,0.86152134,FULL_126_CONSTRUCT_LIBRARY,False,not proposed,No material coverage after full-library screen.,No material opposite-pole coherence after full-library screen.,none identified,none identified,Not a serious candidate for this axis.,Not used for interpretation selection.,Not applicable.,The documented Excitement Seeking definition does not capture the central bipolar evidence for PC1.,No item audit signal sufficient to elevate this construct.,Outside the principal candidate set.,The central axis content remains unmeasured.,WEAK_OR_NONSPECIFIC,SCREENED_NOT_SELECTED
PC1,IPIPneo:E1:FR,Friendliness,IPIP-NEO,Extraversion,facet,"Warm, affectionate, and socially receptive interpersonal style.",administered_in_release,q_20;q_140;q_200;q_313;q_505;q_819;q_1196;q_1410;q_1480;q_1943,10,0.90065123,FULL_126_CONSTRUCT_LIBRARY,False,not proposed,No material coverage after full-library screen.,No material opposite-pole coherence after full-library screen.,none identified,none identified,Not a serious candidate for this axis.,Not used for interpretation selection.,Not applicable.,The documented Friendliness definition does not capture the central bipolar evidence for PC1.,No item audit signal sufficient to elevate this construct.,Outside the principal candidate set.,The central axis content remains unmeasured.,WEAK_OR_NONSPECIFIC,SCREENED_NOT_SELECTED
PC1,IPIPneo:E2:GR,Gregariousness,IPIP-NEO,Extraversion,facet,"Preference for company, groups, and frequent social interaction.",administered_in_release,q_314;q_684;q_744;q_1169;q_1370;q_1376;q_1531;q_1666;q_1803;q_1923,10,0.89953207,FULL_126_CONSTRUCT_LIBRARY,False,not proposed,No material coverage after full-library screen.,No material opposite-pole coherence after full-library screen.,none identified,none identified,Not a serious candidate for this axis.,Not used for interpretation selection.,Not applicable.,The documented Gregariousness definition does not capture the central bipolar evidence for PC1.,No item audit signal sufficient to elevate this construct.,Outside the principal candidate set.,The central axis content remains unmeasured.,WEAK_OR_NONSPECIFIC,SCREENED_NOT_SELECTED
PC1,NEO_N,Neuroticism,IPIP-NEO,Neuroticism,domain,"Anxiety, anger, depression, self-consciousness, immoderation, and vulnerability.",administered_in_release,q_38;q_56;q_63;q_66;q_67;q_69;q_85;q_89;q_114;q_168;q_176;q_177;q_179;q_184;q_206;q_208;q_248;q_285;q_332;q_423;q_469;q_578;q_632;q_673;q_727;q_736;q_808;q_820;q_824;q_867;q_875;q_901;q_952;q_960;q_974;q_979;q_986;q_995;q_1009;q_1044;q_1099;q_1184;q_1209;q_1357;q_1384;q_1461;q_1462;q_1474;q_1479;q_1496;q_1505;q_1571;q_1585;q_1590;q_1606;q_1616;q_1677;q_1683;q_1755;q_1989,60,0.95167564,FULL_126_CONSTRUCT_LIBRARY,False,not proposed,No material coverage after full-library screen.,No material opposite-pole coherence after full-library screen.,none identified,none identified,Not a serious candidate for this axis.,Not used for interpretation selection.,Not applicable.,The documented Neuroticism definition does not capture the central bipolar evidence for PC1.,No item audit signal sufficient to elevate this construct.,Outside the principal candidate set.,The central axis content remains unmeasured.,WEAK_OR_NONSPECIFIC,SCREENED_NOT_SELECTED
PC1,IPIPneo:N2:ANG,Anger,IPIP-NEO,Neuroticism,facet,"Proneness to irritation, frustration, and anger.",administered_in_release,q_176;q_208;q_952;q_974;q_995;q_1184;q_1357;q_1571;q_1585;q_1683,10,0.82779292,FULL_126_CONSTRUCT_LIBRARY,False,not proposed,No material coverage after full-library screen.,No material opposite-pole coherence after full-library screen.,none identified,none identified,Not a serious candidate for this axis.,Not used for interpretation selection.,Not applicable.,The documented Anger definition does not capture the central bipolar evidence for PC1.,No item audit signal sufficient to elevate this construct.,Outside the principal candidate set.,The central axis content remains unmeasured.,WEAK_OR_NONSPECIFIC,SCREENED_NOT_SELECTED
PC1,IPIPneo:N1:ANX,Anxiety,IPIP-NEO,Neuroticism,facet,"Proneness to worry, tension, and apprehension.",administered_in_release,q_38;q_66;q_177;q_179;q_248;q_727;q_808;q_960;q_986;q_1989,10,0.86414309,FULL_126_CONSTRUCT_LIBRARY,False,not proposed,No material coverage after full-library screen.,No material opposite-pole coherence after full-library screen.,none identified,none identified,Not a serious candidate for this axis.,Not used for interpretation selection.,Not applicable.,The documented Anxiety definition does not capture the central bipolar evidence for PC1.,No item audit signal sufficient to elevate this construct.,Outside the principal candidate set.,The central axis content remains unmeasured.,WEAK_OR_NONSPECIFIC,SCREENED_NOT_SELECTED
PC1,IPIPneo:N3:DE,Depression,IPIP-NEO,Neuroticism,facet,"Proneness to sadness, hopelessness, and low mood.",administered_in_release,q_206;q_285;q_578;q_820;q_824;q_875;q_1044;q_1099;q_1479;q_1677,10,0.91051201,FULL_126_CONSTRUCT_LIBRARY,False,not proposed,No material coverage after full-library screen.,No material opposite-pole coherence after full-library screen.,none identified,none identified,Not a serious candidate for this axis.,Not used for interpretation selection.,Not applicable.,The documented Depression definition does not capture the central bipolar evidence for PC1.,No item audit signal sufficient to elevate this construct.,Outside the principal candidate set.,The central axis content remains unmeasured.,WEAK_OR_NONSPECIFIC,SCREENED_NOT_SELECTED
PC1,IPIPneo:N5:IM,Immoderation,IPIP-NEO,Neuroticism,facet,Difficulty resisting cravings and immediate urges.,administered_in_release,q_56;q_632;q_673;q_736;q_1009;q_1384;q_1461;q_1462;q_1474;q_1590,10,0.77888851,FULL_126_CONSTRUCT_LIBRARY,False,not proposed,No material coverage after full-library screen.,No material opposite-pole coherence after full-library screen.,none identified,none identified,Not a serious candidate for this axis.,Not used for interpretation selection.,Not applicable.,The documented Immoderation definition does not capture the central bipolar evidence for PC1.,No item audit signal sufficient to elevate this construct.,Outside the principal candidate set.,The central axis content remains unmeasured.,WEAK_OR_NONSPECIFIC,SCREENED_NOT_SELECTED
PC1,IPIPneo:N4:SC,Self-Consciousness,IPIP-NEO,Neuroticism,facet,"Sensitivity to embarrassment, criticism, and social judgment.",administered_in_release,q_63;q_67;q_69;q_89;q_114;q_168;q_184;q_901;q_1496;q_1755,10,0.85873745,FULL_126_CONSTRUCT_LIBRARY,False,not proposed,No material coverage after full-library screen.,No material opposite-pole coherence after full-library screen.,none identified,none identified,Not a serious candidate for this axis.,Not used for interpretation selection.,Not applicable.,The documented Self-Consciousness definition does not capture the central bipolar evidence for PC1.,No item audit signal sufficient to elevate this construct.,Outside the principal candidate set.,The central axis content remains unmeasured.,WEAK_OR_NONSPECIFIC,SCREENED_NOT_SELECTED
PC1,IPIPneo:N6:VU,Vulnerability,IPIP-NEO,Neuroticism,facet,Feeling unable to cope effectively with stress or emergencies.,administered_in_release,q_85;q_332;q_423;q_469;q_867;q_979;q_1209;q_1505;q_1606;q_1616,10,0.86457878,FULL_126_CONSTRUCT_LIBRARY,False,not proposed,No material coverage after full-library screen.,No material opposite-pole coherence after full-library screen.,none identified,none identified,Not a serious candidate for this axis.,Not used for interpretation selection.,Not applicable.,The documented Vulnerability definition does not capture the central bipolar evidence for PC1.,No item audit signal sufficient to elevate this construct.,Outside the principal candidate set.,The central axis content remains unmeasured.,WEAK_OR_NONSPECIFIC,SCREENED_NOT_SELECTED
PC1,NEO_O,Openness to Experience,IPIP-NEO,Openness to Experience,domain,"Imagination, aesthetics, emotional receptivity, adventurousness, intellect, and openness to values.",administered_in_release,q_47;q_82;q_148;q_174;q_194;q_197;q_228;q_316;q_322;q_345;q_348;q_359;q_369;q_394;q_395;q_397;q_398;q_422;q_566;q_581;q_607;q_608;q_609;q_610;q_611;q_612;q_689;q_721;q_755;q_776;q_778;q_780;q_793;q_797;q_844;q_1050;q_1058;q_1083;q_1088;q_1161;q_1289;q_1303;q_1310;q_1327;q_1328;q_1334;q_1369;q_1381;q_1388;q_1540;q_1542;q_1589;q_1648;q_1675;q_1681;q_1682;q_1738;q_1824;q_1825;q_1880,60,0.90481069,FULL_126_CONSTRUCT_LIBRARY,False,not proposed,No material coverage after full-library screen.,No material opposite-pole coherence after full-library screen.,none identified,none identified,Not a serious candidate for this axis.,Not used for interpretation selection.,Not applicable.,The documented Openness to Experience definition does not capture the central bipolar evidence for PC1.,No item audit signal sufficient to elevate this construct.,Outside the principal candidate set.,The central axis content remains unmeasured.,WEAK_OR_NONSPECIFIC,SCREENED_NOT_SELECTED
PC1,IPIPneo:O4:AD,Adventurousness,IPIP-NEO,Openness to Experience,facet,"Preference for variety, novelty, and new experiences.",administered_in_release,q_47;q_82;q_148;q_566;q_581;q_689;q_1303;q_1334;q_1540;q_1542,10,0.81363872,FULL_126_CONSTRUCT_LIBRARY,False,not proposed,No material coverage after full-library screen.,No material opposite-pole coherence after full-library screen.,none identified,none identified,Not a serious candidate for this axis.,Not used for interpretation selection.,Not applicable.,The documented Adventurousness definition does not capture the central bipolar evidence for PC1.,No item audit signal sufficient to elevate this construct.,Outside the principal candidate set.,The central axis content remains unmeasured.,WEAK_OR_NONSPECIFIC,SCREENED_NOT_SELECTED
PC1,IPIPneo:O2:AI,Artistic Interests,IPIP-NEO,Openness to Experience,facet,Aesthetic sensitivity and engagement with art and beauty.,administered_in_release,q_348;q_607;q_608;q_610;q_611;q_612;q_776;q_1289;q_1369;q_1648,10,0.79755968,FULL_126_CONSTRUCT_LIBRARY,True,higher -> negative PC1,Low Artistic Interests has little positive-pole explanatory power.,Covers aesthetic and artistic engagement.,Covers artistic/poetic/creative markers.,Covers a narrow strict-negative subset.,Fits artist/composer/poet roles.,Consistent with prior mapping.,No focused activation.,Good narrow facet fit.,"Items cover art, poetry, beauty, dance, and aesthetics.",No procedural or accountability inverse.,Most axis content remains.,PARTIAL_COMPONENT,RETAIN.
PC1,IPIPneo:O3:EM,Emotionality,IPIP-NEO,Openness to Experience,facet,"Awareness, receptivity, and value placed on emotional experience.",administered_in_release,q_174;q_228;q_721;q_755;q_793;q_797;q_844;q_1589;q_1681;q_1880,10,0.76034004,FULL_126_CONSTRUCT_LIBRARY,False,not proposed,No material coverage after full-library screen.,No material opposite-pole coherence after full-library screen.,none identified,none identified,Not a serious candidate for this axis.,Not used for interpretation selection.,Not applicable.,The documented Emotionality definition does not capture the central bipolar evidence for PC1.,No item audit signal sufficient to elevate this construct.,Outside the principal candidate set.,The central axis content remains unmeasured.,WEAK_OR_NONSPECIFIC,SCREENED_NOT_SELECTED
PC1,IPIPneo:O1:IM,Imagination,IPIP-NEO,Openness to Experience,facet,Vivid fantasy and imaginative engagement.,administered_in_release,q_609;q_780;q_1058;q_1083;q_1161;q_1310;q_1381;q_1675;q_1682;q_1738,10,0.82027804,FULL_126_CONSTRUCT_LIBRARY,True,higher -> negative PC1,Low Imagination weakly fits literal/descriptive communication.,Directly covers fantasy and imaginative engagement.,"Covers romantic, poetic, metaphorical, whimsical, creative, and narrative content.",Covers a large strict negative subfamily.,Strong role coherence on the expressive-symbolic side.,Consistent with prior mapping.,No focused activation.,Good narrow facet fit.,"Items center fantasy, daydreaming, and vivid imagination.","Does not cover rhetoric, charisma, nonconformity, or the positive procedural pole.",Most positive-pole mechanism remains.,PARTIAL_COMPONENT,RETAIN.
PC1,IPIPneo:O5:IN,Intellect,IPIP-NEO,Openness to Experience,facet,"Enjoyment of complex ideas, debate, and intellectual challenge.",administered_in_release,q_194;q_197;q_316;q_322;q_422;q_778;q_1050;q_1088;q_1327;q_1388,10,0.84981163,FULL_126_CONSTRUCT_LIBRARY,False,not proposed,No material coverage after full-library screen.,No material opposite-pole coherence after full-library screen.,none identified,none identified,Not a serious candidate for this axis.,Not used for interpretation selection.,Not applicable.,The documented Intellect definition does not capture the central bipolar evidence for PC1.,No item audit signal sufficient to elevate this construct.,Outside the principal candidate set.,The central axis content remains unmeasured.,WEAK_OR_NONSPECIFIC,SCREENED_NOT_SELECTED
PC1,IPIPneo:O6:LI,Liberalism,IPIP-NEO,Openness to Experience,facet,"Readiness to question convention, authority, and inherited values.",administered_in_release,q_345;q_359;q_369;q_394;q_395;q_397;q_398;q_1328;q_1824;q_1825,10,0.79391237,FULL_126_CONSTRUCT_LIBRARY,False,not proposed,No material coverage after full-library screen.,No material opposite-pole coherence after full-library screen.,none identified,none identified,Not a serious candidate for this axis.,Not used for interpretation selection.,Not applicable.,The documented Liberalism definition does not capture the central bipolar evidence for PC1.,No item audit signal sufficient to elevate this construct.,Outside the principal candidate set.,The central axis content remains unmeasured.,WEAK_OR_NONSPECIFIC,SCREENED_NOT_SELECTED
PC1,MPQ:MPQ:AB,Absorption,Multidimensional Personality Questionnaire,Absorption,primary_trait,"Imaginative and perceptual involvement, including altered or highly engaging experiences.",administered_in_release,q_610;q_612;q_780;q_1058;q_1310;q_1381;q_1389;q_1587;q_1648;q_1682,10,0.76917307,FULL_126_CONSTRUCT_LIBRARY,True,higher -> negative PC1,Low Absorption weakly fits literal/detached positive context.,"Covers immersive imagination, fantasy, altered experience, and reflection.","Covers ethereal, enigmatic, mystical, intuitive, spiritual, whimsical, and creative content.",Covers a meaningful strict-negative subset.,Fits mystic/dreamer/oracle regions more than performative roles.,Consistent with prior mapping.,No focused activation.,Good component fit.,"Items cover fantasy, thought absorption, poetry, and beauty.","Misses narrative performance, rhetoric, and institutional/procedural inverse.",Most positive pole remains.,PARTIAL_COMPONENT,RETAIN.
PC1,MPQ:MPQ:CO,Control,Multidimensional Personality Questionnaire,Constraint,primary_trait,"Deliberate, cautious, planful behavior and restraint of impulsive action.",administered_in_release,q_124;q_623;q_1173;q_1292;q_1321;q_1397;q_1422;q_1424;q_1488;q_1507,10,0.80184898,FULL_126_CONSTRUCT_LIBRARY,True,higher -> positive PC1,"Covers deliberation, planning, restraint, and control.",Lower Control fits impulsive/spontaneous portions of the negative context.,Indirectly covers cautious/methodical only.,Narrow strict-positive overlap.,Fits constrained procedural roles.,Relevant but less specific than duty/accountability and empirical reasoning.,Accountability evidence limits a generic control interpretation.,Moderate component fit.,"Items cover planning, caution, and impulse control.",Does not cover the symbolic core or epistemic transparency.,Substantial residual.,PARTIAL_COMPONENT,RETAIN as secondary restraint facet.
PC1,MPQ:MPQ:HA,Harm Avoidance,Multidimensional Personality Questionnaire,Constraint,primary_trait,"Avoidance of dangerous, risky, and physically threatening experiences.",administered_in_release,q_294;q_315;q_598;q_599;q_746;q_1662;q_1664;q_1781;q_2017;q_2020,10,0.88642959,FULL_126_CONSTRUCT_LIBRARY,False,not proposed,No material coverage after full-library screen.,No material opposite-pole coherence after full-library screen.,none identified,none identified,Not a serious candidate for this axis.,Not used for interpretation selection.,Not applicable.,The documented Harm Avoidance definition does not capture the central bipolar evidence for PC1.,No item audit signal sufficient to elevate this construct.,Outside the principal candidate set.,The central axis content remains unmeasured.,WEAK_OR_NONSPECIFIC,SCREENED_NOT_SELECTED
PC1,MPQ:MPQ:TR,Traditionalism,Multidimensional Personality Questionnaire,Constraint,primary_trait,"Endorsement of conventional morality, social propriety, and traditional institutions.",administered_in_release,q_345;q_348;q_359;q_369;q_394;q_398;q_660;q_1328;q_1824;q_1825,10,0.78092864,FULL_126_CONSTRUCT_LIBRARY,True,higher -> positive PC1 only weakly,Covers conventional institutions and propriety.,Lower Traditionalism weakly fits libertarian/subversive content but not the broad symbolic family.,No concentrated-marker match; secular points in the opposite direction from religiosity/tradition.,"Traditional itself is associated but cross-loading, not strict.","Some institutional roles fit, but scientific/secular roles complicate it.",Institutional legibility is not the same as conventional morality.,No focused evidence.,Weak and internally contradictory fit.,"Items concern religion, propriety, parents, and conventional morality.","Positive PC1 includes secular; negative PC1 includes spiritual and nostalgic, creating content-specific rather than general traditionalism effects.",Most axis content remains.,WEAK_OR_NONSPECIFIC,DOWNGRADE as PC1 explanation.
PC1,MPQ:MPQ:AG,Aggression,Multidimensional Personality Questionnaire,Negative Emotionality,primary_trait,"Vindictiveness, willingness to hurt, and enjoyment of aggressive behavior.",administered_in_release,q_501;q_630;q_957;q_1051;q_1150;q_1571;q_1585;q_1683;q_1869;q_2021,10,0.79285066,FULL_126_CONSTRUCT_LIBRARY,False,not proposed,No material coverage after full-library screen.,No material opposite-pole coherence after full-library screen.,none identified,none identified,Not a serious candidate for this axis.,Not used for interpretation selection.,Not applicable.,The documented Aggression definition does not capture the central bipolar evidence for PC1.,No item audit signal sufficient to elevate this construct.,Outside the principal candidate set.,The central axis content remains unmeasured.,WEAK_OR_NONSPECIFIC,SCREENED_NOT_SELECTED
PC1,MPQ:MPQ:AL,Alienation,Multidimensional Personality Questionnaire,Negative Emotionality,primary_trait,"Feeling mistreated, betrayed, exploited, or targeted by others.",administered_in_release,q_20;q_286;q_578;q_594;q_816;q_848;q_882;q_1758;q_1854;q_1855,10,0.84102857,FULL_126_CONSTRUCT_LIBRARY,False,not proposed,No material coverage after full-library screen.,No material opposite-pole coherence after full-library screen.,none identified,none identified,Not a serious candidate for this axis.,Not used for interpretation selection.,Not applicable.,The documented Alienation definition does not capture the central bipolar evidence for PC1.,No item audit signal sufficient to elevate this construct.,Outside the principal candidate set.,The central axis content remains unmeasured.,WEAK_OR_NONSPECIFIC,SCREENED_NOT_SELECTED
PC1,MPQ:MPQ:SR,Stress Reaction,Multidimensional Personality Questionnaire,Negative Emotionality,primary_trait,"Proneness to worry, distress, tension, and negative emotion under stress.",administered_in_release,q_126;q_177;q_248;q_727;q_820;q_986;q_1099;q_1505;q_1677;q_1989,10,0.86838401,FULL_126_CONSTRUCT_LIBRARY,False,not proposed,No material coverage after full-library screen.,No material opposite-pole coherence after full-library screen.,none identified,none identified,Not a serious candidate for this axis.,Not used for interpretation selection.,Not applicable.,The documented Stress Reaction definition does not capture the central bipolar evidence for PC1.,No item audit signal sufficient to elevate this construct.,Outside the principal candidate set.,The central axis content remains unmeasured.,WEAK_OR_NONSPECIFIC,SCREENED_NOT_SELECTED
PC1,MPQ:MPQ:AC,Achievement,Multidimensional Personality Questionnaire,Positive Emotionality,primary_trait,"Hard-working, ambitious, persistent, and achievement-seeking orientation.",administered_in_release,q_191;q_530;q_602;q_604;q_637;q_786;q_1052;q_1519;q_1979;q_1984,10,0.86129707,FULL_126_CONSTRUCT_LIBRARY,False,not proposed,No material coverage after full-library screen.,No material opposite-pole coherence after full-library screen.,none identified,none identified,Not a serious candidate for this axis.,Not used for interpretation selection.,Not applicable.,The documented Achievement definition does not capture the central bipolar evidence for PC1.,No item audit signal sufficient to elevate this construct.,Outside the principal candidate set.,The central axis content remains unmeasured.,WEAK_OR_NONSPECIFIC,SCREENED_NOT_SELECTED
PC1,MPQ:MPQ:SC,Social Closeness,Multidimensional Personality Questionnaire,Positive Emotionality,primary_trait,"Affiliation, warmth, sociability, and valuing close interpersonal ties.",administered_in_release,q_140;q_219;q_312;q_313;q_744;q_1196;q_1379;q_1410;q_1923;q_1943,10,0.89932626,FULL_126_CONSTRUCT_LIBRARY,False,not proposed,No material coverage after full-library screen.,No material opposite-pole coherence after full-library screen.,none identified,none identified,Not a serious candidate for this axis.,Not used for interpretation selection.,Not applicable.,The documented Social Closeness definition does not capture the central bipolar evidence for PC1.,No item audit signal sufficient to elevate this construct.,Outside the principal candidate set.,The central axis content remains unmeasured.,WEAK_OR_NONSPECIFIC,SCREENED_NOT_SELECTED
PC1,MPQ:MPQ:SP,Social Potency,Multidimensional Personality Questionnaire,Positive Emotionality,primary_trait,"Interpersonal force, leadership, persuasiveness, and social dominance.",administered_in_release,q_131;q_455;q_690;q_905;q_1045;q_1114;q_1180;q_1242;q_1652;q_1768,10,0.8555745,FULL_126_CONSTRUCT_LIBRARY,False,not proposed,No material coverage after full-library screen.,No material opposite-pole coherence after full-library screen.,none identified,none identified,Not a serious candidate for this axis.,Not used for interpretation selection.,Not applicable.,The documented Social Potency definition does not capture the central bipolar evidence for PC1.,No item audit signal sufficient to elevate this construct.,Outside the principal candidate set.,The central axis content remains unmeasured.,WEAK_OR_NONSPECIFIC,SCREENED_NOT_SELECTED
PC1,MPQ:MPQ:WB,Well-Being,Multidimensional Personality Questionnaire,Positive Emotionality,primary_trait,"Optimism, joyfulness, confidence, energy, and a positive view of life.",administered_in_release,q_208;q_839;q_875;q_1038;q_1043;q_1044;q_1175;q_1371;q_1479;q_1567,10,0.88480331,FULL_126_CONSTRUCT_LIBRARY,False,not proposed,No material coverage after full-library screen.,No material opposite-pole coherence after full-library screen.,none identified,none identified,Not a serious candidate for this axis.,Not used for interpretation selection.,Not applicable.,The documented Well-Being definition does not capture the central bipolar evidence for PC1.,No item audit signal sufficient to elevate this construct.,Outside the principal candidate set.,The central axis content remains unmeasured.,WEAK_OR_NONSPECIFIC,SCREENED_NOT_SELECTED
PC1,MPQ:MPQ:UV,Unlikely Virtues,Multidimensional Personality Questionnaire,Validity,validity_indicator,Implausibly virtuous self-presentation; a response-validity indicator rather than a substantive trait.,administered_in_release,q_43;q_44;q_45;q_76;q_77;q_163;q_164;q_393;q_646;q_1120;q_1136;q_1138;q_1218;q_1223;q_1457;q_1458;q_1962,17,0.76995759,FULL_126_CONSTRUCT_LIBRARY,False,not proposed,No material coverage after full-library screen.,No material opposite-pole coherence after full-library screen.,none identified,none identified,Not a serious candidate for this axis.,Not used for interpretation selection.,Not applicable.,The documented Unlikely Virtues definition does not capture the central bipolar evidence for PC1.,No item audit signal sufficient to elevate this construct.,Outside the principal candidate set.,The central axis content remains unmeasured.,WEAK_OR_NONSPECIFIC,SCREENED_NOT_SELECTED
PC1,QB6:QB6:A,Agreeableness,Questionnaire Big Six,Agreeableness,domain,"Kind, cooperative, and nonaggressive interpersonal orientation.",administered_in_release,q_145;q_238;q_278;q_331;q_952;q_958;q_1033;q_1591,8,0.7548057,FULL_126_CONSTRUCT_LIBRARY,False,not proposed,No material coverage after full-library screen.,No material opposite-pole coherence after full-library screen.,none identified,none identified,Not a serious candidate for this axis.,Not used for interpretation selection.,Not applicable.,The documented Agreeableness definition does not capture the central bipolar evidence for PC1.,No item audit signal sufficient to elevate this construct.,Outside the principal candidate set.,The central axis content remains unmeasured.,WEAK_OR_NONSPECIFIC,SCREENED_NOT_SELECTED
PC1,QB6:QB6:C,Conscientiousness,Questionnaire Big Six,Conscientiousness,domain,"Reliability, organization, persistence, and behavioral control.",administered_in_release,q_519;q_1254;q_1290;q_1321;q_1511;q_1696;q_1949;q_2737,8,0.80252079,FULL_126_CONSTRUCT_LIBRARY,False,not proposed,No material coverage after full-library screen.,No material opposite-pole coherence after full-library screen.,none identified,none identified,Not a serious candidate for this axis.,Not used for interpretation selection.,Not applicable.,The documented Conscientiousness definition does not capture the central bipolar evidence for PC1.,No item audit signal sufficient to elevate this construct.,Outside the principal candidate set.,The central axis content remains unmeasured.,WEAK_OR_NONSPECIFIC,SCREENED_NOT_SELECTED
PC1,QB6:QB6:X,Extraversion,Questionnaire Big Six,Extraversion,domain,"Social confidence, positive engagement, energy, and expressiveness.",administered_in_release,q_55;q_1243;q_1635;q_1685;q_1703;q_1803;q_1899;q_2900,8,0.80645838,FULL_126_CONSTRUCT_LIBRARY,False,not proposed,No material coverage after full-library screen.,No material opposite-pole coherence after full-library screen.,none identified,none identified,Not a serious candidate for this axis.,Not used for interpretation selection.,Not applicable.,The documented Extraversion definition does not capture the central bipolar evidence for PC1.,No item audit signal sufficient to elevate this construct.,Outside the principal candidate set.,The central axis content remains unmeasured.,WEAK_OR_NONSPECIFIC,SCREENED_NOT_SELECTED
PC1,QB6:QB6:H,Honesty/Propriety,Questionnaire Big Six,Honesty/Propriety,domain,"Integrity, rule-respecting conduct, and low exploitation or entitlement.",administered_in_release,q_185;q_1306;q_1747;q_1752;q_1780;q_1896;q_2021;q_2853,8,0.6190507,FULL_126_CONSTRUCT_LIBRARY,True,higher -> positive PC1,Covers rule-respecting conduct and integrity.,Lower scores weakly fit subversion/nonconformity.,No direct empirical-marker coverage.,No strict marker match except contextual rule adherence.,Fits institutional-legibility roles.,"Relevant to rule compliance but blends honesty, propriety, exploitation, and entitlement.",No focused construct-specific evidence.,Broad semantic neighbor.,Items include sticking to rules plus honesty/propriety content.,Rule respect can be conventional rather than epistemically rigorous.,Analytic and expressive content remains.,PARTIAL_COMPONENT,ADD as secondary rule-respect analogue.
PC1,QB6:QB6:O,Originality/Talent,Questionnaire Big Six,Originality/Talent,domain,"Intellectual, creative, and aesthetic capacities and interests.",administered_in_release,q_79;q_348;q_1050;q_1088;q_1676;q_2756;q_2775;q_2891,8,0.6818042,FULL_126_CONSTRUCT_LIBRARY,False,not proposed,No material coverage after full-library screen.,No material opposite-pole coherence after full-library screen.,none identified,none identified,Not a serious candidate for this axis.,Not used for interpretation selection.,Not applicable.,The documented Originality/Talent definition does not capture the central bipolar evidence for PC1.,No item audit signal sufficient to elevate this construct.,Outside the principal candidate set.,The central axis content remains unmeasured.,WEAK_OR_NONSPECIFIC,SCREENED_NOT_SELECTED
PC1,QB6:QB6:ES,Resiliency,Questionnaire Big Six,Resiliency,domain,Emotional steadiness and recovery rather than distress-proneness.,administered_in_release,q_66;q_549;q_811;q_1505;q_1596;q_1610;q_2765;q_2786,8,0.76751533,FULL_126_CONSTRUCT_LIBRARY,False,not proposed,No material coverage after full-library screen.,No material opposite-pole coherence after full-library screen.,none identified,none identified,Not a serious candidate for this axis.,Not used for interpretation selection.,Not applicable.,The documented Resiliency definition does not capture the central bipolar evidence for PC1.,No item audit signal sufficient to elevate this construct.,Outside the principal candidate set.,The central axis content remains unmeasured.,WEAK_OR_NONSPECIFIC,SCREENED_NOT_SELECTED
PC1,SPI_5compHonHum,Compassion/Honesty/Humility,SAPA Personality Inventory,Compassion/Honesty/Humility,domain,"Compassionate, fair, sincere, and non-exploitative interpersonal orientation.",administered_in_release,q_90;q_146;q_225;q_253;q_364;q_460;q_844;q_851;q_871;q_1053;q_1162;q_1354;q_1763;q_1765;q_1896,15,0.90447417,FULL_126_CONSTRUCT_LIBRARY,False,not proposed,No material coverage after full-library screen.,No material opposite-pole coherence after full-library screen.,none identified,none identified,Not a serious candidate for this axis.,Not used for interpretation selection.,Not applicable.,The documented Compassion/Honesty/Humility definition does not capture the central bipolar evidence for PC1.,No item audit signal sufficient to elevate this construct.,Outside the principal candidate set.,The central axis content remains unmeasured.,WEAK_OR_NONSPECIFIC,SCREENED_NOT_SELECTED
PC1,SPI_5conscientious,Conscientiousness,SAPA Personality Inventory,Conscientiousness,domain,"Organized, industrious, controlled, and responsible behavior.",administered_in_release,q_519;q_619;q_623;q_637;q_904;q_962;q_992;q_1201;q_1290;q_1401;q_1452;q_1657;q_1744;q_1752;q_1949,15,0.90614421,FULL_126_CONSTRUCT_LIBRARY,False,not proposed,No material coverage after full-library screen.,No material opposite-pole coherence after full-library screen.,none identified,none identified,Not a serious candidate for this axis.,Not used for interpretation selection.,Not applicable.,The documented Conscientiousness definition does not capture the central bipolar evidence for PC1.,No item audit signal sufficient to elevate this construct.,Outside the principal candidate set.,The central axis content remains unmeasured.,WEAK_OR_NONSPECIFIC,SCREENED_NOT_SELECTED
PC1,SPI_15habit,Habit,SAPA Personality Inventory,Conscientiousness,narrow_trait,"Preference for regular routines, plans, and habitual organization.",administered_in_release,q_47;q_566;q_623;q_689;q_1540;q_1752;q_1916;q_1917,8,0.80230611,FULL_126_CONSTRUCT_LIBRARY,False,not proposed,No material coverage after full-library screen.,No material opposite-pole coherence after full-library screen.,none identified,none identified,Not a serious candidate for this axis.,Not used for interpretation selection.,Not applicable.,The documented Habit definition does not capture the central bipolar evidence for PC1.,No item audit signal sufficient to elevate this construct.,Outside the principal candidate set.,The central axis content remains unmeasured.,WEAK_OR_NONSPECIFIC,SCREENED_NOT_SELECTED
PC1,SPI_15impulsivity,Impulsivity,SAPA Personality Inventory,Conscientiousness,narrow_trait,"Tendency toward unplanned, immediate action and weak behavioral restraint.",administered_in_release,q_35;q_636;q_708;q_1173;q_1424;q_1511;q_1638;q_4270,8,0.8847738,FULL_126_CONSTRUCT_LIBRARY,False,not proposed,No material coverage after full-library screen.,No material opposite-pole coherence after full-library screen.,none identified,none identified,Not a serious candidate for this axis.,Not used for interpretation selection.,Not applicable.,The documented Impulsivity definition does not capture the central bipolar evidence for PC1.,No item audit signal sufficient to elevate this construct.,Outside the principal candidate set.,The central axis content remains unmeasured.,WEAK_OR_NONSPECIFIC,SCREENED_NOT_SELECTED
PC1,SPI_15industry,Industry,SAPA Personality Inventory,Conscientiousness,narrow_trait,"Persistent, diligent, energetic engagement in work and tasks.",administered_in_release,q_519;q_904;q_962;q_992;q_1201;q_1452;q_1744;q_1949,8,0.89509019,FULL_126_CONSTRUCT_LIBRARY,False,not proposed,No material coverage after full-library screen.,No material opposite-pole coherence after full-library screen.,none identified,none identified,Not a serious candidate for this axis.,Not used for interpretation selection.,Not applicable.,The documented Industry definition does not capture the central bipolar evidence for PC1.,No item audit signal sufficient to elevate this construct.,Outside the principal candidate set.,The central axis content remains unmeasured.,WEAK_OR_NONSPECIFIC,SCREENED_NOT_SELECTED
PC1,SPI_15seriousness,Seriousness,SAPA Personality Inventory,Conscientiousness,narrow_trait,"Deliberate, restrained, earnest, and non-frivolous orientation.",administered_in_release,q_175;q_345;q_1120;q_1462;q_1590;q_1685;q_4266;q_4279,8,0.56762669,FULL_126_CONSTRUCT_LIBRARY,False,not proposed,No material coverage after full-library screen.,No material opposite-pole coherence after full-library screen.,none identified,none identified,Not a serious candidate for this axis.,Not used for interpretation selection.,Not applicable.,The documented Seriousness definition does not capture the central bipolar evidence for PC1.,No item audit signal sufficient to elevate this construct.,Outside the principal candidate set.,The central axis content remains unmeasured.,WEAK_OR_NONSPECIFIC,SCREENED_NOT_SELECTED
PC1,SPI_3emotionality,Emotionality,SAPA Personality Inventory,Emotionality,broad_domain,"Sensitivity to negative affect, threat, distress, and emotional fluctuation.",administered_in_release,q_52;q_206;q_413;q_811;q_904;q_960;q_965;q_974;q_979;q_995;q_1044;q_1099;q_1260;q_1401;q_1447;q_1452;q_1596;q_1949;q_4239;q_4252,20,0.91390557,FULL_126_CONSTRUCT_LIBRARY,False,not proposed,No material coverage after full-library screen.,No material opposite-pole coherence after full-library screen.,none identified,none identified,Not a serious candidate for this axis.,Not used for interpretation selection.,Not applicable.,The documented Emotionality definition does not capture the central bipolar evidence for PC1.,No item audit signal sufficient to elevate this construct.,Outside the principal candidate set.,The central axis content remains unmeasured.,WEAK_OR_NONSPECIFIC,SCREENED_NOT_SELECTED
PC1,SPI_15fear,Fear,SAPA Personality Inventory,Emotionality,narrow_trait,"Sensitivity to danger, threat, and apprehension.",administered_in_release,q_179;q_332;q_334;q_1446;q_1505;q_1853;q_4239;q_4280,8,0.81904787,FULL_126_CONSTRUCT_LIBRARY,False,not proposed,No material coverage after full-library screen.,No material opposite-pole coherence after full-library screen.,none identified,none identified,Not a serious candidate for this axis.,Not used for interpretation selection.,Not applicable.,The documented Fear definition does not capture the central bipolar evidence for PC1.,No item audit signal sufficient to elevate this construct.,Outside the principal candidate set.,The central axis content remains unmeasured.,WEAK_OR_NONSPECIFIC,SCREENED_NOT_SELECTED
PC1,SPI_15volatility,Volatility,SAPA Personality Inventory,Emotionality,narrow_trait,"Irritability, anger, mood instability, and rapid emotional escalation.",administered_in_release,q_413;q_926;q_952;q_965;q_974;q_1357;q_1591;q_1683,8,0.90495948,FULL_126_CONSTRUCT_LIBRARY,False,not proposed,No material coverage after full-library screen.,No material opposite-pole coherence after full-library screen.,none identified,none identified,Not a serious candidate for this axis.,Not used for interpretation selection.,Not applicable.,The documented Volatility definition does not capture the central bipolar evidence for PC1.,No item audit signal sufficient to elevate this construct.,Outside the principal candidate set.,The central axis content remains unmeasured.,WEAK_OR_NONSPECIFIC,SCREENED_NOT_SELECTED
PC1,SPI_5extraversion,Extraversion,SAPA Personality Inventory,Extraversion,domain,"Social energy, boldness, enthusiasm, and interpersonal engagement.",administered_in_release,q_712;q_1180;q_1379;q_1410;q_1671;q_1742;q_1803;q_4226;q_4230;q_4237;q_4240;q_4247;q_4259;q_4262;q_4267,15,0.95010485,FULL_126_CONSTRUCT_LIBRARY,False,not proposed,No material coverage after full-library screen.,No material opposite-pole coherence after full-library screen.,none identified,none identified,Not a serious candidate for this axis.,Not used for interpretation selection.,Not applicable.,The documented Extraversion definition does not capture the central bipolar evidence for PC1.,No item audit signal sufficient to elevate this construct.,Outside the principal candidate set.,The central axis content remains unmeasured.,WEAK_OR_NONSPECIFIC,SCREENED_NOT_SELECTED
PC1,SPI_15boldness,Boldness,SAPA Personality Inventory,Extraversion,narrow_trait,"Social confidence, assertive approach, and low inhibition.",administered_in_release,q_292;q_1306;q_1360;q_1367;q_1662;q_1664;q_1781;q_2017,8,0.89650051,FULL_126_CONSTRUCT_LIBRARY,False,not proposed,No material coverage after full-library screen.,No material opposite-pole coherence after full-library screen.,none identified,none identified,Not a serious candidate for this axis.,Not used for interpretation selection.,Not applicable.,The documented Boldness definition does not capture the central bipolar evidence for PC1.,No item audit signal sufficient to elevate this construct.,Outside the principal candidate set.,The central axis content remains unmeasured.,WEAK_OR_NONSPECIFIC,SCREENED_NOT_SELECTED
PC1,SPI_5intelOpen,Intellect/Openness,SAPA Personality Inventory,Intellect/Openness,domain,"Intellectual curiosity, imagination, aesthetic engagement, and openness to ideas.",administered_in_release,q_128;q_194;q_240;q_348;q_422;q_423;q_515;q_778;q_1050;q_1058;q_1235;q_1389;q_1441;q_1738;q_2745,15,0.86078123,FULL_126_CONSTRUCT_LIBRARY,False,not proposed,No material coverage after full-library screen.,No material opposite-pole coherence after full-library screen.,none identified,none identified,Not a serious candidate for this axis.,Not used for interpretation selection.,Not applicable.,The documented Intellect/Openness definition does not capture the central bipolar evidence for PC1.,No item audit signal sufficient to elevate this construct.,Outside the principal candidate set.,The central axis content remains unmeasured.,WEAK_OR_NONSPECIFIC,SCREENED_NOT_SELECTED
PC1,SPI_15intellect,Intellect,SAPA Personality Inventory,Intellect/Openness,narrow_trait,"Engagement with ideas, reasoning, learning, and complex information.",administered_in_release,q_157;q_240;q_422;q_423;q_493;q_515;q_1253;q_1834,8,0.86709708,FULL_126_CONSTRUCT_LIBRARY,False,not proposed,No material coverage after full-library screen.,No material opposite-pole coherence after full-library screen.,none identified,none identified,Not a serious candidate for this axis.,Not used for interpretation selection.,Not applicable.,The documented Intellect definition does not capture the central bipolar evidence for PC1.,No item audit signal sufficient to elevate this construct.,Outside the principal candidate set.,The central axis content remains unmeasured.,WEAK_OR_NONSPECIFIC,SCREENED_NOT_SELECTED
PC1,SPI_15openness,Openness,SAPA Personality Inventory,Intellect/Openness,narrow_trait,"Imagination, aesthetic sensitivity, and receptivity to unconventional experience.",administered_in_release,q_194;q_348;q_778;q_1058;q_1389;q_1441;q_1738;q_1880,8,0.78409945,FULL_126_CONSTRUCT_LIBRARY,False,not proposed,No material coverage after full-library screen.,No material opposite-pole coherence after full-library screen.,none identified,none identified,Not a serious candidate for this axis.,Not used for interpretation selection.,Not applicable.,The documented Openness definition does not capture the central bipolar evidence for PC1.,No item audit signal sufficient to elevate this construct.,Outside the principal candidate set.,The central axis content remains unmeasured.,WEAK_OR_NONSPECIFIC,SCREENED_NOT_SELECTED
PC1,SPI_5neuroticism,Neuroticism,SAPA Personality Inventory,Neuroticism,domain,"Negative emotional reactivity, fear, volatility, and sensitivity to stress.",administered_in_release,q_52;q_206;q_332;q_413;q_960;q_965;q_974;q_979;q_995;q_1099;q_1447;q_1505;q_1596;q_4239;q_4252,15,0.92323389,FULL_126_CONSTRUCT_LIBRARY,False,not proposed,No material coverage after full-library screen.,No material opposite-pole coherence after full-library screen.,none identified,none identified,Not a serious candidate for this axis.,Not used for interpretation selection.,Not applicable.,The documented Neuroticism definition does not capture the central bipolar evidence for PC1.,No item audit signal sufficient to elevate this construct.,Outside the principal candidate set.,The central axis content remains unmeasured.,WEAK_OR_NONSPECIFIC,SCREENED_NOT_SELECTED
PC1,SPI_3sociability,Sociability,SAPA Personality Inventory,Sociability,broad_domain,"Preference and capacity for social engagement, interpersonal approach, and affiliation.",administered_in_release,q_712;q_1180;q_1360;q_1379;q_1410;q_1643;q_1662;q_1671;q_1742;q_1781;q_1803;q_4226;q_4230;q_4237;q_4240;q_4243;q_4247;q_4259;q_4262;q_4267,20,0.94766469,FULL_126_CONSTRUCT_LIBRARY,False,not proposed,No material coverage after full-library screen.,No material opposite-pole coherence after full-library screen.,none identified,none identified,Not a serious candidate for this axis.,Not used for interpretation selection.,Not applicable.,The documented Sociability definition does not capture the central bipolar evidence for PC1.,No item audit signal sufficient to elevate this construct.,Outside the principal candidate set.,The central axis content remains unmeasured.,WEAK_OR_NONSPECIFIC,SCREENED_NOT_SELECTED
PC1,SPI_15enthusiasm,Enthusiasm,SAPA Personality Inventory,Sociability,narrow_trait,"Positive affect, liveliness, warmth, and energetic engagement.",administered_in_release,q_206;q_285;q_578;q_811;q_1038;q_1044;q_1371;q_2765,8,0.92349855,FULL_126_CONSTRUCT_LIBRARY,False,not proposed,No material coverage after full-library screen.,No material opposite-pole coherence after full-library screen.,none identified,none identified,Not a serious candidate for this axis.,Not used for interpretation selection.,Not applicable.,The documented Enthusiasm definition does not capture the central bipolar evidence for PC1.,No item audit signal sufficient to elevate this construct.,Outside the principal candidate set.,The central axis content remains unmeasured.,WEAK_OR_NONSPECIFIC,SCREENED_NOT_SELECTED
PC1,SPI_15sociability,Sociability,SAPA Personality Inventory,Sociability,narrow_trait,"Enjoyment of social contact, conversation, and group activity.",administered_in_release,q_712;q_1180;q_1671;q_1803;q_4240;q_4247;q_4259;q_4267,8,0.91503243,FULL_126_CONSTRUCT_LIBRARY,False,not proposed,No material coverage after full-library screen.,No material opposite-pole coherence after full-library screen.,none identified,none identified,Not a serious candidate for this axis.,Not used for interpretation selection.,Not applicable.,The documented Sociability definition does not capture the central bipolar evidence for PC1.,No item audit signal sufficient to elevate this construct.,Outside the principal candidate set.,The central axis content remains unmeasured.,WEAK_OR_NONSPECIFIC,SCREENED_NOT_SELECTED
PC1,SPI_3socCohesion,Social Cohesion,SAPA Personality Inventory,Social Cohesion,broad_domain,"Cooperative, trusting, compassionate, and norm-compatible interpersonal orientation.",administered_in_release,q_90;q_146;q_225;q_253;q_364;q_460;q_501;q_851;q_1053;q_1162;q_1306;q_1354;q_1367;q_1664;q_1752;q_1763;q_1765;q_1808;q_1896;q_4296,20,0.90010818,FULL_126_CONSTRUCT_LIBRARY,False,not proposed,No material coverage after full-library screen.,No material opposite-pole coherence after full-library screen.,none identified,none identified,Not a serious candidate for this axis.,Not used for interpretation selection.,Not applicable.,The documented Social Cohesion definition does not capture the central bipolar evidence for PC1.,No item audit signal sufficient to elevate this construct.,Outside the principal candidate set.,The central axis content remains unmeasured.,WEAK_OR_NONSPECIFIC,SCREENED_NOT_SELECTED
PC1,SPI_15compassion,Compassion,SAPA Personality Inventory,Social Cohesion,narrow_trait,"Concern for others, empathy, and willingness to help.",administered_in_release,q_90;q_253;q_460;q_844;q_851;q_1053;q_1162;q_1763,8,0.89470406,FULL_126_CONSTRUCT_LIBRARY,False,not proposed,No material coverage after full-library screen.,No material opposite-pole coherence after full-library screen.,none identified,none identified,Not a serious candidate for this axis.,Not used for interpretation selection.,Not applicable.,The documented Compassion definition does not capture the central bipolar evidence for PC1.,No item audit signal sufficient to elevate this construct.,Outside the principal candidate set.,The central axis content remains unmeasured.,WEAK_OR_NONSPECIFIC,SCREENED_NOT_SELECTED
PC1,SPI_15easyGoingness,Easy-Goingness,SAPA Personality Inventory,Social Cohesion,narrow_trait,"Relaxed, patient, and non-irritable interpersonal style.",administered_in_release,q_121;q_1280;q_1329;q_1537;q_1556;q_1787;q_1910;q_4261,8,0.6862812,FULL_126_CONSTRUCT_LIBRARY,False,not proposed,No material coverage after full-library screen.,No material opposite-pole coherence after full-library screen.,none identified,none identified,Not a serious candidate for this axis.,Not used for interpretation selection.,Not applicable.,The documented Easy-Goingness definition does not capture the central bipolar evidence for PC1.,No item audit signal sufficient to elevate this construct.,Outside the principal candidate set.,The central axis content remains unmeasured.,WEAK_OR_NONSPECIFIC,SCREENED_NOT_SELECTED
PC1,SPI_15machiavell,Machiavellianism,SAPA Personality Inventory,Social Cohesion,narrow_trait,"Strategic manipulation, distrust, and instrumental treatment of others.",administered_in_release,q_501;q_1517;q_1765;q_1808;q_1894;q_1896;q_2853;q_4296,8,0.84413726,FULL_126_CONSTRUCT_LIBRARY,False,not proposed,No material coverage after full-library screen.,No material opposite-pole coherence after full-library screen.,none identified,none identified,Not a serious candidate for this axis.,Not used for interpretation selection.,Not applicable.,The documented Machiavellianism definition does not capture the central bipolar evidence for PC1.,No item audit signal sufficient to elevate this construct.,Outside the principal candidate set.,The central axis content remains unmeasured.,WEAK_OR_NONSPECIFIC,SCREENED_NOT_SELECTED
PC1,SPI_15trust,Trust,SAPA Personality Inventory,Social Cohesion,narrow_trait,"Expectation that others are honest, dependable, and well-intentioned.",administered_in_release,q_377;q_379;q_594;q_871;q_1260;q_1854;q_1855;q_4289,8,0.86785554,FULL_126_CONSTRUCT_LIBRARY,False,not proposed,No material coverage after full-library screen.,No material opposite-pole coherence after full-library screen.,none identified,none identified,Not a serious candidate for this axis.,Not used for interpretation selection.,Not applicable.,The documented Trust definition does not capture the central bipolar evidence for PC1.,No item audit signal sufficient to elevate this construct.,Outside the principal candidate set.,The central axis content remains unmeasured.,WEAK_OR_NONSPECIFIC,SCREENED_NOT_SELECTED
