anchors,anchor_count,alpha,cv_loss,pc1_r2,pc2_r2,pc3_r2,normalized_3d_rmse,mean_euclidean_error
adventurous|altruistic|forgiving|grandiose|impulsive|innovative,6,1.0,39.069157075156994,0.9448764062839692,0.8901016555019513,0.9331964430654118,0.269478673689886,9.617272700272249
adventurous|altruistic|forgiving|grandiose|impulsive|innovative|introspective,7,1.0,36.89219527998942,0.9514021941428955,0.8912547826962379,0.9336330202744052,0.2618535545167644,9.329023637364193
adventurous|altruistic|forgiving|grandiose|impulsive|innovative|introspective|judgmental,8,1.0,33.703271238018964,0.9507656466537424,0.9130104657318233,0.9338603308385081,0.250303020893313,8.895558205016162
adventurous|altruistic|forgiving|grandiose|impulsive|innovative|judgmental,7,1.0,36.4626948728404,0.9454744186482453,0.9054797699229008,0.933784310932227,0.26035538848890205,9.194751961372871
adventurous|altruistic|forgiving|grandiose|impulsive|introspective|judgmental,7,1.0,36.23410515662198,0.9423257543146601,0.9130576397285013,0.934077923833035,0.2594809362610799,9.293785626235328
adventurous|altruistic|forgiving|grandiose|impulsive|manipulative,6,1.0,40.66055591806216,0.939809923829641,0.8901017993568187,0.9324872677335774,0.2748896348450762,9.677614040398128
adventurous|altruistic|forgiving|grandiose|impulsive|innovative|manipulative,7,1.0,39.23208488978274,0.9438304917266714,0.8914406231053416,0.9325050384190047,0.27004918227454233,9.50905420626989
adventurous|altruistic|forgiving|grandiose|impulsive|innovative|introspective|manipulative,8,0.1,36.038964320268974,0.951230213665097,0.8975887014963846,0.932756461359138,0.2588090674439075,9.090525001524675
adventurous|altruistic|forgiving|grandiose|impulsive|innovative|introspective|judgmental|manipulative,9,0.1,33.35528405051196,0.9508498944337623,0.9154237363858292,0.9332111927323669,0.24902234579732896,8.725515998341688
adventurous|altruistic|forgiving|grandiose|impulsive|innovative|judgmental|manipulative,8,1.0,37.048220052425116,0.9442600109019534,0.9043324428154742,0.933213202573431,0.26245272093593464,9.217992251255884
adventurous|altruistic|forgiving|grandiose|impulsive|introspective|manipulative,7,1.0,38.89473247594634,0.9412993663884981,0.8982203303241267,0.9333693392542559,0.2688261700882751,9.509222267819776
adventurous|altruistic|forgiving|grandiose|impulsive|introspective|judgmental|manipulative,8,1.0,36.08673469191162,0.9412763529531883,0.9162059832877547,0.9337773052306096,0.25896222632163274,9.199840266065088
adventurous|altruistic|forgiving|grandiose|impulsive|judgmental|manipulative,7,1.0,38.604238997873935,0.9401922704947193,0.9022472491757259,0.9332376715715749,0.26786768184212234,9.459273217033747
adventurous|altruistic|forgiving|grandiose|impulsive|manipulative|optimistic,7,1.0,36.023309857426035,0.9501547339291041,0.8992325757908196,0.9340229896118833,0.2586865989940277,9.097114456315074
adventurous|altruistic|forgiving|grandiose|impulsive|innovative|manipulative|optimistic,8,1.0,34.069835377359475,0.9563207142685481,0.8996770405938054,0.9342272540391994,0.2516099185976517,8.83708840242271
adventurous|altruistic|forgiving|grandiose|impulsive|innovative|introspective|manipulative|optimistic,9,1.0,33.08632334754758,0.9564187332161167,0.8999520815185009,0.9452700718467002,0.24795159252782187,8.734763193837587
adventurous|altruistic|forgiving|grandiose|impulsive|innovative|introspective|judgmental|manipulative|optimistic,10,1.0,30.292554143327624,0.9559585428323829,0.9185299055946243,0.9459732358915248,0.2372838999464993,8.330987224265256
adventurous|altruistic|forgiving|grandiose|impulsive|innovative|judgmental|manipulative|optimistic,9,1.0,31.404737496491038,0.9558393691368972,0.9172245799810225,0.9353723116107262,0.24160018435102548,8.466205449802912
adventurous|altruistic|forgiving|grandiose|impulsive|introspective|manipulative|optimistic,8,1.0,34.874564433938936,0.9508077060851406,0.9000117001963792,0.9440876808221712,0.2545309073757359,8.975450446565853
adventurous|altruistic|forgiving|grandiose|impulsive|introspective|judgmental|manipulative|optimistic,9,1.0,32.01858341959102,0.9504638701323587,0.9187911034431939,0.9447540958827383,0.243910508028733,8.604436085635559
adventurous|altruistic|forgiving|grandiose|impulsive|judgmental|manipulative|optimistic,8,1.0,33.3446082360916,0.9498126588540852,0.9165731885820743,0.9352309039530148,0.24890471627980673,8.78178916086787
adventurous|altruistic|forgiving|grandiose|impulsive|manipulative|optimistic|pessimistic,8,0.1,32.9252684988176,0.9560738463069892,0.9043559732014094,0.940407604377893,0.24729813807260267,8.623022709060496
adventurous|altruistic|forgiving|grandiose|impulsive|innovative|manipulative|optimistic|pessimistic,9,1.0,31.886701304575922,0.9599882140599775,0.9035394692700104,0.9401246129593241,0.24339707304830657,8.504506748140363
adventurous|altruistic|forgiving|grandiose|impulsive|innovative|introspective|manipulative|optimistic|pessimistic,10,1.0,30.854798953659685,0.960040206033849,0.9039650995261986,0.9516411532898973,0.2394253781576807,8.388554115172449
adventurous|altruistic|forgiving|grandiose|impulsive|innovative|introspective|judgmental|manipulative|optimistic|pessimistic,11,1.0,28.505012119361623,0.9591928696011803,0.9184967281672548,0.9559486935989973,0.23015667716019214,8.033067938652602
adventurous|altruistic|forgiving|grandiose|impulsive|innovative|judgmental|manipulative|optimistic|pessimistic,10,1.0,29.61067343397439,0.959114904477252,0.9171499951626011,0.9453538482535793,0.23457826268763854,8.159618637490166
adventurous|altruistic|forgiving|grandiose|impulsive|introspective|manipulative|optimistic|pessimistic,9,1.0,32.13509106919942,0.9563929365594362,0.904293779759302,0.94891334893729,0.24431714057987283,8.57400166489206
adventurous|altruistic|forgiving|grandiose|impulsive|introspective|judgmental|manipulative|optimistic|pessimistic,10,1.0,29.754844599753834,0.9557381660529529,0.9189187786913897,0.9527231315623441,0.235117436637843,8.23683132976028
adventurous|altruistic|forgiving|grandiose|impulsive|judgmental|manipulative|optimistic|pessimistic,9,1.0,30.704544614652423,0.9555884730822031,0.9169817968388748,0.9453998882559413,0.23883600262477342,8.34750944130842
adventurous|altruistic|forgiving|grandiose|impulsive|manipulative|optimistic|pessimistic|traditional,9,1.0,31.41474342908706,0.9604755779447802,0.903967055017591,0.9432587302375259,0.24159042207452436,8.468980014306732
adventurous|altruistic|forgiving|grandiose|impulsive|innovative|manipulative|optimistic|pessimistic|traditional,10,1.0,30.83565542026695,0.9606665900537095,0.9045707062748463,0.9484320641870829,0.23935829992099858,8.391641021118705
adventurous|altruistic|forgiving|grandiose|impulsive|innovative|introspective|manipulative|optimistic|pessimistic|traditional,11,1.0,29.87290350458569,0.960769744829519,0.905451790556656,0.9580799453455215,0.23558900023029375,8.277199468140585
adventurous|altruistic|forgiving|grandiose|impulsive|innovative|judgmental|manipulative|optimistic|pessimistic|traditional,11,1.0,28.488551425937555,0.9596487918400496,0.918535200861514,0.9543905787661539,0.23009732963842838,8.043316092653098
adventurous|altruistic|forgiving|grandiose|impulsive|introspective|manipulative|optimistic|pessimistic|traditional,10,1.0,30.793972095955915,0.9603837221945096,0.905212658277962,0.9488017315382271,0.23918618829261784,8.405604603003486
adventurous|altruistic|forgiving|grandiose|impulsive|introspective|judgmental|manipulative|optimistic|pessimistic|traditional,11,1.0,28.563991361474553,0.9594277853871672,0.9194157906939211,0.9526739020286183,0.23038963174925514,8.085263501288631
adventurous|altruistic|forgiving|grandiose|impulsive|judgmental|manipulative|optimistic|pessimistic|traditional,10,1.0,29.37722050483014,0.959447500500592,0.9165511453772414,0.9480897054590328,0.2336509720070256,8.174439014755064
adventurous|altruistic|forgiving|grandiose|impulsive|manipulative|optimistic|traditional,8,1.0,33.60469528290167,0.9568087026351847,0.8990426322586142,0.9392789577139549,0.24988263917211945,8.780637989228639
adventurous|altruistic|forgiving|grandiose|impulsive|innovative|manipulative|optimistic|traditional,9,1.0,32.96208274466247,0.9571622904102307,0.9003748389889698,0.9432565582002675,0.24749000998196127,8.715392348543796
adventurous|altruistic|forgiving|grandiose|impulsive|innovative|introspective|manipulative|optimistic|traditional,10,1.0,32.09187057941128,0.9572742370741257,0.901021714252845,0.952185896887805,0.2441997644892157,8.626011770322362
adventurous|altruistic|forgiving|grandiose|impulsive|innovative|introspective|judgmental|manipulative|optimistic|traditional,11,1.0,29.171555841780627,0.9566814637982307,0.9204265090782472,0.9533613264198494,0.23285594352307007,8.207513233385999
adventurous|altruistic|forgiving|grandiose|impulsive|innovative|judgmental|manipulative|optimistic|traditional,10,1.0,30.207155336565535,0.9564981303140271,0.9185020544606691,0.9450747208631115,0.23695427658211854,8.334299494937907
adventurous|altruistic|forgiving|grandiose|impulsive|introspective|manipulative|optimistic|traditional,9,1.0,33.044669277006,0.956649681126067,0.9001726576621605,0.9445445975465057,0.24778765201406827,8.741093664579036
adventurous|altruistic|forgiving|grandiose|impulsive|introspective|judgmental|manipulative|optimistic|traditional,10,1.0,30.249716445873037,0.9559983372634873,0.9190512292147962,0.9454012477026631,0.23710681666895464,8.36432063728017
adventurous|altruistic|forgiving|grandiose|impulsive|judgmental|manipulative|optimistic|traditional,9,1.0,31.060032365890937,0.9560540379492725,0.916191038152145,0.9407135850965568,0.24026543892067964,8.452083156957226
adventurous|altruistic|forgiving|grandiose|impulsive|manipulative|pessimistic,7,1.0,34.933343038351936,0.9558130283264358,0.8926595284864136,0.9388995603942285,0.2547293154299246,8.894402896443927
adventurous|altruistic|forgiving|grandiose|impulsive|innovative|manipulative|pessimistic,8,1.0,33.45531407121438,0.9599886567460885,0.8940166467839412,0.9389281287659282,0.24931015055970326,8.694321298057355
adventurous|altruistic|forgiving|grandiose|impulsive|innovative|introspective|manipulative|pessimistic,9,1.0,31.852928745212278,0.960004599512814,0.8973942205064134,0.9519795194375538,0.2432619597373417,8.527402072766447
adventurous|altruistic|forgiving|grandiose|impulsive|innovative|introspective|judgmental|manipulative|pessimistic,10,1.0,28.73789174334745,0.9591605866421292,0.9170250057245198,0.9560087193857455,0.23109067297269523,8.056633822087127
adventurous|altruistic|forgiving|grandiose|impulsive|innovative|judgmental|manipulative|pessimistic,9,1.0,30.4186504034871,0.959128746569831,0.9134723854782992,0.9423992150485851,0.23775357540194822,8.249374490234977
adventurous|altruistic|forgiving|grandiose|impulsive|introspective|manipulative|pessimistic,8,1.0,33.12270321770571,0.9563731926829251,0.8977083249327732,0.9493476624399522,0.24803893740858582,8.703674831040416
adventurous|altruistic|forgiving|grandiose|impulsive|introspective|judgmental|manipulative|pessimistic,9,1.0,29.99847099666791,0.9556830557467546,0.9173433572160766,0.9529315429205363,0.23607363911269408,8.257752874361854
adventurous|altruistic|forgiving|grandiose|impulsive|judgmental|manipulative|pessimistic,8,1.0,31.933610586298858,0.9552419880972395,0.9112685498175656,0.9424684216408092,0.24356568622447583,8.4988185350153
adventurous|altruistic|forgiving|grandiose|impulsive|manipulative|pessimistic|traditional,8,1.0,33.07764974602073,0.9604886578822763,0.8930721020143907,0.9434396754396328,0.2478999285460384,8.651806499345371
adventurous|altruistic|forgiving|grandiose|impulsive|innovative|manipulative|pessimistic|traditional,9,1.0,32.5102803984832,0.9606679097451527,0.8935716099831561,0.9487114026763128,0.24576856614373319,8.58624541552197
adventurous|altruistic|forgiving|grandiose|impulsive|innovative|introspective|manipulative|pessimistic|traditional,10,1.0,31.070014357529033,0.960793154756589,0.8976188767936579,0.9581548258055711,0.2402566031813195,8.440823434330898
adventurous|altruistic|forgiving|grandiose|impulsive|innovative|introspective|judgmental|manipulative|pessimistic|traditional,11,1.0,27.744550031477814,0.959907080556367,0.9181145865644109,0.9632699653024862,0.22706555561545805,7.9349277725152385
adventurous|altruistic|forgiving|grandiose|impulsive|innovative|judgmental|manipulative|pessimistic|traditional,10,1.0,29.27431492756499,0.9597378287880325,0.9136395879603191,0.9537076715560027,0.23324498054608273,8.107139861371895
adventurous|altruistic|forgiving|grandiose|impulsive|introspective|manipulative|pessimistic|traditional,9,1.0,31.876785289692542,0.9604381983526685,0.8978835262983331,0.949204640809269,0.24334943961432856,8.549996106917602
adventurous|altruistic|forgiving|grandiose|impulsive|introspective|judgmental|manipulative|pessimistic|traditional,10,1.0,28.818882998111075,0.9595566291238569,0.9173754333931823,0.9529456511667026,0.2314098451337506,8.098244893477775
adventurous|altruistic|forgiving|grandiose|impulsive|judgmental|manipulative|pessimistic|traditional,9,1.0,30.169978580135062,0.9595577005831758,0.911599024542588,0.9473499035252544,0.2367789989279342,8.236568392056636
adventurous|altruistic|forgiving|grandiose|impulsive|manipulative|traditional,7,1.0,39.97829175406377,0.9409949592078517,0.8912040702392657,0.934309306597228,0.27258997796366335,9.621349965306978
adventurous|altruistic|forgiving|grandiose|impulsive|innovative|manipulative|traditional,8,1.0,39.04032270458467,0.9439119425478621,0.8908292311472915,0.9356630296841658,0.2693916166068862,9.486377448686493
adventurous|altruistic|forgiving|grandiose|impulsive|innovative|introspective|manipulative|traditional,9,1.0,35.99538640917045,0.9505981660648358,0.8980466220906912,0.9347527773383153,0.2586475145625157,9.154104310983325
adventurous|altruistic|forgiving|grandiose|impulsive|innovative|introspective|judgmental|manipulative|traditional,10,1.0,33.244167262786924,0.9502655615425478,0.9161563293188778,0.9353541223382181,0.2485972247225577,8.797730705994745
adventurous|altruistic|forgiving|grandiose|impulsive|innovative|judgmental|manipulative|traditional,9,1.0,36.903392460721804,0.9441579729511889,0.9037619155816979,0.9363884735625914,0.2619448140834607,9.200300955078037
adventurous|altruistic|forgiving|grandiose|impulsive|introspective|manipulative|traditional,8,1.0,37.149513662808246,0.9470058609343325,0.8984408641696973,0.9332011307175898,0.26274495485149246,9.318525946258701
adventurous|altruistic|forgiving|grandiose|impulsive|introspective|judgmental|manipulative|traditional,9,1.0,34.41441935265455,0.9466490532930356,0.9165198748074732,0.9337624636456365,0.25291390688685467,8.99212239781601
adventurous|altruistic|forgiving|grandiose|impulsive|judgmental|manipulative|traditional,8,1.0,37.879890231452194,0.9411639674852477,0.9040908330139455,0.9349413152737613,0.26536609045605636,9.35904283014263
adventurous|altruistic|forgiving|grandiose|impulsive|optimistic,6,1.0,37.146489186781835,0.9508732494429083,0.8906872562394179,0.9337150869118651,0.26270433713219976,9.342249420914689
adventurous|altruistic|forgiving|grandiose|impulsive|innovative|optimistic,7,1.0,35.22700764059146,0.9560835050518688,0.8928695663306051,0.9337639580855477,0.25585757092006933,9.090312219446044
adventurous|altruistic|forgiving|grandiose|impulsive|innovative|introspective|optimistic,8,1.0,34.44997048769142,0.9558525270270184,0.8918860514034227,0.9458367645280316,0.25302684305851647,8.998807964549867
adventurous|altruistic|forgiving|grandiose|impulsive|innovative|introspective|judgmental|optimistic,9,1.0,31.14837850406601,0.9550162551911843,0.9144792956831664,0.9465854652714082,0.24062134678480582,8.50449014914774
adventurous|altruistic|forgiving|grandiose|impulsive|innovative|judgmental|optimistic,8,1.0,31.995773527316448,0.955128839678416,0.9147293079074508,0.9354492564404228,0.2438689521482438,8.603104082168995
adventurous|altruistic|forgiving|grandiose|impulsive|introspective|optimistic,7,1.0,36.157303596702924,0.9515611179307311,0.8900288302412231,0.9443871358516087,0.2591914981736184,9.226598965221433
adventurous|altruistic|forgiving|grandiose|impulsive|introspective|judgmental|optimistic,8,1.0,32.611452069032325,0.9509574612778762,0.9137142461300984,0.9452259717610171,0.24616882704353363,8.752909455661698
adventurous|altruistic|forgiving|grandiose|impulsive|judgmental|optimistic,7,1.0,33.772362600144135,0.9502364585009198,0.9128829600663327,0.9353748023539987,0.2505038117954917,8.89916687762637
adventurous|altruistic|forgiving|grandiose|impulsive|optimistic|pessimistic,7,0.1,34.08745842458916,0.9567797477949797,0.8953506689112127,0.940512375268889,0.25164820772435065,8.886996628891321
adventurous|altruistic|forgiving|grandiose|impulsive|innovative|optimistic|pessimistic,8,1.0,33.091183077523226,0.9599108289592431,0.8959914831501055,0.9398857844825125,0.2479638325531757,8.761961840839382
adventurous|altruistic|forgiving|grandiose|impulsive|innovative|introspective|optimistic|pessimistic,9,1.0,32.28704614914147,0.9597392754741009,0.8949648452094202,0.9521539725658622,0.24493809459940633,8.66292485683069
adventurous|altruistic|forgiving|grandiose|impulsive|innovative|introspective|judgmental|optimistic|pessimistic,10,1.0,29.272616141608353,0.958767809523725,0.9141978006873358,0.9562184040139736,0.23324065492106344,8.198618775348107
adventurous|altruistic|forgiving|grandiose|impulsive|innovative|judgmental|optimistic|pessimistic,9,1.0,30.058639646794603,0.9588731810151582,0.9144641782049178,0.9458210713155227,0.23634857591735065,8.282217832081528
adventurous|altruistic|forgiving|grandiose|impulsive|introspective|optimistic|pessimistic,8,1.0,33.476414379440584,0.957029365402012,0.8941906435510601,0.9491493704606735,0.2493889043198794,8.835675696378416
adventurous|altruistic|forgiving|grandiose|impulsive|introspective|judgmental|optimistic|pessimistic,9,1.0,30.381725385940364,0.9562519853396874,0.9136104935149414,0.9531466138667158,0.2375908465488692,8.389743711786819
adventurous|altruistic|forgiving|grandiose|impulsive|judgmental|optimistic|pessimistic,8,0.1,31.095360424426424,0.956160535525765,0.912618096518452,0.9467057762132268,0.24036029103806464,8.414794922168364
adventurous|altruistic|forgiving|grandiose|impulsive|optimistic|pessimistic|traditional,8,1.0,32.96359866601447,0.960369635198817,0.894859637230337,0.9418490352824342,0.24749247428282317,8.76207298274061
adventurous|altruistic|forgiving|grandiose|impulsive|innovative|optimistic|pessimistic|traditional,9,1.0,32.17399765269032,0.9604392193204137,0.8967410797976704,0.9476488517303985,0.24450879055280217,8.658129939668369
adventurous|altruistic|forgiving|grandiose|impulsive|innovative|introspective|optimistic|pessimistic|traditional,10,1.0,31.498992429949944,0.9602278376703349,0.8958160513473571,0.9583149161450024,0.24193402209800224,8.570332679096678
adventurous|altruistic|forgiving|grandiose|impulsive|innovative|introspective|judgmental|optimistic|pessimistic|traditional,11,1.0,28.313107736322802,0.9591768428619879,0.9159064367684646,0.9631405954528952,0.22939169111484792,8.077543921667138
adventurous|altruistic|forgiving|grandiose|impulsive|innovative|judgmental|optimistic|pessimistic|traditional,10,1.0,29.01686256547647,0.9592602496831227,0.9157960075592372,0.9545187025479387,0.2322240119977239,8.15145062841376
adventurous|altruistic|forgiving|grandiose|impulsive|introspective|optimistic|pessimistic|traditional,9,1.0,32.63854503192256,0.9600870693008839,0.8938684375195182,0.948661923191637,0.24627200883645115,8.727665717012501
adventurous|altruistic|forgiving|grandiose|impulsive|introspective|judgmental|optimistic|pessimistic|traditional,10,1.0,29.620563760016374,0.9590505881438471,0.9131507976706175,0.9529236214414287,0.23462398921318622,8.276673814222201
adventurous|altruistic|forgiving|grandiose|impulsive|judgmental|optimistic|pessimistic|traditional,9,1.0,30.089173127277682,0.9592079551802697,0.9125674212266054,0.9477609177103349,0.236472927343928,8.313552434655332
adventurous|altruistic|forgiving|grandiose|impulsive|optimistic|traditional,7,1.0,35.09509669519734,0.9565648016901513,0.8907140851860258,0.9376264302609674,0.25538034590074565,9.063606545107993
adventurous|altruistic|forgiving|grandiose|impulsive|innovative|optimistic|traditional,8,1.0,34.24911882853698,0.9567579706055351,0.8933599883615223,0.9422199921351546,0.25228516525458533,8.969673846614919
adventurous|altruistic|forgiving|grandiose|impulsive|innovative|introspective|optimistic|traditional,9,1.0,33.648005016984634,0.9564250353334292,0.8924428164999122,0.9524137562151969,0.25006714978612116,8.89865201715236
adventurous|altruistic|forgiving|grandiose|impulsive|innovative|introspective|judgmental|optimistic|traditional,10,1.0,30.17070747063922,0.9554761526144405,0.9160927839848766,0.9537245079539025,0.2368195806956974,8.381837344554343
adventurous|altruistic|forgiving|grandiose|impulsive|innovative|judgmental|optimistic|traditional,9,1.0,30.88835360638431,0.9556159643736375,0.915977693688939,0.9447391424496165,0.2396173275309129,8.458888414113499
adventurous|altruistic|forgiving|grandiose|impulsive|introspective|optimistic|traditional,8,1.0,34.81743193943582,0.956147481080722,0.8897571237709094,0.9442877112284137,0.2543725395439003,9.043312869338482
adventurous|altruistic|forgiving|grandiose|impulsive|introspective|judgmental|optimistic|traditional,9,1.0,31.38323695062178,0.9551959130107891,0.9132042668571895,0.9454763699880103,0.2415237108703099,8.562228349701593
adventurous|altruistic|forgiving|grandiose|impulsive|judgmental|optimistic|traditional,8,1.0,31.886211981753302,0.9554042400637357,0.9125689653345179,0.9398108010782399,0.2434506480738254,8.604662183665008
adventurous|altruistic|forgiving|grandiose|impulsive|pessimistic,6,1.0,35.59329772082785,0.9562740343183145,0.8881415866774921,0.9376187286419845,0.25713931858788336,9.070640876963767
adventurous|altruistic|forgiving|grandiose|impulsive|innovative|pessimistic,7,1.0,34.13745471699698,0.9598282869328375,0.8906114379686202,0.9375798641876052,0.2518499658677644,8.872429914270402
adventurous|altruistic|forgiving|grandiose|impulsive|innovative|introspective|pessimistic,8,1.0,32.96437824609933,0.9595982724427032,0.8906734954618837,0.9525078152151412,0.2474866685201219,8.750467884009351
adventurous|altruistic|forgiving|grandiose|impulsive|innovative|introspective|judgmental|pessimistic,9,1.0,29.36022118147332,0.9586220220637987,0.9138672817301153,0.9563223881675712,0.23358433239585422,8.204937775956424
adventurous|altruistic|forgiving|grandiose|impulsive|innovative|judgmental|pessimistic,8,1.0,30.68726671023445,0.9588085933247585,0.9126741987159621,0.9417959853517551,0.23880407358864572,8.343583797645987
adventurous|altruistic|forgiving|grandiose|impulsive|introspective|pessimistic,7,1.0,34.08774964545058,0.9569912633176842,0.8900473881664343,0.9496551995854489,0.2516474116468032,8.903853662917758
adventurous|altruistic|forgiving|grandiose|impulsive|introspective|judgmental|pessimistic,8,1.0,30.42872313200728,0.9561934031060894,0.9133313034937808,0.9533336228170814,0.2377678891716356,8.387319282015204
adventurous|altruistic|forgiving|grandiose|impulsive|judgmental|pessimistic,7,1.0,32.11928808909393,0.9555813469619944,0.9097258736726259,0.9418487237768133,0.24427762909837997,8.582163371181451
adventurous|altruistic|forgiving|grandiose|impulsive|pessimistic|traditional,7,1.0,33.87691088110198,0.9605125539573193,0.8888700313694852,0.941474996001331,0.25089252774101,8.831863463565
adventurous|altruistic|forgiving|grandiose|impulsive|innovative|pessimistic|traditional,8,1.0,33.16194428635798,0.9605475869325357,0.8900959966720215,0.9477208853007835,0.2482295913143409,8.751240768398604
adventurous|altruistic|forgiving|grandiose|impulsive|innovative|introspective|pessimistic|traditional,9,1.0,32.29711938103748,0.9602332912362592,0.8905446989924154,0.9585038064950435,0.2449720613296658,8.674175364677309
adventurous|altruistic|forgiving|grandiose|impulsive|innovative|introspective|judgmental|pessimistic|traditional,10,1.0,28.434672534579402,0.9592472017051774,0.9148133475132096,0.9634730006287536,0.2298772467346269,8.080655124115877
adventurous|altruistic|forgiving|grandiose|impulsive|innovative|judgmental|pessimistic|traditional,9,1.0,29.47799131300352,0.9594680059906814,0.9129433710166581,0.9535185137213413,0.23405750483076215,8.173482275588624
adventurous|altruistic|forgiving|grandiose|impulsive|introspective|pessimistic|traditional,8,1.0,33.20290215681387,0.9601721547949008,0.8897634537551402,0.9492142942202915,0.24838359509373786,8.783495408964743
adventurous|altruistic|forgiving|grandiose|impulsive|introspective|judgmental|pessimistic|traditional,9,1.0,29.60438163020704,0.9592135583182593,0.9127994417693286,0.9532022341910904,0.23455311218379032,8.258527992633232
adventurous|altruistic|forgiving|grandiose|impulsive|judgmental|pessimistic|traditional,8,1.0,30.50808009355986,0.9594578018161788,0.9101960454401569,0.9462207860715577,0.2381084783464683,8.329143986237089
adventurous|altruistic|forgiving|grandiose|impulsive|traditional,6,1.0,40.285324844468995,0.9410338506320084,0.8887918111293611,0.9349840622397713,0.27362675726893865,9.792841627036228
adventurous|altruistic|forgiving|grandiose|impulsive|innovative|traditional,7,1.0,38.80206247786937,0.9452287161586699,0.8894618645875186,0.9363399711089816,0.26855677059812944,9.585762790402098
adventurous|altruistic|forgiving|grandiose|impulsive|innovative|introspective|traditional,8,1.0,36.87106530886245,0.951154293222705,0.8911210155956483,0.9350434017781435,0.2617787321749543,9.352075024877301
adventurous|altruistic|forgiving|grandiose|impulsive|innovative|introspective|judgmental|traditional,9,1.0,33.62535128423207,0.950444118417053,0.9132981898687117,0.9354338127725985,0.25001558269720753,8.915368282698827
adventurous|altruistic|forgiving|grandiose|impulsive|innovative|judgmental|traditional,8,1.0,36.307235839705505,0.9454642429768412,0.9049579955496483,0.9366667201509928,0.2598039487534754,9.183950622822922
adventurous|altruistic|forgiving|grandiose|impulsive|introspective|traditional,7,1.0,38.09046740899973,0.948038922858393,0.890024311122111,0.9337243892330357,0.26606239349942706,9.518854683064232
adventurous|altruistic|forgiving|grandiose|impulsive|introspective|judgmental|traditional,8,1.0,34.729430021006024,0.9474168852338826,0.9127295103873778,0.9342269484225213,0.2540687913249366,9.093849775957631
adventurous|altruistic|forgiving|grandiose|impulsive|judgmental|traditional,7,1.0,37.525539927013654,0.9417179680175527,0.9050720061700843,0.9354373124596302,0.26410526392179734,9.37469975428489
adventurous|altruistic|forgiving|grandiose|innovative|introspective,6,0.01,48.98528004256563,0.9168821586513126,0.880675019518078,0.9329185443721759,0.3017257862105945,10.746296839850705
adventurous|altruistic|forgiving|grandiose|innovative|introspective|judgmental,7,0.1,40.80031729568044,0.9270088591405682,0.913202196228354,0.9340767954741352,0.2754365689211608,9.707949646853855
adventurous|altruistic|forgiving|grandiose|innovative|judgmental,6,0.1,42.151109174609175,0.9281700140896065,0.9019454646973291,0.9345527653712385,0.2799453235193567,9.804020209564932
adventurous|altruistic|forgiving|grandiose|introspective|judgmental,6,1.0,47.8735374616626,0.9037131897766029,0.9128164412159946,0.9344167704179387,0.29827409029822494,10.640835641535928
adventurous|altruistic|forgiving|grandiose|innovative|manipulative,6,0.1,44.60869736745766,0.9291700145655967,0.8848636428576552,0.9331564934021226,0.28795988569799386,10.159625697341239
adventurous|altruistic|forgiving|grandiose|innovative|introspective|manipulative,7,0.1,42.84171379498277,0.9284521753351787,0.8979254978480841,0.9327379013585402,0.2822096289900364,10.056931676699028
adventurous|altruistic|forgiving|grandiose|innovative|introspective|judgmental|manipulative,8,0.1,39.130694716518505,0.931264170925956,0.9158591767869961,0.9337337257183086,0.2697657421603077,9.540368219830997
adventurous|altruistic|forgiving|grandiose|innovative|judgmental|manipulative,7,0.1,41.05683268594625,0.932036007366805,0.9016392264896077,0.934194517077852,0.2763104941195608,9.704122511348473
adventurous|altruistic|forgiving|grandiose|introspective|manipulative,6,1.0,46.00531671661356,0.9175244563081174,0.8985585104822718,0.9332474024941794,0.29240601597732147,10.465589667945764
adventurous|altruistic|forgiving|grandiose|judgmental|manipulative,6,1.0,46.28514224514563,0.9171716306896409,0.8967275137534153,0.9344550301406684,0.29332325842570667,10.456550790594227
adventurous|altruistic|forgiving|grandiose|manipulative|optimistic,6,1.0,47.61259072783685,0.9133973839067435,0.8953130823888441,0.9349753729264282,0.29745167897092717,10.547933122864952
adventurous|altruistic|forgiving|grandiose|innovative|manipulative|optimistic,7,0.1,41.282895445630764,0.9332987247816511,0.8973687759267468,0.9350438306411665,0.27700994597436757,9.76565684043005
adventurous|altruistic|forgiving|grandiose|innovative|introspective|manipulative|optimistic,8,0.1,39.01461360459203,0.9371414610473222,0.8997491430559527,0.9440070328197601,0.26930580090446854,9.589028379477607
adventurous|altruistic|forgiving|grandiose|innovative|introspective|judgmental|manipulative|optimistic,9,0.1,35.283995844841655,0.9393521801566337,0.9187853883056303,0.9453744512137003,0.2561649160838904,9.04196124530646
adventurous|altruistic|forgiving|grandiose|innovative|judgmental|manipulative|optimistic,8,0.1,37.29009481898011,0.9359873087316999,0.9174190181402361,0.9359442189665879,0.26333006596131703,9.245460236100381
adventurous|altruistic|forgiving|grandiose|introspective|manipulative|optimistic,7,0.1,40.77834118902483,0.9315439333700404,0.8998668922091128,0.9429519289783811,0.275295943510426,9.812651872904645
adventurous|altruistic|forgiving|grandiose|judgmental|manipulative|optimistic,7,1.0,43.03410575826906,0.9174861048374796,0.9164516409438067,0.9358765545864807,0.2828243553753653,10.097004231705709
adventurous|altruistic|forgiving|grandiose|manipulative|optimistic|pessimistic,7,0.1,41.57190409870962,0.9278497382365722,0.9027137074458526,0.9415714901811854,0.27794222670383856,9.884983512915408
adventurous|altruistic|forgiving|grandiose|innovative|manipulative|optimistic|pessimistic,8,0.1,38.02068598463386,0.939780841762854,0.9025472367878946,0.9412777805979424,0.26582740552682893,9.348404214926726
adventurous|altruistic|forgiving|grandiose|innovative|introspective|manipulative|optimistic|pessimistic,9,0.1,36.08066537647099,0.9430390053843878,0.9045336143527233,0.9491478133578612,0.2589657494845097,9.157952579826041
adventurous|altruistic|forgiving|grandiose|innovative|introspective|judgmental|manipulative|optimistic|pessimistic,10,1.0,33.33580749626937,0.942941405901566,0.9193587216455069,0.9549222928197715,0.24896165170627793,8.798899939156273
adventurous|altruistic|forgiving|grandiose|innovative|judgmental|manipulative|optimistic|pessimistic,9,0.1,35.28230308990502,0.9398879121929928,0.9170322177251872,0.9468269668782369,0.25612560379233346,8.966137697823626
adventurous|altruistic|forgiving|grandiose|introspective|manipulative|optimistic|pessimistic,8,0.1,37.07842636443574,0.9401251263895437,0.9051695155915045,0.9465775361927282,0.26250091931845826,9.311484408482668
adventurous|altruistic|forgiving|grandiose|introspective|judgmental|manipulative|optimistic|pessimistic,9,1.0,34.43968607841354,0.9399079624909107,0.9197871959397541,0.9518940970352301,0.25302575058860177,8.967341071216985
adventurous|altruistic|forgiving|grandiose|judgmental|manipulative|optimistic|pessimistic,8,0.1,38.91777836064965,0.9278896256728201,0.9167384196699829,0.947236217345076,0.26896068067967893,9.539238021746606
adventurous|altruistic|forgiving|grandiose|manipulative|optimistic|pessimistic|traditional,8,0.1,39.50086750292925,0.934076274479799,0.9025597027956241,0.9441267532271524,0.270957072286922,9.610603215223463
adventurous|altruistic|forgiving|grandiose|innovative|manipulative|optimistic|pessimistic|traditional,9,0.1,37.19041809108667,0.9395186930082465,0.9042965058937156,0.9490019353085187,0.26291576965640584,9.245979664861524
adventurous|altruistic|forgiving|grandiose|innovative|introspective|manipulative|optimistic|pessimistic|traditional,10,0.1,35.11691947137433,0.9427752802994332,0.9065115662292598,0.9580710285913525,0.25549002369304596,9.03979659174807
adventurous|altruistic|forgiving|grandiose|innovative|introspective|judgmental|manipulative|optimistic|pessimistic|traditional,11,0.1,32.45173719152644,0.9426383915397579,0.920504605013955,0.9645589421466373,0.24565201704052958,8.641904193064015
adventurous|altruistic|forgiving|grandiose|innovative|judgmental|manipulative|optimistic|pessimistic|traditional,10,0.1,34.470593770067836,0.9394812065417794,0.918808299006386,0.9548192786154643,0.253165832559091,8.872962462598858
adventurous|altruistic|forgiving|grandiose|introspective|manipulative|optimistic|pessimistic|traditional,9,1.0,36.545250205859155,0.9412392141553634,0.9063073376555276,0.9468136893537115,0.2606156251191089,9.28669140243072
adventurous|altruistic|forgiving|grandiose|introspective|judgmental|manipulative|optimistic|pessimistic|traditional,10,1.0,34.042075407240986,0.9409942184077055,0.9201459101336499,0.9520232505685838,0.2515773510708774,8.919707184293767
adventurous|altruistic|forgiving|grandiose|judgmental|manipulative|optimistic|pessimistic|traditional,9,1.0,36.93269660345134,0.933948700227554,0.9166649810005589,0.9492176492039867,0.2620389030605438,9.311158815437638
adventurous|altruistic|forgiving|grandiose|manipulative|optimistic|traditional,7,1.0,43.782261284897615,0.9246018289337505,0.8953135821298954,0.9403805467911712,0.2852625031504443,10.121150825105968
adventurous|altruistic|forgiving|grandiose|innovative|manipulative|optimistic|traditional,8,0.1,40.58770193222657,0.9327604234828345,0.8988952343887961,0.9425441957696746,0.2746776847632971,9.686746934021235
adventurous|altruistic|forgiving|grandiose|innovative|introspective|manipulative|optimistic|traditional,9,0.1,38.15555759604492,0.9366846912051346,0.9015412737930072,0.9527040566546711,0.26633356012560183,9.492001331385495
adventurous|altruistic|forgiving|grandiose|innovative|introspective|judgmental|manipulative|optimistic|traditional,10,0.1,34.420299677881374,0.9387928250793337,0.9207406725466885,0.9542148425066703,0.2530159848992037,8.946593568323992
adventurous|altruistic|forgiving|grandiose|innovative|judgmental|manipulative|optimistic|traditional,9,0.1,36.600508603438215,0.9353531038087497,0.9190485634549903,0.9435517073962335,0.2608903150687395,9.163265747278436
adventurous|altruistic|forgiving|grandiose|introspective|manipulative|optimistic|traditional,8,0.1,39.95057446818529,0.9339437779042915,0.9001764066185215,0.9435733829872448,0.2725070265284093,9.715547984541995
adventurous|altruistic|forgiving|grandiose|introspective|judgmental|manipulative|optimistic|traditional,9,1.0,36.15735415237627,0.9359739946706477,0.919854092059435,0.9452036922564738,0.25929090754619694,9.232811614748483
adventurous|altruistic|forgiving|grandiose|judgmental|manipulative|optimistic|traditional,8,1.0,39.449144307715606,0.9278633171603055,0.9161907166233492,0.9417848379300814,0.2708279378252923,9.633081757341587
adventurous|altruistic|forgiving|grandiose|manipulative|pessimistic,6,1.0,46.90565959386844,0.9200055089796567,0.8844611359633971,0.9397557288516368,0.29522099343839037,10.42249357728732
adventurous|altruistic|forgiving|grandiose|innovative|manipulative|pessimistic,7,0.1,40.68813196485907,0.9381063351619793,0.8894318285906614,0.9396300523072291,0.274981180985344,9.651371375911017
adventurous|altruistic|forgiving|grandiose|innovative|introspective|manipulative|pessimistic,8,0.1,37.13030602653781,0.9431375968496671,0.8973780671365502,0.949474128456191,0.26269651365794994,9.318480320216215
adventurous|altruistic|forgiving|grandiose|innovative|introspective|judgmental|manipulative|pessimistic,9,1.0,33.558994566737084,0.9429922157962135,0.917798537789923,0.9549586435828575,0.24979026138581684,8.815381577063894
adventurous|altruistic|forgiving|grandiose|innovative|judgmental|manipulative|pessimistic,8,0.1,36.42617752636473,0.9391549537019723,0.9134199291083914,0.9424143165640144,0.26023679110865194,9.08541147621612
adventurous|altruistic|forgiving|grandiose|introspective|manipulative|pessimistic,7,0.1,38.17111915339925,0.9401316083386239,0.8978331878771493,0.947053556563568,0.2663331959879149,9.459477054004273
adventurous|altruistic|forgiving|grandiose|judgmental|manipulative|pessimistic,7,1.0,42.1439817427375,0.9222183018956598,0.9094126911803828,0.94259854700025,0.27986948927164534,9.945555655333655
adventurous|altruistic|forgiving|grandiose|manipulative|pessimistic|traditional,7,1.0,42.67004306942262,0.9318086637310167,0.886282418376267,0.944482054767447,0.2816017025739932,9.939705646888951
adventurous|altruistic|forgiving|grandiose|innovative|manipulative|pessimistic|traditional,8,0.1,40.10452602732222,0.9376370005865726,0.8890619043572613,0.9490879534016139,0.2730069160205089,9.591255338059241
adventurous|altruistic|forgiving|grandiose|innovative|introspective|manipulative|pessimistic|traditional,9,0.1,36.42563526980103,0.9427969613631193,0.8978913818975657,0.9582832326060884,0.26019573578035043,9.249634853418968
adventurous|altruistic|forgiving|grandiose|innovative|introspective|judgmental|manipulative|pessimistic|traditional,10,0.1,32.73740918530267,0.9427911764427801,0.9182853089911753,0.9647009549121965,0.24672625102450435,8.673429564304527
adventurous|altruistic|forgiving|grandiose|innovative|judgmental|manipulative|pessimistic|traditional,9,0.1,35.65242428621761,0.9387015215494661,0.913885627255281,0.9525588696837289,0.2574636247825701,8.993452254835152
adventurous|altruistic|forgiving|grandiose|introspective|manipulative|pessimistic|traditional,8,1.0,37.689126446723456,0.9413258654380868,0.8985527636255336,0.9471527504563003,0.26465670399684477,9.435815717453352
adventurous|altruistic|forgiving|grandiose|introspective|judgmental|manipulative|pessimistic|traditional,9,1.0,34.29869734269919,0.941134373103983,0.9180742907812701,0.952288719906783,0.25251908888434454,8.935180119467258
adventurous|altruistic|forgiving|grandiose|judgmental|manipulative|pessimistic|traditional,8,1.0,38.267331326161454,0.9329332987905623,0.910496868042374,0.9482957292212472,0.2667258935995531,9.427054588638098
adventurous|altruistic|forgiving|grandiose|manipulative|traditional,6,1.0,47.610864477950386,0.9196251753751118,0.8830953000307912,0.9349869929050475,0.2974750912161625,10.559178895665964
adventurous|altruistic|forgiving|grandiose|innovative|manipulative|traditional,7,0.1,44.292310792122436,0.9300304442778089,0.8836515931594416,0.9360984305611953,0.28694138444551515,10.100977845038623
adventurous|altruistic|forgiving|grandiose|innovative|introspective|manipulative|traditional,8,0.1,42.392696646948124,0.9292135187861783,0.898417451242192,0.9344556994404514,0.2807337817678872,9.997511158117916
adventurous|altruistic|forgiving|grandiose|innovative|introspective|judgmental|manipulative|traditional,9,0.1,38.840426861027694,0.9317891330433918,0.915847435662479,0.9353442506893083,0.26876746857243516,9.502150181879118
adventurous|altruistic|forgiving|grandiose|innovative|judgmental|manipulative|traditional,8,0.1,40.86389293625279,0.9325770229081112,0.9002704025552447,0.9370947838256645,0.2756667108527935,9.665279008320814
adventurous|altruistic|forgiving|grandiose|introspective|manipulative|traditional,7,1.0,45.238033668172775,0.9198336937753422,0.8989731916164424,0.9333018997470578,0.28996732025102384,10.410155664551851
adventurous|altruistic|forgiving|grandiose|introspective|judgmental|manipulative|traditional,8,1.0,41.302659586868174,0.9233580443017769,0.9169824754274248,0.9342981739747369,0.2771131941058524,9.919311167377106
adventurous|altruistic|forgiving|grandiose|judgmental|manipulative|traditional,7,1.0,43.717692058671226,0.923143604486079,0.90074369396048,0.9361488713294516,0.28510258591509435,10.140456020567322
adventurous|altruistic|forgiving|grandiose|innovative|optimistic,6,0.01,46.02759785018376,0.9281337585221217,0.8774830444697737,0.9336902804701773,0.292464039704815,10.328684296695151
adventurous|altruistic|forgiving|grandiose|innovative|introspective|optimistic,7,0.1,43.66411920747224,0.9325203964219568,0.8797331261316814,0.9420087686391128,0.284882468364967,10.165972897079909
adventurous|altruistic|forgiving|grandiose|innovative|introspective|judgmental|optimistic,8,0.1,36.56726638910983,0.937691572355349,0.9138694553427981,0.9451009676652292,0.26077114199030615,9.175839145803595
adventurous|altruistic|forgiving|grandiose|innovative|judgmental|optimistic,7,0.1,38.497304200313,0.9343107024336876,0.9128130542799188,0.936092911024655,0.26754286232435065,9.375385445718955
adventurous|altruistic|forgiving|grandiose|introspective|optimistic,6,0.1,49.3973276605155,0.9179934535975244,0.8727015235555333,0.9386872797154133,0.3030137331775041,10.8647821785649
adventurous|altruistic|forgiving|grandiose|introspective|judgmental|optimistic,7,0.1,40.11345104227574,0.9274341133475457,0.9121174553996911,0.942965330663434,0.2730838695799157,9.625751992797271
adventurous|altruistic|forgiving|grandiose|judgmental|optimistic,6,1.0,49.59640585025641,0.9016554855141385,0.9047299903766461,0.9361719511169694,0.30359298056531875,10.845980776574141
adventurous|altruistic|forgiving|grandiose|optimistic|pessimistic,6,0.1,53.96584193380512,0.9043439385551706,0.8694063748684031,0.9393476324745904,0.3167070468590158,11.359313695000317
adventurous|altruistic|forgiving|grandiose|innovative|optimistic|pessimistic,7,0.1,42.83088104294305,0.934425552062585,0.882583515203843,0.939944955252855,0.2821181666647722,9.948925934703489
adventurous|altruistic|forgiving|grandiose|innovative|introspective|optimistic|pessimistic,8,0.1,40.835386881092816,0.9381699113291494,0.8843089630261061,0.9471533708609531,0.27548823972328923,9.778427691839283
adventurous|altruistic|forgiving|grandiose|innovative|introspective|judgmental|optimistic|pessimistic,9,0.1,35.000764234755096,0.9404331876106599,0.9131423048610172,0.9555124252459928,0.25510389109423176,8.930208593367013
adventurous|altruistic|forgiving|grandiose|innovative|judgmental|optimistic|pessimistic,8,0.1,36.81599647085696,0.9372016973781373,0.9120633303941436,0.9473825089604413,0.2616175182968616,9.130942304544241
adventurous|altruistic|forgiving|grandiose|introspective|optimistic|pessimistic,7,1.0,44.775111230775906,0.9285224603904814,0.8806712961227345,0.9414088456113135,0.28847806277495175,10.326816492445474
adventurous|altruistic|forgiving|grandiose|introspective|judgmental|optimistic|pessimistic,8,1.0,37.92509181463352,0.9325092215801601,0.9122159662302031,0.9508310730292291,0.2655153610525053,9.399760684782583
adventurous|altruistic|forgiving|grandiose|judgmental|optimistic|pessimistic,7,0.1,45.48277466399448,0.9121518885759301,0.9048067440386768,0.9474621007284225,0.29075384519379466,10.343246455664985
adventurous|altruistic|forgiving|grandiose|optimistic|pessimistic|traditional,7,1.0,48.95846606085382,0.9201462258757866,0.8707197234261622,0.9398421922484193,0.30166698053716706,10.805007319357882
adventurous|altruistic|forgiving|grandiose|innovative|optimistic|pessimistic|traditional,8,0.01,41.27338777507448,0.9347040605112578,0.8874780265126512,0.9486812124008539,0.27693223355737173,9.741300532666504
adventurous|altruistic|forgiving|grandiose|innovative|introspective|optimistic|pessimistic|traditional,9,0.1,39.17838293905575,0.9382482945437001,0.8893625369842233,0.9575209204946922,0.26983477329382705,9.578744085761459
adventurous|altruistic|forgiving|grandiose|innovative|introspective|judgmental|optimistic|pessimistic|traditional,10,0.1,33.76883655500777,0.9402546661681432,0.9165548456574173,0.9647219043642743,0.25057330931828753,8.80446438871466
adventurous|altruistic|forgiving|grandiose|innovative|judgmental|optimistic|pessimistic|traditional,9,0.1,35.73416185858342,0.9370870952268416,0.915165570666165,0.9551214602804223,0.25774298331301204,9.017986174057487
adventurous|altruistic|forgiving|grandiose|introspective|optimistic|pessimistic|traditional,8,1.0,43.82634909812287,0.9320240778675597,0.8802954003152941,0.9407722090766039,0.28541967365840654,10.213885703482203
adventurous|altruistic|forgiving|grandiose|introspective|judgmental|optimistic|pessimistic|traditional,9,1.0,37.13043122008459,0.9353922752450452,0.911791015409043,0.9506543434087588,0.26274145080691647,9.301574504696875
adventurous|altruistic|forgiving|grandiose|judgmental|optimistic|pessimistic|traditional,8,1.0,41.132310977045584,0.9255590325084418,0.9060687285555671,0.9487539678436998,0.2765337722862563,9.837722266894971
adventurous|altruistic|forgiving|grandiose|optimistic|traditional,6,0.1,54.42629033792427,0.9083306915740722,0.85992303262196,0.9368915791234821,0.31806704019485216,11.301687820950347
adventurous|altruistic|forgiving|grandiose|innovative|optimistic|traditional,7,0.01,44.63419234930765,0.9281496252508341,0.8819324479315326,0.9422050427302513,0.28800114387574416,10.186941322684174
adventurous|altruistic|forgiving|grandiose|innovative|introspective|optimistic|traditional,8,0.01,42.129860776599024,0.9324935183439123,0.884279524115994,0.9522140603487624,0.2798290297832573,10.005458462342675
adventurous|altruistic|forgiving|grandiose|innovative|introspective|judgmental|optimistic|traditional,9,0.1,35.41612831205512,0.9373116436424701,0.917008769401688,0.9545755685257531,0.25663400914401024,9.048290753356802
adventurous|altruistic|forgiving|grandiose|innovative|judgmental|optimistic|traditional,8,0.1,37.51418298367767,0.9339387541079262,0.9156464783313888,0.9440713178571506,0.26410477929953813,9.259284993040314
adventurous|altruistic|forgiving|grandiose|introspective|optimistic|traditional,7,0.1,47.692041142381,0.923970272953103,0.8723559606379603,0.938111387840175,0.2977552587614585,10.644508662467809
adventurous|altruistic|forgiving|grandiose|introspective|judgmental|optimistic|traditional,8,1.0,38.91963156166217,0.9313144443003164,0.9119928602852218,0.9434494667829034,0.2690048143048955,9.547761511937104
adventurous|altruistic|forgiving|grandiose|judgmental|optimistic|traditional,7,1.0,43.30361169563861,0.9204060581444711,0.9061302532970338,0.941131866826166,0.28373872862155575,10.086934454458296
adventurous|altruistic|forgiving|grandiose|innovative|pessimistic,6,0.01,44.381233550300934,0.9341626514953094,0.8744330122904533,0.9373899578054191,0.287169755981584,10.100244477619366
adventurous|altruistic|forgiving|grandiose|innovative|introspective|pessimistic,7,0.1,41.13752676163621,0.9387130359616791,0.8811203628795827,0.9474890951795544,0.2765001307161129,9.834070359477513
adventurous|altruistic|forgiving|grandiose|innovative|introspective|judgmental|pessimistic,8,0.1,34.88630903139733,0.9407035063713899,0.9135735784805618,0.9551233275874009,0.25468152169129243,8.92217696237537
adventurous|altruistic|forgiving|grandiose|innovative|judgmental|pessimistic,7,0.1,37.35032518820661,0.9374980618729178,0.9107833965829745,0.9422335987680424,0.2635042901277529,9.181786782306691
adventurous|altruistic|forgiving|grandiose|introspective|pessimistic,6,0.1,44.87444351463091,0.9295396936286796,0.8776998367240143,0.9420506468774921,0.2887966087587961,10.295134473214508
adventurous|altruistic|forgiving|grandiose|introspective|judgmental|pessimistic,7,1.0,37.795175636813156,0.9327858173479389,0.9125109817423218,0.9508728424757505,0.26505197534213415,9.386394100729643
adventurous|altruistic|forgiving|grandiose|judgmental|pessimistic,6,1.0,47.679416972473476,0.9088405192746088,0.8996868706023315,0.9425946680592223,0.29766816314150785,10.615466218467324
adventurous|altruistic|forgiving|grandiose|pessimistic|traditional,6,1.0,50.78894695844626,0.9197001145546256,0.859597138685334,0.9400936952255553,0.307250642936497,10.934166563039938
adventurous|altruistic|forgiving|grandiose|innovative|pessimistic|traditional,7,0.01,43.27500832465958,0.9340226879663339,0.8758539648056294,0.9486721636021573,0.28356113171423936,9.99109087338357
adventurous|altruistic|forgiving|grandiose|innovative|introspective|pessimistic|traditional,8,0.1,39.86774993264889,0.9387534944899659,0.8836802100933258,0.9579609222211866,0.2721939274201384,9.71142737196964
adventurous|altruistic|forgiving|grandiose|innovative|introspective|judgmental|pessimistic|traditional,9,0.1,33.75940170471431,0.9406278107585875,0.9157642249891167,0.9649699742749237,0.2505327691721278,8.795685998371363
adventurous|altruistic|forgiving|grandiose|innovative|judgmental|pessimistic|traditional,8,0.1,36.298293259089256,0.9372647837290911,0.9122393393903313,0.9531167173006273,0.2597660282503157,9.059165045574062
adventurous|altruistic|forgiving|grandiose|introspective|pessimistic|traditional,7,0.1,43.99648259882075,0.9328544240777779,0.8772792193869883,0.9413274677673157,0.28597030633578696,10.187745462047182
adventurous|altruistic|forgiving|grandiose|introspective|judgmental|pessimistic|traditional,8,1.0,37.03344223054224,0.9355463369029746,0.9120362682340984,0.9508398315924661,0.2623891078332931,9.290167093784252
adventurous|altruistic|forgiving|grandiose|judgmental|pessimistic|traditional,7,1.0,41.53077281556889,0.9260490862012857,0.9032631496553023,0.9474126853889978,0.2778607844867213,9.840655132509507
adventurous|altruistic|forgiving|grandiose|innovative|traditional,6,0.001,47.946099524371334,0.9222678320057102,0.8749917407835524,0.9364994993297566,0.2985012600905849,10.563836002509923
adventurous|altruistic|forgiving|grandiose|innovative|introspective|traditional,7,0.001,47.12371703633996,0.9206243734197098,0.8844448761824613,0.9347419381226164,0.29594363066050494,10.5519854139967
adventurous|altruistic|forgiving|grandiose|innovative|introspective|judgmental|traditional,8,0.1,40.00563343384816,0.9288412367212795,0.9141162304631677,0.9353082959408562,0.2727423260022894,9.622759637176815
adventurous|altruistic|forgiving|grandiose|innovative|judgmental|traditional,7,0.1,41.48546222786005,0.9302188087956996,0.9008865738462966,0.9371128281558633,0.2777285065424834,9.721624557405113
adventurous|altruistic|forgiving|grandiose|introspective|traditional,6,1.0,59.795210646075496,0.8856222699368987,0.8715688347858999,0.933140733141198,0.33334375650558223,12.095661444894136
adventurous|altruistic|forgiving|grandiose|judgmental|traditional,6,1.0,48.11703933942955,0.9097920726269644,0.8981974473181377,0.9364575875935027,0.2990683862124295,10.64978123959328
adventurous|altruistic|forgiving|impulsive|innovative|introspective,6,1.0,94.04849163859936,0.8620664921996178,0.7079583440287496,0.9098599595052026,0.418072413355965,14.376507410219617
adventurous|altruistic|forgiving|impulsive|innovative|introspective|judgmental,7,1.0,84.33493918732616,0.8907070867409393,0.7134323498452617,0.9127302717743435,0.3959021353373056,13.50026719203974
adventurous|altruistic|forgiving|impulsive|innovative|judgmental,6,1.0,90.38783960200868,0.880226001123068,0.6943197696460036,0.9132735061052047,0.40988193467729156,13.839738142029738
adventurous|altruistic|forgiving|impulsive|introspective|judgmental,6,1.0,86.57453827459994,0.8882313185654953,0.7039754598537474,0.9124034082069216,0.4011060993265256,13.821079198692775
adventurous|altruistic|forgiving|impulsive|innovative|manipulative,6,1.0,94.08651854444557,0.8615587125727391,0.7058180822247171,0.9150043825241513,0.41820254892013853,14.562172493899372
adventurous|altruistic|forgiving|impulsive|innovative|introspective|manipulative,7,1.0,89.95367215631991,0.8705592292442811,0.7150003153241051,0.9152156258401823,0.4088874143042199,14.293684706694036
adventurous|altruistic|forgiving|impulsive|innovative|introspective|judgmental|manipulative,8,1.0,83.26563014026027,0.891387281500064,0.7173729611084245,0.9157111902774352,0.39340902673394057,13.532451233361117
adventurous|altruistic|forgiving|impulsive|innovative|judgmental|manipulative,7,1.0,85.71436059972335,0.886724963941723,0.7109046780083653,0.9149733784003343,0.39918513515964377,13.69527533470029
adventurous|altruistic|forgiving|impulsive|introspective|manipulative,6,1.0,92.30273903048926,0.8709914475877445,0.7000169831489569,0.9132190135610783,0.4141845004423488,14.548957032080986
adventurous|altruistic|forgiving|impulsive|introspective|judgmental|manipulative,7,1.0,85.79743648041858,0.8905111266901253,0.7036061644066516,0.9140445063983418,0.3993291216619308,13.873708193128612
adventurous|altruistic|forgiving|impulsive|judgmental|manipulative,6,1.0,90.38091403891727,0.8874804879394318,0.6795532769530199,0.9142507635740907,0.40990834034260804,14.086333936152574
adventurous|altruistic|forgiving|impulsive|manipulative|optimistic,6,1.0,86.58912951726207,0.8869708370692992,0.7026493494521304,0.9189834339090738,0.40120165597522994,14.070344185290026
adventurous|altruistic|forgiving|impulsive|innovative|manipulative|optimistic,7,1.0,82.97741036928898,0.8853209336805725,0.7292140988044047,0.9191891355056447,0.3927328184624641,13.691838493368898
adventurous|altruistic|forgiving|impulsive|innovative|introspective|manipulative|optimistic,8,1.0,82.12568283861175,0.8851796741155034,0.7279060534367776,0.9324581026259666,0.3907145812529236,13.619935723733397
adventurous|altruistic|forgiving|impulsive|innovative|introspective|judgmental|manipulative|optimistic,9,1.0,76.87237421969348,0.9021494346494187,0.7290167369422202,0.9320240277748847,0.3780269179723017,13.00041583676668
adventurous|altruistic|forgiving|impulsive|innovative|judgmental|manipulative|optimistic,8,1.0,77.80530052718623,0.9021656376487627,0.7303295943575439,0.9182324715685839,0.38030820877467414,13.090032610509445
adventurous|altruistic|forgiving|impulsive|introspective|manipulative|optimistic,7,1.0,85.36100978958575,0.8865383310273083,0.7071427167316708,0.9271181269892642,0.3983327238810503,13.968892165502362
adventurous|altruistic|forgiving|impulsive|introspective|judgmental|manipulative|optimistic,8,1.0,80.134498516593,0.9026332695580439,0.7096755247317856,0.9269532005890081,0.38594851481741826,13.407087821587979
adventurous|altruistic|forgiving|impulsive|judgmental|manipulative|optimistic,7,1.0,81.3628819096032,0.9025665462055508,0.7065455442489122,0.9181198885148221,0.3889034297164155,13.518189523770012
adventurous|altruistic|forgiving|impulsive|manipulative|optimistic|pessimistic,7,0.1,73.60269017476193,0.9186346906966826,0.7163940154112951,0.935255161625836,0.3698610475015032,12.896334334731923
adventurous|altruistic|forgiving|impulsive|innovative|manipulative|optimistic|pessimistic,8,0.1,68.66647973760946,0.9177697226747625,0.7497512973488001,0.9359664440938443,0.35722410684031825,12.349871726358291
adventurous|altruistic|forgiving|impulsive|innovative|introspective|manipulative|optimistic|pessimistic,9,0.1,68.14313985821009,0.917123412350418,0.7475806696002595,0.948700665789416,0.35586512560504696,12.2627725130097
adventurous|altruistic|forgiving|impulsive|innovative|introspective|judgmental|manipulative|optimistic|pessimistic,10,0.1,67.54141928061989,0.9187385230046493,0.7471253072796531,0.9508866692956256,0.35430340426164525,12.164609422499577
adventurous|altruistic|forgiving|impulsive|innovative|judgmental|manipulative|optimistic|pessimistic,9,0.1,68.02497212275757,0.9193394658369741,0.749408568850268,0.9385900289647271,0.35556429593882666,12.249939540503673
adventurous|altruistic|forgiving|impulsive|introspective|manipulative|optimistic|pessimistic,8,0.1,72.23255358435607,0.9181126605595196,0.7227657795705893,0.941941298038003,0.36638391720825764,12.787946550706724
adventurous|altruistic|forgiving|impulsive|introspective|judgmental|manipulative|optimistic|pessimistic,9,0.1,72.02322618455642,0.91944752997752,0.7210727972617045,0.942749559412845,0.36585673146675424,12.760874690390596
adventurous|altruistic|forgiving|impulsive|judgmental|manipulative|optimistic|pessimistic,8,0.1,73.14653093712238,0.9201398785202011,0.7154395783098377,0.93705004130079,0.3687176862212679,12.844962565296662
adventurous|altruistic|forgiving|impulsive|manipulative|optimistic|pessimistic|traditional,8,1.0,70.78457357819914,0.9256282862017778,0.7190249105682867,0.9387517763375595,0.36275439527578646,12.640911952487667
adventurous|altruistic|forgiving|impulsive|innovative|manipulative|optimistic|pessimistic|traditional,9,0.1,52.33631557753832,0.9357609943248791,0.8133724643128151,0.9490252545214015,0.3119175133908655,10.839091691050353
adventurous|altruistic|forgiving|impulsive|innovative|introspective|manipulative|optimistic|pessimistic|traditional,10,0.1,51.52800408157144,0.9354898914044735,0.8135309984292007,0.9595166978701911,0.3094989983696925,10.76940786648481
adventurous|altruistic|forgiving|impulsive|innovative|introspective|judgmental|manipulative|optimistic|pessimistic|traditional,11,0.1,50.364307557032156,0.9352872157434732,0.8185615573300716,0.9648807471293691,0.30600343868768226,10.599736979162577
adventurous|altruistic|forgiving|impulsive|innovative|judgmental|manipulative|optimistic|pessimistic|traditional,10,0.1,51.13100808041622,0.9355843014452754,0.8180110302222572,0.9555252990249724,0.30832547214690603,10.657088705334273
adventurous|altruistic|forgiving|impulsive|introspective|manipulative|optimistic|pessimistic|traditional,9,0.1,67.90269810245594,0.927305573521086,0.732445169197042,0.9426984097149044,0.35524461029819865,12.441883473941143
adventurous|altruistic|forgiving|impulsive|introspective|judgmental|manipulative|optimistic|pessimistic|traditional,10,1.0,67.66003740284029,0.9283932662553737,0.7314678533036083,0.9433868026446076,0.35463264649717846,12.402242069405874
adventurous|altruistic|forgiving|impulsive|judgmental|manipulative|optimistic|pessimistic|traditional,9,1.0,70.1297234832991,0.9275883890000005,0.7186208690892496,0.9402317198373148,0.36108459578691854,12.553428038010841
adventurous|altruistic|forgiving|impulsive|manipulative|optimistic|traditional,7,1.0,79.0799569000011,0.9054062372661813,0.7098810720197448,0.9289364912285805,0.383458575707898,13.390456322763121
adventurous|altruistic|forgiving|impulsive|innovative|manipulative|optimistic|traditional,8,0.1,57.96050183787313,0.9198363075043373,0.8115642153232551,0.9422967590572072,0.32826748928573335,11.406481284284958
adventurous|altruistic|forgiving|impulsive|innovative|introspective|manipulative|optimistic|traditional,9,0.1,57.15979005284125,0.9195599481492269,0.8118404770943721,0.9524914011624334,0.32599287738554167,11.337318878082966
adventurous|altruistic|forgiving|impulsive|innovative|introspective|judgmental|manipulative|optimistic|traditional,10,0.1,55.123227218906926,0.9254865796637997,0.8132063668010181,0.9529049480322488,0.32015292940206197,11.062818207002865
adventurous|altruistic|forgiving|impulsive|innovative|judgmental|manipulative|optimistic|traditional,9,0.1,55.927119629591836,0.9258092199139627,0.8126562311761247,0.943008753378671,0.32247932215729896,11.119573704624887
adventurous|altruistic|forgiving|impulsive|introspective|manipulative|optimistic|traditional,8,1.0,75.85451405240497,0.907623843099992,0.7252346167222925,0.9314485778109363,0.3755152530040392,13.11998978632901
adventurous|altruistic|forgiving|impulsive|introspective|judgmental|manipulative|optimistic|traditional,9,1.0,72.57780600674397,0.9183477663009292,0.7257774894897937,0.9309872986998624,0.3673177025508847,12.773342321049586
adventurous|altruistic|forgiving|impulsive|judgmental|manipulative|optimistic|traditional,8,1.0,74.99405350263224,0.9175860732315757,0.7130106241031842,0.9281423135881524,0.3734238232726701,12.944271030513672
adventurous|altruistic|forgiving|impulsive|manipulative|pessimistic,6,1.0,75.67612427763187,0.9120099244421805,0.7184129416628025,0.9305360664967154,0.375035409536328,13.108634885800312
adventurous|altruistic|forgiving|impulsive|innovative|manipulative|pessimistic,7,1.0,71.58287018534027,0.9108737742643728,0.7470604635099198,0.9307637742502669,0.3647460785465232,12.677376855970342
adventurous|altruistic|forgiving|impulsive|innovative|introspective|manipulative|pessimistic,8,1.0,70.03842137560416,0.9118529253247877,0.7459160823769564,0.9480132798496984,0.36079592027037155,12.514632342195785
adventurous|altruistic|forgiving|impulsive|innovative|introspective|judgmental|manipulative|pessimistic,9,1.0,68.64418480275982,0.916799565354667,0.7447047729799512,0.9490334710162988,0.35720410248918816,12.322612999281736
adventurous|altruistic|forgiving|impulsive|innovative|judgmental|manipulative|pessimistic,8,1.0,70.21727348909513,0.9161358495452901,0.7457276265972277,0.930521209208764,0.361265400975381,12.497216979082278
adventurous|altruistic|forgiving|impulsive|introspective|judgmental|manipulative|pessimistic,8,1.0,72.81152648995044,0.9174154535390179,0.7206534858134203,0.9413157032531183,0.36787103001429344,12.82928562281698
adventurous|altruistic|forgiving|impulsive|judgmental|manipulative|pessimistic,7,1.0,74.43748561153316,0.9167528146253134,0.7173422367430315,0.9302094257482341,0.37195832078138075,12.964583545005437
adventurous|altruistic|forgiving|impulsive|manipulative|pessimistic|traditional,7,1.0,70.78231787016969,0.9248205650984016,0.7209318045735411,0.9381722638568842,0.3627467484618829,12.619741605699552
adventurous|altruistic|forgiving|impulsive|innovative|manipulative|pessimistic|traditional,8,0.1,52.44120284926375,0.9357286506620731,0.8126867764820589,0.9492186973607244,0.3122139589710245,10.868214903842883
adventurous|altruistic|forgiving|impulsive|innovative|introspective|manipulative|pessimistic|traditional,9,0.1,51.51506066333995,0.935438791778433,0.8136665626729855,0.9596798848253814,0.3094419903587797,10.79712928033535
adventurous|altruistic|forgiving|impulsive|innovative|introspective|judgmental|manipulative|pessimistic|traditional,10,0.1,49.99674420098627,0.9359570399300393,0.8195955882176515,0.9650099990812411,0.3048717451945903,10.55464324827216
adventurous|altruistic|forgiving|impulsive|innovative|judgmental|manipulative|pessimistic|traditional,9,0.1,50.988927670842095,0.9361754453720759,0.8186231916293185,0.9539913806934088,0.3078853422410798,10.635077329182476
adventurous|altruistic|forgiving|impulsive|introspective|manipulative|pessimistic|traditional,8,1.0,68.20773249046024,0.9254409793167174,0.7339926030131668,0.9428366785963582,0.35605885107186164,12.479627601780015
adventurous|altruistic|forgiving|impulsive|introspective|judgmental|manipulative|pessimistic|traditional,9,1.0,67.5242297081409,0.9283489203439313,0.7325867291819734,0.9431107738215062,0.3542749044830512,12.380673800711271
adventurous|altruistic|forgiving|impulsive|judgmental|manipulative|pessimistic|traditional,8,1.0,69.9915710273051,0.9278738273158829,0.7198113659691617,0.938667340369023,0.36072276014524823,12.52010132558191
adventurous|altruistic|forgiving|impulsive|manipulative|traditional,6,1.0,97.9620675920425,0.8681206035581699,0.6660690085952743,0.9182105000472517,0.42675906778617057,14.71003939628159
adventurous|altruistic|forgiving|impulsive|innovative|manipulative|traditional,7,0.01,78.54206686373979,0.880007700264674,0.7625629745247283,0.9301206131550651,0.3820685385651668,13.443885177943926
adventurous|altruistic|forgiving|impulsive|innovative|introspective|manipulative|traditional,8,0.01,68.85418523054079,0.8986135842806281,0.7897779425048436,0.9287393243318056,0.35772626317267214,12.50164048068886
adventurous|altruistic|forgiving|impulsive|innovative|introspective|judgmental|manipulative|traditional,9,0.001,65.83485236258606,0.9090239563029006,0.7891291772595921,0.9284500281927798,0.3498135043390186,12.13798409621235
adventurous|altruistic|forgiving|impulsive|innovative|judgmental|manipulative|traditional,8,0.01,73.51204616432237,0.8969626452469018,0.7621484876184097,0.9297877249651143,0.36966588606719014,12.842396136343405
adventurous|altruistic|forgiving|impulsive|introspective|manipulative|traditional,7,1.0,82.48823558610971,0.892795743653838,0.7188741005712882,0.9172826659083065,0.391549008394159,13.739027692654371
adventurous|altruistic|forgiving|impulsive|introspective|judgmental|manipulative|traditional,8,1.0,78.17152145804158,0.9063813095731934,0.7201515056256914,0.9175625221594984,0.38117536790415396,13.290490959011489
adventurous|altruistic|forgiving|impulsive|judgmental|manipulative|traditional,7,1.0,88.547320046421,0.8926778756645464,0.6789276123130122,0.9185240286248366,0.4057568778921893,13.902942310028784
adventurous|altruistic|forgiving|impulsive|innovative|optimistic,6,1.0,84.26401835908618,0.881692265568549,0.7276386922236302,0.919819027706595,0.3957598628990171,13.734160099221894
adventurous|altruistic|forgiving|impulsive|innovative|introspective|optimistic,7,1.0,83.46841790292235,0.8815623402745704,0.7268284087045362,0.9314552163590792,0.39388587365018957,13.653873001913606
adventurous|altruistic|forgiving|impulsive|innovative|introspective|judgmental|optimistic,8,1.0,77.00615755074321,0.9021329266065234,0.7284281339794618,0.931606449429869,0.37834692285501803,12.95126021751316
adventurous|altruistic|forgiving|impulsive|innovative|judgmental|optimistic,7,1.0,77.87526546082758,0.9022259361625229,0.7294053395750548,0.918916078436555,0.3804743008722161,13.044003604630696
adventurous|altruistic|forgiving|impulsive|introspective|optimistic,6,1.0,86.11802877954365,0.8826554842672797,0.7097729121753802,0.9272568639044253,0.40008461028441444,13.977747868526608
adventurous|altruistic|forgiving|impulsive|introspective|judgmental|optimistic,7,1.0,79.88885797394518,0.9023713434727842,0.7115567830830307,0.9274131482997648,0.38534791739723523,13.342050666615611
adventurous|altruistic|forgiving|impulsive|judgmental|optimistic,6,1.0,81.15143482899826,0.9024120834616811,0.7078973428327014,0.9187554654308532,0.3883906823381019,13.455833201595498
adventurous|altruistic|forgiving|impulsive|optimistic|pessimistic,6,0.1,73.84393446309937,0.9166435574171188,0.7181980964506613,0.9362342404602916,0.37046547723288514,12.88095486716055
adventurous|altruistic|forgiving|impulsive|innovative|optimistic|pessimistic,7,0.1,69.3378917170487,0.9157779658275498,0.7487394225199848,0.9369868946484069,0.35896776960867344,12.353560719356853
adventurous|altruistic|forgiving|impulsive|innovative|introspective|optimistic|pessimistic,8,0.1,68.80204047920782,0.9152566472587389,0.7470146696422686,0.9485918848284979,0.3575810104531826,12.274021598231029
adventurous|altruistic|forgiving|impulsive|innovative|introspective|judgmental|optimistic|pessimistic,9,0.1,68.22754301208388,0.9180383439893665,0.7446702716424809,0.9497204753087966,0.3560978366387984,12.195840071662483
adventurous|altruistic|forgiving|impulsive|innovative|judgmental|optimistic|pessimistic,8,0.1,68.63112615538168,0.9186604131194797,0.7464539980153576,0.9392370218637421,0.35714703036568246,12.263418462908996
adventurous|altruistic|forgiving|impulsive|introspective|optimistic|pessimistic,7,0.1,72.30033800509014,0.9161769487232558,0.7257047243037442,0.9426894234530927,0.36655652350785545,12.765212153569706
adventurous|altruistic|forgiving|impulsive|introspective|judgmental|optimistic|pessimistic,8,0.1,71.99750983341103,0.918647000085619,0.7226203849466364,0.9431039557782415,0.36578864851505943,12.737620913217658
adventurous|altruistic|forgiving|impulsive|judgmental|optimistic|pessimistic,7,0.1,73.15874877088496,0.9194061730874491,0.7164128230022726,0.9377764142048554,0.36874531565139723,12.81597248612715
adventurous|altruistic|forgiving|impulsive|optimistic|pessimistic|traditional,7,1.0,70.50195095655779,0.9254968190068047,0.7212074574162033,0.938563876060783,0.36203240180893054,12.608628683260907
adventurous|altruistic|forgiving|impulsive|innovative|optimistic|pessimistic|traditional,8,0.1,51.68908158174067,0.9361256394909666,0.8172299666663811,0.9483801825549515,0.3099699745910526,10.759916739695042
adventurous|altruistic|forgiving|impulsive|innovative|introspective|optimistic|pessimistic|traditional,9,0.1,50.8405102556316,0.9358255055911217,0.8172320259691992,0.9597508999147903,0.30741621019918014,10.679227716229
adventurous|altruistic|forgiving|impulsive|innovative|introspective|judgmental|optimistic|pessimistic|traditional,10,0.01,49.79608757152045,0.9355144529295208,0.821852998322194,0.9648372370518763,0.30425960402010044,10.526904742434628
adventurous|altruistic|forgiving|impulsive|innovative|judgmental|optimistic|pessimistic|traditional,9,0.01,50.531502579602815,0.9358808010202986,0.821144672979741,0.9559088631721632,0.306498531599435,10.574087212144349
adventurous|altruistic|forgiving|impulsive|introspective|optimistic|pessimistic|traditional,8,0.1,67.35080808283769,0.9276303708789257,0.7351088840010533,0.9431716823488521,0.35380871574827993,12.387980765764967
adventurous|altruistic|forgiving|impulsive|introspective|judgmental|optimistic|pessimistic|traditional,9,1.0,67.42345782712815,0.9285632234974582,0.732507420436453,0.9436690017086514,0.35401670596259616,12.384242287639356
adventurous|altruistic|forgiving|impulsive|judgmental|optimistic|pessimistic|traditional,8,1.0,69.85192912224832,0.9277201700413269,0.7200893969016926,0.9403656500653031,0.360370277553716,12.522095435960518
adventurous|altruistic|forgiving|impulsive|optimistic|traditional,6,1.0,78.75452199871968,0.9052887651522252,0.7122006076245346,0.9289654419470821,0.38267063624709796,13.358917473228534
adventurous|altruistic|forgiving|impulsive|innovative|optimistic|traditional,7,0.01,57.181836207710965,0.9204493602066873,0.8158564130917869,0.9415664439736742,0.32603336783375375,11.318984637925961
adventurous|altruistic|forgiving|impulsive|innovative|introspective|optimistic|traditional,8,0.1,56.40960558557917,0.9199795702612165,0.8157596916666692,0.952780086436129,0.3238340698558361,11.252004721241466
adventurous|altruistic|forgiving|impulsive|innovative|introspective|judgmental|optimistic|traditional,9,0.1,54.40130456524921,0.9259295790858679,0.8168430623230633,0.9532807382438215,0.3180402385639608,10.979588392603185
adventurous|altruistic|forgiving|impulsive|innovative|judgmental|optimistic|traditional,8,0.01,55.17890644429866,0.9263659789765538,0.8164754158471378,0.942974046941045,0.3202991701650908,11.02061205198676
adventurous|altruistic|forgiving|impulsive|introspective|optimistic|traditional,7,1.0,75.36450050026933,0.907969730189791,0.7275133261580059,0.9318389029245387,0.3743058546161786,13.06779576465934
adventurous|altruistic|forgiving|impulsive|introspective|judgmental|optimistic|traditional,8,1.0,72.37731374207094,0.9184457947255367,0.7266492867887836,0.9313970034944157,0.3668168807311832,12.753047433281445
adventurous|altruistic|forgiving|impulsive|judgmental|optimistic|traditional,7,1.0,74.6572506806016,0.9178521186694452,0.7147018404975543,0.928081189943702,0.37258677032248483,12.909114878828165
adventurous|altruistic|forgiving|impulsive|innovative|pessimistic,6,1.0,71.70299848378275,0.9104165215930744,0.7471190051517953,0.9308744312133813,0.3650506393664603,12.655771304354854
adventurous|altruistic|forgiving|impulsive|innovative|introspective|pessimistic,7,1.0,70.36967075287086,0.9106571013696202,0.7462131100819721,0.9478380141616498,0.36164207127718573,12.512415133662444
adventurous|altruistic|forgiving|impulsive|innovative|introspective|judgmental|pessimistic,8,1.0,68.85853218023777,0.9167471312601999,0.7438427898505999,0.948266285513366,0.3577554073960329,12.304072907623551
adventurous|altruistic|forgiving|impulsive|innovative|judgmental|pessimistic,7,1.0,70.27578184785465,0.9163407884593702,0.7447682031963639,0.9308629391830991,0.3614146996225989,12.468716554501924
adventurous|altruistic|forgiving|impulsive|introspective|pessimistic,6,1.0,73.91413714451535,0.9116189448873965,0.7245399447695045,0.9418993741866795,0.37063582644895054,12.956659861268195
adventurous|altruistic|forgiving|impulsive|introspective|judgmental|pessimistic,7,1.0,72.54254896585186,0.9173415464468999,0.7223703439900456,0.9416588046759972,0.36718610538525315,12.787440406898662
adventurous|altruistic|forgiving|impulsive|judgmental|pessimistic,6,1.0,74.26486611005816,0.9168823496125864,0.7181077924502364,0.9304109405424994,0.3715239873015328,12.924035843683697
adventurous|altruistic|forgiving|impulsive|pessimistic|traditional,6,1.0,70.54282785944484,0.925076958622477,0.7223486121100176,0.9374849108504757,0.36213379333256873,12.591328144739222
adventurous|altruistic|forgiving|impulsive|innovative|pessimistic|traditional,7,0.01,52.16655859203094,0.9362615645377163,0.8139342037442834,0.948309161095387,0.31138569065432853,10.821833832530983
adventurous|altruistic|forgiving|impulsive|innovative|introspective|pessimistic|traditional,8,0.1,51.06083302380653,0.935834381154802,0.8156605157487977,0.9600332149268811,0.3080697912605283,10.727279368886517
adventurous|altruistic|forgiving|impulsive|innovative|introspective|judgmental|pessimistic|traditional,9,0.01,49.63017807265959,0.9361875801186124,0.8214993911243549,0.9650856932529936,0.3037437691638346,10.499022467713486
adventurous|altruistic|forgiving|impulsive|innovative|judgmental|pessimistic|traditional,8,0.01,50.80680021918382,0.9365578923915239,0.8189632955378601,0.9541929478773162,0.3073285230382706,10.591601692163147
adventurous|altruistic|forgiving|impulsive|introspective|pessimistic|traditional,7,1.0,67.80135737241318,0.9258628232595003,0.7355919223611386,0.9431957439427365,0.35500438788536687,12.43994465257587
adventurous|altruistic|forgiving|impulsive|introspective|judgmental|pessimistic|traditional,8,1.0,67.32884825672214,0.928508606772263,0.7333257949073086,0.9434864618686039,0.3537679818199507,12.363908626320024
adventurous|altruistic|forgiving|impulsive|judgmental|pessimistic|traditional,7,1.0,69.81191337464941,0.9281109587341009,0.7206758282190051,0.9383592425869912,0.3602604018138278,12.493416451168113
adventurous|altruistic|forgiving|impulsive|innovative|traditional,6,0.1,95.04833154882425,0.8439079073154265,0.7279812658880873,0.9267651935821912,0.42025989232409516,14.426823242886146
adventurous|altruistic|forgiving|impulsive|innovative|introspective|traditional,7,0.01,69.94215046193733,0.8956325781367886,0.78966954326065,0.9266835826196882,0.36053238697441947,12.476151725929702
adventurous|altruistic|forgiving|impulsive|innovative|introspective|judgmental|traditional,8,0.01,66.13681193761877,0.9090176283357011,0.7881328450964845,0.926713929145967,0.35060657233121617,12.092085654524727
adventurous|altruistic|forgiving|impulsive|innovative|judgmental|traditional,7,0.1,79.22987125599104,0.8895469969747577,0.7408998494910066,0.9274445082206642,0.38373989929743535,12.980352806288321
adventurous|altruistic|forgiving|impulsive|introspective|traditional,6,1.0,82.69275405946493,0.8911875251045629,0.7211562650283945,0.9164580137503472,0.3920246230715281,13.690753534319818
adventurous|altruistic|forgiving|impulsive|introspective|judgmental|traditional,7,1.0,77.78992110683443,0.9069753057099368,0.7215472905453248,0.9174442067502956,0.38023684191611035,13.238410508434109
adventurous|altruistic|forgiving|impulsive|judgmental|traditional,6,1.0,91.86518486982149,0.8868080778176683,0.6695611944946187,0.9175025996333618,0.4132399140121623,14.02087064234971
adventurous|altruistic|forgiving|innovative|introspective|judgmental,6,0.1,90.58498338672035,0.8700030989150696,0.7133108622245861,0.9127570995441994,0.4103191047173264,14.19961360002473
adventurous|altruistic|forgiving|innovative|introspective|manipulative,6,0.1,94.98646256186035,0.8556472161349526,0.7121374433062938,0.9140401901038745,0.42016603822035425,14.820467957826622
adventurous|altruistic|forgiving|innovative|judgmental|manipulative,6,0.1,89.93471777164669,0.8838766591165143,0.6894061810311636,0.9145360118049362,0.4088693853708308,14.073820916782312
adventurous|altruistic|forgiving|introspective|judgmental|manipulative,6,1.0,89.42456349314243,0.8820368174405052,0.6976378074094949,0.9121146127000553,0.4076957037240572,14.348512883569517
adventurous|altruistic|forgiving|innovative|manipulative|optimistic,6,0.1,89.15961204222117,0.867665851642119,0.7232140633790575,0.9199619535106167,0.4070947247558,14.28568779810968
adventurous|altruistic|forgiving|innovative|introspective|manipulative|optimistic,7,1.0,86.7154774275272,0.8735412061155107,0.7223399028590769,0.9296602995829555,0.40149646456737625,14.168802237033752
adventurous|altruistic|forgiving|innovative|introspective|judgmental|manipulative|optimistic,8,0.1,79.95158193717951,0.8957828835090593,0.7230534983550375,0.9290328213330026,0.3855353949855253,13.357362893341708
adventurous|altruistic|forgiving|innovative|judgmental|manipulative|optimistic,7,0.1,81.95467117969872,0.8917897007492699,0.7232996893475692,0.9189422706037498,0.39032111862903124,13.532573297240363
adventurous|altruistic|forgiving|introspective|judgmental|manipulative|optimistic,7,1.0,83.49676434182535,0.8962493816393976,0.7021192365112504,0.9235583200035862,0.39397689008171327,13.843504879279452
adventurous|altruistic|forgiving|judgmental|manipulative|optimistic,6,1.0,89.96066229757656,0.8880987733605222,0.6783543045180007,0.919398290601524,0.40894111213388157,14.481024346285778
adventurous|altruistic|forgiving|manipulative|optimistic|pessimistic,6,0.1,82.49125843015352,0.9052731856367279,0.6846315796341387,0.9356623402468296,0.39156379514088463,13.877956863131226
adventurous|altruistic|forgiving|innovative|manipulative|optimistic|pessimistic,7,0.01,73.77074023060479,0.9053576400651454,0.7404769297067658,0.9367449897143469,0.370267890282985,12.94225048911041
adventurous|altruistic|forgiving|innovative|introspective|manipulative|optimistic|pessimistic,8,0.1,72.16493028376567,0.9085519668068434,0.7403569819086819,0.9447176854620314,0.366225652060321,12.777596336683063
adventurous|altruistic|forgiving|innovative|introspective|judgmental|manipulative|optimistic|pessimistic,9,0.1,70.56015011719053,0.9122690165757021,0.7415782502768251,0.9482092005467413,0.362152314380536,12.564229105511004
adventurous|altruistic|forgiving|innovative|judgmental|manipulative|optimistic|pessimistic,8,0.01,72.16481009555403,0.9090788153147226,0.7420796088485568,0.939528561801727,0.366235323410076,12.746519164254508
adventurous|altruistic|forgiving|introspective|manipulative|optimistic|pessimistic,7,0.01,76.29946386867378,0.9095090257413635,0.7153679445401504,0.9378553283790105,0.3765662797394709,13.300171383311444
adventurous|altruistic|forgiving|introspective|judgmental|manipulative|optimistic|pessimistic,8,0.1,75.28349827906516,0.9128051019050321,0.7144964559238121,0.939698106473522,0.37406392608874844,13.191848844898459
adventurous|altruistic|forgiving|manipulative|optimistic|pessimistic|traditional,7,1.0,79.4897964328782,0.912968917746604,0.6872538384827926,0.9388473186626684,0.3844124086367283,13.600997242067217
adventurous|altruistic|forgiving|innovative|manipulative|optimistic|pessimistic|traditional,8,0.01,58.44302783447451,0.914430580411566,0.815350296770112,0.9491197380653619,0.3296275310727144,11.609674381206377
adventurous|altruistic|forgiving|innovative|introspective|manipulative|optimistic|pessimistic|traditional,9,0.1,56.357043814003646,0.9184972846580964,0.8159101270055329,0.9584477974976163,0.32370663077175915,11.424846866357793
adventurous|altruistic|forgiving|innovative|introspective|judgmental|manipulative|optimistic|pessimistic|traditional,10,0.1,54.33579798448536,0.920749979569647,0.8211939764496448,0.9647215327733109,0.3178796915046504,11.157624552886253
adventurous|altruistic|forgiving|innovative|judgmental|manipulative|optimistic|pessimistic|traditional,9,0.01,56.381337777084624,0.9169051151040435,0.8208620124620922,0.9546485921991092,0.3237908885328258,11.357500220917112
adventurous|altruistic|forgiving|introspective|manipulative|optimistic|pessimistic|traditional,8,0.1,72.51422605496472,0.9144758212066504,0.7293087442223498,0.9394414250068733,0.36712549173119163,13.02528038474022
adventurous|altruistic|forgiving|introspective|judgmental|manipulative|optimistic|pessimistic|traditional,9,0.1,71.49601192020421,0.9176188660308684,0.728570331206478,0.9415993852230159,0.36455722835267623,12.895617135346336
adventurous|altruistic|forgiving|judgmental|manipulative|optimistic|pessimistic|traditional,8,1.0,78.48570973043846,0.9162504056132499,0.6862853963690999,0.9407624925437906,0.38199400177111303,13.517307945783983
adventurous|altruistic|forgiving|manipulative|optimistic|traditional,6,1.0,88.4021433338365,0.8883143293481572,0.6823348711470303,0.9298616717349892,0.40542075429469177,14.35136547233121
adventurous|altruistic|forgiving|innovative|manipulative|optimistic|traditional,7,0.1,66.65521144629014,0.8900657314434984,0.8136341801893376,0.9416164337914298,0.35205050178062935,12.375220763467448
adventurous|altruistic|forgiving|innovative|introspective|manipulative|optimistic|traditional,8,0.1,63.8749285150224,0.8960347056212149,0.8142705932913477,0.9522592120842516,0.34464836593062903,12.132843699004097
adventurous|altruistic|forgiving|innovative|introspective|judgmental|manipulative|optimistic|traditional,9,0.1,59.44394310993264,0.9097842349443637,0.8157877835389832,0.9528240425514561,0.3325090505679421,11.61898673663998
adventurous|altruistic|forgiving|innovative|judgmental|manipulative|optimistic|traditional,8,0.01,61.810024277125784,0.9051768914109252,0.8155487158292463,0.9414802609902815,0.33904355742405246,11.823567401796637
adventurous|altruistic|forgiving|introspective|manipulative|optimistic|traditional,7,1.0,81.85093818639247,0.8891218786305723,0.7232767046560558,0.9299055021796014,0.39008885257826253,13.829542101821001
adventurous|altruistic|forgiving|introspective|judgmental|manipulative|optimistic|traditional,8,1.0,76.65362674542078,0.9066388012716506,0.723097096492494,0.9292342959418753,0.3775125234575964,13.317573037630648
adventurous|altruistic|forgiving|judgmental|manipulative|optimistic|traditional,7,1.0,83.40548139816414,0.9049985249474077,0.6824875629492599,0.9291826246534959,0.3938077883743444,13.89652775330513
adventurous|altruistic|forgiving|innovative|manipulative|pessimistic,6,0.1,78.37946319475746,0.8915306493105675,0.740392567990414,0.9314739426340675,0.3816713223775687,13.389887181520956
adventurous|altruistic|forgiving|innovative|introspective|manipulative|pessimistic,7,0.1,74.02238793593743,0.9028281838893453,0.739705902000205,0.9442782063305578,0.3709179871112618,12.96897988477849
adventurous|altruistic|forgiving|innovative|introspective|judgmental|manipulative|pessimistic,8,0.1,71.62713966502217,0.910444510217693,0.7392266814973486,0.9462752340607021,0.3648927249312414,12.667726990178
adventurous|altruistic|forgiving|introspective|manipulative|pessimistic,6,1.0,78.17069267465168,0.9041627090551745,0.7140092566990808,0.9371336581485934,0.3811769787189044,13.493772842312223
adventurous|altruistic|forgiving|manipulative|pessimistic|traditional,6,1.0,81.03626173740999,0.9082357926663788,0.6865199343181705,0.9387910573734146,0.3881263989227851,13.687908891220685
adventurous|altruistic|forgiving|innovative|manipulative|pessimistic|traditional,7,0.1,60.608398998805555,0.9091914592259239,0.8114419842250554,0.9493216368477575,0.3356744166607753,11.85527572914155
adventurous|altruistic|forgiving|innovative|introspective|manipulative|pessimistic|traditional,8,0.1,56.68171381482,0.9176017997690363,0.8154999953934734,0.9585890001822774,0.3246279491771165,11.500856596161217
adventurous|altruistic|forgiving|innovative|introspective|judgmental|manipulative|pessimistic|traditional,9,0.01,54.04985856956421,0.9211528403617493,0.8221966562813448,0.9648830886265756,0.31703262576454133,11.127340681906716
adventurous|altruistic|forgiving|innovative|judgmental|manipulative|pessimistic|traditional,8,0.01,57.16565905242368,0.9152681258705818,0.8202746776397312,0.9522217052387766,0.32603337062782956,11.42668721977068
adventurous|altruistic|forgiving|introspective|judgmental|manipulative|pessimistic|traditional,8,1.0,71.38247106140145,0.917743942700494,0.729478447750713,0.9407659260335056,0.36427932943518404,12.897045854047283
adventurous|altruistic|forgiving|judgmental|manipulative|pessimistic|traditional,7,1.0,79.16270358447267,0.9149370526231405,0.6850933028937809,0.9396430710580296,0.38362515482704096,13.53949012318003
adventurous|altruistic|forgiving|innovative|manipulative|traditional,6,0.001,83.13100913187,0.8706516808017768,0.7508328619186261,0.9306600262597685,0.39305877024034336,13.913384721169331
adventurous|altruistic|forgiving|innovative|introspective|manipulative|traditional,7,0.001,76.73827927118803,0.8718194440374255,0.790831273680452,0.9289888746040097,0.37766434913533303,13.39505431403483
adventurous|altruistic|forgiving|innovative|introspective|judgmental|manipulative|traditional,8,0.001,70.68604435556932,0.8921861305197764,0.7903478733799333,0.9286947995461914,0.36250567608052064,12.725674667812116
adventurous|altruistic|forgiving|innovative|judgmental|manipulative|traditional,7,0.01,76.8802523304046,0.891852862688606,0.7499734797356599,0.9304180687231953,0.3780314133642868,13.233318892294724
adventurous|altruistic|forgiving|introspective|manipulative|traditional,6,1.0,89.4175230454131,0.8703254177019909,0.7179309942144836,0.9171045069972884,0.4076639480211076,14.515397067096183
adventurous|altruistic|forgiving|judgmental|manipulative|traditional,6,1.0,99.84363858348885,0.891144601388961,0.6104567865258601,0.9153055519166535,0.4308375799459985,14.85022193005117
adventurous|altruistic|forgiving|innovative|introspective|optimistic,6,0.1,96.04074898334252,0.8404984102857986,0.7261485845010347,0.9301100529082026,0.42253967896469596,14.958489811730406
adventurous|altruistic|forgiving|innovative|introspective|judgmental|optimistic,7,0.1,81.57778826443136,0.8893413929286247,0.7248798270067904,0.9294202890005064,0.3894370578621017,13.474574536995016
adventurous|altruistic|forgiving|innovative|judgmental|optimistic,6,0.1,83.59074979563185,0.8851564479652182,0.7253546603563197,0.9195121002576936,0.39419298035709766,13.663103626225503
adventurous|altruistic|forgiving|innovative|optimistic|pessimistic,6,0.01,79.94253531761748,0.8833190949446059,0.7433877505624025,0.9369163070005498,0.3854572776538088,13.540064448603973
adventurous|altruistic|forgiving|innovative|introspective|optimistic|pessimistic,7,0.1,78.20205557314128,0.887195233979984,0.7430606776428865,0.9443662819204903,0.3812584833685403,13.373994969659302
adventurous|altruistic|forgiving|innovative|introspective|judgmental|optimistic|pessimistic,8,0.1,73.10227523083799,0.9033086706218543,0.7425293469916942,0.9482665245078651,0.36863247045937436,12.83651451586997
adventurous|altruistic|forgiving|innovative|judgmental|optimistic|pessimistic,7,0.1,74.70495935485648,0.9000008725138123,0.7431726768314826,0.9397942831595119,0.3726353290850657,13.034425022762228
adventurous|altruistic|forgiving|introspective|judgmental|optimistic|pessimistic,7,0.1,78.6788037173116,0.9022463859702439,0.7132908558863554,0.9393284394236284,0.3824110160012992,13.522233359242515
adventurous|altruistic|forgiving|judgmental|optimistic|pessimistic,6,0.1,87.78952603657117,0.891166970792525,0.6765776817545179,0.9380218039164291,0.40394013961950187,14.487954691398231
adventurous|altruistic|forgiving|optimistic|pessimistic|traditional,6,1.0,86.7460425011171,0.8952396883163726,0.6764548661982048,0.9357579711014521,0.4015839863294735,14.319304054718236
adventurous|altruistic|forgiving|innovative|optimistic|pessimistic|traditional,7,0.1,64.2596441204269,0.8938655909555582,0.8179032315558069,0.9489357397452236,0.3456375915423869,12.191276199469737
adventurous|altruistic|forgiving|innovative|introspective|optimistic|pessimistic|traditional,8,0.1,61.87930601363007,0.8989414746249533,0.8186565664629125,0.9577390952853478,0.3392004801465019,11.982288101545706
adventurous|altruistic|forgiving|innovative|introspective|judgmental|optimistic|pessimistic|traditional,9,0.1,56.688141889684346,0.9119349517179782,0.8230441788862095,0.9648812370387657,0.32469718064813363,11.424726877258621
adventurous|altruistic|forgiving|innovative|judgmental|optimistic|pessimistic|traditional,8,0.01,58.81878486918352,0.9077474998483135,0.8228112993562191,0.9548636026725967,0.3307207753991669,11.626605033957155
adventurous|altruistic|forgiving|introspective|optimistic|pessimistic|traditional,7,0.1,78.32438676009055,0.8987268038671787,0.7244217691803929,0.9355446249963999,0.38157316939445035,13.60744171616706
adventurous|altruistic|forgiving|introspective|judgmental|optimistic|pessimistic|traditional,8,0.1,74.2041451304215,0.911201534510491,0.7240604423689445,0.9406257744260376,0.3713993213350521,13.165721756856447
adventurous|altruistic|forgiving|judgmental|optimistic|pessimistic|traditional,7,1.0,82.55204348489586,0.9085457864034026,0.6753140418490972,0.9401571196244277,0.3917545910346092,13.93702606973331
adventurous|altruistic|forgiving|innovative|optimistic|traditional,6,0.1,74.76996154928766,0.8613653470217479,0.8170164623216909,0.9417927248331979,0.37284409485605896,13.095941613050433
adventurous|altruistic|forgiving|innovative|introspective|optimistic|traditional,7,0.1,71.297955976389,0.8696938235350593,0.8176160744807528,0.9521838034582824,0.36412043024816193,12.830823054124282
adventurous|altruistic|forgiving|innovative|introspective|judgmental|optimistic|traditional,8,0.1,61.04755211790225,0.9031289978215488,0.818105842962755,0.9533562841195262,0.3369606028036499,11.758942394687738
adventurous|altruistic|forgiving|innovative|judgmental|optimistic|traditional,7,0.01,63.49674226549801,0.89821040877429,0.8179368270583226,0.9420303986497695,0.3436308436399738,11.968488592302084
adventurous|altruistic|forgiving|introspective|optimistic|traditional,6,0.1,88.74976711003872,0.8682720359719375,0.7204177175794513,0.9276910316170018,0.4062054381433324,14.404310992464993
adventurous|altruistic|forgiving|judgmental|optimistic|traditional,6,1.0,87.12589356152803,0.8987110760813306,0.6711099140997133,0.9283825361133399,0.4024793971818104,14.265845294234708
adventurous|altruistic|forgiving|innovative|introspective|pessimistic,6,0.1,79.04313775317526,0.8849249658533074,0.7423219303879685,0.9438289004712082,0.3833059076734897,13.489549978341365
adventurous|altruistic|forgiving|innovative|introspective|judgmental|pessimistic,7,0.1,73.37050339120199,0.9037098958361058,0.7409329921794185,0.9465120826444481,0.36931290113889187,12.86153082962199
adventurous|altruistic|forgiving|innovative|judgmental|pessimistic,6,0.1,76.2974112413928,0.897631812060395,0.7419887418832244,0.9313356023698562,0.3765905577642626,13.16881233222149
adventurous|altruistic|forgiving|introspective|judgmental|pessimistic,6,1.0,79.15103792873732,0.9030702853408983,0.7098782670153774,0.9369443340756083,0.38356346110090855,13.580047403749417
adventurous|altruistic|forgiving|innovative|pessimistic|traditional,6,0.01,65.74104713294437,0.8914620256637469,0.8130114562127301,0.9489454060685486,0.3495884830605631,12.377294266897666
adventurous|altruistic|forgiving|innovative|introspective|pessimistic|traditional,7,0.1,61.75141020524718,0.9003174416404353,0.81664379864788,0.958072230905648,0.3388399125410565,12.027352660754454
adventurous|altruistic|forgiving|innovative|introspective|judgmental|pessimistic|traditional,8,0.01,56.315175061282616,0.9132592578540112,0.822754258108763,0.9651607068120277,0.3236155231759793,11.406342287111645
adventurous|altruistic|forgiving|innovative|judgmental|pessimistic|traditional,7,0.01,59.09979874718291,0.9084471819025522,0.820717748826864,0.9528401022941402,0.33150422860078144,11.651835230305695
adventurous|altruistic|forgiving|introspective|pessimistic|traditional,6,0.1,78.18790007103725,0.8993061935662221,0.7240699522841175,0.9357130034592818,0.3812462580267382,13.583322182450338
adventurous|altruistic|forgiving|introspective|judgmental|pessimistic|traditional,7,1.0,74.09016816432356,0.9125631674502682,0.7228202533220678,0.9393264531564178,0.3711198000403066,13.185514936398516
adventurous|altruistic|forgiving|innovative|introspective|traditional,6,0.1,98.35630775013922,0.8027421689073803,0.7875568195084792,0.9259448357788275,0.4274502416140318,14.78381307108334
adventurous|altruistic|forgiving|innovative|introspective|judgmental|traditional,7,0.01,75.94903339332194,0.8768982890714107,0.787187462376466,0.9268000391563855,0.3757219960964992,13.087018568443535
adventurous|altruistic|forgiving|innovative|judgmental|traditional,6,0.01,84.20522580290503,0.8742965138573411,0.7381199418582438,0.9280615448814492,0.3955978778180592,13.53156037826806
adventurous|altruistic|forgiving|introspective|judgmental|traditional,6,1.0,87.87165810178425,0.8762858194038742,0.7160179689720374,0.9176866036453267,0.4041184491346177,14.372246127365521
adventurous|altruistic|grandiose|impulsive|innovative|introspective,6,0.1,41.21528885491531,0.9517946163037196,0.886947384861965,0.8880096926003298,0.2767317954583314,9.872910335989824
adventurous|altruistic|grandiose|impulsive|innovative|introspective|judgmental,7,1.0,39.66555658219026,0.9503042610329137,0.8985751137184003,0.8904585111537003,0.2714880188138631,9.67322498249156
adventurous|altruistic|grandiose|impulsive|innovative|judgmental,6,1.0,42.921875698742326,0.9426760151499994,0.8971815524198878,0.8814421349363128,0.28241717857433446,10.062830643701483
adventurous|altruistic|grandiose|impulsive|introspective|judgmental,6,1.0,43.541176816992916,0.9394787659191229,0.8960734669342626,0.8878458493252958,0.28440305662707893,10.21347983654151
adventurous|altruistic|grandiose|impulsive|innovative|manipulative,6,1.0,44.25527301025715,0.9429139675657146,0.8887709230767287,0.8801488235922496,0.2867679988797444,10.200120880381814
adventurous|altruistic|grandiose|impulsive|innovative|introspective|manipulative,7,0.1,40.53122564797373,0.9517775665050761,0.8917496553943225,0.88738993933267,0.27442359882454226,9.688171937686223
adventurous|altruistic|grandiose|impulsive|innovative|introspective|judgmental|manipulative,8,0.1,39.436771954079354,0.9506372202082989,0.9002235072096844,0.8889072498387609,0.2707114190610898,9.515664249839217
adventurous|altruistic|grandiose|impulsive|innovative|judgmental|manipulative,7,1.0,43.433332979597154,0.9418717967107586,0.8958058400540398,0.880696452605153,0.2841100958588613,10.08178319078688
adventurous|altruistic|grandiose|impulsive|introspective|manipulative,6,1.0,44.41326496013752,0.9400074712080793,0.8915917148879082,0.8837622061880253,0.287228718416289,10.268616318603131
adventurous|altruistic|grandiose|impulsive|introspective|judgmental|manipulative,7,1.0,43.313833397722476,0.9389029238642016,0.8998015356663318,0.8857192498737971,0.2836633565992281,10.13795642474616
adventurous|altruistic|grandiose|impulsive|judgmental|manipulative,6,1.0,45.71581863972039,0.9365605619546891,0.8916836306160417,0.8802542248530225,0.29144819893653806,10.404486383933804
adventurous|altruistic|grandiose|impulsive|manipulative|optimistic,6,1.0,40.7042471794895,0.9372697291819606,0.9001141203880512,0.9226438248718039,0.2750018072102589,9.768175491175702
adventurous|altruistic|grandiose|impulsive|innovative|manipulative|optimistic,7,1.0,38.63804397122179,0.9438509846368429,0.9004859395188419,0.9228500911434964,0.26796042301533807,9.469135600593267
adventurous|altruistic|grandiose|impulsive|innovative|introspective|manipulative|optimistic,8,0.1,34.55204880634734,0.9514406750842312,0.8999789177596076,0.9455773742348184,0.25340179685043884,8.892988962911826
adventurous|altruistic|grandiose|impulsive|innovative|introspective|judgmental|manipulative|optimistic,9,0.1,32.07504979493771,0.950448824849038,0.9176688907775928,0.946025413218304,0.2441874046870567,8.532885028051325
adventurous|altruistic|grandiose|impulsive|innovative|judgmental|manipulative|optimistic,8,1.0,36.29148714049055,0.9426992244974755,0.917996886776679,0.9226384198511707,0.25973035903344976,9.16436119859067
adventurous|altruistic|grandiose|impulsive|introspective|manipulative|optimistic,7,1.0,38.32909684680527,0.9390968234270249,0.9005466697173979,0.943939471175065,0.2668566786851646,9.489741459974733
adventurous|altruistic|grandiose|impulsive|introspective|judgmental|manipulative|optimistic,8,1.0,35.738277476825346,0.9383708004536819,0.9185568291888135,0.9442231833842575,0.25770539998530506,9.168325527123443
adventurous|altruistic|grandiose|impulsive|judgmental|manipulative|optimistic,7,1.0,38.29808508327268,0.9364340535787722,0.9173907951998361,0.9224572981370883,0.2667759193060754,9.492464639094019
adventurous|altruistic|grandiose|impulsive|manipulative|optimistic|pessimistic,7,0.1,36.76002766913132,0.9476297778515663,0.9041162621424649,0.9251727711912798,0.26132338097261315,9.159444148236982
adventurous|altruistic|grandiose|impulsive|innovative|manipulative|optimistic|pessimistic,8,1.0,35.88123771568542,0.9508331088432715,0.9034896187756508,0.925222958267333,0.25820197755865343,9.038914895464485
adventurous|altruistic|grandiose|impulsive|innovative|introspective|manipulative|optimistic|pessimistic,9,0.1,31.918370889263294,0.9564389324784756,0.9042869013495342,0.9512564409182965,0.24353168908374123,8.500233534101536
adventurous|altruistic|grandiose|impulsive|innovative|introspective|judgmental|manipulative|optimistic|pessimistic,10,0.1,29.81032036351062,0.9555876133181322,0.9176649137325311,0.9548151880725607,0.23537860605146968,8.166862448197785
adventurous|altruistic|grandiose|impulsive|innovative|judgmental|manipulative|optimistic|pessimistic,9,1.0,33.79496798702583,0.9499448209175315,0.9178362226240364,0.9268415960246309,0.25060778726776856,8.739023913876007
adventurous|altruistic|grandiose|impulsive|introspective|manipulative|optimistic|pessimistic,8,0.1,34.346699183724546,0.949134201772769,0.905055575133406,0.9471650452434334,0.2525963811990274,8.886710020360203
adventurous|altruistic|grandiose|impulsive|introspective|judgmental|manipulative|optimistic|pessimistic,9,0.1,32.03031296808342,0.9491534686088019,0.9186558768783702,0.9496690841152566,0.2439486180797864,8.535337431132483
adventurous|altruistic|grandiose|impulsive|judgmental|manipulative|optimistic|pessimistic,8,0.1,34.64087922249333,0.9474797693556133,0.9172441647376998,0.9267899188501784,0.2536969806423157,8.83332807497979
adventurous|altruistic|grandiose|impulsive|manipulative|optimistic|pessimistic|traditional,8,0.1,35.71596145151883,0.9497543485833739,0.9039467667203777,0.9303094626889872,0.25760631693181885,9.025183131080183
adventurous|altruistic|grandiose|impulsive|innovative|manipulative|optimistic|pessimistic|traditional,9,1.0,34.803290272189216,0.9505341625925944,0.9039292824459544,0.9385095375002944,0.2543061355644945,8.904626427310953
adventurous|altruistic|grandiose|impulsive|innovative|introspective|manipulative|optimistic|pessimistic|traditional,10,0.1,31.093351110941416,0.9564859517628532,0.9053689850928953,0.9590460021098464,0.2403670375337767,8.414750714261443
adventurous|altruistic|grandiose|impulsive|innovative|introspective|judgmental|manipulative|optimistic|pessimistic|traditional,11,0.1,28.693700632027873,0.9556732019597154,0.919902741941101,0.9638358816087595,0.23093275364550897,8.04182842481539
adventurous|altruistic|grandiose|impulsive|innovative|judgmental|manipulative|optimistic|pessimistic|traditional,10,1.0,32.47668788187855,0.9496477263863764,0.9190678519591593,0.9415530878253096,0.24568467725783566,8.575476617675369
adventurous|altruistic|grandiose|impulsive|introspective|manipulative|optimistic|pessimistic|traditional,9,0.1,32.525388011061786,0.9547416387624408,0.9060912577723477,0.9467601298491706,0.24582596848586358,8.65709300395642
adventurous|altruistic|grandiose|impulsive|introspective|judgmental|manipulative|optimistic|pessimistic|traditional,10,0.1,30.499940183901447,0.954186112274382,0.9188966360414236,0.9493153154520914,0.23807203873732063,8.348343091132286
adventurous|altruistic|grandiose|impulsive|judgmental|manipulative|optimistic|pessimistic|traditional,9,1.0,33.74141432830383,0.9488185235802176,0.9173556546360785,0.9325172530804487,0.25040387928811897,8.775815968937282
adventurous|altruistic|grandiose|impulsive|manipulative|optimistic|traditional,7,1.0,38.85383444954881,0.9414983709166632,0.8999803777878794,0.9298003414363979,0.2686985770155774,9.516940216190854
adventurous|altruistic|grandiose|impulsive|innovative|manipulative|optimistic|traditional,8,1.0,37.58688583640769,0.9434577394462057,0.900889035230549,0.9362310020048532,0.26430087402826835,9.346017143345835
adventurous|altruistic|grandiose|impulsive|innovative|introspective|manipulative|optimistic|traditional,9,0.1,33.80517052264076,0.9513605400896289,0.9009226191625769,0.953147115898884,0.25065052708319485,8.824605291684954
adventurous|altruistic|grandiose|impulsive|innovative|introspective|judgmental|manipulative|optimistic|traditional,10,0.1,31.079717246754445,0.9503746416871824,0.9198395915142611,0.9542896828532013,0.24037276664558405,8.42732180787298
adventurous|altruistic|grandiose|impulsive|innovative|judgmental|manipulative|optimistic|traditional,9,1.0,35.04839691744392,0.9422485369530457,0.9192023598832321,0.9370540389319402,0.2552556335538106,9.011188156371814
adventurous|altruistic|grandiose|impulsive|introspective|manipulative|optimistic|traditional,8,1.0,35.555908511643814,0.9482423964909262,0.9005392335749615,0.9441011250303732,0.2570389949416848,9.101742940823144
adventurous|altruistic|grandiose|impulsive|introspective|judgmental|manipulative|optimistic|traditional,9,1.0,33.057519047579866,0.947261953116092,0.9184018220621962,0.9444620459251096,0.24787406251794958,8.785937093234077
adventurous|altruistic|grandiose|impulsive|judgmental|manipulative|optimistic|traditional,8,1.0,36.56346052893689,0.9402197256065464,0.9171242950261838,0.9300651453259096,0.2606898197979252,9.247822832958395
adventurous|altruistic|grandiose|impulsive|manipulative|pessimistic,6,1.0,40.542846780530795,0.9406650971886213,0.8933872530479814,0.9248829654708745,0.27442660807146263,9.709573044079386
adventurous|altruistic|grandiose|impulsive|innovative|manipulative|pessimistic,7,1.0,38.307108638551185,0.9471949446703245,0.8950732289740052,0.9248762237438327,0.2667797841363633,9.388136128096882
adventurous|altruistic|grandiose|impulsive|innovative|introspective|manipulative|pessimistic,8,0.1,34.30250112647134,0.9532965810626378,0.894951086431891,0.9513220416362546,0.25245516001846535,8.82870391687137
adventurous|altruistic|grandiose|impulsive|innovative|introspective|judgmental|manipulative|pessimistic,9,0.1,31.4786276318468,0.9521917487246145,0.913274648568357,0.9552060266035783,0.24187437048789612,8.385077499911803
adventurous|altruistic|grandiose|impulsive|innovative|judgmental|manipulative|pessimistic,8,1.0,35.625055024401945,0.9460001523489902,0.9136844285021866,0.9268393834720563,0.257300587286424,9.004098775264504
adventurous|altruistic|grandiose|impulsive|introspective|manipulative|pessimistic,7,1.0,38.233440917286025,0.9416173987027134,0.8950143076576503,0.9463481667249178,0.2664916579425554,9.4567872266363
adventurous|altruistic|grandiose|impulsive|introspective|judgmental|manipulative|pessimistic,8,1.0,35.38404806396444,0.9410022154895132,0.9130403740960144,0.9493349464490609,0.2563906260531489,9.074084685715889
adventurous|altruistic|grandiose|impulsive|judgmental|manipulative|pessimistic,7,1.0,37.86597371767985,0.9399544856472086,0.9110342997215375,0.9268371029188547,0.2652334845170254,9.364698151251284
adventurous|altruistic|grandiose|impulsive|manipulative|pessimistic|traditional,7,1.0,38.58244536460209,0.9458747536537107,0.8938928147473716,0.9285954003519866,0.26772859028799567,9.429006100466491
adventurous|altruistic|grandiose|impulsive|innovative|manipulative|pessimistic|traditional,8,1.0,37.375603842912795,0.9471309695816473,0.8947558158783767,0.9369610250388872,0.26352347979352864,9.283500165143096
adventurous|altruistic|grandiose|impulsive|innovative|introspective|manipulative|pessimistic|traditional,9,0.1,33.574425066336794,0.9537321278445906,0.8948988232956219,0.9586512971407204,0.2497609031696942,8.75735540881574
adventurous|altruistic|grandiose|impulsive|innovative|introspective|judgmental|manipulative|pessimistic|traditional,10,0.1,30.428333855762798,0.9526785294560064,0.9144649014599396,0.9639281322341333,0.23780571473693937,8.27111559919176
adventurous|altruistic|grandiose|impulsive|innovative|judgmental|manipulative|pessimistic|traditional,9,1.0,34.43663379902809,0.9459230991697324,0.9141088878305089,0.9406966568062761,0.2529812670618013,8.861793919826253
adventurous|altruistic|grandiose|impulsive|introspective|manipulative|pessimistic|traditional,8,1.0,35.37040265804143,0.9514628859673451,0.894566714598312,0.9458523520375692,0.2563386512577618,9.035991688332219
adventurous|altruistic|grandiose|impulsive|introspective|judgmental|manipulative|pessimistic|traditional,9,1.0,32.641001457027,0.9505497343374627,0.9123551125218021,0.9489077532083592,0.24627688523290547,8.647674131899052
adventurous|altruistic|grandiose|impulsive|judgmental|manipulative|pessimistic|traditional,8,1.0,36.003796874607346,0.9447437298637776,0.9114887162204889,0.9309807073805559,0.2586529724273715,9.084481214661281
adventurous|altruistic|grandiose|impulsive|manipulative|traditional,6,1.0,45.355270665913125,0.9397971066428205,0.8886210749860294,0.8785204025962228,0.29029952337084436,10.351714079642502
adventurous|altruistic|grandiose|impulsive|innovative|manipulative|traditional,7,1.0,44.383460586158336,0.9428879193938637,0.8882831692196309,0.8796006807754924,0.2871835375115631,10.22067093479813
adventurous|altruistic|grandiose|impulsive|innovative|introspective|manipulative|traditional,8,1.0,40.898871525430074,0.9512605937884102,0.8910955603802005,0.8860565428462817,0.27566252048359774,9.784412413340426
adventurous|altruistic|grandiose|impulsive|innovative|introspective|judgmental|manipulative|traditional,9,1.0,39.74949818746536,0.950218327887095,0.8996003039430107,0.8878240577569029,0.2717793855208924,9.614490150227521
adventurous|altruistic|grandiose|impulsive|innovative|judgmental|manipulative|traditional,8,1.0,43.546089684145116,0.9416715426791022,0.8955235591252187,0.8805734542342958,0.2844828065766132,10.093125266866064
adventurous|altruistic|grandiose|impulsive|introspective|manipulative|traditional,7,1.0,42.13913063538844,0.9474870605926704,0.8913203320025646,0.8844187499904945,0.27980256008253185,9.959043175131916
adventurous|altruistic|grandiose|impulsive|introspective|judgmental|manipulative|traditional,8,1.0,41.01082699363882,0.9464550446765776,0.8998217612087498,0.885911293863884,0.2760454126152793,9.80940577814671
adventurous|altruistic|grandiose|impulsive|judgmental|manipulative|traditional,7,1.0,44.53894739123773,0.9385952841554775,0.895839111192469,0.879237437467366,0.2876932093928431,10.243690369170292
adventurous|altruistic|grandiose|impulsive|innovative|optimistic,6,1.0,39.83447044368988,0.9451699940421946,0.8940182227254111,0.9156554755409607,0.2720699678595818,9.707409201886215
adventurous|altruistic|grandiose|impulsive|innovative|introspective|optimistic,7,1.0,35.829453795893556,0.9510080244201934,0.8922554745735085,0.946075274228896,0.2580554507215752,9.179082878042932
adventurous|altruistic|grandiose|impulsive|innovative|introspective|judgmental|optimistic,8,1.0,32.738106144319445,0.949982653995911,0.9139694336559612,0.9466116035758276,0.24669658644269413,8.74343982421581
adventurous|altruistic|grandiose|impulsive|innovative|judgmental|optimistic,7,1.0,36.81280606782495,0.9439596757408656,0.9154145607463499,0.9165820261188318,0.2615787044895249,9.286518507625388
adventurous|altruistic|grandiose|impulsive|introspective|optimistic,6,1.0,39.757351766913565,0.9399104320279184,0.8897989547655532,0.9437134143161561,0.2717957227681982,9.737544570884237
adventurous|altruistic|grandiose|impulsive|introspective|judgmental|optimistic,7,1.0,36.48113199794191,0.9391173976566937,0.9122901501092076,0.9442089915008369,0.2603705769694667,9.308203535533842
adventurous|altruistic|grandiose|impulsive|judgmental|optimistic,6,1.0,39.382952683885435,0.9364560134843258,0.913476185319556,0.9165856100971864,0.27051808016584816,9.67092577209409
adventurous|altruistic|grandiose|impulsive|optimistic|pessimistic,6,0.1,38.414551126894864,0.9481302515593972,0.8966001764587059,0.9173367292935485,0.2671449978044804,9.458972784116886
adventurous|altruistic|grandiose|impulsive|innovative|optimistic|pessimistic,7,0.1,37.10623336430278,0.9523329115041577,0.8967805056491968,0.9174626622028599,0.2625686304631699,9.24232553128862
adventurous|altruistic|grandiose|impulsive|innovative|introspective|optimistic|pessimistic,8,0.1,33.25603438027066,0.9565433321109904,0.8951396174479374,0.9517242225157011,0.24859595894435577,8.777113897669272
adventurous|altruistic|grandiose|impulsive|innovative|introspective|judgmental|optimistic|pessimistic,9,1.0,30.418170199893716,0.9555095098840832,0.913823013301351,0.954915385927863,0.23776648557444202,8.379823790436793
adventurous|altruistic|grandiose|impulsive|innovative|judgmental|optimistic|pessimistic,8,1.0,34.36378536496402,0.9509936052071883,0.9151718833869708,0.9211336693133891,0.25269824104778127,8.87975711869027
adventurous|altruistic|grandiose|impulsive|introspective|optimistic|pessimistic,7,0.1,35.65240537285154,0.9500665750915933,0.8948749825868046,0.9468998027253418,0.25737575830099785,9.134999487615634
adventurous|altruistic|grandiose|impulsive|introspective|judgmental|optimistic|pessimistic,8,0.1,32.77495814974667,0.9499137058377621,0.912321928862098,0.94968863943913,0.24677553437617133,8.6972666644213
adventurous|altruistic|grandiose|impulsive|judgmental|optimistic|pessimistic,7,0.1,35.68105409012413,0.9477002399832757,0.9134396907929896,0.9205081547382612,0.2574742193469634,9.03765356621932
adventurous|altruistic|grandiose|impulsive|optimistic|pessimistic|traditional,7,0.1,37.527027948832625,0.9505107321840885,0.8960413729638529,0.9203694769069629,0.2640617276365185,9.34038744535673
adventurous|altruistic|grandiose|impulsive|innovative|optimistic|pessimistic|traditional,8,0.1,35.71624803271902,0.9519729688987439,0.8975978315469144,0.9340406845135752,0.25761725529579144,9.06429016492464
adventurous|altruistic|grandiose|impulsive|innovative|introspective|optimistic|pessimistic|traditional,9,0.1,32.50849759228319,0.9564443412761047,0.8961139931090918,0.9593215039341871,0.24578589514201646,8.691250629867389
adventurous|altruistic|grandiose|impulsive|innovative|introspective|judgmental|optimistic|pessimistic|traditional,10,0.1,29.35906603768808,0.9557072893500849,0.9154408430859744,0.9640064293990638,0.2335891514639208,8.19365279902178
adventurous|altruistic|grandiose|impulsive|innovative|judgmental|optimistic|pessimistic|traditional,9,0.1,32.6302651371304,0.9509558874234809,0.9165017427763783,0.9397540950218946,0.24625216234951786,8.572085142762809
adventurous|altruistic|grandiose|impulsive|introspective|optimistic|pessimistic|traditional,8,0.1,34.265177571911366,0.9552024667251829,0.8941983096051378,0.9461513719712188,0.25233984307502827,8.963255240942221
adventurous|altruistic|grandiose|impulsive|introspective|judgmental|optimistic|pessimistic|traditional,9,0.1,31.53005537547049,0.9546565141157576,0.9113677268331869,0.9491630222036057,0.24206768452567679,8.53530079479825
adventurous|altruistic|grandiose|impulsive|judgmental|optimistic|pessimistic|traditional,8,0.1,34.882005631721235,0.9496532366501079,0.9128958050792915,0.9240026557107287,0.25459648922846595,8.930228176007487
adventurous|altruistic|grandiose|impulsive|optimistic|traditional,6,1.0,40.724313737367524,0.9420764350720581,0.8916799150379691,0.920556523570418,0.2750869538319275,9.82816384283591
adventurous|altruistic|grandiose|impulsive|innovative|optimistic|traditional,7,0.1,38.481077291436215,0.9448363101340003,0.8947632251842002,0.9318312044422441,0.26742133507168836,9.518284014183577
adventurous|altruistic|grandiose|impulsive|innovative|introspective|optimistic|traditional,8,1.0,35.14750364015505,0.9510500641765767,0.8928891018435233,0.9529928307406685,0.25559021289836686,9.089249058575374
adventurous|altruistic|grandiose|impulsive|innovative|introspective|judgmental|optimistic|traditional,9,1.0,31.831988168484905,0.9499780596371876,0.9158090572529032,0.9541576040119917,0.24326304904801202,8.622601245836469
adventurous|altruistic|grandiose|impulsive|innovative|judgmental|optimistic|traditional,8,0.1,35.25909627887631,0.9434274614233061,0.9170081197845545,0.9343090828505736,0.25601846202424283,9.029495973876482
adventurous|altruistic|grandiose|impulsive|introspective|optimistic|traditional,7,1.0,37.18966850415389,0.9486726270218536,0.8894604426165691,0.9433778576139391,0.26289792060030576,9.37064223208111
adventurous|altruistic|grandiose|impulsive|introspective|judgmental|optimistic|traditional,8,1.0,34.058340617336036,0.9475853123663525,0.9114777609077842,0.9440645339567082,0.25160794482204885,8.95975073469309
adventurous|altruistic|grandiose|impulsive|judgmental|optimistic|traditional,7,1.0,37.674557589360276,0.9407323823822764,0.913189631563005,0.922110757179067,0.2646134548259299,9.426469076830175
adventurous|altruistic|grandiose|impulsive|innovative|pessimistic,6,0.1,39.210693115266814,0.9484510429155895,0.8905447475324095,0.9178301092372597,0.2699022260763034,9.539636988933875
adventurous|altruistic|grandiose|impulsive|innovative|introspective|pessimistic,7,0.1,35.449289931258626,0.9527360836228062,0.8882891479420616,0.9518748978184122,0.25665654040989766,9.063649521820102
adventurous|altruistic|grandiose|impulsive|innovative|introspective|judgmental|pessimistic,8,1.0,32.07381552890162,0.9515071293694554,0.9106430704014975,0.9554121667061468,0.24415032583454127,8.591038196470825
adventurous|altruistic|grandiose|impulsive|introspective|pessimistic,6,1.0,39.534293080514516,0.9422805069775876,0.885410467022137,0.9460757426697984,0.2710012353344415,9.658121662467108
adventurous|altruistic|grandiose|impulsive|introspective|judgmental|pessimistic,7,1.0,36.091928643329155,0.9415426121439856,0.9073786003460148,0.9493652907437251,0.25894423857269083,9.197546867301181
adventurous|altruistic|grandiose|impulsive|pessimistic|traditional,6,1.0,39.997979964857954,0.9465488460536272,0.8880202163478771,0.9199698004974324,0.2725946725738399,9.649863831050148
adventurous|altruistic|grandiose|impulsive|innovative|pessimistic|traditional,7,0.1,38.03934177750092,0.948150979946166,0.8903444162263617,0.9334573830353662,0.2658488993952123,9.419850906904038
adventurous|altruistic|grandiose|impulsive|innovative|introspective|pessimistic|traditional,8,0.1,34.81234896333876,0.9530310542400784,0.8880427915558847,0.958986730048991,0.25433675946436246,8.993823386903557
adventurous|altruistic|grandiose|impulsive|innovative|introspective|judgmental|pessimistic|traditional,9,0.1,31.11237600238592,0.951899042319643,0.9114857719668567,0.964052309512418,0.24046425873341698,8.427665883027228
adventurous|altruistic|grandiose|impulsive|innovative|judgmental|pessimistic|traditional,8,0.1,34.465111809219046,0.9466760510865749,0.9130785024495507,0.9395478473302138,0.25308012067057484,8.848375363576233
adventurous|altruistic|grandiose|impulsive|introspective|pessimistic|traditional,7,1.0,36.73869067122565,0.9516049419769657,0.8855307479145119,0.9455821984563768,0.2612699033723489,9.245386517690955
adventurous|altruistic|grandiose|impulsive|introspective|judgmental|pessimistic|traditional,8,1.0,33.448399416790764,0.9506313093964597,0.9069106286152452,0.9489783182346558,0.24931246962513123,8.797976082832827
adventurous|altruistic|grandiose|impulsive|judgmental|pessimistic|traditional,7,1.0,36.83932422112251,0.9452451269814659,0.908860998667138,0.9239608348215191,0.2616308976112419,9.216051212452117
adventurous|altruistic|grandiose|impulsive|innovative|traditional,6,0.1,44.169521766899386,0.9442029980088847,0.8864695146275703,0.8808308722398934,0.28647742692571,10.26859722934156
adventurous|altruistic|grandiose|impulsive|innovative|introspective|traditional,7,1.0,41.58808956472613,0.9515838282766037,0.8858962634322267,0.8862389800112354,0.2779774548920444,9.951706770251478
adventurous|altruistic|grandiose|impulsive|innovative|introspective|judgmental|traditional,8,1.0,40.00226374938535,0.9502057911518005,0.8974630699772241,0.8888094024229829,0.27264014335416936,9.715951735967788
adventurous|altruistic|grandiose|impulsive|innovative|judgmental|traditional,7,1.0,42.976668042362846,0.9425816339189884,0.8967789761177531,0.8818646787607594,0.2826002693236993,10.078175247930492
adventurous|altruistic|grandiose|impulsive|introspective|traditional,6,1.0,42.77768709925521,0.9483243671814571,0.8849218004255869,0.8855574263167914,0.2819227081775384,10.108847196287993
adventurous|altruistic|grandiose|impulsive|introspective|judgmental|traditional,7,1.0,41.15294737840744,0.9470258883018033,0.896883831526298,0.8875915326536914,0.2765248719431336,9.881150964018415
adventurous|altruistic|grandiose|impulsive|judgmental|traditional,6,1.0,44.44817937577765,0.9383210018772274,0.8966629391051941,0.8798592271921525,0.2873837110497193,10.280793211421685
adventurous|altruistic|grandiose|innovative|introspective|manipulative,6,0.1,50.10233897841779,0.9232561046831554,0.8901364037806574,0.8785732799087135,0.3051112658323004,10.860102466942214
adventurous|altruistic|grandiose|innovative|introspective|judgmental|manipulative,7,0.1,48.689387826941655,0.9230699656191274,0.8996206581499845,0.8784959148312964,0.3008153793896978,10.608637727513301
adventurous|altruistic|grandiose|innovative|judgmental|manipulative,6,0.1,50.31208677863337,0.9238371734689054,0.8881669471438165,0.8774782435950286,0.3057779086233828,10.76165026810779
adventurous|altruistic|grandiose|innovative|manipulative|optimistic,6,0.1,44.863198003530286,0.9237495934858626,0.8988475453774499,0.9238090706332708,0.28875691957982536,10.162664466621802
adventurous|altruistic|grandiose|innovative|introspective|manipulative|optimistic,7,0.1,43.28054505569154,0.9227553582666985,0.9002413802847291,0.9439359818288342,0.28363786874370406,10.053507498129964
adventurous|altruistic|grandiose|innovative|introspective|judgmental|manipulative|optimistic,8,0.1,40.06861290982077,0.9236124701997169,0.9186510640550337,0.945092071820846,0.2729748104512632,9.600489644431182
adventurous|altruistic|grandiose|innovative|judgmental|manipulative|optimistic,7,0.1,41.714702814353004,0.9242777182968182,0.918424343071868,0.9231970393738109,0.2785070429470908,9.742004855940676
adventurous|altruistic|grandiose|introspective|judgmental|manipulative|optimistic,7,1.0,45.0217100828962,0.9074297375563466,0.9193878220297766,0.9429084130580336,0.28930949487870894,10.335093421141531
adventurous|altruistic|grandiose|judgmental|manipulative|optimistic,6,1.0,47.32976576771287,0.9062653933970017,0.9174715416698637,0.9228382031008193,0.29661391730518055,10.568202101442466
adventurous|altruistic|grandiose|manipulative|optimistic|pessimistic,6,0.1,44.36625331776536,0.922878849041904,0.9025554252829242,0.9261674339601013,0.2871294738341889,10.217480315681524
adventurous|altruistic|grandiose|innovative|manipulative|optimistic|pessimistic,7,0.1,41.12519323049297,0.9337116613598668,0.90242169161425,0.9261036077327383,0.2764524736507504,9.689771766651885
adventurous|altruistic|grandiose|innovative|introspective|manipulative|optimistic|pessimistic,8,0.1,39.176207855277376,0.9328908247842291,0.9050135132113105,0.9478071972438809,0.2698397028973718,9.499998731068487
adventurous|altruistic|grandiose|innovative|introspective|judgmental|manipulative|optimistic|pessimistic,9,0.1,36.961847808189894,0.9319172268098086,0.9185247804143716,0.9527817705115716,0.26214874306768177,9.164415647677593
adventurous|altruistic|grandiose|innovative|judgmental|manipulative|optimistic|pessimistic,8,0.1,38.953872179560804,0.9325903717172738,0.9179018275926583,0.9274028814296318,0.2691030344011426,9.370048254073433
adventurous|altruistic|grandiose|introspective|manipulative|optimistic|pessimistic,7,0.1,41.88677554914851,0.9247024143278795,0.9057476454045681,0.943543781950969,0.2790014172197901,9.915849554092361
adventurous|altruistic|grandiose|introspective|judgmental|manipulative|optimistic|pessimistic,8,0.1,39.740717218457405,0.923764905101918,0.9194093585658842,0.9472974476567949,0.27179812637584405,9.601943122213497
adventurous|altruistic|grandiose|judgmental|manipulative|optimistic|pessimistic,7,0.1,42.13386389798167,0.9221842871828602,0.9175578883219059,0.9275677192076837,0.2798505440891644,9.91342658797789
adventurous|altruistic|grandiose|manipulative|optimistic|pessimistic|traditional,7,0.1,42.741224112068096,0.9269204244412567,0.9023789869184864,0.9313650517722273,0.2818398801848487,9.978989623591765
adventurous|altruistic|grandiose|innovative|manipulative|optimistic|pessimistic|traditional,8,0.1,39.88146058074697,0.9340973079155666,0.9030868801680882,0.938466087475218,0.2722555623478759,9.505566974594116
adventurous|altruistic|grandiose|innovative|introspective|manipulative|optimistic|pessimistic|traditional,9,0.1,37.953699812169305,0.933285367902799,0.9068878402543005,0.9576329748959375,0.26560882649330453,9.332023771070785
adventurous|altruistic|grandiose|innovative|introspective|judgmental|manipulative|optimistic|pessimistic|traditional,10,0.1,35.61183284551395,0.9323320911864594,0.9207966923382916,0.9633481234029475,0.25732778480428575,8.969937645288072
adventurous|altruistic|grandiose|innovative|judgmental|manipulative|optimistic|pessimistic|traditional,9,0.1,37.50079974250747,0.9330085682232516,0.919346871254777,0.9407327761584455,0.2640518321113158,9.154626714664879
adventurous|altruistic|grandiose|introspective|manipulative|optimistic|pessimistic|traditional,8,0.1,41.0536522902228,0.9269715330961765,0.9069400676423964,0.9430856697755804,0.2762239603881464,9.815291239182427
adventurous|altruistic|grandiose|introspective|judgmental|manipulative|optimistic|pessimistic|traditional,9,0.1,39.104443355259924,0.9258916092925145,0.9195715423897856,0.9469002986184789,0.26962540702241655,9.532599386345389
adventurous|altruistic|grandiose|judgmental|manipulative|optimistic|pessimistic|traditional,8,0.1,40.5795903298751,0.9258814323719808,0.9172949356003923,0.9333196829741061,0.27466222358192205,9.68873817851174
adventurous|altruistic|grandiose|manipulative|optimistic|traditional,6,1.0,48.051733755486865,0.9122435144824379,0.8968601584156789,0.9309244822913197,0.2988333820008799,10.603502401464775
adventurous|altruistic|grandiose|innovative|manipulative|optimistic|traditional,7,0.1,43.5832735481455,0.9242968193416988,0.8997999477616102,0.9354678989021153,0.2846274700542756,9.99005973095267
adventurous|altruistic|grandiose|innovative|introspective|manipulative|optimistic|traditional,8,0.1,42.06759682006841,0.9232432711325772,0.9023886323326997,0.9527763612781477,0.2796527233779331,9.906730537483652
adventurous|altruistic|grandiose|innovative|introspective|judgmental|manipulative|optimistic|traditional,9,0.1,38.819552967424414,0.9240674362301341,0.9209517519551821,0.9542234566349288,0.26870108709674323,9.432012099095292
adventurous|altruistic|grandiose|innovative|judgmental|manipulative|optimistic|traditional,8,0.1,40.300628328952016,0.9248405808344786,0.919900489516173,0.9354612106532463,0.273763857516057,9.546411393138069
adventurous|altruistic|grandiose|introspective|manipulative|optimistic|traditional,7,1.0,46.711259592910864,0.9116564491410591,0.9006651711548918,0.9421635607935358,0.29464435558573304,10.536572253914152
adventurous|altruistic|grandiose|introspective|judgmental|manipulative|optimistic|traditional,8,1.0,43.43394269539349,0.9126501727840015,0.9192349169985355,0.9433291971247197,0.28417645610058634,10.13348119642315
adventurous|altruistic|grandiose|judgmental|manipulative|optimistic|traditional,7,1.0,44.537422754687306,0.9133214765673867,0.9173262802423989,0.9310960610419431,0.2877568082072423,10.21549171312127
adventurous|altruistic|grandiose|innovative|manipulative|pessimistic,6,0.1,45.822961058075705,0.9238577231522673,0.8911238894581175,0.9263450437841283,0.2917967748199989,10.223321541655105
adventurous|altruistic|grandiose|innovative|introspective|manipulative|pessimistic,7,0.1,43.94077338291876,0.9227671752629997,0.8942017225622186,0.9473076892463376,0.2857589608193899,10.08414327340323
adventurous|altruistic|grandiose|innovative|introspective|judgmental|manipulative|pessimistic,8,0.1,40.466165009360815,0.9225364293843249,0.9140279550474355,0.9529473680491729,0.2742959388540048,9.558060424930767
adventurous|altruistic|grandiose|innovative|judgmental|manipulative|pessimistic,7,0.1,42.3048507996668,0.9235766772855363,0.9136669245772727,0.927600778586583,0.2804409881801559,9.729643523772694
adventurous|altruistic|grandiose|introspective|manipulative|pessimistic,6,1.0,49.728238210830725,0.9056162229609606,0.8936825170218923,0.9408847306798753,0.30396607606136195,10.888646110720988
adventurous|altruistic|grandiose|manipulative|pessimistic|traditional,6,1.0,49.51787395984035,0.9127024498757973,0.8869889465320846,0.9300427769648704,0.30333098392735347,10.725771144877768
adventurous|altruistic|grandiose|innovative|manipulative|pessimistic|traditional,7,0.1,44.85763457751743,0.9237572561239368,0.8910939016741718,0.9384043022323882,0.2887221436580507,10.123340003043298
adventurous|altruistic|grandiose|innovative|introspective|manipulative|pessimistic|traditional,8,0.1,43.00620850341714,0.9226990933535922,0.8953073956465053,0.9567637209136168,0.2827169653342495,9.992587817880231
adventurous|altruistic|grandiose|innovative|introspective|judgmental|manipulative|pessimistic|traditional,9,0.1,39.34756785107811,0.9225260953551339,0.9157368032399984,0.9633076427948067,0.2704902971325675,9.43735565195318
adventurous|altruistic|grandiose|innovative|judgmental|manipulative|pessimistic|traditional,8,0.1,41.063071474810215,0.9235717755491383,0.9146243140854126,0.940822432923859,0.27631030699796716,9.600923307877531
adventurous|altruistic|grandiose|introspective|manipulative|pessimistic|traditional,7,1.0,47.6062740501165,0.9129954630905037,0.8933154452288641,0.9403042779672842,0.2974186801476152,10.607382742127138
adventurous|altruistic|grandiose|introspective|judgmental|manipulative|pessimistic|traditional,8,1.0,44.28052779315599,0.9125894800737187,0.9128138460057004,0.9454094351405404,0.28690075696804707,10.157573307494683
adventurous|altruistic|grandiose|judgmental|manipulative|pessimistic|traditional,7,1.0,45.742594371583635,0.9127145603119852,0.9099483309954346,0.9325906705271627,0.2915986401411813,10.284167587044154
adventurous|altruistic|grandiose|innovative|manipulative|traditional,6,0.1,51.7790929221229,0.9244904168282145,0.8778070407382973,0.8768370123033097,0.31016584063116537,10.975941029813354
adventurous|altruistic|grandiose|innovative|introspective|manipulative|traditional,7,0.1,50.266112438308355,0.923592068853752,0.8895922975505938,0.8763801955354996,0.30560948029146634,10.900139362941665
adventurous|altruistic|grandiose|innovative|introspective|judgmental|manipulative|traditional,8,0.1,48.96682534443722,0.9231493346238839,0.8986078291433737,0.8767353410346421,0.30167179770722546,10.656803563015657
adventurous|altruistic|grandiose|innovative|judgmental|manipulative|traditional,7,0.1,50.48984007241139,0.924017993899539,0.8868141536340067,0.8771773892195781,0.30632151400559093,10.773412950347058
adventurous|altruistic|grandiose|introspective|manipulative|traditional,6,1.0,54.01520792601762,0.9123791781893258,0.8891424056193263,0.8727895435375048,0.31678889378895736,11.381259722194036
adventurous|altruistic|grandiose|introspective|judgmental|manipulative|traditional,7,1.0,52.463858963282476,0.9125667417900022,0.898803698305259,0.8726969095241385,0.31224117953457226,11.134932062776624
adventurous|altruistic|grandiose|judgmental|manipulative|traditional,6,1.0,54.28036357333771,0.9128013809671709,0.8857017543647749,0.874284479601219,0.317609690387429,11.269305904858662
adventurous|altruistic|grandiose|innovative|introspective|optimistic,6,0.01,51.55783485204309,0.9082953428592346,0.8767235723154047,0.9407518787900323,0.3094797185643264,10.845403408258893
adventurous|altruistic|grandiose|innovative|introspective|judgmental|optimistic,7,0.1,43.66199549263935,0.9155015406500211,0.9118207102758837,0.9441021459363339,0.2848978312506973,9.929167968313564
adventurous|altruistic|grandiose|innovative|judgmental|optimistic,6,0.1,45.8353969920644,0.9149256130899682,0.9132821495745287,0.917201556896216,0.29188432393510316,10.126941934159138
adventurous|altruistic|grandiose|innovative|optimistic|pessimistic,6,0.1,48.92437536701166,0.9203083439684818,0.8840336272885592,0.9151659220059504,0.3014634148400838,10.527252131001767
adventurous|altruistic|grandiose|innovative|introspective|optimistic|pessimistic,7,0.1,46.78642915945042,0.920028898961639,0.8831082288793393,0.9437390943869143,0.2948206456967323,10.318399424467916
adventurous|altruistic|grandiose|innovative|introspective|judgmental|optimistic|pessimistic,8,0.1,40.98208502057336,0.9225564906416647,0.9111927576889155,0.9520826914538469,0.2759936491371355,9.589770054015263
adventurous|altruistic|grandiose|innovative|judgmental|optimistic|pessimistic,7,0.1,43.287825330126886,0.9226022850367341,0.9124320198463857,0.921723908382609,0.2836339250427966,9.821816209363304
adventurous|altruistic|grandiose|introspective|judgmental|optimistic|pessimistic,7,0.1,52.822113729339364,0.889672914928922,0.9050535075108462,0.9402080151636446,0.3133147532475649,11.030318631614776
adventurous|altruistic|grandiose|optimistic|pessimistic|traditional,6,0.1,59.24413675497958,0.8940997431890834,0.8697224094463264,0.9124358478430472,0.33177790924540596,11.779052312772878
adventurous|altruistic|grandiose|innovative|optimistic|pessimistic|traditional,7,0.01,45.48785324659973,0.9237056074630199,0.8893100342494548,0.93442752629774,0.29070742205421846,10.110404954883558
adventurous|altruistic|grandiose|innovative|introspective|optimistic|pessimistic|traditional,8,0.01,43.80901035824556,0.9228442167658701,0.8899243622712343,0.9567206512478508,0.2853024998779853,9.96188455511475
adventurous|altruistic|grandiose|innovative|introspective|judgmental|optimistic|pessimistic|traditional,9,0.1,38.57074120953286,0.9248782626496024,0.9160288752915281,0.9637453132866843,0.26776315995376143,9.280339656712442
adventurous|altruistic|grandiose|innovative|judgmental|optimistic|pessimistic|traditional,8,0.1,40.28395661169596,0.9255053193838609,0.9163995725697883,0.9400359489321412,0.2736355935543936,9.430678750526388
adventurous|altruistic|grandiose|introspective|optimistic|pessimistic|traditional,7,0.1,58.20030638154886,0.8930293849405343,0.8708592349084955,0.9268936019223787,0.3288348268246182,11.666154515179125
adventurous|altruistic|grandiose|introspective|judgmental|optimistic|pessimistic|traditional,8,0.1,50.043967347677196,0.8994394688533306,0.9043019212867502,0.9395981407063527,0.30496996511159574,10.783418466271007
adventurous|altruistic|grandiose|judgmental|optimistic|pessimistic|traditional,7,0.1,51.05723230097406,0.900453797306374,0.9046422728464557,0.9229676344786454,0.3080455534142856,10.87107369988276
adventurous|altruistic|grandiose|innovative|optimistic|traditional,6,0.01,49.75791662339723,0.9124921923227524,0.8846625727429182,0.9323264311653248,0.30404619455432264,10.672190174346742
adventurous|altruistic|grandiose|innovative|introspective|optimistic|traditional,7,0.001,48.44609340837247,0.9117064945626174,0.8839903314557185,0.952285607207822,0.3000254439033592,10.559130369082537
adventurous|altruistic|grandiose|innovative|introspective|judgmental|optimistic|traditional,8,0.1,41.34843471551256,0.9178629579288521,0.9164878471213644,0.9547354558470329,0.2772643510552593,9.65199608768884
adventurous|altruistic|grandiose|innovative|judgmental|optimistic|traditional,7,0.1,42.829814254437125,0.9181510496946563,0.9170947852873399,0.9346341838839017,0.2821763250859362,9.771224037950358
adventurous|altruistic|grandiose|introspective|optimistic|traditional,6,1.0,70.22176734704904,0.861606555443652,0.8536097953766244,0.9285379415936007,0.361136639304237,12.779561920182468
adventurous|altruistic|grandiose|introspective|judgmental|optimistic|traditional,7,1.0,55.35597261548497,0.8826891271718768,0.9039545921022069,0.9371188277486784,0.3207263356267709,11.334165449777482
adventurous|altruistic|grandiose|judgmental|optimistic|traditional,6,1.0,56.09048939936561,0.884055493795058,0.9047023187764187,0.9218235555519655,0.32284989298714684,11.362050656504472
adventurous|altruistic|grandiose|innovative|introspective|pessimistic,6,0.01,51.95917580477205,0.9090705108384292,0.8713114955010395,0.943359648119473,0.31063689247036513,10.812186266241932
adventurous|altruistic|grandiose|innovative|introspective|judgmental|pessimistic,7,0.1,44.09353876056183,0.9138463201139106,0.9079179656049886,0.9523364195856827,0.2862681055995956,9.848112640500096
adventurous|altruistic|grandiose|innovative|judgmental|pessimistic,6,0.1,46.16330997174871,0.9144765323295612,0.909441367393494,0.9221734190840419,0.29289318724390745,10.055322987515664
adventurous|altruistic|grandiose|introspective|judgmental|pessimistic,6,1.0,64.52029089643923,0.8568059530864044,0.8954907238035178,0.9367245414250206,0.346186191824916,12.114321735008692
adventurous|altruistic|grandiose|innovative|pessimistic|traditional,6,0.01,50.91752665982097,0.9125055737231929,0.8762701938790335,0.9341140990510287,0.30751981761518354,10.762636932409249
adventurous|altruistic|grandiose|innovative|introspective|pessimistic|traditional,7,0.01,49.562065710671,0.9109920830080493,0.8764663268736627,0.9556371345339436,0.30341108788704674,10.634849285597541
adventurous|altruistic|grandiose|innovative|introspective|judgmental|pessimistic|traditional,8,0.1,42.11381816884667,0.9153360986345996,0.9117487060562428,0.9636716961571203,0.2797826637155978,9.640389786985647
adventurous|altruistic|grandiose|innovative|judgmental|pessimistic|traditional,7,0.1,43.62120005415831,0.9164262874252762,0.9124712805431127,0.9401122754066658,0.2847357902099868,9.786423792129524
adventurous|altruistic|grandiose|introspective|pessimistic|traditional,6,0.1,70.19259088205548,0.8676843893570648,0.8464253191337225,0.9204703355006754,0.36099001671352554,12.49947925688044
adventurous|altruistic|grandiose|introspective|judgmental|pessimistic|traditional,7,1.0,56.81104765655137,0.881640364555477,0.896563808147209,0.9373187582170031,0.3248704867356507,11.316682409442075
adventurous|altruistic|grandiose|innovative|introspective|traditional,6,0.01,56.57933423192246,0.911688971831236,0.8719683861517392,0.8766493380971973,0.32415014147494037,11.470331618643463
adventurous|altruistic|grandiose|innovative|introspective|judgmental|traditional,7,0.1,52.26002115732264,0.9157191090946716,0.8922300175056188,0.8761172152008908,0.31159186631373476,10.928789812508493
adventurous|altruistic|grandiose|innovative|judgmental|traditional,6,0.1,53.088739598432014,0.9168648749585128,0.884965638447604,0.8754917866405495,0.31404863297319596,10.982998951289508
adventurous|altruistic|grandiose|introspective|judgmental|traditional,6,1.0,64.9220489483779,0.8818803020661526,0.882630799192621,0.8643737120762797,0.3472604444028276,12.2332550626067
adventurous|altruistic|impulsive|innovative|introspective|judgmental,6,0.1,96.76976518836241,0.8908699786161546,0.6644338607007503,0.8534128845447511,0.4240205088287495,14.61102693374811
adventurous|altruistic|impulsive|innovative|introspective|manipulative,6,0.1,113.1480767962868,0.8589465712738238,0.6342325881935056,0.8278590012045545,0.4585259768885209,15.918372984887371
adventurous|altruistic|impulsive|innovative|judgmental|manipulative,6,0.1,97.06348798772069,0.8872094155057292,0.6738829669451213,0.8453096954005352,0.4247080506035145,14.796789089834778
adventurous|altruistic|impulsive|introspective|judgmental|manipulative,6,1.0,102.53280526344217,0.8913213634816795,0.6319199644606479,0.8425710707732995,0.43649191718062996,15.197561434703518
adventurous|altruistic|impulsive|innovative|manipulative|optimistic,6,1.0,85.8063447597564,0.8809939494850211,0.7285034953342298,0.902083670542507,0.39936112319171674,14.013843753405249
adventurous|altruistic|impulsive|innovative|introspective|manipulative|optimistic,7,1.0,82.94875286138465,0.8823919414707847,0.727975101599605,0.932517938197196,0.39267010865575624,13.67307988226435
adventurous|altruistic|impulsive|innovative|introspective|judgmental|manipulative|optimistic,8,1.0,78.524621914981,0.8964243567730275,0.7294036763705318,0.9321770153298967,0.3820674415204812,13.14046375720252
adventurous|altruistic|impulsive|innovative|judgmental|manipulative|optimistic,7,1.0,81.56142926252826,0.8942757529902237,0.7302147892517126,0.90176873762342,0.3893716265125002,13.521557537902645
adventurous|altruistic|impulsive|introspective|manipulative|optimistic,6,1.0,87.57004243353454,0.8831103122911245,0.7007434297109205,0.9247601543692214,0.40346585017624753,14.212927565334626
adventurous|altruistic|impulsive|introspective|judgmental|manipulative|optimistic,7,1.0,83.21393077078748,0.89507699392523,0.7054018755705468,0.9251823539863425,0.3932988843396449,13.740289301242285
adventurous|altruistic|impulsive|judgmental|manipulative|optimistic,6,1.0,85.21694952391074,0.8942889081294998,0.7067174031755815,0.90133738747739,0.3980020448451787,13.96371488312577
adventurous|altruistic|impulsive|manipulative|optimistic|pessimistic,6,0.1,76.24663324730805,0.9173592341378528,0.7138658916816205,0.9126057951381433,0.376444234010021,13.251804040919174
adventurous|altruistic|impulsive|innovative|manipulative|optimistic|pessimistic,7,0.1,71.24282982336436,0.9166281088103285,0.7469844971168077,0.9141389898530126,0.36385374114735264,12.666828804548526
adventurous|altruistic|impulsive|innovative|introspective|manipulative|optimistic|pessimistic,8,0.1,68.4246938098616,0.9169675781762421,0.7465838392809163,0.947704489793499,0.35660318004578784,12.293096304902578
adventurous|altruistic|impulsive|innovative|introspective|judgmental|manipulative|optimistic|pessimistic,9,0.1,68.24209070751212,0.9175766468096332,0.7458346962859288,0.9490253015985216,0.3561417959623614,12.238396625393232
adventurous|altruistic|impulsive|innovative|judgmental|manipulative|optimistic|pessimistic,8,0.1,71.43657369641575,0.9168443279868705,0.745812034207724,0.9131231219024135,0.36436305935831653,12.674366140721423
adventurous|altruistic|impulsive|introspective|manipulative|optimistic|pessimistic,7,0.1,74.24991932881137,0.9179597820337363,0.7124582350418429,0.9371927554390657,0.37149192828350414,13.035906853250061
adventurous|altruistic|impulsive|introspective|judgmental|manipulative|optimistic|pessimistic,8,0.1,74.35884506695453,0.9180106071727457,0.7117862045186883,0.936924883303575,0.37176814040665557,13.020513496258989
adventurous|altruistic|impulsive|judgmental|manipulative|optimistic|pessimistic,7,0.1,76.41511485520923,0.9174139163728874,0.7132324122845775,0.9115215745411137,0.37686544531415955,13.24679453161168
adventurous|altruistic|impulsive|manipulative|optimistic|pessimistic|traditional,7,0.1,73.102672118867,0.9229854351015416,0.7186909591728525,0.9210234385694419,0.368626599754119,12.906544298940945
adventurous|altruistic|impulsive|innovative|manipulative|optimistic|pessimistic|traditional,8,0.1,54.776305457287116,0.9291048402422867,0.8159962433459158,0.9390027799736499,0.31906822910815813,11.069378909945854
adventurous|altruistic|impulsive|innovative|introspective|manipulative|optimistic|pessimistic|traditional,9,0.1,51.995318639662955,0.9330294677945565,0.8153598101860862,0.9595024057843262,0.3108780303684277,10.812204400895967
adventurous|altruistic|impulsive|innovative|introspective|judgmental|manipulative|optimistic|pessimistic|traditional,10,0.01,51.13455813118148,0.9322245563203747,0.8199620400748691,0.9642070505717281,0.30830953749676,10.65528858731883
adventurous|altruistic|impulsive|innovative|judgmental|manipulative|optimistic|pessimistic|traditional,9,0.01,54.078510078298606,0.9280909128684557,0.8208321643991442,0.9420493769679352,0.3170465467270097,10.946988216649078
adventurous|altruistic|impulsive|introspective|manipulative|optimistic|pessimistic|traditional,8,0.1,69.96793045289698,0.927990809244865,0.7203366419576887,0.9376478785611729,0.3606399697228448,12.675956933199624
adventurous|altruistic|impulsive|introspective|judgmental|manipulative|optimistic|pessimistic|traditional,9,1.0,70.07892582553544,0.9272876236183881,0.7210726950504048,0.9374558845498877,0.36093398532497223,12.669667278174797
adventurous|altruistic|impulsive|judgmental|manipulative|optimistic|pessimistic|traditional,8,1.0,73.3549367854238,0.9219234488119223,0.7191674418846938,0.9208818631337249,0.36927673509764497,12.928072930941218
adventurous|altruistic|impulsive|manipulative|optimistic|traditional,6,1.0,82.2982496897687,0.8974562081637891,0.7116217701725864,0.915798015695612,0.3911624622662509,13.760481477196036
adventurous|altruistic|impulsive|innovative|manipulative|optimistic|traditional,7,0.1,62.346582194088136,0.9063267305241597,0.8131035674349625,0.9357779712094229,0.34041501719035727,11.904211900575149
adventurous|altruistic|impulsive|innovative|introspective|manipulative|optimistic|traditional,8,0.1,58.69241391234831,0.913638071482812,0.8134544690934358,0.9526339203656996,0.3303067412957306,11.443183728298113
adventurous|altruistic|impulsive|innovative|introspective|judgmental|manipulative|optimistic|traditional,9,0.01,57.18999612353802,0.9178111760820249,0.8147981565486111,0.9530229975694868,0.3260690674175621,11.220233833235477
adventurous|altruistic|impulsive|innovative|judgmental|manipulative|optimistic|traditional,8,0.01,60.97322599101491,0.9101913350524032,0.8144128886526765,0.9357528782668549,0.3366704518964239,11.658761981668462
adventurous|altruistic|impulsive|introspective|manipulative|optimistic|traditional,7,1.0,77.92912577570095,0.9064464676485142,0.7157127628718195,0.9282910318973245,0.38063779008729864,13.339398112979207
adventurous|altruistic|impulsive|introspective|judgmental|manipulative|optimistic|traditional,8,1.0,75.18267525567823,0.9142933324063675,0.7182308342845114,0.9282615688123568,0.3738637755089937,13.064741758132595
adventurous|altruistic|impulsive|judgmental|manipulative|optimistic|traditional,7,1.0,79.31777512915161,0.9057797197324968,0.7149516371821494,0.9153024158905818,0.3840168562297244,13.436301522268364
adventurous|altruistic|impulsive|innovative|manipulative|pessimistic,6,0.1,75.47923179004358,0.9020505903189501,0.7477765610444664,0.9145975447044883,0.3745054808491237,13.127889400030032
adventurous|altruistic|impulsive|innovative|introspective|manipulative|pessimistic,7,0.1,72.68023414328857,0.9025975546556356,0.7470049501975262,0.9478577152643328,0.36751549839450326,12.742375023873024
adventurous|altruistic|impulsive|innovative|introspective|judgmental|manipulative|pessimistic,8,0.1,71.49808151103896,0.9068242537211663,0.7457604320516544,0.9489709142722235,0.3645368011208448,12.516458550503982
adventurous|altruistic|impulsive|introspective|manipulative|pessimistic,6,1.0,78.38718158180924,0.9032153221736724,0.7143983133925409,0.9373501523189167,0.3816825921280131,13.489333685981807
adventurous|altruistic|impulsive|judgmental|manipulative|pessimistic,6,1.0,79.59623835023545,0.9058843011107557,0.7148923520970749,0.9120182926690228,0.38461815734800125,13.567369236993738
adventurous|altruistic|impulsive|manipulative|pessimistic|traditional,6,1.0,75.27793384111283,0.9159379362010052,0.7185827112974958,0.920615010948828,0.3740658748317925,13.189759929563072
adventurous|altruistic|impulsive|innovative|manipulative|pessimistic|traditional,7,0.1,57.13162675808843,0.9223770389132667,0.814412220318862,0.9380404774473806,0.3258424347454626,11.446924740905274
adventurous|altruistic|impulsive|innovative|introspective|manipulative|pessimistic|traditional,8,0.1,54.08147012603706,0.9273364566046708,0.8131934285022658,0.9590927302353082,0.31704369087916323,11.077570641826584
adventurous|altruistic|impulsive|innovative|introspective|judgmental|manipulative|pessimistic|traditional,9,0.01,52.73862671967597,0.9273842173025552,0.8189821374120119,0.964283262352739,0.31310415259246005,10.825673156406905
adventurous|altruistic|impulsive|innovative|judgmental|manipulative|pessimistic|traditional,8,0.01,56.046800856856976,0.9219803605915079,0.8202397336299354,0.9416300111225689,0.32276012405053844,11.216014463510648
adventurous|altruistic|impulsive|introspective|manipulative|pessimistic|traditional,7,1.0,71.90224457059972,0.9219982454147202,0.7195252467284368,0.9376248020883854,0.36558541951259105,12.900165855054567
adventurous|altruistic|impulsive|introspective|judgmental|manipulative|pessimistic|traditional,8,1.0,71.61168080110623,0.9235430808341343,0.7184699512185035,0.9374523948694153,0.364851625686564,12.829696292615004
adventurous|altruistic|impulsive|judgmental|manipulative|pessimistic|traditional,7,1.0,75.08318715384613,0.9172112909957794,0.7175801985413988,0.9201445471954319,0.3735932026686535,13.128035318693236
adventurous|altruistic|impulsive|innovative|manipulative|traditional,6,0.1,95.76984686411205,0.8759009022368802,0.7064249590299951,0.84176487768301,0.4218090831713188,14.890872560485318
adventurous|altruistic|impulsive|innovative|introspective|manipulative|traditional,7,0.1,89.91942552127978,0.8891062597782025,0.7168412659555143,0.8450374464324362,0.4087061409828333,14.276718463013959
adventurous|altruistic|impulsive|innovative|introspective|judgmental|manipulative|traditional,8,0.1,80.22626059027505,0.9083809272438007,0.7310614695311534,0.8653550975057276,0.3860766091687626,13.538696941669787
adventurous|altruistic|impulsive|innovative|judgmental|manipulative|traditional,7,0.1,85.10087921444602,0.8976190886538663,0.7235449717216181,0.8595062339138013,0.3976593769184252,14.030040517343407
adventurous|altruistic|impulsive|introspective|judgmental|manipulative|traditional,7,1.0,98.23916028928265,0.9051093967478495,0.633379707611207,0.8414762573419322,0.42726390514498375,14.851176670261633
adventurous|altruistic|impulsive|judgmental|manipulative|traditional,6,1.0,103.8482160418755,0.8933793179628085,0.6213352192212276,0.8384908521828054,0.4393556014109033,15.240315465152946
adventurous|altruistic|impulsive|innovative|introspective|optimistic,6,1.0,84.19784652285917,0.8788815684705408,0.727347064934992,0.9314345803370461,0.39560278755787426,13.67907993828979
adventurous|altruistic|impulsive|innovative|introspective|judgmental|optimistic,7,1.0,78.56952200238509,0.8964815192132637,0.7292552270950017,0.9317606513910945,0.3821648176880574,13.063015827181992
adventurous|altruistic|impulsive|innovative|judgmental|optimistic,6,1.0,82.25041698449847,0.8924063268354381,0.7306050188672588,0.8995822803732416,0.3909993448694165,13.486704372770411
adventurous|altruistic|impulsive|introspective|judgmental|optimistic,6,1.0,83.23973410553072,0.8936768058163592,0.7077261060541934,0.9257026810582065,0.3933469830865355,13.658824309033562
adventurous|altruistic|impulsive|innovative|optimistic|pessimistic,6,0.01,72.33790065740232,0.9133956757883996,0.7480165341536273,0.9107867714694208,0.3666302663999286,12.686957256836305
adventurous|altruistic|impulsive|innovative|introspective|optimistic|pessimistic,7,0.1,68.84261758589987,0.9156341876032614,0.7466038166951778,0.9474840057416247,0.35768772753802264,12.27710360990829
adventurous|altruistic|impulsive|innovative|introspective|judgmental|optimistic|pessimistic,8,0.1,68.65956820073467,0.9170993699487777,0.7445428087631197,0.9481394066591389,0.3572260860869609,12.241692349415231
adventurous|altruistic|impulsive|innovative|judgmental|optimistic|pessimistic,7,0.1,72.19528165723645,0.9149466615531858,0.7458835201938872,0.9107514353874613,0.3662871403229687,12.672659404642214
adventurous|altruistic|impulsive|introspective|optimistic|pessimistic,6,0.1,74.30788674370356,0.9160431135980925,0.7155599863155437,0.9377098068758328,0.37163270600658255,12.999534098128287
adventurous|altruistic|impulsive|introspective|judgmental|optimistic|pessimistic,7,0.1,74.29091809188293,0.9169594976270347,0.7140207401717591,0.9374308890023377,0.37159365300905106,12.977675953744798
adventurous|altruistic|impulsive|judgmental|optimistic|pessimistic,6,0.1,77.09549388019505,0.9152426127085427,0.7151156505648776,0.9077248195012002,0.3785310772468574,13.261518782729985
adventurous|altruistic|impulsive|innovative|optimistic|pessimistic|traditional,7,0.01,55.64364165426002,0.9267252285855935,0.8175389430360628,0.9343698955347802,0.32156688997036414,11.109022560282094
adventurous|altruistic|impulsive|innovative|introspective|optimistic|pessimistic|traditional,8,0.01,51.50323106477259,0.933194965620694,0.8180980776893936,0.9597896581086116,0.3093919488415182,10.727474006682462
adventurous|altruistic|impulsive|innovative|introspective|judgmental|optimistic|pessimistic|traditional,9,0.001,50.68632436932663,0.9323522782198964,0.8225551680850031,0.964347894429386,0.30694986302440275,10.596310110248535
adventurous|altruistic|impulsive|innovative|judgmental|optimistic|pessimistic|traditional,8,0.01,54.73146571313565,0.9260634483547855,0.8215566659402551,0.9402205941919729,0.3189459658998306,10.958700425293676
adventurous|altruistic|impulsive|introspective|optimistic|pessimistic|traditional,7,0.1,69.61246445501575,0.9283629032328911,0.7218160302921267,0.9377819597253981,0.35973343860644236,12.633004223911183
adventurous|altruistic|impulsive|introspective|judgmental|optimistic|pessimistic|traditional,8,0.1,69.93191996194761,0.9281414451090486,0.7202009637090574,0.937706787426822,0.36056442730792765,12.635236972817719
adventurous|altruistic|impulsive|judgmental|optimistic|pessimistic|traditional,7,0.1,73.90949014585259,0.9216581625955893,0.7195188000882415,0.9145005115165548,0.37066417303554094,12.94430456675677
adventurous|altruistic|impulsive|innovative|optimistic|traditional,6,0.01,63.74806791395425,0.9017999281904625,0.8148741964339006,0.9321203943704454,0.34419532365767097,12.035056694798477
adventurous|altruistic|impulsive|innovative|introspective|optimistic|traditional,7,0.01,58.254071146945726,0.9134757221293441,0.8164598398187815,0.9529751289576308,0.329058484520294,11.370122717854379
adventurous|altruistic|impulsive|innovative|introspective|judgmental|optimistic|traditional,8,0.001,56.62946629225744,0.9180856896574661,0.817674392420179,0.9534617741379305,0.3244617518638759,11.151958673485534
adventurous|altruistic|impulsive|innovative|judgmental|optimistic|traditional,7,0.01,61.55270804522422,0.908348543556079,0.8152675587705713,0.9339093374334217,0.3382551592531447,11.659925288330333
adventurous|altruistic|impulsive|introspective|optimistic|traditional,6,1.0,77.61939853553068,0.9067680189737525,0.7170044407109368,0.9284387425695111,0.379884339055834,13.293438607461335
adventurous|altruistic|impulsive|introspective|judgmental|optimistic|traditional,7,1.0,75.05843132830532,0.9148051634020397,0.7179489795705045,0.9283816384250351,0.37356382034444857,13.03771848100879
adventurous|altruistic|impulsive|judgmental|optimistic|traditional,6,1.0,79.80428128460744,0.9049786450272853,0.7164023289054755,0.9096533622718103,0.385185758356395,13.453348970608147
adventurous|altruistic|impulsive|innovative|introspective|pessimistic,6,0.1,72.87587802355215,0.9018352548208984,0.7473307467373389,0.9476775508856521,0.3680063836676909,12.716524466522069
adventurous|altruistic|impulsive|innovative|judgmental|pessimistic,6,0.1,75.1483532643612,0.904857124248221,0.7464034700349884,0.9108320421670089,0.37370330500905363,12.936997901296937
adventurous|altruistic|impulsive|introspective|judgmental|pessimistic,6,1.0,77.64942583755128,0.9051935945456573,0.7152846048916162,0.9374159902577488,0.3798812127957082,13.297769612681876
adventurous|altruistic|impulsive|innovative|pessimistic|traditional,6,0.01,57.877845633439094,0.9205835905699463,0.8153771277784926,0.9338127277858408,0.32794713855351393,11.476150400587864
adventurous|altruistic|impulsive|innovative|introspective|pessimistic|traditional,7,0.01,53.6330225680185,0.9277026525012703,0.8152191026539006,0.9594437844344773,0.31571674903408686,11.00727297726374
adventurous|altruistic|impulsive|innovative|introspective|judgmental|pessimistic|traditional,8,0.01,52.35277615897404,0.9276698241823941,0.8208807794966458,0.964378944315498,0.31195398297730487,10.786531123891681
adventurous|altruistic|impulsive|innovative|judgmental|pessimistic|traditional,7,0.01,56.53734032974169,0.920724260886206,0.8203513736774858,0.9400894823686111,0.3241630791580128,11.2101571926946
adventurous|altruistic|impulsive|introspective|pessimistic|traditional,6,1.0,71.60279216230127,0.9225138375137698,0.7203511956564612,0.9377984473029095,0.3648295211485523,12.854530352911299
adventurous|altruistic|impulsive|introspective|judgmental|pessimistic|traditional,7,1.0,71.47150046029493,0.9239120389081633,0.7185002002982774,0.9377161373918763,0.36450102237903664,12.801596264631964
adventurous|altruistic|impulsive|judgmental|pessimistic|traditional,6,1.0,75.47389881981289,0.9167954297548617,0.7186707533502481,0.9149167665893138,0.37455833567871427,13.128186868617817
adventurous|altruistic|impulsive|innovative|introspective|traditional,6,0.1,96.63886017664412,0.8808298839138086,0.7004428247906058,0.8246159150611503,0.4236844852784321,14.516290216901128
adventurous|altruistic|impulsive|innovative|introspective|judgmental|traditional,7,0.1,81.12628164777338,0.9082932298034769,0.7272370498248044,0.8620457683440182,0.3882116673167444,13.522591710972389
adventurous|altruistic|impulsive|innovative|judgmental|traditional,6,0.1,89.79292446083055,0.8902160313000643,0.7072299399560593,0.8603581842285939,0.4084419659979404,14.135925974354604
adventurous|altruistic|impulsive|introspective|judgmental|traditional,6,1.0,97.84132511494701,0.9056193239226784,0.6350286402385115,0.841451444698309,0.426380104112933,14.816552646123517
adventurous|altruistic|innovative|introspective|judgmental|manipulative,6,0.1,105.0531067907425,0.8830874952411116,0.6374319102479316,0.832152424383635,0.4417616233896962,15.330466153814143
adventurous|altruistic|innovative|introspective|manipulative|optimistic,6,0.1,89.6867254156488,0.8645952944615432,0.7210780500930627,0.9288034036131818,0.4082910699978382,14.362655871654507
adventurous|altruistic|innovative|introspective|judgmental|manipulative|optimistic,7,0.1,83.97527622284512,0.8836058400146635,0.7213994539158116,0.9278757719380141,0.39510426189583747,13.711172448832581
adventurous|altruistic|innovative|judgmental|manipulative|optimistic,6,0.1,85.35639892984106,0.8846275715107422,0.7241208593095467,0.9024109000917194,0.39832280555484073,13.850778038872896
adventurous|altruistic|innovative|manipulative|optimistic|pessimistic,6,0.01,75.89456060036125,0.9047114078146459,0.7395426645543988,0.9151905022524661,0.37554516726031884,13.171071658475242
adventurous|altruistic|innovative|introspective|manipulative|optimistic|pessimistic,7,0.1,74.22950095069889,0.9047045237119951,0.7360639110947991,0.9418087496186046,0.3714195411241986,12.937312020869332
adventurous|altruistic|innovative|introspective|judgmental|manipulative|optimistic|pessimistic,8,0.1,73.54011240753599,0.9063331229781377,0.7361370265256338,0.9439692692236656,0.3697137203182481,12.837223349248786
adventurous|altruistic|manipulative|optimistic|pessimistic|traditional,6,0.1,81.14886029147024,0.9111305168691964,0.6895175463677528,0.9213330537961777,0.3883808978143807,13.783475787642374
adventurous|altruistic|innovative|manipulative|optimistic|pessimistic|traditional,7,0.01,59.97756751751823,0.9112161258992926,0.8173465766444357,0.9386883255853273,0.33388899763499236,11.713677779475734
adventurous|altruistic|innovative|introspective|manipulative|optimistic|pessimistic|traditional,8,0.01,58.34888207671804,0.9108706549499468,0.8181773912168107,0.9580700952212043,0.3293390336374889,11.58049758325516
adventurous|altruistic|innovative|introspective|judgmental|manipulative|optimistic|pessimistic|traditional,9,0.001,56.96551120067354,0.9113841849679362,0.8230817304657911,0.9636749460567675,0.32543955996776974,11.3776339974327
adventurous|altruistic|innovative|judgmental|manipulative|optimistic|pessimistic|traditional,8,0.001,58.73712406508205,0.9118298645697444,0.8231110484098886,0.9405700986127407,0.3304496004290486,11.529811161490306
adventurous|altruistic|introspective|manipulative|optimistic|pessimistic|traditional,7,0.1,77.60501999017322,0.9106727168262871,0.7087522839058056,0.9299445714282895,0.37981662568919805,13.587811873139968
adventurous|altruistic|introspective|judgmental|manipulative|optimistic|pessimistic|traditional,8,0.1,77.57334598627772,0.9112268924459558,0.7077595944966008,0.930095101241222,0.37975239944818684,13.562791875874533
adventurous|altruistic|judgmental|manipulative|optimistic|pessimistic|traditional,7,1.0,81.26703594690076,0.9109342527975016,0.6890400083839777,0.9214031616096494,0.38868466335443935,13.793065496668016
adventurous|altruistic|innovative|manipulative|optimistic|traditional,6,0.01,69.54527161821808,0.8818067987975252,0.8148203295704427,0.9347819628210877,0.35954435549033964,12.63245087875031
adventurous|altruistic|innovative|introspective|manipulative|optimistic|traditional,7,0.01,68.16923316842701,0.8808108547999013,0.8162524735344606,0.9523424268277264,0.3559854754215481,12.546765766398208
adventurous|altruistic|innovative|introspective|judgmental|manipulative|optimistic|traditional,8,0.01,64.39404821957952,0.8924212489079013,0.8176664703434364,0.9528836030094889,0.34602945907264165,12.065337099776968
adventurous|altruistic|innovative|judgmental|manipulative|optimistic|traditional,7,0.01,65.90554508572279,0.8931703975434356,0.8165612406591216,0.9339539293319804,0.3500533546930433,12.165931930799953
adventurous|altruistic|introspective|judgmental|manipulative|optimistic|traditional,7,1.0,83.68369636952917,0.8927634570569181,0.7078556682811991,0.923161287210673,0.3944438135167596,14.085413598830101
adventurous|altruistic|judgmental|manipulative|optimistic|traditional,6,1.0,87.28920032215636,0.8935387669711101,0.6867442965460815,0.9161018107132435,0.40284879601396745,14.259863979722933
adventurous|altruistic|innovative|introspective|manipulative|pessimistic,6,0.1,80.67057885206037,0.8824853664135489,0.7375211879036976,0.9422082985122396,0.3871877077744319,13.614050921586486
adventurous|altruistic|innovative|judgmental|manipulative|pessimistic,6,0.1,80.07311869631795,0.8906773319776858,0.7401986634887565,0.9144131912558411,0.38577619654009515,13.493135248701137
adventurous|altruistic|innovative|manipulative|pessimistic|traditional,6,0.1,65.44831590985265,0.8947907389467227,0.8138383502950535,0.9389780038425439,0.348769410107919,12.349324814203666
adventurous|altruistic|innovative|introspective|manipulative|pessimistic|traditional,7,0.1,63.86611590778783,0.8944555466040582,0.8149507523041559,0.9572304556744804,0.3445419794775849,12.234270882659684
adventurous|altruistic|innovative|introspective|judgmental|manipulative|pessimistic|traditional,8,0.01,61.0717723865331,0.8984059896742094,0.8218227401739504,0.9636300620827938,0.3369650913038771,11.790144543203647
adventurous|altruistic|innovative|judgmental|manipulative|pessimistic|traditional,7,0.01,62.690162655758776,0.8991978728921286,0.8220069332793193,0.9408301513958307,0.3413890492457187,11.933309414222323
adventurous|altruistic|introspective|manipulative|pessimistic|traditional,6,1.0,83.52580293968228,0.8945078125507139,0.702822869850608,0.9283991077841202,0.3940160987982774,14.154929402007784
adventurous|altruistic|judgmental|manipulative|pessimistic|traditional,6,1.0,86.20923534915173,0.8995292526183621,0.679736518960327,0.9205841139001447,0.40031803623768325,14.224324727274285
adventurous|altruistic|innovative|introspective|manipulative|traditional,6,0.1,97.8787224296962,0.8704205941384391,0.7091488892221971,0.8313554712934162,0.4263885100957882,15.182167983467087
adventurous|altruistic|innovative|introspective|judgmental|manipulative|traditional,7,0.1,87.97308456903359,0.8913945174558323,0.7227666071403425,0.8491580848064361,0.40426310457049647,14.344189656436397
adventurous|altruistic|innovative|judgmental|manipulative|traditional,6,0.1,93.34384886151541,0.8909916931739702,0.6876712947740808,0.8512663601439349,0.4164041913805265,14.72379327652821
adventurous|altruistic|innovative|introspective|judgmental|optimistic,6,0.1,88.41999631606643,0.8679365997142708,0.7231461130351853,0.9281156978784425,0.40539279889471436,14.02912050782523
adventurous|altruistic|innovative|introspective|optimistic|pessimistic,6,0.1,82.90008611777009,0.8754878744537804,0.7378684782976124,0.9401663768270064,0.39248692495360343,13.70910080810187
adventurous|altruistic|innovative|judgmental|optimistic|pessimistic,6,0.01,80.4016094367892,0.8905191464160417,0.7403571735685595,0.9108351658836807,0.3865426537525219,13.542117585235948
adventurous|altruistic|introspective|judgmental|optimistic|pessimistic,6,0.1,95.33702449740181,0.8751617496025446,0.6688424457219029,0.9194866939273012,0.420939368349871,15.04281939107964
adventurous|altruistic|innovative|optimistic|pessimistic|traditional,6,0.01,69.44350110659107,0.8804301184481667,0.8182389947690759,0.9349083876863982,0.35922620875814604,12.561595888092764
adventurous|altruistic|innovative|introspective|optimistic|pessimistic|traditional,7,0.01,67.58658030492761,0.8800306132698882,0.8191807441928999,0.9570443361320571,0.3544034436040889,12.40554785862819
adventurous|altruistic|innovative|introspective|judgmental|optimistic|pessimistic|traditional,8,0.01,62.35510293611155,0.8930110308233546,0.8237968884295541,0.9641855932626184,0.34046295456641823,11.901957458288027
adventurous|altruistic|innovative|judgmental|optimistic|pessimistic|traditional,7,0.01,64.37371712302746,0.8931147736700836,0.8232149313752786,0.9404843132297411,0.34591797507975613,12.029688108051262
adventurous|altruistic|introspective|optimistic|pessimistic|traditional,6,0.1,94.44296703722975,0.8775402048159252,0.6729517032888199,0.913972978028585,0.41895804218370825,14.972062454655527
adventurous|altruistic|judgmental|optimistic|pessimistic|traditional,6,1.0,93.25150713531603,0.8895685107083597,0.660326200645851,0.907984009115479,0.41632830239188284,14.842408405948495
adventurous|altruistic|innovative|introspective|optimistic|traditional,6,0.01,82.80367258027924,0.831521480727368,0.8178817783796047,0.9524449519802062,0.3922255317983449,13.591416438317358
adventurous|altruistic|innovative|introspective|judgmental|optimistic|traditional,7,0.01,69.678123639103,0.8743507180000475,0.8184000022723519,0.9536397472675968,0.3599001731064507,12.468897411840425
adventurous|altruistic|innovative|judgmental|optimistic|traditional,6,0.01,71.84054339580715,0.8734482709547347,0.8165924302065386,0.9341492347453181,0.36543295083358346,12.583638826991933
adventurous|altruistic|introspective|judgmental|optimistic|traditional,6,1.0,96.9069904371946,0.8685014432230933,0.6745660957003751,0.9140071917013589,0.42440396875037417,15.190592423791783
adventurous|altruistic|innovative|introspective|judgmental|pessimistic,6,0.1,82.82311096277643,0.8742252995256354,0.7385956070344948,0.9442249141039865,0.39232886154026736,13.589786689918519
adventurous|altruistic|innovative|introspective|pessimistic|traditional,6,0.01,75.0284084196276,0.8577024429645017,0.8154276292912852,0.9557443505124721,0.37333518545285616,13.060231157235265
adventurous|altruistic|innovative|introspective|judgmental|pessimistic|traditional,7,0.01,66.44193919330992,0.8801404461962273,0.8225245079695814,0.9640907085730855,0.35142686878073714,12.213747274988954
adventurous|altruistic|introspective|judgmental|pessimistic|traditional,6,1.0,97.21683614253337,0.8731463897558586,0.6621958571175399,0.9167024150099601,0.4250305878939725,15.193378172321497
adventurous|altruistic|innovative|introspective|judgmental|traditional,6,0.1,93.08630660169219,0.8738063716645115,0.7235112897897861,0.8501823331479528,0.4158196589535121,14.660973159903987
adventurous|forgiving|grandiose|impulsive|innovative|introspective,6,1.0,43.040460958811096,0.950447721893965,0.8613625556260861,0.9185762878429529,0.28280938354181834,10.073143201032376
adventurous|forgiving|grandiose|impulsive|innovative|judgmental,6,1.0,40.914033988886075,0.94462942592328,0.8868340547286442,0.9178435583623524,0.27576942977913593,9.781030321266572
adventurous|forgiving|grandiose|impulsive|introspective|judgmental,6,1.0,41.19119709301499,0.9397228259540207,0.8945519570476099,0.9181841260372171,0.2766426554629304,9.887907214592685
adventurous|forgiving|grandiose|impulsive|innovative|manipulative,6,1.0,44.55335549030693,0.9429046124151963,0.8663659779991855,0.9183621612813531,0.28775522208836557,10.157750530722453
adventurous|forgiving|grandiose|impulsive|innovative|introspective|manipulative,7,0.1,41.03350388652119,0.9504410886039152,0.8738548239655514,0.9195829877413957,0.2761321873536835,9.697998737155025
adventurous|forgiving|grandiose|impulsive|innovative|introspective|judgmental|manipulative,8,0.1,37.307366965019625,0.9499195751043428,0.8990943513798034,0.9192958667200671,0.26334198718482504,9.261071859790002
adventurous|forgiving|grandiose|impulsive|introspective|manipulative,6,1.0,44.60546154220798,0.9385691640788043,0.8741808757366498,0.919201166501974,0.2878565404792899,10.179972383255125
adventurous|forgiving|grandiose|impulsive|introspective|judgmental|manipulative,7,1.0,40.87627804720057,0.9382234743299004,0.8991406667879437,0.9188744911038896,0.27558886794671644,9.792588451026303
adventurous|forgiving|grandiose|impulsive|manipulative|optimistic,6,1.0,40.610290732021134,0.94887855753663,0.8803746156028665,0.9184622692929957,0.27463902106054944,9.649773143829574
adventurous|forgiving|grandiose|impulsive|innovative|manipulative|optimistic,7,1.0,38.470277337601566,0.9563789503582351,0.8795879165210054,0.9183290665406854,0.26734426230557923,9.385288668158278
adventurous|forgiving|grandiose|impulsive|innovative|introspective|manipulative|optimistic,8,1.0,37.72385606156989,0.9564015218276755,0.8794852112035324,0.9274857582027181,0.2647361797781437,9.311578741500258
adventurous|forgiving|grandiose|impulsive|innovative|introspective|judgmental|manipulative|optimistic,9,1.0,33.88885705403517,0.9559346949318897,0.9053336237768084,0.9272015804836863,0.2509574202577113,8.828740209482294
adventurous|forgiving|grandiose|impulsive|innovative|judgmental|manipulative|optimistic,8,1.0,34.801947024959034,0.9558785875351051,0.9044105762005918,0.9180684657816857,0.25431589605858185,8.942463897905812
adventurous|forgiving|grandiose|impulsive|introspective|manipulative|optimistic,7,1.0,39.86422547260519,0.9500375573960825,0.8797014207888708,0.9245156742164913,0.27210684330124135,9.57487464895504
adventurous|forgiving|grandiose|impulsive|introspective|judgmental|manipulative|optimistic,8,1.0,36.02141035736584,0.9496030864713738,0.9055824175546795,0.9241615136549165,0.2586886006431008,9.140707161805908
adventurous|forgiving|grandiose|impulsive|judgmental|manipulative|optimistic,7,1.0,36.982108616237106,0.9484176964906448,0.9048774674576906,0.9181853905851716,0.26211119473277983,9.263245189225868
adventurous|forgiving|grandiose|impulsive|manipulative|optimistic|pessimistic,7,0.1,36.23842062428251,0.9521038672753749,0.8947558806259034,0.9328228037513725,0.25941267476871044,8.992388359619236
adventurous|forgiving|grandiose|impulsive|innovative|manipulative|optimistic|pessimistic,8,0.1,34.451176398174326,0.9584796841042099,0.8935078922908075,0.9333528424655974,0.25298515019996326,8.766874797690251
adventurous|forgiving|grandiose|impulsive|innovative|introspective|manipulative|optimistic|pessimistic,9,0.1,33.58953556661469,0.9584691408141154,0.8935910117655355,0.9436671549928418,0.24980288091082545,8.668962849692454
adventurous|forgiving|grandiose|impulsive|innovative|introspective|judgmental|manipulative|optimistic|pessimistic,10,0.1,31.32092392541241,0.9574969624642962,0.9079299861026522,0.9477959901689238,0.24125009616580578,8.374494519602207
adventurous|forgiving|grandiose|impulsive|innovative|judgmental|manipulative|optimistic|pessimistic,9,0.1,32.25697423985109,0.9574317043895071,0.9069589854705091,0.9385148775936871,0.24482673372163016,8.47634695637759
adventurous|forgiving|grandiose|impulsive|introspective|manipulative|optimistic|pessimistic,8,0.1,35.7052538031136,0.953077507144436,0.8935686963901384,0.9379162063113,0.2575050956348887,8.940235992218604
adventurous|forgiving|grandiose|impulsive|introspective|judgmental|manipulative|optimistic|pessimistic,9,0.1,33.32916002855257,0.9524703738320868,0.908302566704938,0.9412852938341819,0.24881304065128587,8.672918292570166
adventurous|forgiving|grandiose|impulsive|judgmental|manipulative|optimistic|pessimistic,8,0.1,33.907249028873935,0.9516930446175711,0.9081753629673963,0.9373740816097629,0.2509573026348384,8.719306243483059
adventurous|forgiving|grandiose|impulsive|manipulative|optimistic|pessimistic|traditional,8,0.1,34.228412279111275,0.9579693411175147,0.895660985451415,0.9339037578829974,0.25216156353813335,8.780934388752462
adventurous|forgiving|grandiose|impulsive|innovative|manipulative|optimistic|pessimistic|traditional,9,0.1,33.52760579533369,0.9586903079318738,0.893865191327686,0.9430719773391032,0.24958030856133762,8.664596512818497
adventurous|forgiving|grandiose|impulsive|innovative|introspective|manipulative|optimistic|pessimistic|traditional,10,0.1,32.751393215290534,0.9586279092811406,0.8941864640215107,0.9520997684144192,0.24667471834437493,8.5731104613723
adventurous|forgiving|grandiose|impulsive|innovative|introspective|judgmental|manipulative|optimistic|pessimistic|traditional,11,0.1,30.290442080014827,0.9575440077609576,0.9093916860701653,0.9573515496405851,0.23725620892637306,8.274127205690643
adventurous|forgiving|grandiose|impulsive|innovative|judgmental|manipulative|optimistic|pessimistic|traditional,10,0.1,31.169719756700374,0.9574987059638878,0.9079834360967001,0.9495004250301207,0.24067378522588811,8.371483787516455
adventurous|forgiving|grandiose|impulsive|introspective|manipulative|optimistic|pessimistic|traditional,9,0.1,34.02781807881437,0.95764991593811,0.89557847445045,0.9376585163211134,0.2514200289748261,8.76918858678897
adventurous|forgiving|grandiose|impulsive|introspective|judgmental|manipulative|optimistic|pessimistic|traditional,10,1.0,31.79859128202967,0.9569200633345054,0.9099192563684652,0.9404359786055754,0.2430704475874677,8.542005125786826
adventurous|forgiving|grandiose|impulsive|judgmental|manipulative|optimistic|pessimistic|traditional,9,0.1,32.24810844865574,0.9567559321174419,0.9084963230582347,0.9382425622505179,0.24478466218352118,8.535662254658304
adventurous|forgiving|grandiose|impulsive|manipulative|optimistic|traditional,7,1.0,38.11576719884165,0.9562051165621304,0.880375635405157,0.921797326511151,0.2661061202730656,9.353371204431703
adventurous|forgiving|grandiose|impulsive|innovative|manipulative|optimistic|traditional,8,1.0,37.33266634053487,0.9569397321824483,0.8800620010733968,0.9291471585706488,0.26336987559018515,9.24894929699433
adventurous|forgiving|grandiose|impulsive|innovative|introspective|manipulative|optimistic|traditional,9,1.0,36.74938826765238,0.9568956147632024,0.8801270905629358,0.9362614238905949,0.26130154545502104,9.193828454352735
adventurous|forgiving|grandiose|impulsive|innovative|introspective|judgmental|manipulative|optimistic|traditional,10,1.0,32.800818659793634,0.9562950539706488,0.906834163948694,0.9362380875991149,0.24690398309169032,8.710489846620332
adventurous|forgiving|grandiose|impulsive|innovative|judgmental|manipulative|optimistic|traditional,9,1.0,33.583001920135146,0.9562635982396717,0.9055092851253719,0.9293475780645104,0.24983182065855755,8.806697173773907
adventurous|forgiving|grandiose|impulsive|introspective|manipulative|optimistic|traditional,8,1.0,37.94290785650597,0.9559137766701807,0.880393002304546,0.9249359807392553,0.26549799716790734,9.356121777312692
adventurous|forgiving|grandiose|impulsive|introspective|judgmental|manipulative|optimistic|traditional,9,1.0,34.12859611580139,0.9552213791023186,0.9065710803397079,0.9246159798485007,0.251834968300374,8.908043965090105
adventurous|forgiving|grandiose|impulsive|judgmental|manipulative|optimistic|traditional,8,1.0,34.588029435851794,0.9554057247454701,0.9048515206729344,0.9215806439167233,0.25352751601837265,8.953907647785195
adventurous|forgiving|grandiose|impulsive|manipulative|pessimistic,6,1.0,40.78170884496118,0.9522681353619192,0.8685590254762466,0.9261167149373462,0.2752127796939221,9.564458235851214
adventurous|forgiving|grandiose|impulsive|innovative|manipulative|pessimistic,7,1.0,39.12247512059924,0.9580763701219267,0.8679060670098414,0.9261095173266326,0.269589016316164,9.355373428637368
adventurous|forgiving|grandiose|impulsive|innovative|introspective|manipulative|pessimistic,8,1.0,36.895869254103616,0.9581854832294688,0.8737947457472331,0.9417045765615784,0.2617953682967245,9.108607286079932
adventurous|forgiving|grandiose|impulsive|innovative|introspective|judgmental|manipulative|pessimistic,9,1.0,32.85302724462783,0.9575364215171421,0.9000715960298679,0.9437979005569043,0.24707433132274967,8.605679961813845
adventurous|forgiving|grandiose|impulsive|innovative|judgmental|manipulative|pessimistic,8,1.0,35.10165040864441,0.9574089828077258,0.894438464641853,0.9275434315670041,0.2553924230574835,8.88444385095336
adventurous|forgiving|grandiose|impulsive|introspective|manipulative|pessimistic,7,1.0,39.017968255020705,0.9528667455344136,0.8734507167935438,0.9361691528675075,0.2691887232756837,9.382125857358517
adventurous|forgiving|grandiose|impulsive|introspective|judgmental|manipulative|pessimistic,8,1.0,34.87975647925765,0.9525003141509679,0.9001737764329784,0.9375637155398668,0.2545436783647594,8.900784557680428
adventurous|forgiving|grandiose|impulsive|judgmental|manipulative|pessimistic,7,1.0,36.78795907002082,0.9519812234125462,0.8942098228844266,0.927493223211955,0.26141470101846986,9.134233230515603
adventurous|forgiving|grandiose|impulsive|manipulative|pessimistic|traditional,7,1.0,38.922779743127435,0.9573020127451156,0.8686168209734944,0.9300323470081443,0.26889837334758376,9.326035118216113
adventurous|forgiving|grandiose|impulsive|innovative|manipulative|pessimistic|traditional,8,1.0,38.03482898608398,0.9582086946975918,0.8675033559540972,0.9395118968266335,0.26582673346776886,9.193971566618199
adventurous|forgiving|grandiose|impulsive|innovative|introspective|manipulative|pessimistic|traditional,9,1.0,36.19473117764202,0.9583582591524482,0.8734130597471733,0.9502482371227278,0.2593048707000017,9.009092244984801
adventurous|forgiving|grandiose|impulsive|innovative|introspective|judgmental|manipulative|pessimistic|traditional,10,0.1,31.895380422493538,0.9576978594332629,0.8995024089808008,0.9558344145052992,0.24345897436505476,8.450266018405767
adventurous|forgiving|grandiose|impulsive|innovative|judgmental|manipulative|pessimistic|traditional,9,1.0,33.858678242478895,0.957528828371578,0.8942193553453306,0.9425323597394353,0.25084237707786766,8.710210161180772
adventurous|forgiving|grandiose|impulsive|introspective|manipulative|pessimistic|traditional,8,1.0,37.62009371869248,0.9571711326160599,0.8740551093842013,0.936167631131253,0.264347156157889,9.231375826147985
adventurous|forgiving|grandiose|impulsive|introspective|judgmental|manipulative|pessimistic|traditional,9,1.0,33.51991836380465,0.9566126153271598,0.9008796209166702,0.9376092338842118,0.24956078603292958,8.739013588532691
adventurous|forgiving|grandiose|impulsive|judgmental|manipulative|pessimistic|traditional,8,1.0,34.984308046109454,0.9566949493971858,0.8944601422798194,0.9315423110196017,0.2549617616719983,8.883166648744913
adventurous|forgiving|grandiose|impulsive|innovative|manipulative|traditional,7,1.0,44.00046213895769,0.9431804537782049,0.8665761099115494,0.9236345003644195,0.2859714456160546,10.074561201194568
adventurous|forgiving|grandiose|impulsive|innovative|introspective|manipulative|traditional,8,0.1,40.98399750678731,0.9499288424068706,0.8731278731958974,0.9233893308701402,0.27597168448841436,9.68817805456214
adventurous|forgiving|grandiose|impulsive|innovative|introspective|judgmental|manipulative|traditional,9,0.1,37.209648728498664,0.9494090629735449,0.8985682889552025,0.9233021319350139,0.26300410273145913,9.254147799322256
adventurous|forgiving|grandiose|impulsive|innovative|judgmental|manipulative|traditional,8,1.0,41.04646927430147,0.9430713273844691,0.8859504934144845,0.9234852552378153,0.2762410843291621,9.728330381040776
adventurous|forgiving|grandiose|impulsive|introspective|manipulative|traditional,7,1.0,42.78767400809401,0.9442759635476731,0.8747155406849364,0.919298007425992,0.2819537267539088,9.992493041885846
adventurous|forgiving|grandiose|impulsive|introspective|judgmental|manipulative|traditional,8,1.0,39.091746574522475,0.9436466200917928,0.8999925875218635,0.9190042855997685,0.26953395564412624,9.58654841304324
adventurous|forgiving|grandiose|impulsive|judgmental|manipulative|traditional,7,1.0,42.63043750175795,0.9384446558563648,0.886973861658868,0.9193749184984451,0.28149027521827785,9.965571847211335
adventurous|forgiving|grandiose|impulsive|innovative|optimistic,6,1.0,40.941325015438196,0.9558154332085079,0.864294961003091,0.9189891633872213,0.275810861492643,9.770434008389026
adventurous|forgiving|grandiose|impulsive|innovative|introspective|optimistic,7,1.0,40.455207001172575,0.9555179311256334,0.8635636647476569,0.927307798806858,0.27417493885896704,9.711332561658056
adventurous|forgiving|grandiose|impulsive|innovative|introspective|judgmental|optimistic,8,1.0,35.48696602449105,0.9546283512461434,0.8976482398105511,0.9269355388819135,0.2568175153838192,9.069456854588006
adventurous|forgiving|grandiose|impulsive|innovative|judgmental|optimistic,7,1.0,35.99419671537302,0.954775612177536,0.8985228264754361,0.9186234118464147,0.258644571621881,9.134112933262099
adventurous|forgiving|grandiose|impulsive|introspective|optimistic,6,1.0,42.17600830800294,0.9508330464016823,0.862862590855262,0.9249821628987743,0.2799156446628875,9.917245265910557
adventurous|forgiving|grandiose|impulsive|introspective|judgmental|optimistic,7,1.0,37.080169436461475,0.9500643408267443,0.8975911794080448,0.9245362973778208,0.26247872786479337,9.309031895711879
adventurous|forgiving|grandiose|impulsive|judgmental|optimistic,6,1.0,37.85644910963003,0.9486960694917418,0.898373340121754,0.9186927178666483,0.26520424386301084,9.408960901020597
adventurous|forgiving|grandiose|impulsive|optimistic|pessimistic,6,0.1,38.29094485934272,0.9526314094983015,0.8798856933608031,0.9337271811149339,0.26669089452328326,9.362779046883423
adventurous|forgiving|grandiose|impulsive|innovative|optimistic|pessimistic,7,0.1,37.040438863390094,0.9575997043637706,0.8779118458657594,0.9342944753787545,0.2623376961032332,9.201475969285086
adventurous|forgiving|grandiose|impulsive|innovative|introspective|optimistic|pessimistic,8,0.1,36.50751570344505,0.9572957806670237,0.8770020224208315,0.9435296741762041,0.26045253324190354,9.132733930989897
adventurous|forgiving|grandiose|impulsive|innovative|introspective|judgmental|optimistic|pessimistic,9,1.0,33.049785622594314,0.956621953866446,0.8996165150027756,0.945562767347027,0.24782557277898515,8.70543687623966
adventurous|forgiving|grandiose|impulsive|innovative|judgmental|optimistic|pessimistic,8,1.0,33.53223152610239,0.9567688300168753,0.9005351190987807,0.9374734935372374,0.2496251307044751,8.756409009472504
adventurous|forgiving|grandiose|impulsive|introspective|optimistic|pessimistic,7,0.1,37.82392306795602,0.9538028596200457,0.8779314171781238,0.9386856689707294,0.265080797155819,9.29022717726283
adventurous|forgiving|grandiose|impulsive|introspective|judgmental|optimistic|pessimistic,8,0.1,34.457456317561984,0.9530562082704553,0.8996305362306106,0.9416061971236719,0.25301562950554823,8.8651253518562
adventurous|forgiving|grandiose|impulsive|optimistic|pessimistic|traditional,7,0.1,36.91938442632316,0.9572166823493836,0.8794096591686741,0.934345617756832,0.2619127124203495,9.175184236872079
adventurous|forgiving|grandiose|impulsive|innovative|optimistic|pessimistic|traditional,8,1.0,36.28586902518451,0.957869781529017,0.8781737076527907,0.9419341690980375,0.25965928117601883,9.102419851840768
adventurous|forgiving|grandiose|impulsive|innovative|introspective|optimistic|pessimistic|traditional,9,0.1,35.894492055527415,0.9571571500500871,0.8768477815760113,0.9517272613332212,0.2582633567805644,9.027424498864347
adventurous|forgiving|grandiose|impulsive|innovative|introspective|judgmental|optimistic|pessimistic|traditional,10,1.0,32.219904337902314,0.9565783279800784,0.9007602434429415,0.9536018987285061,0.24470583079154928,8.58572913490359
adventurous|forgiving|grandiose|impulsive|innovative|judgmental|optimistic|pessimistic|traditional,9,1.0,32.56199107695,0.9568047222305052,0.9015653593386523,0.9471320126134778,0.2459995017512254,8.617574025048897
adventurous|forgiving|grandiose|impulsive|introspective|optimistic|pessimistic|traditional,8,0.1,37.006087283847066,0.9567880781509898,0.877594707114802,0.9382171799341031,0.26223032234773647,9.184845868474067
adventurous|forgiving|grandiose|impulsive|introspective|judgmental|optimistic|pessimistic|traditional,9,1.0,33.564037117102245,0.9561198761962538,0.8999625145549015,0.9405206504895952,0.24974554215575248,8.786132432005866
adventurous|forgiving|grandiose|impulsive|judgmental|optimistic|pessimistic|traditional,8,1.0,33.62327386674266,0.956352481644516,0.9007618238582313,0.9374630078226116,0.24996487867938166,8.778604092056712
adventurous|forgiving|grandiose|impulsive|optimistic|traditional,6,1.0,40.7746217949959,0.9555756715906449,0.8641897298978696,0.922071977844984,0.27525112926683915,9.732755923216166
adventurous|forgiving|grandiose|impulsive|innovative|optimistic|traditional,7,1.0,39.9975524235624,0.956118478347357,0.8642157426247596,0.9294306722499166,0.27262258056296823,9.636830280442226
adventurous|forgiving|grandiose|impulsive|innovative|introspective|optimistic|traditional,8,1.0,39.7079940407872,0.9556446943882867,0.8634102887409183,0.9361522389650897,0.27163996527962664,9.597115831999204
adventurous|forgiving|grandiose|impulsive|innovative|introspective|judgmental|optimistic|traditional,9,1.0,34.56732893007307,0.9546653520325127,0.8986503135427731,0.9360380344348977,0.25347786171785,8.948451406326473
adventurous|forgiving|grandiose|impulsive|innovative|judgmental|optimistic|traditional,8,1.0,34.902574743613414,0.9549189880701037,0.8994104302594086,0.9296333094818794,0.2547027494352042,8.986979173486228
adventurous|forgiving|grandiose|impulsive|introspective|optimistic|traditional,7,1.0,40.85686332275428,0.9550932409289615,0.8628192692794439,0.9253777463232584,0.2755342951898606,9.742396634761485
adventurous|forgiving|grandiose|impulsive|introspective|judgmental|optimistic|traditional,8,1.0,35.835192091362494,0.954085210945566,0.8974899362913111,0.925002017375318,0.25807230045321716,9.134271820551783
adventurous|forgiving|grandiose|impulsive|judgmental|optimistic|traditional,7,1.0,35.91524961811412,0.9543393656801521,0.8981826940728409,0.9218115116998495,0.2583597846324257,9.134577156122106
adventurous|forgiving|grandiose|impulsive|innovative|pessimistic,6,1.0,40.2985401569192,0.9577210781640266,0.8610699163838463,0.9258988376893219,0.2736226840785392,9.57837949455748
adventurous|forgiving|grandiose|impulsive|innovative|introspective|pessimistic,7,1.0,39.05417430519195,0.9574497434112178,0.8612724259117269,0.9415884028859718,0.269363447017694,9.449160099975519
adventurous|forgiving|grandiose|impulsive|innovative|introspective|judgmental|pessimistic,8,1.0,34.06218910190762,0.9567230089975014,0.8941540509369292,0.9431585318909904,0.2515865007441774,8.821655277090224
adventurous|forgiving|grandiose|impulsive|introspective|judgmental|pessimistic,7,1.0,35.51428745081778,0.9531800217568158,0.8945871420400394,0.9378068328865959,0.25685845968596255,9.032546083688365
adventurous|forgiving|grandiose|impulsive|judgmental|pessimistic,6,1.0,37.0519498374416,0.9523632621189326,0.891814723407097,0.9273564491860861,0.2623573439985769,9.209173284059235
adventurous|forgiving|grandiose|impulsive|pessimistic|traditional,6,1.0,40.076555859662186,0.9572117419092445,0.8616770877755251,0.9293050934387351,0.27286995548937343,9.531191137720121
adventurous|forgiving|grandiose|impulsive|innovative|pessimistic|traditional,7,1.0,39.25142597495378,0.9578472616850383,0.8603603770424101,0.9394086172597419,0.27005539875583695,9.414196992875338
adventurous|forgiving|grandiose|impulsive|innovative|introspective|pessimistic|traditional,8,1.0,38.46846004060846,0.957415446576803,0.8605227911054543,0.9501712211309169,0.26734676765418425,9.348489499037557
adventurous|forgiving|grandiose|impulsive|innovative|introspective|judgmental|pessimistic|traditional,9,1.0,33.23653517020513,0.9567488338616573,0.8941998924028468,0.9529464987188497,0.24852931247656856,8.700527152809345
adventurous|forgiving|grandiose|impulsive|innovative|judgmental|pessimistic|traditional,8,1.0,34.27859475824434,0.9570772534957785,0.8922553534234579,0.9427526789523576,0.2523965480496762,8.796479080594889
adventurous|forgiving|grandiose|impulsive|introspective|judgmental|pessimistic|traditional,8,1.0,34.60870604991176,0.9561853118489944,0.8945112934397815,0.9378429803122991,0.2535936724174562,8.905404821775264
adventurous|forgiving|grandiose|impulsive|innovative|traditional,6,1.0,44.341401187155554,0.945255282978879,0.8608379529155008,0.9226993162480192,0.2870652777331173,10.263102570674402
adventurous|forgiving|grandiose|impulsive|innovative|introspective|traditional,7,1.0,43.031267569378414,0.9498553162588309,0.8607265491122726,0.9220173080876204,0.28278503936393645,10.067199769686852
adventurous|forgiving|grandiose|impulsive|innovative|introspective|judgmental|traditional,8,1.0,38.199325632330044,0.9489632928511417,0.8939028524586712,0.921701598760677,0.2664653973274285,9.485472457586715
adventurous|forgiving|grandiose|impulsive|innovative|judgmental|traditional,7,1.0,40.464680296991425,0.9448228233441147,0.8869743408800853,0.9222886032176772,0.2742598415018251,9.722349344442458
adventurous|forgiving|grandiose|impulsive|judgmental|traditional,6,1.0,42.134730684460855,0.9396457465248785,0.8879524177848395,0.9192237344247524,0.2798337095264776,9.965821511437726
adventurous|forgiving|grandiose|innovative|introspective|judgmental,6,0.1,45.51881228220542,0.9275861395892617,0.8902637508612063,0.9177761472210553,0.2908929366910293,10.314884883984323
adventurous|forgiving|grandiose|innovative|introspective|manipulative,6,0.1,47.82532192892644,0.9285913562161621,0.8721630290640365,0.9201324737773323,0.2981338708674067,10.610626352830291
adventurous|forgiving|grandiose|innovative|introspective|judgmental|manipulative,7,0.1,42.75784949515314,0.9312635419696337,0.8997526623198127,0.9199464653697039,0.2819686839356126,9.98232033775045
adventurous|forgiving|grandiose|innovative|judgmental|manipulative,6,1.0,46.030975557112534,0.9317279821327829,0.8785120756167966,0.9183795627117117,0.2925340788555609,10.383993943118526
adventurous|forgiving|grandiose|innovative|manipulative|optimistic,6,0.1,46.32081665748321,0.9334260684578212,0.8737172173913571,0.9178861310834096,0.2933866753376945,10.353753817396795
adventurous|forgiving|grandiose|innovative|introspective|manipulative|optimistic,7,0.1,43.885468865623295,0.937363937779066,0.8767132644511703,0.9273717928994093,0.28558173667774045,10.160519361416192
adventurous|forgiving|grandiose|innovative|introspective|judgmental|manipulative|optimistic,8,0.1,38.67164969137068,0.9398342610276788,0.9056676214807713,0.9271464289859502,0.26815530350632827,9.502160813087631
adventurous|forgiving|grandiose|innovative|judgmental|manipulative|optimistic,7,0.1,40.761937786005845,0.9362968992474827,0.9042370108257761,0.917438999608094,0.27529446523597195,9.720087997721603
adventurous|forgiving|grandiose|introspective|manipulative|optimistic,6,0.1,45.75756855201043,0.9316972552425378,0.8772592998220893,0.9244626373013005,0.2915810206065098,10.405730273149784
adventurous|forgiving|grandiose|introspective|judgmental|manipulative|optimistic,7,0.1,40.57558786148656,0.9341086349654792,0.9061692180526114,0.9241806349005353,0.2746347785573802,9.78453124315464
adventurous|forgiving|grandiose|judgmental|manipulative|optimistic,6,1.0,46.51964898902831,0.9166819330551201,0.904978704910037,0.9180834046001927,0.2940380048613272,10.526770675021938
adventurous|forgiving|grandiose|manipulative|optimistic|pessimistic,6,0.1,44.77344873306728,0.9241660545756845,0.8933507305754255,0.9338364920843651,0.28841845392389964,10.220698519794336
adventurous|forgiving|grandiose|innovative|manipulative|optimistic|pessimistic,7,0.1,40.43768680066093,0.939120879436952,0.8919687055572125,0.9342327597904925,0.27412981101895867,9.610769858135503
adventurous|forgiving|grandiose|innovative|introspective|manipulative|optimistic|pessimistic,8,0.1,38.47459108148596,0.9425193801615502,0.8938450982407092,0.9420777381137234,0.26740045034231763,9.401727199222385
adventurous|forgiving|grandiose|innovative|introspective|judgmental|manipulative|optimistic|pessimistic,9,0.1,35.694153012907286,0.9424781847774882,0.9089823173188339,0.9474444803154394,0.25761041249909056,9.038592927235019
adventurous|forgiving|grandiose|innovative|judgmental|manipulative|optimistic|pessimistic,8,0.1,37.569380839476125,0.9392010701005071,0.9077973169221812,0.9389269950514172,0.26428062031452365,9.260779448646362
adventurous|forgiving|grandiose|introspective|manipulative|optimistic|pessimistic,7,0.1,40.124894956938604,0.9384320009868347,0.8939969526900999,0.9368331883094676,0.27304305657006017,9.639015845883378
adventurous|forgiving|grandiose|introspective|judgmental|manipulative|optimistic|pessimistic,8,0.1,37.39950858197482,0.9383266143685646,0.9094113996839316,0.9412642289381139,0.26365246273539644,9.30620924746086
adventurous|forgiving|grandiose|manipulative|optimistic|pessimistic|traditional,7,0.1,42.17885739818028,0.9321832626991571,0.8938860050105,0.9348690441174013,0.27997210375174447,9.902511987052083
adventurous|forgiving|grandiose|innovative|manipulative|optimistic|pessimistic|traditional,8,0.1,39.629696715527174,0.9387721578171829,0.8932468596165035,0.9428655299242383,0.2713886802407032,9.494473073987185
adventurous|forgiving|grandiose|innovative|introspective|manipulative|optimistic|pessimistic|traditional,9,0.1,37.56784581369327,0.9422024851629887,0.8952009099398337,0.95164780407342,0.26424195369063974,9.280576412860812
adventurous|forgiving|grandiose|innovative|introspective|judgmental|manipulative|optimistic|pessimistic|traditional,10,0.1,34.76669302845043,0.9420117273722063,0.9105548362049619,0.9574189911929663,0.25425088281705316,8.930927229375735
adventurous|forgiving|grandiose|innovative|judgmental|manipulative|optimistic|pessimistic|traditional,9,0.1,36.77296078361877,0.9386779564205927,0.9091745253702872,0.9478846844527268,0.2614733589764316,9.159502356114066
adventurous|forgiving|grandiose|introspective|manipulative|optimistic|pessimistic|traditional,8,0.1,39.33385378216555,0.9399290164051415,0.8963030301542418,0.9365481487982967,0.2703643573601284,9.54178615911029
adventurous|forgiving|grandiose|introspective|judgmental|manipulative|optimistic|pessimistic|traditional,9,0.1,36.80582790398591,0.9395367426540456,0.9109758117674464,0.9410309563852659,0.26157660533134025,9.224128011949764
adventurous|forgiving|grandiose|judgmental|manipulative|optimistic|pessimistic|traditional,8,0.1,39.535765775048084,0.9319056068352756,0.9091147850716388,0.9392886204832503,0.271101335579213,9.609352518914006
adventurous|forgiving|grandiose|manipulative|optimistic|traditional,6,1.0,48.627394960444704,0.9245791669669735,0.8737850695885472,0.9221193010694524,0.30060026968184955,10.683827524978579
adventurous|forgiving|grandiose|innovative|manipulative|optimistic|traditional,7,0.1,45.50915108287314,0.932936220977943,0.8751189414606781,0.9268433130159242,0.29081649785667096,10.25565642505998
adventurous|forgiving|grandiose|innovative|introspective|manipulative|optimistic|traditional,8,0.1,42.97406196371365,0.936924119502178,0.8781066771785533,0.9373749113655562,0.282611677120122,10.061410231682789
adventurous|forgiving|grandiose|innovative|introspective|judgmental|manipulative|optimistic|traditional,9,0.1,37.75343883245621,0.93923988095467,0.9072961600167145,0.9373712018968465,0.2649619453053779,9.400733723262306
adventurous|forgiving|grandiose|innovative|judgmental|manipulative|optimistic|traditional,8,0.1,39.970760706729926,0.9356393824710538,0.9057139281330407,0.9266331629836454,0.2726197179604616,9.622851038310184
adventurous|forgiving|grandiose|introspective|manipulative|optimistic|traditional,7,0.1,44.86638736671996,0.9340286390014512,0.8782590350036688,0.9247978367910268,0.2887491513123728,10.310496329455258
adventurous|forgiving|grandiose|introspective|judgmental|manipulative|optimistic|traditional,8,1.0,39.71247380967828,0.9359976938493437,0.9076265970358385,0.9249535904096361,0.2717170559789162,9.70974440132572
adventurous|forgiving|grandiose|judgmental|manipulative|optimistic|traditional,7,1.0,42.931910025792305,0.9275821748362599,0.904847362974507,0.9218665129584691,0.28251101510776516,10.085688973869283
adventurous|forgiving|grandiose|innovative|manipulative|pessimistic,6,0.1,47.33742481432554,0.9381269182329715,0.8541928847099262,0.9250247462457916,0.2965572319172758,10.364033291808699
adventurous|forgiving|grandiose|innovative|introspective|manipulative|pessimistic,7,0.1,41.94862468676538,0.9426272972443442,0.8719447730021934,0.9406136009716336,0.27918784676687997,9.837761223053596
adventurous|forgiving|grandiose|innovative|introspective|judgmental|manipulative|pessimistic,8,1.0,37.30134756978963,0.9423434303419056,0.9010087749988531,0.9434142186639211,0.2633300867668794,9.285232154378292
adventurous|forgiving|grandiose|introspective|manipulative|pessimistic,6,0.1,43.61232617121402,0.9385679690775328,0.8720132920365677,0.9352471249417071,0.2846440778709512,10.063428006257782
adventurous|forgiving|grandiose|introspective|judgmental|manipulative|pessimistic,7,1.0,39.03512456229747,0.9381866500232228,0.9011245163717925,0.9374695047954525,0.26934894265249026,9.535994434279965
adventurous|forgiving|grandiose|manipulative|pessimistic|traditional,6,1.0,49.02492547046788,0.9312749158985858,0.8538450936959715,0.9301999020400998,0.30180898821861263,10.608100162323824
adventurous|forgiving|grandiose|innovative|manipulative|pessimistic|traditional,7,0.1,46.549052628242464,0.9376681547687348,0.8532360787386922,0.9379956723038612,0.2940880867639133,10.231983899845185
adventurous|forgiving|grandiose|innovative|introspective|manipulative|pessimistic|traditional,8,0.1,41.19597906033277,0.9422835276739523,0.8714827228341877,0.9518153150503258,0.2766814193013123,9.742586049701172
adventurous|forgiving|grandiose|innovative|introspective|judgmental|manipulative|pessimistic|traditional,9,0.1,36.395276523644036,0.9422143947529324,0.9004310050798316,0.9558820596183284,0.2601311667659401,9.128130375159058
adventurous|forgiving|grandiose|innovative|judgmental|manipulative|pessimistic|traditional,8,0.1,40.245209666058834,0.9386701987049529,0.8914336784412159,0.9390268393956295,0.2735279476073721,9.56568182511853
adventurous|forgiving|grandiose|introspective|manipulative|pessimistic|traditional,7,1.0,42.988039063883946,0.939950265020428,0.8732410558909987,0.9354051783021086,0.28261642090638983,10.037420615025143
adventurous|forgiving|grandiose|introspective|judgmental|manipulative|pessimistic|traditional,8,1.0,38.49334624456262,0.9395493161024839,0.90188837560779,0.9375640559072767,0.2674927542138846,9.470786985653755
adventurous|forgiving|grandiose|innovative|manipulative|traditional,6,0.1,50.594991851469196,0.9304389139465967,0.8486455707796161,0.9238178412037442,0.30663717429651255,10.756050170665183
adventurous|forgiving|grandiose|innovative|introspective|manipulative|traditional,7,0.1,47.274964819027666,0.92954934920415,0.8720091311576461,0.9235572485626077,0.2964223553213963,10.537658269756038
adventurous|forgiving|grandiose|innovative|introspective|judgmental|manipulative|traditional,8,0.1,42.296876270405726,0.9320515772040894,0.8993085142609153,0.923455975418026,0.28045342718913646,9.916816092334416
adventurous|forgiving|grandiose|innovative|judgmental|manipulative|traditional,7,0.1,45.41729513866464,0.9329317311059824,0.8772544985101844,0.923695355990371,0.2905982669181565,10.209935116715942
adventurous|forgiving|grandiose|introspective|manipulative|traditional,6,1.0,50.48775861030829,0.9192080027223409,0.8734580836735565,0.9197966804405479,0.306297147519628,11.001780715877565
adventurous|forgiving|grandiose|introspective|judgmental|manipulative|traditional,7,1.0,45.40932030383308,0.9220220143582539,0.9008852244761619,0.9195720856610555,0.2905401343445506,10.393051155972257
adventurous|forgiving|grandiose|judgmental|manipulative|traditional,6,1.0,48.553222200935856,0.9221386405578255,0.8798250070541203,0.9204024837930572,0.3004309245684799,10.710913180476382
adventurous|forgiving|grandiose|innovative|introspective|optimistic,6,0.1,54.70699842186808,0.9307913677224198,0.8195900088474137,0.9273812805869607,0.3187671408182434,11.288528500187534
adventurous|forgiving|grandiose|innovative|introspective|judgmental|optimistic,7,0.1,41.37169651109192,0.9381730526614019,0.8915028135057302,0.927050510811314,0.27733209482570254,9.819657627903398
adventurous|forgiving|grandiose|innovative|judgmental|optimistic,6,0.1,43.38784469345054,0.9346163079189487,0.8905579415507772,0.9174404105131662,0.2839886124072061,10.021221506255324
adventurous|forgiving|grandiose|innovative|optimistic|pessimistic,6,0.1,48.78754263712227,0.9346720013931457,0.8464084905583474,0.9346924973920735,0.3010473380227869,10.57093319564681
adventurous|forgiving|grandiose|innovative|introspective|optimistic|pessimistic,7,0.1,46.77624993157775,0.9384188236393514,0.8480547429172524,0.9422091677316097,0.29479934459820367,10.394995203028202
adventurous|forgiving|grandiose|innovative|introspective|judgmental|optimistic|pessimistic,8,0.1,38.67689344331958,0.9407093934968329,0.8934687679134394,0.9468144137778861,0.2681376403648192,9.439965226412227
adventurous|forgiving|grandiose|innovative|judgmental|optimistic|pessimistic,7,0.1,40.461545777904945,0.9374285944219934,0.8928389701399497,0.9384041927882991,0.274235942996709,9.620355647330049
adventurous|forgiving|grandiose|introspective|optimistic|pessimistic,6,0.1,50.47290260805492,0.9288016238863028,0.8462453468633586,0.935816938411504,0.306252726261551,10.859485715836671
adventurous|forgiving|grandiose|introspective|judgmental|optimistic|pessimistic,7,0.1,41.62983361685973,0.9325500330955434,0.8931293343539346,0.9415182884545849,0.27816549646644345,9.826405826766427
adventurous|forgiving|grandiose|optimistic|pessimistic|traditional,6,0.1,54.829041348409305,0.92025353379979,0.8354266624288997,0.9344106632445753,0.31920890969204013,11.341374224689927
adventurous|forgiving|grandiose|innovative|optimistic|pessimistic|traditional,7,0.01,47.04281196924988,0.9350177238848671,0.8525735736766362,0.9430451629738626,0.2956133278075511,10.335056433998817
adventurous|forgiving|grandiose|innovative|introspective|optimistic|pessimistic|traditional,8,0.1,45.03337488548776,0.9385289679377742,0.8540436474293015,0.9517232777323565,0.2892553493475213,10.188540714178348
adventurous|forgiving|grandiose|innovative|introspective|judgmental|optimistic|pessimistic|traditional,9,0.1,37.49494279009357,0.9404663921489248,0.8969140660778987,0.9555713416817373,0.2640130865325608,9.310548692039326
adventurous|forgiving|grandiose|innovative|judgmental|optimistic|pessimistic|traditional,8,0.1,39.365417678553065,0.9372361104426297,0.8961919218069649,0.9461142790311071,0.2704981136663386,9.491843303937108
adventurous|forgiving|grandiose|introspective|optimistic|pessimistic|traditional,7,0.1,49.73414685344581,0.932169559965845,0.8446951143541832,0.9352936365955897,0.3040224860940486,10.757572317103481
adventurous|forgiving|grandiose|introspective|judgmental|optimistic|pessimistic|traditional,8,1.0,40.780565857938576,0.935382333317097,0.8936232510391213,0.9404959087585153,0.2753278079326056,9.792775840853727
adventurous|forgiving|grandiose|judgmental|optimistic|pessimistic|traditional,7,0.1,44.65002512425759,0.9251950070238104,0.8889573223092847,0.9394948397438159,0.28809846132208605,10.223706842827792
adventurous|forgiving|grandiose|innovative|optimistic|traditional,6,0.001,55.67917529882534,0.9265099188798149,0.8226137168916385,0.9257258442642069,0.32155372209371247,11.290451887770981
adventurous|forgiving|grandiose|innovative|introspective|optimistic|traditional,7,0.01,53.028995627434526,0.9309267935403003,0.8253226613458056,0.9364822228370608,0.31384260151904597,11.14333391477882
adventurous|forgiving|grandiose|innovative|introspective|judgmental|optimistic|traditional,8,0.1,40.21300580016075,0.9377691377198681,0.89479841381401,0.93639458595796,0.2734248742779451,9.693528498166723
adventurous|forgiving|grandiose|innovative|judgmental|optimistic|traditional,7,0.1,42.31027806289111,0.9342563166092901,0.8938280487756453,0.9256888226760482,0.28044318218190883,9.896133396975076
adventurous|forgiving|grandiose|introspective|optimistic|traditional,6,0.1,59.40801405311045,0.9215305457325549,0.8082613309454971,0.9252407793349082,0.3322258127028225,11.774638807351566
adventurous|forgiving|grandiose|judgmental|optimistic|traditional,6,1.0,48.12389333379948,0.9204579045028589,0.8849107018275685,0.9222981482892358,0.2990836110355814,10.642148669818981
adventurous|forgiving|grandiose|innovative|introspective|pessimistic,6,0.1,49.525288235691356,0.9387887152536372,0.8303868958098144,0.9406886092419068,0.30331180163768207,10.724559844224538
adventurous|forgiving|grandiose|innovative|judgmental|pessimistic,6,0.1,43.0104601098691,0.9377147075854818,0.8826093894541083,0.9256472806383185,0.2827271792824304,9.916613048299658
adventurous|forgiving|grandiose|introspective|judgmental|pessimistic,6,1.0,42.47094561250544,0.932463027951552,0.889923542432681,0.937710986389339,0.28094097556552766,9.993385398398162
adventurous|forgiving|grandiose|innovative|pessimistic|traditional,6,0.01,54.13674168995956,0.9338520691245356,0.8116061371225063,0.938188685347702,0.3170646021745955,11.021352202294121
adventurous|forgiving|grandiose|innovative|introspective|pessimistic|traditional,7,0.1,48.473428934211654,0.9388457462497177,0.8310823917491078,0.9519142212684979,0.3000747569286731,10.614611340669057
adventurous|forgiving|grandiose|innovative|introspective|judgmental|pessimistic|traditional,8,0.1,38.45029746870465,0.9407378207504821,0.8906453491201175,0.9547437118337276,0.26734824637861687,9.433377959756116
adventurous|forgiving|grandiose|innovative|judgmental|pessimistic|traditional,7,0.1,41.906461886308556,0.9375019425162522,0.8831994913040927,0.9386772335651223,0.27908060870821283,9.771889166776813
adventurous|forgiving|grandiose|introspective|pessimistic|traditional,6,0.1,52.139749222845694,0.9328848514119044,0.8284685238018749,0.9340311998061664,0.3112472957446139,11.02625605564821
adventurous|forgiving|grandiose|innovative|introspective|traditional,6,0.001,57.81867586063258,0.9193082096480818,0.8262614548409913,0.919142355722506,0.32770902317049333,11.628461990602217
adventurous|forgiving|grandiose|innovative|introspective|judgmental|traditional,7,0.1,44.63873464834289,0.9296195927615292,0.8908984459986382,0.9198168955083735,0.28807142242319833,10.215669159322706
adventurous|forgiving|grandiose|innovative|judgmental|traditional,6,0.1,46.82036240923726,0.9309862043732804,0.8736989949705072,0.9206016059781859,0.2950094456818152,10.377920946178495
adventurous|forgiving|impulsive|innovative|introspective|judgmental,6,1.0,137.89603162944678,0.8383177980704988,0.46956445803408664,0.9107295386316908,0.5062555363836819,16.837950067353564
adventurous|forgiving|impulsive|innovative|introspective|manipulative,6,1.0,147.57764186563583,0.808441485290819,0.4633923977545733,0.9135648140528771,0.5237915404735093,17.440132948651748
adventurous|forgiving|impulsive|innovative|introspective|judgmental|manipulative,7,1.0,136.83187101017845,0.8385187244294618,0.4742694768938778,0.9138689583452132,0.5043329433570866,16.759893092039253
adventurous|forgiving|impulsive|innovative|judgmental|manipulative,6,1.0,140.3543698408057,0.832820064552246,0.4631091710387888,0.9125852924934491,0.510821884933396,17.051484976209593
adventurous|forgiving|impulsive|introspective|judgmental|manipulative,6,1.0,138.8769998741413,0.8369610438083295,0.4651005005884422,0.9119908956240441,0.5080754430568065,16.97707329796062
adventurous|forgiving|impulsive|innovative|manipulative|optimistic,6,1.0,126.38424185411165,0.8440185656544372,0.5305843794488083,0.914483515491469,0.4848018429888625,16.3459517474624
adventurous|forgiving|impulsive|innovative|introspective|manipulative|optimistic,7,1.0,125.04554547843341,0.84477361704664,0.5320649245086114,0.9251386576749777,0.4822356648448271,16.276983637949158
adventurous|forgiving|impulsive|innovative|introspective|judgmental|manipulative|optimistic,8,0.1,118.09120059176499,0.86610970282746,0.535846326989628,0.9245800812632529,0.4686217371742226,15.634988012141427
adventurous|forgiving|impulsive|innovative|judgmental|manipulative|optimistic,7,1.0,119.76281162977098,0.8648511500797976,0.5333286837271789,0.9137241828692704,0.4719088539719406,15.76290186252879
adventurous|forgiving|impulsive|introspective|manipulative|optimistic,6,0.1,128.5934718500194,0.8470618715841426,0.5072386806639829,0.9199860444430574,0.48905816169707395,16.567918914801258
adventurous|forgiving|impulsive|introspective|judgmental|manipulative|optimistic,7,1.0,121.5637699935889,0.8670067813061108,0.5140828787862306,0.9199801735377374,0.4754461730273025,15.986180494384772
adventurous|forgiving|impulsive|judgmental|manipulative|optimistic,6,1.0,122.11647016492557,0.8648956955989509,0.5180894371245862,0.9134809947263925,0.4765284162640278,16.031572314189795
adventurous|forgiving|impulsive|manipulative|optimistic|pessimistic,6,0.1,119.52562554243381,0.8695830388161176,0.5154758514420299,0.9324380673034113,0.4714831210197383,15.778644354265829
adventurous|forgiving|impulsive|innovative|manipulative|optimistic|pessimistic,7,1.0,116.83443490354873,0.8674564927999721,0.5371748873970671,0.9324302391724009,0.46611933820508755,15.510241068699269
adventurous|forgiving|impulsive|innovative|introspective|manipulative|optimistic|pessimistic,8,1.0,115.45378188440122,0.868259041437023,0.5388095387997385,0.9431185626058446,0.4633678682783209,15.40062111199808
adventurous|forgiving|impulsive|innovative|introspective|judgmental|manipulative|optimistic|pessimistic,9,1.0,113.30479038230962,0.8750532684498439,0.5379078515071951,0.9461315827641481,0.4590227844619033,15.215215115393468
adventurous|forgiving|impulsive|innovative|judgmental|manipulative|optimistic|pessimistic,8,1.0,114.87279844010831,0.8738490576400159,0.5357846690280315,0.935568453221669,0.4621743468918402,15.346218688991023
adventurous|forgiving|impulsive|introspective|manipulative|optimistic|pessimistic,7,1.0,119.62277506052556,0.8693183019751564,0.5129718532257803,0.9369811323123947,0.47166259114800907,15.773409277056265
adventurous|forgiving|impulsive|introspective|judgmental|manipulative|optimistic|pessimistic,8,1.0,117.28669133434373,0.8758051620718901,0.5147524102983194,0.9384561199699202,0.4670083142610387,15.623804001875165
adventurous|forgiving|impulsive|judgmental|manipulative|optimistic|pessimistic,7,1.0,117.45229155103439,0.8744853274092823,0.518712874196028,0.9338344330834214,0.4673427325394739,15.638262312961313
adventurous|forgiving|impulsive|manipulative|optimistic|pessimistic|traditional,7,1.0,106.26841637816415,0.8929469529752248,0.5550465443927497,0.9335756394309302,0.44462934892904354,15.042878536352779
adventurous|forgiving|impulsive|innovative|manipulative|optimistic|pessimistic|traditional,8,0.1,77.8522402761146,0.9101425740526611,0.7022397993164522,0.940677523877948,0.3804974427436867,12.90657532901625
adventurous|forgiving|impulsive|innovative|introspective|manipulative|optimistic|pessimistic|traditional,9,0.1,77.54520660975349,0.9093952001399953,0.701293907710755,0.948861409825603,0.3797534114127992,12.876840208113787
adventurous|forgiving|impulsive|innovative|introspective|judgmental|manipulative|optimistic|pessimistic|traditional,10,0.1,76.56337758528585,0.9103197661824944,0.7021333909448948,0.9557754370329199,0.3773509975022238,12.714833258792964
adventurous|forgiving|impulsive|innovative|judgmental|manipulative|optimistic|pessimistic|traditional,9,0.1,76.85063019727332,0.9109313526238705,0.702946589800211,0.9485705290290858,0.3780520276267168,12.73679228931879
adventurous|forgiving|impulsive|introspective|manipulative|optimistic|pessimistic|traditional,8,1.0,104.95550437349007,0.8925182711301698,0.5627419050823037,0.9370742321519686,0.4418058744121156,15.038297326622521
adventurous|forgiving|impulsive|introspective|judgmental|manipulative|optimistic|pessimistic|traditional,9,1.0,103.26560809151881,0.8970610816475634,0.5639766376779267,0.9387566447451963,0.4382200072807024,14.893838638700526
adventurous|forgiving|impulsive|judgmental|manipulative|optimistic|pessimistic|traditional,8,1.0,104.04543132534153,0.897943832754464,0.5584170352738185,0.9360947892771156,0.4399371612843756,14.860180296451256
adventurous|forgiving|impulsive|manipulative|optimistic|traditional,6,0.1,110.81971851370365,0.8816447765213352,0.5548229291533631,0.9199138411039167,0.45407401288525023,15.50055859792242
adventurous|forgiving|impulsive|innovative|manipulative|optimistic|traditional,7,0.1,81.25331389128027,0.9020308154557082,0.7021890497741807,0.9291408662338045,0.3887214322307561,13.350299354441495
adventurous|forgiving|impulsive|innovative|introspective|manipulative|optimistic|traditional,8,0.1,81.04006424878689,0.9012405955817789,0.7011273138335127,0.9365584434677805,0.3882182959464842,13.329750766708488
adventurous|forgiving|impulsive|innovative|introspective|judgmental|manipulative|optimistic|traditional,9,0.1,79.01689162462253,0.9069893624730972,0.7027283830977072,0.9370544610898202,0.38335297388117356,13.000684335350908
adventurous|forgiving|impulsive|innovative|judgmental|manipulative|optimistic|traditional,8,0.1,79.29273384692846,0.90760781201974,0.70358561202225,0.929881303493095,0.3840152689834857,13.024619677969161
adventurous|forgiving|impulsive|introspective|manipulative|optimistic|traditional,7,1.0,109.58723861402059,0.8810895891483561,0.5628943164234779,0.9223002693594925,0.45145764089417756,15.467695407268009
adventurous|forgiving|impulsive|introspective|judgmental|manipulative|optimistic|traditional,8,1.0,105.70687789078333,0.8934141804594352,0.564269117439492,0.9219068944798304,0.4433727799617676,15.111332475980294
adventurous|forgiving|impulsive|judgmental|manipulative|optimistic|traditional,7,1.0,106.42919936032845,0.8943920749051372,0.5587604519471734,0.9194843254153747,0.4449525523499034,15.084027462726393
adventurous|forgiving|impulsive|innovative|manipulative|pessimistic,6,1.0,117.97017541235569,0.8671787838181123,0.5341975231218878,0.9252979496765329,0.46836985924689867,15.62017271392204
adventurous|forgiving|impulsive|innovative|introspective|judgmental|manipulative|pessimistic,8,0.1,114.60766498989344,0.8752101558986647,0.5305677301561933,0.9435747221411227,0.46163907141307825,15.329126974023866
adventurous|forgiving|impulsive|innovative|judgmental|manipulative|pessimistic,7,1.0,116.31284002653929,0.8743679209354633,0.5307810582322079,0.9255830465387961,0.4650599346786126,15.468743539941128
adventurous|forgiving|impulsive|introspective|manipulative|pessimistic,6,0.1,120.28740535926359,0.8699561785515898,0.508399777110538,0.9351865250001161,0.4729635273286531,15.822469568683662
adventurous|forgiving|impulsive|introspective|judgmental|manipulative|pessimistic,7,0.1,118.76433164408135,0.8761701724388119,0.5061336069468425,0.9353644598885323,0.46993358181484346,15.741915842803479
adventurous|forgiving|impulsive|judgmental|manipulative|pessimistic,6,1.0,119.70703684706193,0.87510986299058,0.507511192771104,0.9251927954436401,0.4718013486553826,15.809511898368477
adventurous|forgiving|impulsive|manipulative|pessimistic|traditional,6,0.1,110.13051613871656,0.8928978711022327,0.5321079640740685,0.9299522287156847,0.4526089743053208,15.31013371958312
adventurous|forgiving|impulsive|innovative|manipulative|pessimistic|traditional,7,0.1,83.68569667988918,0.9092137367025865,0.667985024178866,0.9376038850679191,0.39444959366495463,13.543524105513152
adventurous|forgiving|impulsive|innovative|introspective|manipulative|pessimistic|traditional,8,0.1,82.5269485412947,0.9087275177592246,0.6706135291997377,0.9485545038650662,0.3917007355338433,13.415027919824908
adventurous|forgiving|impulsive|innovative|introspective|judgmental|manipulative|pessimistic|traditional,9,0.1,80.8348876230138,0.9093273818224192,0.6775878529240383,0.9537206638327593,0.38768759455367335,13.14522525171635
adventurous|forgiving|impulsive|innovative|judgmental|manipulative|pessimistic|traditional,8,0.1,82.03181278629839,0.9097664224944488,0.6750629269967784,0.9422848094805629,0.39055580387314165,13.27856852324106
adventurous|forgiving|impulsive|introspective|judgmental|manipulative|pessimistic|traditional,8,1.0,106.01734913964177,0.8964084145288256,0.5488811620152017,0.9361972766629063,0.44398488223168364,15.109347578231402
adventurous|forgiving|impulsive|judgmental|manipulative|pessimistic|traditional,7,1.0,109.25028096047768,0.8963816632580274,0.5305608785318636,0.9309056972808506,0.45077880816055854,15.248724324794109
adventurous|forgiving|impulsive|innovative|manipulative|traditional,6,0.1,123.22029121260948,0.8328585894570507,0.5684737104136448,0.9236886841979299,0.4785466541869697,16.310427115497696
adventurous|forgiving|impulsive|innovative|introspective|manipulative|traditional,7,0.1,107.59061170435655,0.858477997514218,0.620040211355713,0.9231864506335962,0.4471636460067631,15.242674299531835
adventurous|forgiving|impulsive|innovative|introspective|judgmental|manipulative|traditional,8,0.1,103.91953453318715,0.8712782240045991,0.618934505342636,0.9230046509277283,0.4394691389272966,14.834499707054034
adventurous|forgiving|impulsive|innovative|judgmental|manipulative|traditional,7,0.1,116.4730123658672,0.8543472397861875,0.5702848791109321,0.9235227811012752,0.4652753984677792,15.821412722325274
adventurous|forgiving|impulsive|introspective|judgmental|manipulative|traditional,7,1.0,121.37524830939734,0.8662463039216388,0.520249107815436,0.9140886106949232,0.47498498388188415,16.066187309226926
adventurous|forgiving|impulsive|judgmental|manipulative|traditional,6,1.0,138.4948571286323,0.8463969484489615,0.44728086284809143,0.9148178785293006,0.5074765824109821,17.042067761775666
adventurous|forgiving|impulsive|innovative|introspective|optimistic,6,1.0,126.37884411466544,0.8415999872137575,0.5302494502433489,0.9239895944728882,0.48479371781336583,16.377510776958594
adventurous|forgiving|impulsive|innovative|introspective|judgmental|optimistic,7,1.0,118.14122408461485,0.8664940263201595,0.5351384149030787,0.9239782786923849,0.46870716400247175,15.659389385562182
adventurous|forgiving|impulsive|innovative|judgmental|optimistic,6,1.0,119.53230542399608,0.8653879047060437,0.5335018456844253,0.914257906162616,0.47145086354914045,15.748879586337523
adventurous|forgiving|impulsive|introspective|judgmental|optimistic,6,1.0,121.3886051633398,0.8673832566941834,0.5143627238365469,0.9202482411275904,0.4750967477901223,15.967392849923018
adventurous|forgiving|impulsive|innovative|optimistic|pessimistic,6,1.0,116.96507480639714,0.8667561500076499,0.5372959034659084,0.9331573156404701,0.46638305493194193,15.554532521230543
adventurous|forgiving|impulsive|innovative|introspective|optimistic|pessimistic,7,1.0,116.17371380613542,0.8665943185949883,0.5375550674381187,0.9428328870085338,0.46480679820251003,15.491066916171377
adventurous|forgiving|impulsive|innovative|introspective|judgmental|optimistic|pessimistic,8,1.0,113.49948109702473,0.8751428066346723,0.5373115244281752,0.9445972108080887,0.45941059921318056,15.25818019823294
adventurous|forgiving|impulsive|innovative|judgmental|optimistic|pessimistic,7,1.0,114.72175729187748,0.8742612652119037,0.5358972923950714,0.9356964973340769,0.4618683745258299,15.345666331522734
adventurous|forgiving|impulsive|introspective|judgmental|optimistic|pessimistic,7,1.0,117.20030062450567,0.8760093191630556,0.5149446808040816,0.9384249804030469,0.46683199091192445,15.620095432163145
adventurous|forgiving|impulsive|judgmental|optimistic|pessimistic,6,1.0,117.27586099202688,0.8749055603843741,0.5188898368942275,0.9341258977298409,0.4669887496047122,15.621643952741952
adventurous|forgiving|impulsive|optimistic|pessimistic|traditional,6,1.0,106.21670209633714,0.8934221207952823,0.5542878083019328,0.9338931553892026,0.444519993982376,15.0289831125297
adventurous|forgiving|impulsive|innovative|optimistic|pessimistic|traditional,7,0.1,77.19181837253868,0.9111828279037385,0.7044668543757574,0.9408239901241099,0.3788599955895035,12.825462146394282
adventurous|forgiving|impulsive|innovative|introspective|optimistic|pessimistic|traditional,8,0.1,76.99060677467266,0.9101336979346716,0.7034570400030141,0.9489263908917219,0.3783768356359602,12.81802831481642
adventurous|forgiving|impulsive|innovative|introspective|judgmental|optimistic|pessimistic|traditional,9,0.1,76.10205606400697,0.9106309224585979,0.7050382836298632,0.954869299017719,0.376199051843199,12.6694913546984
adventurous|forgiving|impulsive|innovative|judgmental|optimistic|pessimistic|traditional,8,0.1,76.25502513912284,0.9112338911295147,0.7061864040100883,0.9487146116894383,0.376567393640179,12.665155004364841
adventurous|forgiving|impulsive|introspective|optimistic|pessimistic|traditional,7,1.0,105.56628881352006,0.8927621894468059,0.5580717194065297,0.9375007718597996,0.44309067491332227,15.037293686340243
adventurous|forgiving|impulsive|introspective|judgmental|optimistic|pessimistic|traditional,8,1.0,104.35344034321722,0.8966079776236265,0.5577477171879552,0.9388294672918498,0.4405282081594532,14.921474452934195
adventurous|forgiving|impulsive|judgmental|optimistic|pessimistic|traditional,7,1.0,104.47988363101857,0.8977377869278981,0.5558795446461593,0.9363201190133289,0.4408548471630729,14.851516511345748
adventurous|forgiving|impulsive|innovative|optimistic|traditional,6,0.1,80.62830234097702,0.9032096974162521,0.7038798552502852,0.9293548351128328,0.3872037052892729,13.286488633734667
adventurous|forgiving|impulsive|innovative|introspective|optimistic|traditional,7,0.1,80.55062067882868,0.9019965971845533,0.7028387424247557,0.9366123054631336,0.38702871631961805,13.283322359432635
adventurous|forgiving|impulsive|innovative|introspective|judgmental|optimistic|traditional,8,0.1,78.54676875899102,0.907125466995536,0.7056162467492788,0.9369247922853974,0.382197920672438,12.951195698269105
adventurous|forgiving|impulsive|innovative|judgmental|optimistic|traditional,7,0.1,78.74230680529453,0.907705004570541,0.7068539477154343,0.9301719443095998,0.3826639690211434,12.956655575877758
adventurous|forgiving|impulsive|introspective|judgmental|optimistic|traditional,7,1.0,106.84407378700114,0.8926554461964377,0.558119816972651,0.9223415992006853,0.44575839076993784,15.14887670233021
adventurous|forgiving|impulsive|judgmental|optimistic|traditional,6,1.0,106.91144493701624,0.8939838548079269,0.556250645339553,0.9198134228529594,0.44596010129906904,15.085255875459332
adventurous|forgiving|impulsive|innovative|introspective|pessimistic,6,0.1,117.02226672464253,0.8668321717924633,0.5322200280800901,0.9417917960819777,0.46647764815608483,15.600450638435756
adventurous|forgiving|impulsive|innovative|introspective|judgmental|pessimistic,7,0.1,114.98939927964659,0.8753046171421951,0.5284539359112166,0.9426006937793302,0.4623993485806707,15.40551968794629
adventurous|forgiving|impulsive|innovative|judgmental|pessimistic,6,1.0,116.25964890808412,0.8749503520861097,0.529830440739518,0.9258878171201916,0.4649520593407253,15.502133300744443
adventurous|forgiving|impulsive|introspective|judgmental|pessimistic,6,0.1,118.58729036277755,0.8763832241542497,0.5067060707948816,0.935702069904684,0.469576801580609,15.741285070280055
adventurous|forgiving|impulsive|innovative|pessimistic|traditional,6,0.1,83.289028022145,0.9101934071723801,0.6689423292045937,0.9370310279251508,0.39351665900508104,13.523220399579232
adventurous|forgiving|impulsive|innovative|introspective|pessimistic|traditional,7,0.1,82.28815910991942,0.9094075336998516,0.6707477251927731,0.9487297659251913,0.3911308686033714,13.381829228726065
adventurous|forgiving|impulsive|innovative|judgmental|pessimistic|traditional,7,0.1,81.69378677487944,0.9104739484728575,0.6757801440371931,0.9424414347715833,0.38975381016316063,13.270104956777264
adventurous|forgiving|impulsive|introspective|pessimistic|traditional,6,1.0,107.09362605067456,0.8932099279836478,0.5481518882737652,0.936080642123666,0.4462515403334769,15.141566044020056
adventurous|forgiving|impulsive|introspective|judgmental|pessimistic|traditional,7,1.0,106.4015190090987,0.8965375519020279,0.5459702179465405,0.9364796782150141,0.444793776443812,15.09194657046814
adventurous|forgiving|impulsive|judgmental|pessimistic|traditional,6,1.0,109.05237987847526,0.896858714393291,0.5310385352794451,0.930672653017935,0.45037010164660424,15.232485613222563
adventurous|forgiving|impulsive|innovative|introspective|judgmental|traditional,7,0.1,103.80772097328312,0.8723136812744448,0.6188675594351662,0.9207717953451008,0.43922094198145395,14.791548143854106
adventurous|forgiving|impulsive|innovative|judgmental|traditional,6,0.1,123.79944512547756,0.8451126422094843,0.542081410387955,0.9215082090880091,0.4796317376763246,16.328502522233563
adventurous|forgiving|innovative|introspective|judgmental|manipulative,6,0.1,146.0025703547036,0.8388153285041597,0.4148310937545787,0.912965277370112,0.5209269638638464,17.330277397138296
adventurous|forgiving|innovative|introspective|manipulative|optimistic,6,1.0,133.85666216318697,0.8427258014802617,0.47934673669159644,0.9245664365833487,0.49889840825786497,16.98286878584602
adventurous|forgiving|innovative|introspective|judgmental|manipulative|optimistic,7,0.1,127.30447603958585,0.8666428075343016,0.4755359654549459,0.9239782501985084,0.48650877354317623,16.340618757229958
adventurous|forgiving|innovative|judgmental|manipulative|optimistic,6,1.0,128.91253341472014,0.8625211280019371,0.47810604770203735,0.9145870354640011,0.4895939685212073,16.480978715910087
adventurous|forgiving|innovative|manipulative|optimistic|pessimistic,6,0.1,125.94692937032184,0.8645750781956769,0.4828943609642241,0.934256634212681,0.48390326287030544,16.240067425047876
adventurous|forgiving|innovative|introspective|manipulative|optimistic|pessimistic,7,1.0,124.65762700501378,0.8678856666508913,0.4810431355211944,0.9411265560255121,0.48144126001630194,16.159347735014745
adventurous|forgiving|innovative|introspective|judgmental|manipulative|optimistic|pessimistic,8,1.0,122.76713438168478,0.8754220369788639,0.4765726744752403,0.9449208241710347,0.4777714893285058,15.971454161182306
adventurous|forgiving|introspective|judgmental|manipulative|optimistic|pessimistic,7,1.0,127.28845941757947,0.8760874563275681,0.45017183566660346,0.9370533519143759,0.4864861274807262,16.385206512104357
adventurous|forgiving|judgmental|manipulative|optimistic|pessimistic,6,1.0,133.05258875873912,0.8712817241428918,0.423132906618237,0.934959368554204,0.49742604310011884,16.95930543158878
adventurous|forgiving|innovative|manipulative|optimistic|pessimistic|traditional,7,0.1,83.05899635643189,0.8941808635662384,0.6998687124180452,0.9402688378571212,0.39301148836293653,13.525007723079954
adventurous|forgiving|innovative|introspective|manipulative|optimistic|pessimistic|traditional,8,0.1,81.2863526214385,0.8987635550177875,0.6978867037847052,0.9486512530879084,0.3888117446042131,13.352475764326591
adventurous|forgiving|innovative|introspective|judgmental|manipulative|optimistic|pessimistic|traditional,9,0.1,79.3948854113725,0.9020624151698547,0.6998263632790485,0.955832136440373,0.3842784617453449,13.106458982089492
adventurous|forgiving|innovative|judgmental|manipulative|optimistic|pessimistic|traditional,8,0.1,81.14756038307507,0.8978003782363227,0.7017721010209728,0.9465889134574342,0.38847945659854577,13.300893899480895
adventurous|forgiving|introspective|manipulative|optimistic|pessimistic|traditional,7,1.0,110.9304971131836,0.887265829051695,0.5351668230021043,0.935438571161303,0.45419145679607126,15.669848937512382
adventurous|forgiving|introspective|judgmental|manipulative|optimistic|pessimistic|traditional,8,1.0,109.11257407901954,0.893508847345339,0.5335010573441088,0.9378492362667947,0.4504465530322118,15.507606092510756
adventurous|forgiving|innovative|manipulative|optimistic|traditional,6,0.1,88.8279972348111,0.8790962785517873,0.6992976716815702,0.9264779789886418,0.40642739083947416,14.194045854102061
adventurous|forgiving|innovative|introspective|manipulative|optimistic|traditional,7,0.1,86.46790318475692,0.8851504771072005,0.6973192834241329,0.9365719999399311,0.40101404768999727,13.99873675239606
adventurous|forgiving|innovative|introspective|judgmental|manipulative|optimistic|traditional,8,0.1,82.29775977070477,0.8971504324859819,0.700689261746982,0.9369155454832473,0.39124725789355175,13.447366303957866
adventurous|forgiving|innovative|judgmental|manipulative|optimistic|traditional,7,0.1,84.2902855205027,0.8923722166120986,0.7027475046148505,0.9264469203483814,0.39593622365481124,13.64837847895531
adventurous|forgiving|introspective|manipulative|optimistic|traditional,6,1.0,116.5993470489476,0.8716545497705397,0.5358957271752307,0.9222984114778824,0.46565811919506733,16.229567546195092
adventurous|forgiving|introspective|judgmental|manipulative|optimistic|traditional,7,1.0,111.85733898590584,0.8887191896019011,0.53358169339962,0.9218838093003793,0.45608078892665793,15.789700602288777
adventurous|forgiving|judgmental|manipulative|optimistic|traditional,6,1.0,122.02998728014855,0.8892353093021379,0.4668282937377962,0.9208897420296474,0.4764567100992904,16.47146766515475
adventurous|forgiving|innovative|introspective|manipulative|pessimistic,6,0.1,125.60130241462107,0.8680144219426207,0.4751938490274109,0.9404384944077824,0.48321433240103456,16.192461952987454
adventurous|forgiving|innovative|judgmental|manipulative|pessimistic,6,0.1,127.80911792931124,0.8723644178780456,0.46091447514812467,0.9244344248130959,0.48745161414613586,16.293532308447904
adventurous|forgiving|innovative|manipulative|pessimistic|traditional,6,0.1,92.2879702868541,0.8944834362033105,0.6427623413967234,0.9344209428923348,0.4141952137405414,14.513373519307379
adventurous|forgiving|innovative|introspective|manipulative|pessimistic|traditional,7,0.1,86.79698024208236,0.8989198213469082,0.6621390639507445,0.9484559809453031,0.40170346382040256,13.976947566523464
adventurous|forgiving|innovative|introspective|judgmental|manipulative|pessimistic|traditional,8,0.1,83.87492552750595,0.9015412554324649,0.673055797817123,0.9537075927341823,0.39492099063143343,13.59367745928398
adventurous|forgiving|innovative|judgmental|manipulative|pessimistic|traditional,7,0.1,88.0774433453676,0.8987613385060254,0.6605679365929602,0.9363109134975194,0.4046822677801821,13.999291403324012
adventurous|forgiving|introspective|manipulative|pessimistic|traditional,6,0.1,113.37729607675729,0.8879880072662015,0.5185824451898716,0.9343776616287477,0.4591327633460537,15.842784917656013
adventurous|forgiving|innovative|introspective|manipulative|traditional,6,0.1,113.01951507257331,0.843097551844153,0.6148034852074411,0.9233638274320098,0.4583025848957094,15.849582924738467
adventurous|forgiving|innovative|introspective|judgmental|manipulative|traditional,7,0.1,107.09193309414741,0.8633702039915097,0.61370073430397,0.9231614434229379,0.44613609535184146,15.26527174468644
adventurous|forgiving|innovative|judgmental|manipulative|traditional,6,0.1,129.61360824729417,0.8557887344269557,0.4824599506811307,0.9237256864916777,0.49073603831421,16.787767465749948
adventurous|forgiving|innovative|introspective|judgmental|optimistic,6,0.1,130.5384184472219,0.8656280329322581,0.4566474732127874,0.9239489050037003,0.4926243013073843,16.484060559616935
adventurous|forgiving|innovative|introspective|optimistic|pessimistic,6,0.1,130.55068689890257,0.8598163569173647,0.45818664229090145,0.9422106355609757,0.4926361616006636,16.58018914818086
adventurous|forgiving|innovative|introspective|judgmental|optimistic|pessimistic,7,0.1,126.13484472215632,0.8739683904558527,0.4572988562333049,0.9457045931721146,0.4842365061224285,16.116158533726143
adventurous|forgiving|innovative|judgmental|optimistic|pessimistic,6,0.1,127.55961560989795,0.8705498399619951,0.4592291273597159,0.9373334546686802,0.4869596798862889,16.240778125096956
adventurous|forgiving|innovative|optimistic|pessimistic|traditional,6,0.1,87.91326974928116,0.8836774022969001,0.6887869324546483,0.9407213526668847,0.4042855287097597,13.997817033337348
adventurous|forgiving|innovative|introspective|optimistic|pessimistic|traditional,7,0.1,85.72692969833285,0.8890051267067851,0.6881409311053709,0.9488527765057586,0.39925135772128767,13.805829151349347
adventurous|forgiving|innovative|introspective|judgmental|optimistic|pessimistic|traditional,8,0.1,80.79269575987084,0.8990777154276511,0.6974905051891367,0.9542740720378501,0.3876206773802865,13.290830603196273
adventurous|forgiving|innovative|judgmental|optimistic|pessimistic|traditional,7,0.1,82.73235560371165,0.8946748751533145,0.6985126036517726,0.9450209738015976,0.3922260787540266,13.480945782180331
adventurous|forgiving|introspective|optimistic|pessimistic|traditional,6,1.0,124.10861609978501,0.8831773848984305,0.45844410676068714,0.9341185400246008,0.48039308556776916,16.503041123167137
adventurous|forgiving|introspective|judgmental|optimistic|pessimistic|traditional,7,1.0,119.54849108470812,0.8933909762607644,0.46603598872856067,0.9379023140474878,0.47148892263612235,16.066926746091628
adventurous|forgiving|innovative|introspective|optimistic|traditional,6,0.1,93.68530244772332,0.8682670107115784,0.6838606424893895,0.9361850001038201,0.4173529837752443,14.712297048538824
adventurous|forgiving|innovative|introspective|judgmental|optimistic|traditional,7,0.1,83.50712043773123,0.8945422455824938,0.6984890046840337,0.9360398518599172,0.39408109670801045,13.579843889161689
adventurous|forgiving|innovative|judgmental|optimistic|traditional,6,0.1,85.70796945982197,0.8895335855093078,0.6996846650387427,0.9255172897491755,0.3992187219140719,13.785226525610268
adventurous|forgiving|introspective|judgmental|optimistic|traditional,6,1.0,122.12724632314948,0.8885813560815352,0.4670416008823478,0.9223258994414483,0.47654560708472116,16.32016902972514
adventurous|forgiving|innovative|introspective|judgmental|pessimistic,6,0.1,126.66716870504547,0.8744933218567035,0.4545730137267555,0.942433421892553,0.4852569558610882,16.178876924342443
adventurous|forgiving|innovative|introspective|pessimistic|traditional,6,0.1,91.70544518106554,0.8897338707288317,0.648206221242531,0.9486696547277494,0.4128810374657435,14.4714237849232
adventurous|forgiving|innovative|introspective|judgmental|pessimistic|traditional,7,0.1,85.26936185015809,0.8980493982119844,0.6713171770448523,0.9528370139356835,0.3981830400785691,13.788571795072574
adventurous|forgiving|innovative|judgmental|pessimistic|traditional,6,0.1,89.12315280417722,0.8955641685419802,0.6601463772683961,0.9361597653038443,0.4070650270555994,14.140661074007326
adventurous|forgiving|innovative|introspective|judgmental|traditional,6,0.1,109.85450227171023,0.8549038551296755,0.6145280631868142,0.919176240535186,0.45183179499635484,15.539064068480805
adventurous|grandiose|impulsive|innovative|introspective|judgmental,6,0.1,55.48752869926604,0.9427388987689204,0.8947276405298333,0.7335029459319339,0.3211225763879261,11.537321079175417
adventurous|grandiose|impulsive|innovative|introspective|manipulative,6,0.1,67.97957834450361,0.9435835288017299,0.869126747174543,0.6269591064009268,0.3554276917590531,12.664873698580827
adventurous|grandiose|impulsive|innovative|introspective|judgmental|manipulative,7,0.1,52.802692368911515,0.9448626704253826,0.8989161332706828,0.750417563951198,0.3132654969718587,11.198279584243009
adventurous|grandiose|impulsive|innovative|judgmental|manipulative,6,0.1,65.66324068480665,0.9269243520394495,0.888640576686932,0.6793534323581681,0.34932151902869435,12.512305595746234
adventurous|grandiose|impulsive|innovative|manipulative|optimistic,6,1.0,58.04210686934398,0.9262907539090498,0.8506850800003908,0.844632132786119,0.3284970686463215,11.590738563435137
adventurous|grandiose|impulsive|innovative|introspective|manipulative|optimistic,7,0.1,43.32534434534601,0.9457343844766851,0.8698084728623463,0.9164766669285044,0.28376203365045566,9.971400844808768
adventurous|grandiose|impulsive|innovative|introspective|judgmental|manipulative|optimistic,8,0.1,38.28413050620746,0.9452664964514342,0.9033139021726324,0.9164704156735196,0.26679208102767926,9.375056735623556
adventurous|grandiose|impulsive|innovative|judgmental|manipulative|optimistic,7,1.0,51.125328080480365,0.9267868719087947,0.8928923419337097,0.8477225630863342,0.3083146535924894,10.935485468621097
adventurous|grandiose|impulsive|introspective|judgmental|manipulative|optimistic,7,1.0,46.49180572098692,0.9221427762233483,0.903056458377767,0.9020779995212311,0.29395039732039413,10.464009073068835
adventurous|grandiose|impulsive|manipulative|optimistic|pessimistic,6,1.0,58.755031096108226,0.9127990967402342,0.8660237379999661,0.8567722311072273,0.330461675417508,11.6094468381329
adventurous|grandiose|impulsive|innovative|manipulative|optimistic|pessimistic,7,0.1,53.57048002725556,0.9271835585986742,0.8676419348283981,0.8638318813516623,0.3156010179727119,11.047996578253304
adventurous|grandiose|impulsive|innovative|introspective|manipulative|optimistic|pessimistic,8,0.1,38.9702121500915,0.9468668846008862,0.8861428265184773,0.934571175439354,0.26912516990265656,9.40014061175204
adventurous|grandiose|impulsive|innovative|introspective|judgmental|manipulative|optimistic|pessimistic,9,0.1,35.683101041442384,0.9470893050317504,0.9062686484239573,0.9358647755866251,0.2575566735131758,9.011035537408661
adventurous|grandiose|impulsive|innovative|judgmental|manipulative|optimistic|pessimistic,8,1.0,48.783890913903434,0.9293160753614136,0.8951512451735735,0.8626862159259848,0.3011626372231288,10.622312032328395
adventurous|grandiose|impulsive|introspective|manipulative|optimistic|pessimistic,7,0.1,48.495652191013,0.9238096044404873,0.8807448846815384,0.9135854600873373,0.3001750402619212,10.543523736807076
adventurous|grandiose|impulsive|introspective|judgmental|manipulative|optimistic|pessimistic,8,0.1,43.5004160538301,0.9280309285876982,0.9049190043684415,0.913401514220082,0.2843221565813153,9.990484007397237
adventurous|grandiose|impulsive|manipulative|optimistic|pessimistic|traditional,7,1.0,57.42422765099194,0.9163827755945545,0.8660324199477805,0.8596963468923511,0.3267221137517097,11.468723594407663
adventurous|grandiose|impulsive|innovative|manipulative|optimistic|pessimistic|traditional,8,0.1,49.98278559779433,0.9292361219961887,0.8676735497656263,0.8995680301779552,0.30490033258749216,10.51302009511638
adventurous|grandiose|impulsive|innovative|introspective|manipulative|optimistic|pessimistic|traditional,9,0.1,38.25885370441095,0.9461444997689477,0.8857401249367821,0.9465238844210776,0.2666737654964706,9.275696507241534
adventurous|grandiose|impulsive|innovative|introspective|judgmental|manipulative|optimistic|pessimistic|traditional,10,0.1,34.65112271431725,0.9464623916707962,0.9070636792441109,0.9491229075061657,0.2538206179679992,8.868640346044494
adventurous|grandiose|impulsive|innovative|judgmental|manipulative|optimistic|pessimistic|traditional,9,0.1,45.40811147259454,0.9307887851777232,0.8942912327500293,0.8996171597259638,0.2906134439961995,10.019055784776025
adventurous|grandiose|impulsive|introspective|manipulative|optimistic|pessimistic|traditional,8,0.1,44.00393761022935,0.9358783583932463,0.8859212241941163,0.9141584098106771,0.28596437278638687,10.053867653030398
adventurous|grandiose|impulsive|introspective|judgmental|manipulative|optimistic|pessimistic|traditional,9,0.1,39.86930525615425,0.93831952751161,0.9079678727819718,0.9140352356804948,0.2722260291481891,9.616206269430586
adventurous|grandiose|impulsive|judgmental|manipulative|optimistic|pessimistic|traditional,8,1.0,51.39176275020175,0.9211991404983229,0.8956037034982814,0.8599528948804973,0.309084611328066,10.934491182659265
adventurous|grandiose|impulsive|manipulative|optimistic|traditional,6,1.0,61.27965406533345,0.9150959862912548,0.8504076416604579,0.8468512667690496,0.3375168720825276,11.913338963548922
adventurous|grandiose|impulsive|innovative|manipulative|optimistic|traditional,7,0.1,54.03101253942425,0.9283443327537456,0.8506770172579405,0.8855503466530676,0.3169960256585095,11.002504893805632
adventurous|grandiose|impulsive|innovative|introspective|manipulative|optimistic|traditional,8,0.1,42.40504052058849,0.9450248467994258,0.8693546392670121,0.9310108644710882,0.280747094797667,9.819938627956603
adventurous|grandiose|impulsive|innovative|introspective|judgmental|manipulative|optimistic|traditional,9,0.1,37.177601707611515,0.94464762511782,0.9040209795942632,0.9307694910217115,0.2629230425500825,9.22567350156996
adventurous|grandiose|impulsive|innovative|judgmental|manipulative|optimistic|traditional,8,0.1,47.66317663900078,0.9283754041770123,0.8919339871646876,0.8854562833491721,0.29775052144332714,10.360682504191855
adventurous|grandiose|impulsive|introspective|manipulative|optimistic|traditional,7,1.0,48.01556357134782,0.9345749024867894,0.8696959245281426,0.9006228209993778,0.2987194918532777,10.57767895285283
adventurous|grandiose|impulsive|introspective|judgmental|manipulative|optimistic|traditional,8,1.0,42.260303599074525,0.9352694574464,0.9049804678570368,0.9017370790765085,0.2802813775334762,9.978976591535854
adventurous|grandiose|impulsive|judgmental|manipulative|optimistic|traditional,7,1.0,53.6453490030755,0.9172998992416949,0.8933215438372638,0.8510972126837715,0.31579927684753595,11.249632074438027
adventurous|grandiose|impulsive|innovative|manipulative|pessimistic,6,0.1,55.84400291512335,0.9253468992098962,0.855733751162387,0.8653042470631086,0.32221196343125863,11.361932561011175
adventurous|grandiose|impulsive|innovative|introspective|manipulative|pessimistic,7,0.1,41.41982111807486,0.9448968592963124,0.873988378364837,0.9348396115658157,0.2774434134051459,9.741292712469141
adventurous|grandiose|impulsive|innovative|introspective|judgmental|manipulative|pessimistic,8,0.1,37.27769755920918,0.9444841211696194,0.9009014403302593,0.9360794931647265,0.2632488263648684,9.234575550846005
adventurous|grandiose|impulsive|introspective|judgmental|manipulative|pessimistic,7,1.0,47.44503131722932,0.9172768054755321,0.9011086524094366,0.9119836068432401,0.2969350418559941,10.57034982051708
adventurous|grandiose|impulsive|judgmental|manipulative|pessimistic,6,1.0,56.08654461850583,0.9088455122626837,0.8911152702374198,0.8566797917670521,0.3228609376812597,11.499289396266791
adventurous|grandiose|impulsive|manipulative|pessimistic|traditional,6,1.0,60.10835494864101,0.9125055038852268,0.8567963148220115,0.8586368776639677,0.3342584992220087,11.839435104264822
adventurous|grandiose|impulsive|innovative|manipulative|pessimistic|traditional,7,0.1,52.347347010875126,0.9267306676212517,0.8568604534811111,0.9003299125189841,0.3120100223911241,10.878562904467955
adventurous|grandiose|impulsive|innovative|introspective|manipulative|pessimistic|traditional,8,0.1,40.74527639432533,0.9442625918090781,0.8732009541924135,0.9467467002026102,0.27518965196246314,9.61717518575443
adventurous|grandiose|impulsive|innovative|introspective|judgmental|manipulative|pessimistic|traditional,9,0.1,36.30709094794259,0.9439897966550498,0.9009596555752958,0.9494919723282461,0.2598128896040881,9.104210656816893
adventurous|grandiose|impulsive|innovative|judgmental|manipulative|pessimistic|traditional,8,0.1,47.10929578834175,0.9271564118712645,0.8900042748589337,0.9002798445399391,0.2960023769424722,10.317280098641884
adventurous|grandiose|impulsive|introspective|judgmental|manipulative|pessimistic|traditional,8,1.0,41.990046915227914,0.9345138823576925,0.9017614400028612,0.9138408245699421,0.27936898936822985,9.93317027192013
adventurous|grandiose|impulsive|innovative|manipulative|traditional,6,0.1,89.2454484343925,0.9214780430165824,0.8460327806096306,0.4930193989624432,0.4072734046753751,14.534136110372673
adventurous|grandiose|impulsive|innovative|introspective|manipulative|traditional,7,0.1,68.06113019929803,0.9432402551734423,0.8688118909209024,0.6277925543808947,0.3556451559059748,12.691076734519477
adventurous|grandiose|impulsive|innovative|introspective|judgmental|manipulative|traditional,8,0.1,53.245800217900126,0.9442249685488848,0.8977497672996628,0.749550689522669,0.3145785919546035,11.245253816290752
adventurous|grandiose|impulsive|innovative|judgmental|manipulative|traditional,7,0.1,65.30023128746728,0.9274204410021303,0.8884118989770495,0.6823064053380701,0.34836814914968933,12.393506099383147
adventurous|grandiose|impulsive|introspective|manipulative|traditional,6,1.0,77.82665960786896,0.9307133177493789,0.8683144547380443,0.5558303653967763,0.3803658947977671,13.627095254615803
adventurous|grandiose|impulsive|judgmental|manipulative|traditional,6,1.0,71.52264406122026,0.9159830597212785,0.8896183577808277,0.646564796099265,0.3645555951865304,13.153102110917985
adventurous|grandiose|impulsive|innovative|introspective|optimistic,6,0.1,46.015522322602216,0.9451180388892332,0.8537534922624712,0.9160871202921219,0.29245276184223,10.342449632280967
adventurous|grandiose|impulsive|innovative|introspective|judgmental|optimistic,7,1.0,39.60491948392632,0.9443632667809831,0.8965639572297492,0.9163931910548818,0.27134989538257126,9.649805865516257
adventurous|grandiose|impulsive|innovative|judgmental|optimistic,6,0.1,51.43367114455267,0.929101596527263,0.892269967837044,0.8367274853316544,0.30923583194972826,11.017109549847108
adventurous|grandiose|impulsive|innovative|optimistic|pessimistic,6,0.1,53.98683846299609,0.9301833916154694,0.8638317440253338,0.8550224971860568,0.3168090019374111,11.21558764535912
adventurous|grandiose|impulsive|innovative|introspective|optimistic|pessimistic,7,0.1,41.73481207036442,0.9464045241138418,0.869420346620246,0.9339568305011888,0.2785241703046891,9.81161259252493
adventurous|grandiose|impulsive|innovative|introspective|judgmental|optimistic|pessimistic,8,0.1,37.120218038415615,0.9469672740225582,0.8978013546832148,0.9347317783622029,0.2626881787635829,9.26552942633763
adventurous|grandiose|impulsive|introspective|judgmental|optimistic|pessimistic,7,0.1,43.87245852000085,0.9300810706604135,0.8984501620566054,0.9134921693281148,0.28553782673322026,10.090202018101516
adventurous|grandiose|impulsive|judgmental|optimistic|pessimistic,6,1.0,54.40325787809793,0.916842667519133,0.8952226905443561,0.8402088538500916,0.3179784262888016,11.320983262917744
adventurous|grandiose|impulsive|optimistic|pessimistic|traditional,6,1.0,59.039253152093444,0.9172442882174486,0.863352397512044,0.842041832291748,0.3312722156924818,11.757375780241068
adventurous|grandiose|impulsive|innovative|optimistic|pessimistic|traditional,7,0.01,49.936360958652884,0.932660977205121,0.8633698514688036,0.8957453030029487,0.30474050269896885,10.619061261828426
adventurous|grandiose|impulsive|innovative|introspective|optimistic|pessimistic|traditional,8,0.1,41.12493495708604,0.945620731866546,0.8681822928718309,0.9464576990173962,0.2764996328172044,9.681592544874214
adventurous|grandiose|impulsive|innovative|introspective|judgmental|optimistic|pessimistic|traditional,9,0.1,36.1035750995603,0.946306763952039,0.8982741177423671,0.9485252443234828,0.25908229546927175,9.10982516516467
adventurous|grandiose|impulsive|innovative|judgmental|optimistic|pessimistic|traditional,8,0.01,44.90554906308596,0.9334550274210047,0.8938191325533895,0.8969338223237543,0.2889813694574557,10.0441363288791
adventurous|grandiose|impulsive|introspective|optimistic|pessimistic|traditional,7,0.1,46.07447515738742,0.9369329428752395,0.8701121478045675,0.9146957316859201,0.2926347461931742,10.385857453000575
adventurous|grandiose|impulsive|introspective|judgmental|optimistic|pessimistic|traditional,8,1.0,40.83412325865455,0.9394160864149288,0.8992743688663734,0.9145825087560842,0.2755021968013912,9.829425033947349
adventurous|grandiose|impulsive|judgmental|optimistic|pessimistic|traditional,7,1.0,53.128350012850944,0.9208987038952907,0.895002480626568,0.8411706852675472,0.3142528108491278,11.214891585840562
adventurous|grandiose|impulsive|innovative|optimistic|traditional,6,0.01,53.88010546517235,0.9316198771353851,0.8471270000844102,0.882143901321256,0.31653232874049325,11.10742211494682
adventurous|grandiose|impulsive|innovative|introspective|optimistic|traditional,7,0.1,45.16521104954655,0.9442871548670638,0.8526724600803589,0.93137995864058,0.2897551556070306,10.194548859197749
adventurous|grandiose|impulsive|innovative|introspective|judgmental|optimistic|traditional,8,0.1,38.54323902568011,0.943858470161091,0.896454606685316,0.9312367341109188,0.26770871479514763,9.454186206364184
adventurous|grandiose|impulsive|innovative|judgmental|optimistic|traditional,7,0.01,47.190817908012384,0.9310215666905115,0.8919880300231404,0.8814892243743002,0.29625451551011756,10.384463576776536
adventurous|grandiose|impulsive|introspective|optimistic|traditional,6,1.0,50.01069437199876,0.9355242921022894,0.8545256040695577,0.9012828893339784,0.30487661798505933,10.849800058820042
adventurous|grandiose|impulsive|introspective|judgmental|optimistic|traditional,7,1.0,43.17650647769025,0.9361521202141259,0.8970355171195225,0.9022429272905685,0.28330833497026175,10.13606887218801
adventurous|grandiose|impulsive|judgmental|optimistic|traditional,6,1.0,55.355551803801475,0.9170883304321464,0.8929745976904989,0.8318371148099869,0.32078241658125073,11.518045631552779
adventurous|grandiose|impulsive|innovative|introspective|pessimistic,6,0.1,43.85079931873055,0.94345152136098,0.8613662642564737,0.9341799123771924,0.28548904855019563,10.101664642330512
adventurous|grandiose|impulsive|innovative|judgmental|pessimistic,6,0.1,50.35973636073911,0.9282724465805317,0.890895402367865,0.8553994850049849,0.30597564666552246,10.882173884660682
adventurous|grandiose|impulsive|innovative|pessimistic|traditional,6,0.01,52.019419752535086,0.9297828137516999,0.8549228343855576,0.8968549707159778,0.3110141716090829,10.94506481318834
adventurous|grandiose|impulsive|innovative|introspective|pessimistic|traditional,7,0.1,43.30039429671931,0.9426111715590282,0.8600074220173765,0.9463936337368307,0.2837087802092443,9.978379156653379
adventurous|grandiose|impulsive|innovative|introspective|judgmental|pessimistic|traditional,8,0.1,37.7821330148486,0.942452949055391,0.8948573224011387,0.9486109215891112,0.2650431912376747,9.35318019863755
adventurous|grandiose|impulsive|introspective|judgmental|pessimistic|traditional,7,1.0,42.8390658025133,0.9349050440613015,0.8953162322048361,0.9141503331624538,0.2821849449627705,10.08670665272385
adventurous|grandiose|impulsive|judgmental|pessimistic|traditional,6,1.0,55.15649610359869,0.9159466833505207,0.891449720197767,0.8413589596395797,0.32018312866375787,11.45838350135361
adventurous|grandiose|impulsive|innovative|introspective|traditional,6,0.1,83.19651071793098,0.9378947523714977,0.8394917798273378,0.5182413070285488,0.39330161349321685,14.058595090884996
adventurous|grandiose|impulsive|innovative|introspective|judgmental|traditional,7,0.1,55.951106077412724,0.9420305088671932,0.8934238326887178,0.7328999181033939,0.3224633944061104,11.584248198761518
adventurous|grandiose|impulsive|innovative|judgmental|traditional,6,0.1,64.48764115882209,0.9294345402958005,0.8895723318052591,0.6826911469756483,0.34618048973320237,12.360936608747446
adventurous|grandiose|impulsive|introspective|judgmental|traditional,6,1.0,59.60776677713896,0.9347908949693382,0.8941651539873912,0.7136222341260761,0.33283726998403845,12.033426496339109
adventurous|grandiose|innovative|introspective|judgmental|manipulative,6,0.1,66.79381137173368,0.9084928692613113,0.8994359036229526,0.7128090005257204,0.35230534056495433,12.555890357232876
adventurous|grandiose|innovative|introspective|manipulative|optimistic,6,0.1,51.740430612359795,0.9183624983245405,0.8692971233808947,0.9153275218813862,0.31011254463554067,10.975686672767335
adventurous|grandiose|innovative|introspective|judgmental|manipulative|optimistic,7,0.1,46.5085452388972,0.9179699534949757,0.9040716530417419,0.9148879089869401,0.29408732579743263,10.32391820416659
adventurous|grandiose|innovative|judgmental|manipulative|optimistic,6,0.1,55.45985095717613,0.9150263442587139,0.8913216589447587,0.8409616098839715,0.3211389321216653,11.369502469402438
adventurous|grandiose|introspective|judgmental|manipulative|optimistic,6,1.0,56.75697514793743,0.8884401635551378,0.9038954729042582,0.8989825292219125,0.3248258405021941,11.544332408957894
adventurous|grandiose|innovative|manipulative|optimistic|pessimistic,6,0.1,57.90608057441561,0.9188031603675632,0.8588704472325893,0.8583377687579989,0.32810639350871545,11.570856190802173
adventurous|grandiose|innovative|introspective|manipulative|optimistic|pessimistic,7,0.1,46.42479287324839,0.9228781137046103,0.8868845049343451,0.9303557731902671,0.2937585293299913,10.264664144808826
adventurous|grandiose|innovative|introspective|judgmental|manipulative|optimistic|pessimistic,8,0.1,43.38540998036469,0.9220483639693418,0.906911587443293,0.9326176237471804,0.28402478326233127,9.890427911366038
adventurous|grandiose|innovative|judgmental|manipulative|optimistic|pessimistic,7,0.1,52.50200144300861,0.9185568174570716,0.8942933975731417,0.8584211876634606,0.31244741057730196,11.014276364744688
adventurous|grandiose|introspective|manipulative|optimistic|pessimistic,6,0.1,56.83172585889351,0.8971100701543171,0.8816927316396641,0.9081157324009027,0.32499518215195555,11.498724698821594
adventurous|grandiose|introspective|judgmental|manipulative|optimistic|pessimistic,7,0.1,52.68808411561039,0.8985846090875438,0.9055377203302758,0.9082269374894866,0.31295841055336027,11.033249828914363
adventurous|grandiose|judgmental|manipulative|optimistic|pessimistic,6,0.1,58.42495904910065,0.8991582433395768,0.8959949335066681,0.8544336855019433,0.3295585240778461,11.705472100967725
adventurous|grandiose|manipulative|optimistic|pessimistic|traditional,6,0.1,62.90052988077821,0.902302190451744,0.8598455407172435,0.8562811502929468,0.34194870000185906,12.051160859035537
adventurous|grandiose|innovative|manipulative|optimistic|pessimistic|traditional,7,0.1,54.25099878757389,0.9222941733296319,0.8583839054753624,0.8906269227316856,0.3176253723884245,11.05943361693526
adventurous|grandiose|innovative|introspective|manipulative|optimistic|pessimistic|traditional,8,0.1,44.700938273033,0.9244458996125271,0.8868464005091468,0.9455067524263424,0.2882762621752721,10.022955080848853
adventurous|grandiose|innovative|introspective|judgmental|manipulative|optimistic|pessimistic|traditional,9,0.1,41.468359949590365,0.9236794085186395,0.9074841556424975,0.9487459179364213,0.27770272579947863,9.631482808581072
adventurous|grandiose|innovative|judgmental|manipulative|optimistic|pessimistic|traditional,8,0.1,48.9199529395472,0.9219015458021244,0.8939239214378327,0.8901368196688836,0.30164842502289063,10.465564772958363
adventurous|grandiose|introspective|manipulative|optimistic|pessimistic|traditional,7,0.1,53.94094404284084,0.9041893314088587,0.8867512615959451,0.9077766853470705,0.31663829618459477,11.170138881977493
adventurous|grandiose|introspective|judgmental|manipulative|optimistic|pessimistic|traditional,8,0.1,50.49908346442042,0.9045116672504709,0.9082416167384104,0.9080062660376119,0.3064032503764348,10.793914916044931
adventurous|grandiose|judgmental|manipulative|optimistic|pessimistic|traditional,7,0.1,56.84456106749683,0.9037311223630371,0.8955761253300025,0.8575853570427312,0.32509233244830893,11.491869825240988
adventurous|grandiose|innovative|manipulative|optimistic|traditional,6,0.1,61.19044423442574,0.9191065335787652,0.831790245954145,0.8679304455844146,0.3373074107279762,11.764671798735755
adventurous|grandiose|innovative|introspective|manipulative|optimistic|traditional,7,0.1,50.001243496030504,0.919735054041119,0.8693603020854191,0.931182830521001,0.3048789283911656,10.752979080577834
adventurous|grandiose|innovative|introspective|judgmental|manipulative|optimistic|traditional,8,0.1,44.61704260303334,0.9195251718704486,0.9047121837370253,0.9308510302859657,0.2880701112616877,10.075121403843294
adventurous|grandiose|innovative|judgmental|manipulative|optimistic|traditional,7,0.1,51.83532392504439,0.9183878785437273,0.8909944674254335,0.8730511881372275,0.31051523391149544,10.8333971702659
adventurous|grandiose|introspective|manipulative|optimistic|traditional,6,1.0,59.27259916741532,0.8977521124922543,0.8699470772299092,0.8981202597429622,0.3319080648340816,11.855201495909913
adventurous|grandiose|introspective|judgmental|manipulative|optimistic|traditional,7,1.0,53.96606604191002,0.896940318568762,0.9056864549495912,0.8983589419199465,0.3167563981949665,11.266747647139287
adventurous|grandiose|judgmental|manipulative|optimistic|traditional,6,1.0,60.16223104230211,0.8969271930128029,0.8923988328529499,0.8481320357954921,0.3344482020830078,11.92320240222775
adventurous|grandiose|innovative|introspective|manipulative|pessimistic,6,0.1,51.02440244462118,0.9145574370180798,0.8732867143350477,0.9304774046712432,0.30794923155602716,10.847180838559598
adventurous|grandiose|innovative|introspective|judgmental|manipulative|pessimistic,7,0.1,46.72849526295659,0.9135888505372778,0.901622792398055,0.9328371826869278,0.2947699239556741,10.287884051655535
adventurous|grandiose|introspective|judgmental|manipulative|pessimistic,6,1.0,60.86436642409766,0.874328150336354,0.9019354678577232,0.9044380769653745,0.33636070068709895,11.939333953007168
adventurous|grandiose|innovative|manipulative|pessimistic|traditional,6,0.1,59.363807343034274,0.9151047784475511,0.838002033917196,0.8931239525160971,0.3322223791539671,11.631896767931455
adventurous|grandiose|innovative|introspective|judgmental|manipulative|pessimistic|traditional,8,0.1,45.08296790179101,0.9144814931181228,0.9018698480938954,0.948970217236417,0.28955841396025095,10.08929429802267
adventurous|grandiose|innovative|judgmental|manipulative|pessimistic|traditional,7,0.1,52.10955858961404,0.9141593920350949,0.8873360647877749,0.8920506949153731,0.3113228024704289,10.87378567359162
adventurous|grandiose|introspective|manipulative|pessimistic|traditional,6,1.0,60.402905943736485,0.8901645627038687,0.8736515556681008,0.9052487125749964,0.33504613296520674,11.938333162617438
adventurous|grandiose|judgmental|manipulative|pessimistic|traditional,6,1.0,61.99612492252068,0.8901717869373054,0.8882758370100015,0.8583493712791002,0.3394891938736414,12.08987208760607
adventurous|grandiose|innovative|introspective|manipulative|traditional,6,0.01,81.66280562720897,0.9073409538156245,0.8699255425104669,0.5921519062883951,0.38952753668220147,13.984121933493826
adventurous|grandiose|innovative|introspective|judgmental|manipulative|traditional,7,0.1,67.13990284810257,0.9079275235394786,0.8986720189630536,0.7120916560523705,0.35322037499320674,12.572846714163557
adventurous|grandiose|innovative|judgmental|manipulative|traditional,6,0.1,72.10133932451872,0.9088347215134963,0.8817073279187082,0.6803845383363805,0.3660379935236433,13.01562955299894
adventurous|grandiose|introspective|judgmental|manipulative|traditional,6,1.0,80.54558749505159,0.8800200604450302,0.8990428558254664,0.6508549002605161,0.3868813074091249,13.844160860604356
adventurous|grandiose|innovative|introspective|judgmental|optimistic,6,0.1,49.933909835531026,0.9122786887766138,0.8926548127846445,0.9156805356360017,0.3046728832014728,10.692812557413607
adventurous|grandiose|innovative|introspective|optimistic|pessimistic,6,0.1,54.64052975443084,0.9156547949461494,0.8480928125977124,0.9299430149785657,0.3186270768925572,11.217456354647995
adventurous|grandiose|innovative|introspective|judgmental|optimistic|pessimistic,7,0.1,46.99948999738727,0.9163348822967415,0.8945171481667201,0.9329975550813631,0.2955745284643912,10.333964792041108
adventurous|grandiose|innovative|judgmental|optimistic|pessimistic,6,0.1,56.33099898145124,0.9100480061622476,0.8879046345706019,0.8552075406148416,0.32359261594964994,11.411491558182899
adventurous|grandiose|introspective|judgmental|optimistic|pessimistic,6,0.1,67.56905222716286,0.8579487813457416,0.8939930572410646,0.8979475871092572,0.35437584232363406,12.540616695574096
adventurous|grandiose|innovative|optimistic|pessimistic|traditional,6,0.01,60.35000141989609,0.9170701634613622,0.8283642090372538,0.8921683825067122,0.3349342241424742,11.716532957449337
adventurous|grandiose|innovative|introspective|optimistic|pessimistic|traditional,7,0.01,51.7203132961143,0.9194032878733309,0.8510657419270756,0.9459855013683127,0.3100182790129925,10.853674974462525
adventurous|grandiose|innovative|introspective|judgmental|optimistic|pessimistic|traditional,8,0.01,44.28385665362392,0.9198460847446606,0.8968030270561905,0.9487403428179227,0.2869289594308191,9.985322495326171
adventurous|grandiose|innovative|judgmental|optimistic|pessimistic|traditional,7,0.01,51.16546146653279,0.916866082810621,0.8883944072289487,0.8918056293585983,0.30844858465601366,10.700957500624426
adventurous|grandiose|introspective|optimistic|pessimistic|traditional,6,0.1,69.70146036754855,0.8755543010373683,0.846557051775658,0.8966983525615744,0.35988307041299844,12.832134572021053
adventurous|grandiose|judgmental|optimistic|pessimistic|traditional,6,1.0,68.92405653525462,0.8726702758078312,0.8866287699655603,0.841594314307021,0.35790298816998295,12.732269376277435
adventurous|grandiose|innovative|introspective|optimistic|traditional,6,0.001,59.623625628779166,0.911712107030121,0.8227599317049812,0.9314152572840818,0.332817921642163,11.742789903330008
adventurous|grandiose|innovative|introspective|judgmental|optimistic|traditional,7,0.01,47.254485138834674,0.9156920259061718,0.89491785197517,0.9313750048515326,0.2964089197597534,10.363805018924987
adventurous|grandiose|innovative|judgmental|optimistic|traditional,6,0.01,53.90508948449576,0.9134224080854938,0.886251114889795,0.8751511041121892,0.3166034795931809,11.035788749924533
adventurous|grandiose|innovative|introspective|judgmental|pessimistic,6,0.1,49.99882916630241,0.9081073422518131,0.8910660689566239,0.933155303917599,0.3048544970840423,10.613037001546127
adventurous|grandiose|innovative|introspective|judgmental|pessimistic|traditional,7,0.01,47.699324287002774,0.9106139401511524,0.8926613886916048,0.9487954868612287,0.2977858372315613,10.343902405040334
adventurous|grandiose|introspective|judgmental|pessimistic|traditional,6,1.0,68.96961781309602,0.8568177336519238,0.8876360251378386,0.8972445535364921,0.35797471065592346,12.595771824696445
adventurous|grandiose|innovative|introspective|judgmental|traditional,6,0.01,69.68642316605975,0.9040519115438503,0.8899315596626389,0.7119561335366249,0.35980729361937086,12.782073589912466
adventurous|impulsive|innovative|introspective|judgmental|manipulative,6,0.1,170.91740152970792,0.7915843471846006,0.4336778195286425,0.7473034102439973,0.5637530733980749,19.064198680464422
adventurous|impulsive|innovative|introspective|manipulative|optimistic,6,1.0,156.78487141105265,0.7910389493765904,0.43592678536204543,0.9163952670813603,0.5399459833681455,17.94947099098602
adventurous|impulsive|innovative|introspective|judgmental|manipulative|optimistic,7,1.0,153.99485427446143,0.802246506576358,0.43206503087412995,0.9166302013968497,0.5351050831714722,17.697413038150003
adventurous|impulsive|innovative|judgmental|manipulative|optimistic,6,1.0,181.0630935418125,0.7605251850721503,0.3748653521629913,0.8469449746978532,0.5803323400834396,19.387052099718776
adventurous|impulsive|introspective|judgmental|manipulative|optimistic,6,1.0,159.37581288418903,0.7876582935162575,0.4334725157658127,0.9021496239744569,0.544355837541,18.180493292951354
adventurous|impulsive|innovative|manipulative|optimistic|pessimistic,6,0.1,171.459278419981,0.7824715958050248,0.38779298923879335,0.8591091226330719,0.5647347307552485,18.684573674038102
adventurous|impulsive|innovative|introspective|manipulative|optimistic|pessimistic,7,0.1,145.75628787395067,0.8185461479707431,0.4445231196428924,0.9336756972122473,0.5206003799106784,17.114850685231723
adventurous|impulsive|innovative|introspective|judgmental|manipulative|optimistic|pessimistic,8,0.1,146.7055348382019,0.8180963900805763,0.43832028990011285,0.9355098916320386,0.5222772807277748,17.16683880039655
adventurous|impulsive|introspective|judgmental|manipulative|optimistic|pessimistic,7,0.1,151.1035642689258,0.809106696158595,0.43911186227547805,0.9136164848539375,0.5300361111794676,17.583031165826423
adventurous|impulsive|judgmental|manipulative|optimistic|pessimistic,6,0.1,174.44184359574578,0.7800963501993308,0.37574993088172126,0.8542527171266225,0.5696076245135866,18.939559125418302
adventurous|impulsive|innovative|manipulative|optimistic|pessimistic|traditional,7,0.1,142.65368929330333,0.8090675474789473,0.516666719392616,0.8708405582916255,0.5150601236329957,17.27393073147334
adventurous|impulsive|innovative|introspective|manipulative|optimistic|pessimistic|traditional,8,0.1,105.78862030031084,0.8616305463398721,0.617684149345314,0.9374704151086253,0.44348015902409466,14.867789096012872
adventurous|impulsive|innovative|introspective|judgmental|manipulative|optimistic|pessimistic|traditional,9,0.1,104.34763556479561,0.8608835387861868,0.6263956529307635,0.9413024820243974,0.4404629244235895,14.735333260750437
adventurous|impulsive|innovative|judgmental|manipulative|optimistic|pessimistic|traditional,8,0.1,140.15686224800157,0.808887953371637,0.5327986892055558,0.871661554135162,0.5105258224309606,17.132107611251076
adventurous|impulsive|introspective|manipulative|optimistic|pessimistic|traditional,7,1.0,122.06769181139789,0.8579330437557435,0.531580836209456,0.9144605395221873,0.4764028702050181,16.207807042733368
adventurous|impulsive|introspective|judgmental|manipulative|optimistic|pessimistic|traditional,8,1.0,122.81500112307859,0.8569468175178343,0.5287839838628544,0.9143025274444774,0.4778472349503759,16.271520400441513
adventurous|impulsive|judgmental|manipulative|optimistic|pessimistic|traditional,7,1.0,162.1658685577486,0.8012614442541515,0.41357502404100477,0.8550571293325913,0.5492126063943268,18.56446103287138
adventurous|impulsive|innovative|manipulative|optimistic|traditional,6,0.1,147.12265912768112,0.7955729679757213,0.5171625214759015,0.8650554557539682,0.5230564167642109,17.691923979654693
adventurous|impulsive|innovative|introspective|manipulative|optimistic|traditional,7,0.1,109.61926815903726,0.8518423312482156,0.6179152942357327,0.9263267941769991,0.4514402227322815,15.286611832028356
adventurous|impulsive|innovative|introspective|judgmental|manipulative|optimistic|traditional,8,0.1,107.94390941987031,0.8530503216458405,0.6263956901374215,0.9262733056344582,0.44799422036801195,15.06480099285306
adventurous|impulsive|innovative|judgmental|manipulative|optimistic|traditional,7,0.1,145.26778709523242,0.7951026539068962,0.5305659041684758,0.864179983870981,0.5197527925726791,17.499594450689838
adventurous|impulsive|introspective|manipulative|optimistic|traditional,6,1.0,126.52771839902968,0.8470848653153705,0.5317603743407593,0.899606298587746,0.48503687206802376,16.589173156059903
adventurous|impulsive|introspective|judgmental|manipulative|optimistic|traditional,7,1.0,125.90482418090184,0.850017301157403,0.5290834651191028,0.9015434057815607,0.4838276232529488,16.52589471897133
adventurous|impulsive|judgmental|manipulative|optimistic|traditional,6,1.0,166.46789809104115,0.7893475091622657,0.41265522919130093,0.8480668256205807,0.5564541708770062,18.881461716552128
adventurous|impulsive|innovative|introspective|manipulative|pessimistic,6,1.0,156.43548560080325,0.7881329831523992,0.4347295351632908,0.9333685583924449,0.5393593740445484,17.828703688813317
adventurous|impulsive|innovative|judgmental|manipulative|pessimistic,6,1.0,184.32718971271794,0.7492179317912144,0.3694128755580477,0.8587093704853732,0.5855556834726255,19.518168488746255
adventurous|impulsive|innovative|manipulative|pessimistic|traditional,6,0.1,147.39634219085514,0.793923664945116,0.5170164049567281,0.8680525774178007,0.5235395519689867,17.727685540081893
adventurous|impulsive|innovative|introspective|manipulative|pessimistic|traditional,7,0.1,108.2689084286224,0.8535795734282058,0.6177212130827078,0.9367532603296679,0.4486445349910689,15.19162461687331
adventurous|impulsive|innovative|introspective|judgmental|manipulative|pessimistic|traditional,8,0.1,106.51901116542903,0.8532966962007011,0.6271334094461871,0.9412908042357262,0.4450234648569362,14.961499132783741
adventurous|impulsive|innovative|judgmental|manipulative|pessimistic|traditional,7,0.1,145.14152281880212,0.7929172748810769,0.5328080293864715,0.8695258207867403,0.5195226793384518,17.56044300982577
adventurous|impulsive|judgmental|manipulative|pessimistic|traditional,6,1.0,166.65097330930567,0.7869914838021416,0.4140894422739192,0.8518138529686967,0.5567535375548343,18.940913815224967
adventurous|impulsive|innovative|introspective|manipulative|traditional,6,0.1,133.36420531474144,0.8537712820658618,0.6193023150336641,0.6293000288303214,0.4978760714040423,17.533130182678622
adventurous|impulsive|innovative|judgmental|manipulative|traditional,6,0.1,163.33479925966483,0.7932878290949055,0.5277502641278733,0.6575850267863392,0.5510492788808639,19.28260957126753
adventurous|impulsive|innovative|introspective|judgmental|optimistic,6,1.0,154.30799487414862,0.8028290948614607,0.42901205891387484,0.9165739412782992,0.5356259395372589,17.678448354966005
adventurous|impulsive|innovative|introspective|optimistic|pessimistic,6,0.001,146.39801470950306,0.8175913273392966,0.442336408654484,0.9335639474834511,0.5217311914188155,17.130849360498885
adventurous|impulsive|innovative|judgmental|optimistic|pessimistic,6,0.1,191.48615577218862,0.7498421116200138,0.33154086212900646,0.8407138035716323,0.5967779677510718,20.07789111844026
adventurous|impulsive|introspective|judgmental|optimistic|pessimistic,6,0.1,153.0014313635766,0.8039768870900841,0.43680556425496164,0.9137312496238751,0.5333424367103772,17.637904248946757
adventurous|impulsive|innovative|optimistic|pessimistic|traditional,6,0.1,156.76951690586424,0.783761452009313,0.4879179557052781,0.8461708787174256,0.5398911018903428,18.45068955750401
adventurous|impulsive|innovative|introspective|optimistic|pessimistic|traditional,7,0.1,105.31412677356722,0.8633002715583765,0.6172741135736017,0.9379316685201533,0.44247773456089834,14.823178803343254
adventurous|impulsive|innovative|introspective|judgmental|optimistic|pessimistic|traditional,8,0.01,103.72046041034716,0.8624569321980811,0.6272915784169704,0.941528877666747,0.4391298582196352,14.674917192368241
adventurous|impulsive|introspective|optimistic|pessimistic|traditional,6,1.0,121.92867498904855,0.8596868910872537,0.5288116953539752,0.9149338180389921,0.4761291681822013,16.17606920930927
adventurous|impulsive|judgmental|optimistic|pessimistic|traditional,6,0.1,174.42888346928893,0.7797579951323055,0.3917107078988441,0.8262225211455977,0.5695312971362689,19.569827059512896
adventurous|impulsive|innovative|introspective|optimistic|traditional,6,0.1,109.30809822144195,0.8529217660322289,0.6174471022225634,0.9270638215837252,0.4507938070723321,15.256720609199471
adventurous|impulsive|innovative|introspective|judgmental|optimistic|traditional,7,0.1,107.37222177075508,0.8543867256283728,0.6270926886809807,0.9270421277358449,0.44680285475422093,15.01286519804181
adventurous|impulsive|innovative|judgmental|optimistic|traditional,6,0.1,160.18763106241656,0.7705076562266375,0.4928947114584554,0.8438221080132088,0.5457443674409524,18.660980583119187
adventurous|impulsive|introspective|judgmental|optimistic|traditional,6,1.0,125.7274320508657,0.851720363058606,0.5265941400315597,0.9021274601137407,0.4834870025672652,16.494808870405997
adventurous|impulsive|innovative|introspective|judgmental|pessimistic,6,1.0,155.53874128443994,0.7948309286330456,0.4269548302840236,0.9345729736102683,0.5377754649876099,17.662757210080944
adventurous|impulsive|innovative|introspective|pessimistic|traditional,6,0.1,107.89843770087423,0.8548101567844812,0.6176107047617762,0.9369832345948784,0.44787196728403345,15.161461685317526
adventurous|impulsive|innovative|introspective|judgmental|pessimistic|traditional,7,0.1,106.06677132498078,0.8544568837901689,0.6278997344183612,0.9411165889700984,0.4440757759271744,14.933989996210414
adventurous|impulsive|innovative|judgmental|pessimistic|traditional,6,0.1,159.18518922837862,0.7707630244004566,0.49535448669456994,0.850458255373322,0.5440320096813874,18.602659496398676
adventurous|impulsive|introspective|judgmental|pessimistic|traditional,6,1.0,124.70990285112737,0.8515667840232644,0.5269912438876856,0.9143267529017416,0.48151906954628243,16.434363317452032
adventurous|impulsive|innovative|introspective|judgmental|traditional,6,0.1,124.2363320602205,0.8552247644698516,0.6196135432449148,0.7340439246240177,0.4805321857987606,16.738817989881653
adventurous|innovative|introspective|judgmental|manipulative|optimistic,6,1.0,160.77966488715523,0.7995330693808687,0.3944845032482661,0.9145641468284732,0.5467611755592597,18.207283190089488
adventurous|innovative|introspective|manipulative|optimistic|pessimistic,6,0.01,152.92896150603488,0.816247695740133,0.40434109606090063,0.9303943420080104,0.533230696775061,17.63243660590433
adventurous|innovative|introspective|judgmental|manipulative|optimistic|pessimistic,7,0.1,153.52034930691894,0.8163051153873966,0.3991412245122834,0.9327463433573242,0.534259144004193,17.65567726099983
adventurous|innovative|judgmental|manipulative|optimistic|pessimistic,6,0.1,198.84452422233798,0.7773403972649755,0.22703468458994014,0.8461369562121989,0.6081748266371497,19.99659010123009
adventurous|innovative|manipulative|optimistic|pessimistic|traditional,6,0.1,156.15175410190025,0.8097720060379067,0.44001459169096646,0.8480806079387405,0.538849976547417,18.315890854484277
adventurous|innovative|introspective|manipulative|optimistic|pessimistic|traditional,7,0.1,111.23047841725443,0.8441782749725713,0.6168844078621932,0.9367689489179326,0.4547344097886672,15.415548476327443
adventurous|innovative|introspective|judgmental|manipulative|optimistic|pessimistic|traditional,8,0.01,109.56303771458781,0.8435571152010963,0.6264831324778506,0.9412273755591664,0.4513262884725003,15.267821640526114
adventurous|innovative|judgmental|manipulative|optimistic|pessimistic|traditional,7,0.1,149.55055167342968,0.809639956299339,0.4832207183111341,0.8478365777955564,0.527336434743648,17.96848864722305
adventurous|introspective|manipulative|optimistic|pessimistic|traditional,6,0.1,129.29923827962583,0.8443278420819044,0.5150876967980135,0.9074334138468092,0.4902895685241385,16.894539766278182
adventurous|introspective|judgmental|manipulative|optimistic|pessimistic|traditional,7,1.0,130.00841222110827,0.8430194307099075,0.5128157300060996,0.9078452351499077,0.49163467845585573,16.975790524279958
adventurous|judgmental|manipulative|optimistic|pessimistic|traditional,6,1.0,195.093420966289,0.8006599474681054,0.20561715967633099,0.8461713322949816,0.602457114146845,20.599649039120145
adventurous|innovative|introspective|manipulative|optimistic|traditional,6,0.1,117.35815465109218,0.8264831211831363,0.6171776153189261,0.9265580617298554,0.4670903427134806,16.05780398209916
adventurous|innovative|introspective|judgmental|manipulative|optimistic|traditional,7,0.1,114.18752338925174,0.8322139634540787,0.626522898094658,0.9264321623575615,0.4607652916147979,15.693925533696815
adventurous|innovative|judgmental|manipulative|optimistic|traditional,6,0.1,154.55678329332724,0.7960038439304813,0.4821873535922273,0.8388376037919892,0.5360927304663609,18.3176537019593
adventurous|introspective|judgmental|manipulative|optimistic|traditional,6,1.0,133.87648171742504,0.8327097922978293,0.5134344626553075,0.8973953576311026,0.4989014979794748,17.31647906346077
adventurous|innovative|introspective|manipulative|pessimistic|traditional,6,0.1,117.35227726796465,0.8241934501309967,0.6170436913149364,0.9352840638163983,0.4670710427577125,16.084470815468638
adventurous|innovative|introspective|judgmental|manipulative|pessimistic|traditional,7,0.1,114.50845889092582,0.8267300883821568,0.6274310460452357,0.9408864843840145,0.46140840290149054,15.733191151918337
adventurous|introspective|judgmental|manipulative|pessimistic|traditional,6,1.0,135.36265259163923,0.8271735572318855,0.5103194035799812,0.9055015449445027,0.5016495126498188,17.445008663035836
adventurous|innovative|introspective|judgmental|manipulative|traditional,6,0.1,135.5925910955927,0.82401925842935,0.6185277300477608,0.7125245906088336,0.5019918442110842,17.650318935920076
adventurous|innovative|introspective|judgmental|optimistic|pessimistic,6,0.01,156.7148144483595,0.8075986797778945,0.3953145968630106,0.9331529050016809,0.5397614668258409,17.98104794958622
adventurous|innovative|introspective|optimistic|pessimistic|traditional,6,0.01,118.53116697070763,0.8220005087529263,0.61308903142941,0.936645461628564,0.46936998832182303,16.108708998290247
adventurous|innovative|introspective|judgmental|optimistic|pessimistic|traditional,7,0.01,113.40561273670023,0.8301953594799445,0.6275425907755255,0.9416106632850405,0.45914527659236654,15.689877711543799
adventurous|innovative|judgmental|optimistic|pessimistic|traditional,6,0.1,161.42286027140727,0.7764138379485614,0.47407483285042995,0.8424957576230685,0.5478402403631902,18.94783011072191
adventurous|introspective|judgmental|optimistic|pessimistic|traditional,6,1.0,142.6112731978638,0.827858466519606,0.46521844305792703,0.8995432707134636,0.5148911042200004,17.95977664142268
adventurous|innovative|introspective|judgmental|optimistic|traditional,6,0.1,118.06268517174185,0.8187329447583648,0.6273986850671304,0.9272641991687779,0.468480760736348,16.035550535506353
adventurous|innovative|introspective|judgmental|pessimistic|traditional,6,0.1,118.42639962489675,0.813189472362254,0.6284417076631401,0.9411848144182515,0.46919489446325263,16.060537450480822
altruistic|forgiving|grandiose|impulsive|innovative|introspective,6,1.0,39.136549332519884,0.9490883352294244,0.8818913689065684,0.9323493733036716,0.2697113069015357,9.579387932945027
altruistic|forgiving|grandiose|impulsive|innovative|introspective|judgmental,7,1.0,35.30479508199653,0.9487697543448298,0.9074017513227854,0.9322519078318722,0.25617149986753845,9.135750569407778
altruistic|forgiving|grandiose|impulsive|innovative|judgmental,6,1.0,38.03026009250177,0.9438323136850589,0.8994631471011691,0.932045162028814,0.2658873217311464,9.407483508617414
altruistic|forgiving|grandiose|impulsive|introspective|judgmental,6,1.0,40.531311060109594,0.9371223176744676,0.8991768632366867,0.9268423895851108,0.2744690035296808,9.806913760936006
altruistic|forgiving|grandiose|impulsive|innovative|manipulative,6,1.0,40.915929206532844,0.9423187167121129,0.8842432215443228,0.9310669816117242,0.2757844541380633,9.682519817018264
altruistic|forgiving|grandiose|impulsive|innovative|introspective|manipulative,7,1.0,37.840038013490386,0.9478634578244698,0.8927727760816315,0.9322604869846809,0.2651867598734572,9.332698738828153
altruistic|forgiving|grandiose|impulsive|innovative|introspective|judgmental|manipulative,8,1.0,34.787272145442174,0.9478579862354155,0.9124009041216956,0.9325076972995104,0.25428702310460943,8.99675237572019
altruistic|forgiving|grandiose|impulsive|innovative|judgmental|manipulative,7,1.0,38.48603690115912,0.9429496745350018,0.8984354181187132,0.9316089626276712,0.2674917296397677,9.41134897294648
altruistic|forgiving|grandiose|impulsive|introspective|manipulative,6,1.0,44.12063440402761,0.9368910613793304,0.8765231976612284,0.9265324146460153,0.2863650492030818,10.15975242163682
altruistic|forgiving|grandiose|impulsive|introspective|judgmental|manipulative,7,1.0,40.59139683134966,0.9365718424353138,0.9001850644386576,0.926202856225794,0.2746825546780984,9.774242984535467
altruistic|forgiving|grandiose|impulsive|judgmental|manipulative,6,1.0,40.78023574177639,0.9370741543701718,0.8977340749107247,0.9266648093994819,0.2753199576733775,9.77676399338782
altruistic|forgiving|grandiose|impulsive|manipulative|optimistic,6,1.0,38.77659316351103,0.9480331627026617,0.8885741681160371,0.9282692449504842,0.26841184371566895,9.524796823700491
altruistic|forgiving|grandiose|impulsive|innovative|manipulative|optimistic,7,1.0,35.964898034063715,0.9533965615002766,0.8943322525931698,0.9319420079465179,0.2585105148740963,9.064199669142672
altruistic|forgiving|grandiose|impulsive|innovative|introspective|manipulative|optimistic,8,1.0,34.879279234507145,0.9533731558956466,0.8949096342679195,0.944114275748463,0.25457453346829884,8.935173828547228
altruistic|forgiving|grandiose|impulsive|innovative|introspective|judgmental|manipulative|optimistic,9,1.0,31.74101810952643,0.9531473163220641,0.9153760914449915,0.9446301254751672,0.2428742551816322,8.55040836575166
altruistic|forgiving|grandiose|impulsive|innovative|judgmental|manipulative|optimistic,8,1.0,32.997634951566326,0.9531298881149185,0.913597661105545,0.9327776963558602,0.24763993093691386,8.70965909089123
altruistic|forgiving|grandiose|impulsive|introspective|manipulative|optimistic,7,1.0,38.12390426091527,0.9506299193781544,0.8879442823574886,0.9278101511855642,0.26616150843154157,9.39966946298504
altruistic|forgiving|grandiose|impulsive|introspective|judgmental|manipulative|optimistic,8,1.0,34.690111952051744,0.9502089509006093,0.9112463754080614,0.9273616760072875,0.2539012993956823,8.987298531879148
altruistic|forgiving|grandiose|impulsive|judgmental|manipulative|optimistic,7,1.0,35.16142146863485,0.9474494189242866,0.9133973254418222,0.9277661821028703,0.25560178529855976,9.073384171506168
altruistic|forgiving|grandiose|impulsive|manipulative|optimistic|pessimistic,7,0.1,35.51356146277621,0.9525127912129292,0.8966553631587258,0.9364034801571199,0.2568504856371517,9.086740803949919
altruistic|forgiving|grandiose|impulsive|innovative|manipulative|optimistic|pessimistic,8,0.1,32.57850186233112,0.9587719857655752,0.9015305826896581,0.9399216630810431,0.2460288406595224,8.553203286019707
altruistic|forgiving|grandiose|impulsive|innovative|introspective|manipulative|optimistic|pessimistic,9,0.1,31.53727262340712,0.9587254604359247,0.9020225669222758,0.9517961635362444,0.24206156027896156,8.412496384183445
altruistic|forgiving|grandiose|impulsive|innovative|introspective|judgmental|manipulative|optimistic|pessimistic,10,1.0,29.224152427216012,0.9580114070987411,0.916077093983562,0.9560873906535694,0.23303656391001876,8.14541023249505
altruistic|forgiving|grandiose|impulsive|innovative|judgmental|manipulative|optimistic|pessimistic,9,1.0,30.41457371566556,0.9580074336317634,0.9143244838430966,0.9449418994858984,0.2377399852720888,8.291330979206874
altruistic|forgiving|grandiose|impulsive|introspective|manipulative|optimistic|pessimistic,8,0.1,34.79356854667152,0.9554297319136711,0.8956318146642795,0.9363004383944439,0.2542600495281736,8.92623819199468
altruistic|forgiving|grandiose|impulsive|introspective|judgmental|manipulative|optimistic|pessimistic,9,1.0,32.21775613705749,0.9549689310386911,0.9118354620579052,0.9388682764774648,0.24467696640175354,8.597998950584241
altruistic|forgiving|grandiose|impulsive|judgmental|manipulative|optimistic|pessimistic,8,1.0,32.58185461662591,0.9526155365462291,0.9140019743205321,0.9390676152676345,0.24603419489971362,8.6646796926573
altruistic|forgiving|grandiose|impulsive|manipulative|optimistic|pessimistic|traditional,8,0.1,32.16161196215128,0.9600881289390514,0.9034740488514309,0.9365339825673563,0.24444979499266942,8.536865287515349
altruistic|forgiving|grandiose|impulsive|innovative|manipulative|optimistic|pessimistic|traditional,9,0.1,31.513102064418643,0.959927694074951,0.9013092598772642,0.9489846355337072,0.241984293628827,8.444847220494555
altruistic|forgiving|grandiose|impulsive|innovative|introspective|manipulative|optimistic|pessimistic|traditional,10,1.0,30.543145831922892,0.9600437267422526,0.9022260637317161,0.9586312692199795,0.23822031782798767,8.34066396740411
altruistic|forgiving|grandiose|impulsive|innovative|introspective|judgmental|manipulative|optimistic|pessimistic|traditional,11,1.0,28.11027485149942,0.9591215168689998,0.917116985406288,0.9635639526263517,0.228559688451456,8.011500864792504
altruistic|forgiving|grandiose|impulsive|innovative|judgmental|manipulative|optimistic|pessimistic|traditional,10,1.0,29.20332323172118,0.9590449903252376,0.9148121220775731,0.9548895069951063,0.23296720224179776,8.156007670018903
altruistic|forgiving|grandiose|impulsive|introspective|manipulative|optimistic|pessimistic|traditional,9,0.1,31.91865323492255,0.960016503157942,0.9034927285237083,0.9397198701208033,0.24351956415209441,8.508184619163584
altruistic|forgiving|grandiose|impulsive|introspective|judgmental|manipulative|optimistic|pessimistic|traditional,10,1.0,29.71516495557837,0.9591803334973842,0.9176590314897526,0.9429258248193919,0.23498258565755992,8.254480477371892
altruistic|forgiving|grandiose|impulsive|judgmental|manipulative|optimistic|pessimistic|traditional,9,1.0,30.252436936524145,0.9591152705714412,0.9157217241002236,0.940252142901282,0.23710497310710626,8.305481773133216
altruistic|forgiving|grandiose|impulsive|manipulative|optimistic|traditional,7,1.0,35.555999160823106,0.9552631575854129,0.8953505606558376,0.928169536661989,0.2570393911647342,9.031044001295994
altruistic|forgiving|grandiose|impulsive|innovative|manipulative|optimistic|traditional,8,1.0,34.53530451036659,0.9552233989691626,0.8940759844515035,0.9430474552716555,0.2533275471165236,8.890464088752616
altruistic|forgiving|grandiose|impulsive|innovative|introspective|manipulative|optimistic|traditional,9,1.0,33.63872061857931,0.9551988753133918,0.8949216626231745,0.9524349619413633,0.2500124111655031,8.786292718778864
altruistic|forgiving|grandiose|impulsive|innovative|introspective|judgmental|manipulative|optimistic|traditional,10,1.0,30.4015222332184,0.9547479477017027,0.9161628174449987,0.9535241199861793,0.23770130021119923,8.393606589105266
altruistic|forgiving|grandiose|impulsive|innovative|judgmental|manipulative|optimistic|traditional,9,1.0,31.495986350461504,0.9546902356093998,0.9138870522498224,0.9447089094359311,0.24194794671135655,8.531129363759346
altruistic|forgiving|grandiose|impulsive|introspective|manipulative|optimistic|traditional,8,1.0,35.35225647026124,0.9552577463745778,0.895300270620667,0.9307656319198896,0.25629765764268514,9.019967610544548
altruistic|forgiving|grandiose|impulsive|introspective|judgmental|manipulative|optimistic|traditional,9,1.0,32.20547326603103,0.954802979640181,0.9166717585034618,0.9305451351489057,0.2446423091820879,8.638911629688844
altruistic|forgiving|grandiose|impulsive|judgmental|manipulative|optimistic|traditional,8,1.0,32.706539666639635,0.9547137935495886,0.914831547356358,0.9282187731567242,0.24654453532799284,8.687324654308313
altruistic|forgiving|grandiose|impulsive|manipulative|pessimistic,6,1.0,38.10481289605194,0.9526659897376796,0.8806986781757533,0.9342473127961388,0.2660673065254736,9.362167877471016
altruistic|forgiving|grandiose|impulsive|innovative|manipulative|pessimistic,7,1.0,35.108801413569594,0.9586815776278079,0.8865573646042954,0.9375958157653805,0.2554022363874902,8.889741477388647
altruistic|forgiving|grandiose|impulsive|innovative|introspective|manipulative|pessimistic,8,1.0,33.06541602255978,0.9586205783946319,0.8922105626662036,0.9520395704174957,0.2478472001053165,8.649858026551062
altruistic|forgiving|grandiose|impulsive|innovative|introspective|judgmental|manipulative|pessimistic,9,1.0,29.782661236191593,0.9578040544326248,0.912951455687829,0.9559433016001747,0.23524528648738785,8.207776814495672
altruistic|forgiving|grandiose|impulsive|innovative|judgmental|manipulative|pessimistic,8,1.0,31.880638602916456,0.9578657718561085,0.9073405528677032,0.9407686334098797,0.2433967896148045,8.46380811595403
altruistic|forgiving|grandiose|impulsive|introspective|manipulative|pessimistic,7,1.0,37.52291662510802,0.9556561386265796,0.878084854553316,0.9351909199284558,0.26404962100157453,9.263020487725797
altruistic|forgiving|grandiose|impulsive|introspective|judgmental|manipulative|pessimistic,8,1.0,33.363025491636336,0.955011518394329,0.9058490135464529,0.9360382863727237,0.24898461089857277,8.711103512147691
altruistic|forgiving|grandiose|impulsive|judgmental|manipulative|pessimistic,7,1.0,33.962187100970326,0.9524937459454996,0.9072643072548952,0.9353916967887795,0.2511901796436261,8.80172642648002
altruistic|forgiving|grandiose|impulsive|manipulative|pessimistic|traditional,7,1.0,35.10858617743774,0.9601677357703027,0.8854921528678685,0.934144511954421,0.25540741840372183,8.923060359095265
altruistic|forgiving|grandiose|impulsive|innovative|manipulative|pessimistic|traditional,8,1.0,33.802924454959744,0.9600513090305375,0.8861862909833429,0.9490738501445853,0.2506175743342924,8.72552430240842
altruistic|forgiving|grandiose|impulsive|innovative|introspective|manipulative|pessimistic|traditional,9,1.0,32.1544600369378,0.9600275839102417,0.8918355677594481,0.9586139098127627,0.24441668747447767,8.539236335830271
altruistic|forgiving|grandiose|impulsive|innovative|introspective|judgmental|manipulative|pessimistic|traditional,10,1.0,28.71703511376985,0.9591449798605752,0.913054778507068,0.9637406131552978,0.2310062941649797,8.066082994072277
altruistic|forgiving|grandiose|impulsive|innovative|judgmental|manipulative|pessimistic|traditional,9,1.0,30.455596430560956,0.9591339143751608,0.9069892211287461,0.9540239746883846,0.23790643004202025,8.274329868325648
altruistic|forgiving|grandiose|impulsive|introspective|manipulative|pessimistic|traditional,8,1.0,34.12988777496767,0.9601123121332701,0.8893070369235994,0.9391153767559717,0.2518090766464042,8.841381221390092
altruistic|forgiving|grandiose|impulsive|introspective|judgmental|manipulative|pessimistic|traditional,9,1.0,30.636685397698745,0.9591728580532974,0.9128517776933859,0.9407951336605621,0.23859177175362897,8.361527451459827
altruistic|forgiving|grandiose|impulsive|judgmental|manipulative|pessimistic|traditional,8,1.0,31.828942692971943,0.959166486881573,0.9077122818829141,0.9359451027209019,0.243201554721441,8.475329027193238
altruistic|forgiving|grandiose|impulsive|manipulative|traditional,6,1.0,41.83861078515686,0.9412005152957196,0.882075134969161,0.9280285794360711,0.27887415851206704,9.848827177877595
altruistic|forgiving|grandiose|impulsive|innovative|manipulative|traditional,7,1.0,40.54454326920743,0.9421769579863584,0.8845693356765574,0.9354577674899545,0.2745349785148746,9.63456022213055
altruistic|forgiving|grandiose|impulsive|innovative|introspective|manipulative|traditional,8,1.0,37.60823739370644,0.9481401200325122,0.8923966280367157,0.9347478160940876,0.26437742913744944,9.327515174227551
altruistic|forgiving|grandiose|impulsive|innovative|introspective|judgmental|manipulative|traditional,9,1.0,34.54590687318909,0.9480104494444879,0.9122055831578393,0.9352246921490357,0.2534083050960889,8.993045845773274
altruistic|forgiving|grandiose|impulsive|innovative|judgmental|manipulative|traditional,8,1.0,38.128518788923465,0.9426493370912862,0.898927606088399,0.936091043536817,0.2662543709176726,9.36692102466629
altruistic|forgiving|grandiose|impulsive|introspective|manipulative|traditional,7,1.0,38.973494631086865,0.9470840889496489,0.8896576966552293,0.9271977733577941,0.2691282786060255,9.561483674762645
altruistic|forgiving|grandiose|impulsive|introspective|judgmental|manipulative|traditional,8,1.0,35.813207670819295,0.9467492087166343,0.9108467754717616,0.9270480094677189,0.25800333313489776,9.197239465459848
altruistic|forgiving|grandiose|impulsive|judgmental|manipulative|traditional,7,1.0,39.388844828193974,0.9413749820006196,0.897622030547441,0.9279497585629137,0.2706067126501587,9.561118446535454
altruistic|forgiving|grandiose|impulsive|innovative|optimistic,6,1.0,37.3579791901107,0.9541732649717032,0.8835200166866023,0.9323593622927827,0.2634930455866359,9.32782887492449
altruistic|forgiving|grandiose|impulsive|innovative|introspective|optimistic,7,1.0,36.58966872998273,0.9539570486909307,0.8822686678129504,0.9447784353299095,0.2607747689297691,9.225995460626866
altruistic|forgiving|grandiose|impulsive|innovative|introspective|judgmental|optimistic,8,1.0,32.651082879702564,0.9533424534975079,0.9087755039282412,0.9451843841995997,0.24634524068434976,8.730915436328255
altruistic|forgiving|grandiose|impulsive|innovative|judgmental|optimistic,7,1.0,33.552199959705014,0.9534197438719413,0.909039646356638,0.9334881779898303,0.24972188120262886,8.839884999679551
altruistic|forgiving|grandiose|impulsive|introspective|optimistic,6,1.0,39.26371620774098,0.951363919436699,0.8786919295274908,0.928506499195596,0.2701421000804831,9.573344514194714
altruistic|forgiving|grandiose|impulsive|introspective|judgmental|optimistic,7,1.0,35.18556801092628,0.9506839745579545,0.906644332798895,0.9281872917561329,0.25571983863878367,9.081469601615796
altruistic|forgiving|grandiose|impulsive|judgmental|optimistic,6,1.0,35.7712507663209,0.9475639314842638,0.9087053517208978,0.9286895704342141,0.2578210257778232,9.195150515279764
altruistic|forgiving|grandiose|impulsive|optimistic|pessimistic,6,0.1,37.21247996945755,0.9527499160652102,0.8845189454199672,0.937495455408014,0.2629664395459237,9.365635270586498
altruistic|forgiving|grandiose|impulsive|innovative|optimistic|pessimistic,7,0.1,34.022332517612355,0.9593988311826528,0.8905118408966007,0.9406326814508873,0.251454086060634,8.84341930686133
altruistic|forgiving|grandiose|impulsive|innovative|introspective|optimistic|pessimistic,8,0.1,33.31434189668396,0.9592461844482663,0.8889920616341592,0.9525877121590438,0.2488304525671455,8.742625932692475
altruistic|forgiving|grandiose|impulsive|innovative|introspective|judgmental|optimistic|pessimistic,9,1.0,30.18932007826819,0.9583251774422685,0.9090999219286126,0.9562483169183275,0.23686702100481927,8.340578433021566
altruistic|forgiving|grandiose|impulsive|innovative|judgmental|optimistic|pessimistic,8,0.1,30.96611033374906,0.9583743796516706,0.9090346907880998,0.9467617088446334,0.23990051936379586,8.383898365368909
altruistic|forgiving|grandiose|impulsive|introspective|optimistic|pessimistic,7,0.1,35.98262954801878,0.9560908023307954,0.8860731345910708,0.9372122247008503,0.2586089518746143,9.113545698796324
altruistic|forgiving|grandiose|impulsive|introspective|judgmental|optimistic|pessimistic,8,1.0,32.76685169579163,0.9554369891943377,0.9069195973943696,0.9396590733475214,0.24676465669505235,8.69849985706109
altruistic|forgiving|grandiose|impulsive|optimistic|pessimistic|traditional,7,0.1,33.78305276086594,0.9605220050939747,0.891466644663238,0.9376380640618912,0.250571086689665,8.8375755493316
altruistic|forgiving|grandiose|impulsive|innovative|optimistic|pessimistic|traditional,8,1.0,33.20363941736826,0.9603566713359996,0.88988500465614,0.948219301917773,0.24841269465273147,8.774631154929695
altruistic|forgiving|grandiose|impulsive|innovative|introspective|optimistic|pessimistic|traditional,9,1.0,32.56090866261893,0.9601637448127038,0.8887133278866659,0.9588907131727452,0.2459998951493719,8.680328784733781
altruistic|forgiving|grandiose|impulsive|innovative|introspective|judgmental|optimistic|pessimistic|traditional,10,1.0,29.265263298241486,0.9591154756692405,0.9095365009379848,0.9637154631848224,0.23322297415961424,8.219062687209874
altruistic|forgiving|grandiose|impulsive|innovative|judgmental|optimistic|pessimistic|traditional,9,1.0,29.944160473132882,0.9591852588329586,0.9096333605567576,0.9550501883184689,0.23591365648040727,8.29429524281138
altruistic|forgiving|grandiose|impulsive|introspective|optimistic|pessimistic|traditional,8,0.1,33.89923553809854,0.9601640391935858,0.8896951065445587,0.9408312701992605,0.2510067632687631,8.8361525591486
altruistic|forgiving|grandiose|impulsive|introspective|judgmental|optimistic|pessimistic|traditional,9,1.0,30.82486793232266,0.9591777403117235,0.9100775407205821,0.9436130380220985,0.23934583384370858,8.430749940560899
altruistic|forgiving|grandiose|impulsive|judgmental|optimistic|pessimistic|traditional,8,0.1,30.897710669024566,0.9592356276804964,0.9101831261993145,0.9422966471126569,0.23963652125157278,8.395600757718784
altruistic|forgiving|grandiose|impulsive|optimistic|traditional,6,1.0,37.11749624688326,0.955858563904591,0.88359280500787,0.9289674323612039,0.2626487466640222,9.303370169380736
altruistic|forgiving|grandiose|impulsive|innovative|optimistic|traditional,7,1.0,36.144993723332206,0.9557122644183179,0.8829499183042863,0.942476460815514,0.2591881245729326,9.168128543156177
altruistic|forgiving|grandiose|impulsive|innovative|introspective|optimistic|traditional,8,1.0,35.58347824139992,0.955371019638828,0.8817448643812665,0.9527596291203964,0.2571725725486275,9.091629327578703
altruistic|forgiving|grandiose|impulsive|innovative|introspective|judgmental|optimistic|traditional,9,1.0,31.52949521131678,0.9545274195318519,0.9090502858006494,0.9539059875655427,0.24208662653574534,8.585931839443473
altruistic|forgiving|grandiose|impulsive|innovative|judgmental|optimistic|traditional,8,1.0,32.236042304413516,0.9546587362485413,0.9091186860007106,0.9447342682214753,0.2447848436752519,8.664343833782302
altruistic|forgiving|grandiose|impulsive|introspective|optimistic|traditional,7,1.0,37.23982909454399,0.9554346629564081,0.8821980820637783,0.9316184182858624,0.2630873368977463,9.307881334666316
altruistic|forgiving|grandiose|impulsive|introspective|judgmental|optimistic|traditional,8,1.0,33.29096823994898,0.9545808895072958,0.909568035507487,0.9314286054186516,0.2487474541963528,8.809610210277265
altruistic|forgiving|grandiose|impulsive|judgmental|optimistic|traditional,7,1.0,33.364364805484605,0.9547375341734027,0.9099888207823252,0.929176107138217,0.24902300027179214,8.813911528952087
altruistic|forgiving|grandiose|impulsive|innovative|pessimistic,6,1.0,35.90026048445374,0.9591010660023999,0.8809279555375842,0.9369235721830254,0.2582875446852028,9.070023220850223
altruistic|forgiving|grandiose|impulsive|innovative|introspective|pessimistic,7,1.0,34.52437585936188,0.9589628269956624,0.8817282904451808,0.9526032156857611,0.2532890739998803,8.905554451022931
altruistic|forgiving|grandiose|impulsive|innovative|introspective|judgmental|pessimistic,8,1.0,30.564837785622878,0.9579846021401617,0.9074087409064504,0.9561338428021268,0.23832559857387445,8.38078236873484
altruistic|forgiving|grandiose|impulsive|innovative|judgmental|pessimistic,7,1.0,32.13129422124137,0.9580927600792555,0.9053128167388527,0.9406715515795329,0.24435861695265887,8.553434000689762
altruistic|forgiving|grandiose|impulsive|introspective|pessimistic,6,1.0,38.174079111552686,0.9562512321431954,0.872597414954092,0.9352896082669537,0.2663589278099929,9.365043211856015
altruistic|forgiving|grandiose|impulsive|introspective|judgmental|pessimistic,7,1.0,33.6100184840172,0.9555118321165417,0.9031041489591445,0.9363245634274606,0.2499124392018983,8.779269646555694
altruistic|forgiving|grandiose|impulsive|judgmental|pessimistic,6,1.0,34.27640073892086,0.9525587402558955,0.9050725442173545,0.935417387778346,0.25235796026387153,8.890619654835453
altruistic|forgiving|grandiose|impulsive|pessimistic|traditional,6,1.0,35.95040758045771,0.9605357666435137,0.8795014620945512,0.9337205849148035,0.25847515100202,9.088093992497583
altruistic|forgiving|grandiose|impulsive|innovative|pessimistic|traditional,7,1.0,34.65073822981016,0.9603928390010104,0.8804424952113095,0.9482178003366708,0.2537635903992925,8.9063738070293
altruistic|forgiving|grandiose|impulsive|innovative|introspective|pessimistic|traditional,8,1.0,33.75087404915662,0.9600883370858883,0.8811262717325556,0.9589594765576213,0.2504451814760686,8.80628629030915
altruistic|forgiving|grandiose|impulsive|innovative|introspective|judgmental|pessimistic|traditional,9,1.0,29.62121978939829,0.959076534302058,0.9072081166068284,0.9639260825378582,0.2346273384169145,8.245486029442135
altruistic|forgiving|grandiose|impulsive|innovative|judgmental|pessimistic|traditional,8,1.0,30.731657209374397,0.9592944062952253,0.9049223986932885,0.9539353084204942,0.23898902371086042,8.35232631010523
altruistic|forgiving|grandiose|impulsive|introspective|pessimistic|traditional,7,1.0,35.60956965868893,0.9601667748265308,0.8792682001097076,0.9396386373029023,0.25724527656946117,9.056082783975867
altruistic|forgiving|grandiose|impulsive|introspective|judgmental|pessimistic|traditional,8,1.0,31.46151835340232,0.9590957729711231,0.9073576913365604,0.9413116266746244,0.24179556423569634,8.49436947339314
altruistic|forgiving|grandiose|impulsive|judgmental|pessimistic|traditional,7,1.0,32.09640891031231,0.9593364282109966,0.90563648335205,0.9359401508152665,0.24422883127248982,8.548562078096735
altruistic|forgiving|grandiose|impulsive|innovative|traditional,6,1.0,40.95430022690876,0.9427002557809054,0.8805959323426517,0.9360195925028715,0.2759156132212383,9.808929066330473
altruistic|forgiving|grandiose|impulsive|innovative|introspective|traditional,7,1.0,38.977620942625435,0.9492825203716508,0.8812605930771322,0.9347290074396407,0.2691677846380329,9.571136012191849
altruistic|forgiving|grandiose|impulsive|innovative|introspective|judgmental|traditional,8,1.0,35.12981870899041,0.9488139956064854,0.9070314384224029,0.934882220126387,0.2555421236867902,9.135206808415592
altruistic|forgiving|grandiose|impulsive|innovative|judgmental|traditional,7,1.0,37.71534034266553,0.9436005143847116,0.8997793029527242,0.9360953512019793,0.264790427710533,9.382002678202474
altruistic|forgiving|grandiose|impulsive|introspective|traditional,6,1.0,40.09166068890971,0.9482065310913871,0.879921596139998,0.9276667215095148,0.2729851787983237,9.735745701562912
altruistic|forgiving|grandiose|impulsive|introspective|judgmental|traditional,7,1.0,36.217063208766454,0.9475798160410946,0.9064207428039328,0.9273826281161963,0.2594575869805754,9.280599784278817
altruistic|forgiving|grandiose|impulsive|judgmental|traditional,6,1.0,39.01432615082764,0.9419449012245988,0.8986508490520064,0.9285421711140726,0.26930105777787466,9.557281090606697
altruistic|forgiving|grandiose|innovative|introspective|judgmental,6,1.0,48.866376092674386,0.9061887983852042,0.9025911117002419,0.9325417636514468,0.3013311106215987,10.724444769624196
altruistic|forgiving|grandiose|innovative|introspective|manipulative,6,1.0,47.11907165653854,0.9175275375415639,0.8917424482418173,0.9324853643146127,0.2959232430308832,10.551994635475644
altruistic|forgiving|grandiose|innovative|introspective|judgmental|manipulative,7,1.0,42.119747029981156,0.9229787339516797,0.9130999866713011,0.9330748246741707,0.2798300171099145,9.985241225399932
altruistic|forgiving|grandiose|innovative|judgmental|manipulative,6,1.0,46.049743257734676,0.921917632045162,0.8900553309032709,0.9324289511735446,0.29258299547760885,10.406272530093444
altruistic|forgiving|grandiose|innovative|manipulative|optimistic,6,1.0,48.27657123598702,0.9162114929194782,0.8870637121568133,0.9320638466256673,0.2995220628449069,10.611779463539172
altruistic|forgiving|grandiose|innovative|introspective|manipulative|optimistic,7,0.1,43.187466515861146,0.9269009773283782,0.8930333356137848,0.94353590951371,0.283296843681377,10.061856193059462
altruistic|forgiving|grandiose|innovative|introspective|judgmental|manipulative|optimistic,8,0.1,38.25606417275843,0.931332929864221,0.9156966505979258,0.9445752110281607,0.2666809137069067,9.44844493862733
altruistic|forgiving|grandiose|innovative|judgmental|manipulative|optimistic,7,1.0,42.470654886521764,0.9223906273624634,0.9124714208120794,0.93220842156765,0.28097549990471016,10.007668616191717
altruistic|forgiving|grandiose|introspective|manipulative|optimistic,6,1.0,46.89422655192866,0.926300276728398,0.8785476058169472,0.9278815138674071,0.29520772431004805,10.525728696269853
altruistic|forgiving|grandiose|introspective|judgmental|manipulative|optimistic,7,1.0,40.454696140455226,0.9314128123360492,0.9106121757694607,0.9271586671345272,0.2742319121200235,9.75733310073668
altruistic|forgiving|grandiose|judgmental|manipulative|optimistic,6,1.0,44.417185403911745,0.9173216481376811,0.9123804004756748,0.9272998975852201,0.2873402976078449,10.3016156195149
altruistic|forgiving|grandiose|manipulative|optimistic|pessimistic,6,0.1,43.60886151161053,0.927090223859794,0.8932234928424803,0.9373551231339204,0.284683462136091,10.206658318673332
altruistic|forgiving|grandiose|innovative|manipulative|optimistic|pessimistic,7,0.1,41.22345793347428,0.9314724269413309,0.8982305100010506,0.9408898735888667,0.27679112708356307,9.789464500372242
altruistic|forgiving|grandiose|innovative|introspective|manipulative|optimistic|pessimistic,8,0.1,37.82174532668968,0.9385017907359725,0.9020646755668622,0.9492878797293827,0.26512275936401086,9.379305977188206
altruistic|forgiving|grandiose|innovative|introspective|judgmental|manipulative|optimistic|pessimistic,9,0.1,35.0326277657536,0.938709097258898,0.9163594288200962,0.9554647590852308,0.25520251986455567,8.997224153591798
altruistic|forgiving|grandiose|innovative|judgmental|manipulative|optimistic|pessimistic,8,0.1,38.29429855845674,0.9319159839994692,0.9133583838176662,0.9463477132123491,0.26681592135795584,9.422243483491052
altruistic|forgiving|grandiose|introspective|manipulative|optimistic|pessimistic,7,0.1,40.398177221559,0.9388146167130448,0.8912805545777944,0.937073540419336,0.27400763853409416,9.704167028702253
altruistic|forgiving|grandiose|introspective|judgmental|manipulative|optimistic|pessimistic,8,0.1,37.08252341557157,0.938995031137763,0.9109222861955784,0.9397412434443547,0.26256200309150984,9.259561366831248
altruistic|forgiving|grandiose|judgmental|manipulative|optimistic|pessimistic,7,0.1,40.32289751190086,0.9269761053783128,0.9131030258271284,0.9403087320501103,0.27378125777031964,9.78626600496647
altruistic|forgiving|grandiose|manipulative|optimistic|pessimistic|traditional,7,0.1,41.05921624281659,0.9315427973407433,0.9009332650789331,0.9375654880503433,0.2762407990372919,9.791784831782289
altruistic|forgiving|grandiose|innovative|manipulative|optimistic|pessimistic|traditional,8,0.1,40.62376066506262,0.9311882322365908,0.8982470610129019,0.9491162879120992,0.2747833414264573,9.721795676143877
altruistic|forgiving|grandiose|innovative|introspective|manipulative|optimistic|pessimistic|traditional,9,0.1,37.09352285204248,0.9383040540446247,0.9027848508412526,0.9574512124351556,0.2625684207798154,9.300216249410605
altruistic|forgiving|grandiose|innovative|introspective|judgmental|manipulative|optimistic|pessimistic|traditional,10,1.0,34.263739669526224,0.93831206862937,0.9179302482193682,0.9633013230093324,0.25238513969851345,8.954761482472804
altruistic|forgiving|grandiose|innovative|judgmental|manipulative|optimistic|pessimistic|traditional,9,0.1,37.666140287783435,0.9314774051608725,0.9136248464455631,0.9550293171796382,0.2646285449471808,9.357132970396039
altruistic|forgiving|grandiose|introspective|manipulative|optimistic|pessimistic|traditional,8,0.1,38.319991780918045,0.9384010303146192,0.9043376076132263,0.9393873110163856,0.26685853195221676,9.432370484823581
altruistic|forgiving|grandiose|introspective|judgmental|manipulative|optimistic|pessimistic|traditional,9,0.1,35.80763060002339,0.9385103879280733,0.9181016954429856,0.9435660945843729,0.25800230346098124,9.100430337865523
altruistic|forgiving|grandiose|judgmental|manipulative|optimistic|pessimistic|traditional,8,0.1,38.46139725400441,0.9317078729070504,0.9151368557546586,0.9417515236910003,0.2673992870361156,9.478291142346086
altruistic|forgiving|grandiose|manipulative|optimistic|traditional,6,1.0,48.12105093706238,0.9168558549772345,0.8889214449157986,0.9281145278747808,0.2990415490734256,10.6056491756289
altruistic|forgiving|grandiose|innovative|manipulative|optimistic|traditional,7,1.0,47.48767979498294,0.9162179196051579,0.8868116808337037,0.9420268435813492,0.2970756308410211,10.520033377530437
altruistic|forgiving|grandiose|innovative|introspective|manipulative|optimistic|traditional,8,0.1,42.43974948530088,0.9268057507874577,0.892980838244529,0.9529962698967855,0.28084582268777625,9.983136347003832
altruistic|forgiving|grandiose|innovative|introspective|judgmental|manipulative|optimistic|traditional,9,0.1,37.41250081200407,0.9310683682700646,0.9163301825927304,0.9545442963355304,0.2637348775848631,9.355033404071722
altruistic|forgiving|grandiose|innovative|judgmental|manipulative|optimistic|traditional,8,1.0,41.61996110697559,0.9221964021685485,0.9128038973338173,0.9425648845532285,0.27815843869636725,9.902637709391009
altruistic|forgiving|grandiose|introspective|manipulative|optimistic|traditional,7,0.1,44.340669319177195,0.9261516754610697,0.8938321515034929,0.9308081268609176,0.2870538433922,10.2069324162825
altruistic|forgiving|grandiose|introspective|judgmental|manipulative|optimistic|traditional,8,1.0,39.30712840038326,0.9305954035444025,0.9176058726639975,0.9309889090376257,0.2703114171760435,9.628064266773398
altruistic|forgiving|grandiose|judgmental|manipulative|optimistic|traditional,7,1.0,42.55378956843235,0.9225356671474045,0.913990483226562,0.9278220315093709,0.2812531409373349,10.03739304043121
altruistic|forgiving|grandiose|innovative|manipulative|pessimistic,6,1.0,47.97447764797106,0.9231107178309501,0.8725724225634404,0.9377049508755494,0.2985628223758289,10.530555593098052
altruistic|forgiving|grandiose|innovative|introspective|manipulative|pessimistic,7,0.1,39.68973195231679,0.937693672972547,0.8913988234814576,0.949601566464068,0.2715737125833502,9.599284477850302
altruistic|forgiving|grandiose|innovative|introspective|judgmental|manipulative|pessimistic,8,1.0,35.64253074125098,0.9382022341976389,0.9136630911546061,0.9550161499757293,0.2573984531611414,9.09177498948402
altruistic|forgiving|grandiose|innovative|judgmental|manipulative|pessimistic,7,1.0,41.89775384987089,0.9269002037796112,0.9035915019840167,0.9393669611934458,0.2790520216112635,9.882385772592242
altruistic|forgiving|grandiose|introspective|manipulative|pessimistic,6,0.1,45.02272600480325,0.9375828419352201,0.86458707194499,0.9355037547574518,0.2892464927300882,10.208679777596798
altruistic|forgiving|grandiose|introspective|judgmental|manipulative|pessimistic,7,1.0,38.557729110594394,0.9384995757507933,0.9044433708331004,0.9358556004504995,0.26771196285217563,9.444558072820836
altruistic|forgiving|grandiose|manipulative|pessimistic|traditional,6,1.0,48.05020390579888,0.9245089153330696,0.8713753650872014,0.9339095655905867,0.2988013282391151,10.556575896426061
altruistic|forgiving|grandiose|innovative|manipulative|pessimistic|traditional,7,1.0,46.74016454897883,0.9243501388851519,0.8719886220373616,0.9491763408071412,0.294709340019021,10.36977274533083
altruistic|forgiving|grandiose|innovative|introspective|manipulative|pessimistic|traditional,8,0.1,39.12318360169813,0.9376306303514828,0.8909406846379191,0.9575193661271197,0.2696376071095089,9.549368219647333
altruistic|forgiving|grandiose|innovative|introspective|judgmental|manipulative|pessimistic|traditional,9,1.0,34.95403133999883,0.9380582548584012,0.9138678344095893,0.9634837838247061,0.254905977971318,9.011974473620215
altruistic|forgiving|grandiose|innovative|judgmental|manipulative|pessimistic|traditional,8,1.0,40.70805750969239,0.9275573598549143,0.9030912207421282,0.9522643172897753,0.2750767511730911,9.721612304003562
altruistic|forgiving|grandiose|introspective|manipulative|pessimistic|traditional,7,0.1,41.24540779888808,0.9371447889777778,0.8881503511004284,0.9388605242079059,0.27683653209359277,9.822574313264907
altruistic|forgiving|grandiose|introspective|judgmental|manipulative|pessimistic|traditional,8,1.0,36.88300743421602,0.937852627920206,0.9137949686038255,0.9410466884085849,0.26182940763532786,9.271621176909598
altruistic|forgiving|grandiose|judgmental|manipulative|pessimistic|traditional,7,1.0,41.92515323724115,0.9278082590170864,0.9041804592130186,0.9346009372696813,0.279148327086976,9.901388033797447
altruistic|forgiving|grandiose|innovative|manipulative|traditional,6,1.0,50.87791201599724,0.9159030093153568,0.8684919138742478,0.9363288069509608,0.30750029506090704,10.867968919981116
altruistic|forgiving|grandiose|innovative|introspective|manipulative|traditional,7,1.0,46.965441187726206,0.9173396989266882,0.8916965001975881,0.9351049608457079,0.2954439056599136,10.545314148972967
altruistic|forgiving|grandiose|innovative|introspective|judgmental|manipulative|traditional,8,1.0,42.01747996401215,0.9226597081464806,0.9129619043658955,0.935728646664929,0.2794923843439613,9.984918177331933
altruistic|forgiving|grandiose|innovative|judgmental|manipulative|traditional,7,1.0,45.637493726045655,0.9215032777315798,0.8910366747954904,0.9370594319482982,0.29128201666464265,10.35322258313596
altruistic|forgiving|grandiose|introspective|manipulative|traditional,6,1.0,48.07964764848489,0.9172161265606352,0.8886670697633663,0.9277371741057701,0.298922957075292,10.712434696983424
altruistic|forgiving|grandiose|introspective|judgmental|manipulative|traditional,7,1.0,43.06630057351867,0.9220276158790836,0.9117520180010078,0.9276159194307237,0.2829508205456593,10.138750271566998
altruistic|forgiving|grandiose|judgmental|manipulative|traditional,6,1.0,46.76690861719914,0.9210197106319924,0.8891180644630439,0.9287621368606405,0.2948537307668681,10.523785149297849
altruistic|forgiving|grandiose|innovative|introspective|optimistic,6,0.1,61.11914679141604,0.897937308379722,0.8339264465902969,0.942461845175631,0.33702338170632157,12.053479222790308
altruistic|forgiving|grandiose|innovative|introspective|judgmental|optimistic,7,0.1,43.444097778804434,0.9212835313645367,0.9015242263086887,0.9450209534684889,0.2841484454941289,9.98870008561679
altruistic|forgiving|grandiose|innovative|judgmental|optimistic,6,1.0,49.29551287831556,0.9084278157791701,0.8954258031771425,0.932603529693055,0.30264095765390725,10.762345536272537
altruistic|forgiving|grandiose|introspective|judgmental|optimistic,6,0.1,45.91518247622268,0.9217749948803606,0.8936608928411188,0.9280203177813515,0.29210821119107516,10.226503537129789
altruistic|forgiving|grandiose|innovative|optimistic|pessimistic,6,0.1,57.03518321607336,0.9056628231450954,0.8464433984238537,0.9402401399375145,0.325593827669678,11.582314185460778
altruistic|forgiving|grandiose|innovative|introspective|optimistic|pessimistic,7,1.0,50.80617985765548,0.919391922985673,0.8567874732659712,0.9462715434299945,0.30730023414217356,11.002306938918455
altruistic|forgiving|grandiose|innovative|introspective|judgmental|optimistic|pessimistic,8,1.0,40.34132313728286,0.92840004200001,0.9022266054213286,0.9552983884000147,0.27382088849125746,9.678417898361351
altruistic|forgiving|grandiose|innovative|judgmental|optimistic|pessimistic,7,0.1,44.97608017820443,0.9184532581756224,0.8961799318651839,0.9467732777569888,0.2891166847428859,10.227980221762067
altruistic|forgiving|grandiose|introspective|optimistic|pessimistic,6,0.1,56.37118304600708,0.9175171893868327,0.8291296171732803,0.9373252225262361,0.3237046963797855,11.45574926904704
altruistic|forgiving|grandiose|introspective|judgmental|optimistic|pessimistic,7,1.0,42.69012118322382,0.9287098303831773,0.894608063924565,0.9399790657775199,0.2816707269258952,9.92301066312629
altruistic|forgiving|grandiose|judgmental|optimistic|pessimistic,6,0.1,46.97708854671668,0.913274078468469,0.8963111218254654,0.9411502269568032,0.29548818661810616,10.546380587409317
altruistic|forgiving|grandiose|optimistic|pessimistic|traditional,6,0.1,56.65309350188121,0.9058561539094618,0.8499812951399986,0.9375294157208539,0.3245066807731844,11.549293288523309
altruistic|forgiving|grandiose|innovative|optimistic|pessimistic|traditional,7,0.1,56.58264051820614,0.9052197620248325,0.845864032975549,0.9484664917741227,0.3242895388957618,11.519576153386003
altruistic|forgiving|grandiose|innovative|introspective|optimistic|pessimistic|traditional,8,1.0,49.982941743763845,0.9191760904629517,0.8580077437224901,0.9547752897334644,0.30479513568401695,10.900722204436917
altruistic|forgiving|grandiose|innovative|introspective|judgmental|optimistic|pessimistic|traditional,9,1.0,39.528288579296806,0.9281175633303322,0.9036480239510334,0.9635186049787464,0.2710491799996612,9.595791390492845
altruistic|forgiving|grandiose|innovative|judgmental|optimistic|pessimistic|traditional,8,1.0,44.30879929772351,0.9180356060337634,0.897304292958121,0.9543139314300226,0.2869552635681498,10.194257248064973
altruistic|forgiving|grandiose|introspective|optimistic|pessimistic|traditional,7,0.1,51.20789081831104,0.9187951121750701,0.8594557568759125,0.9385913486173225,0.30851362868300036,10.957791226422716
altruistic|forgiving|grandiose|introspective|judgmental|optimistic|pessimistic|traditional,8,1.0,41.00770084214584,0.9282501450711026,0.904380952964966,0.9437821241113528,0.27606269941208345,9.762734351175675
altruistic|forgiving|grandiose|judgmental|optimistic|pessimistic|traditional,7,0.1,45.145125440703126,0.9180312562818788,0.8981905734395167,0.942467311567822,0.2896701288170347,10.275471368315406
altruistic|forgiving|grandiose|innovative|optimistic|traditional,6,1.0,72.87013992836424,0.8713305366515895,0.8098824758506239,0.9422998106743526,0.36796808948150084,13.203983285324531
altruistic|forgiving|grandiose|innovative|introspective|optimistic|traditional,7,0.1,60.56096641875249,0.8975999520627733,0.8331229651450154,0.9519503705949697,0.33548262252365346,11.990636901229786
altruistic|forgiving|grandiose|innovative|introspective|judgmental|optimistic|traditional,8,0.1,42.644698021813426,0.9207868153681639,0.9023437100226435,0.9549603357324657,0.28152965629314264,9.905285749678098
altruistic|forgiving|grandiose|innovative|judgmental|optimistic|traditional,7,1.0,48.476570485115374,0.9081483010488868,0.8958591201275171,0.9427060384211369,0.3001236958605609,10.665728201685784
altruistic|forgiving|grandiose|introspective|optimistic|traditional,6,0.1,63.22054282670255,0.8949934157978238,0.8317418143720556,0.9319037105059913,0.3427519537062282,12.292182789239456
altruistic|forgiving|grandiose|introspective|judgmental|optimistic|traditional,7,0.1,44.40442469373327,0.9208477500641388,0.90327937106776,0.931740513631965,0.2872598070094731,10.096576975114456
altruistic|forgiving|grandiose|judgmental|optimistic|traditional,6,1.0,49.35095900683346,0.9084605542284014,0.8971497001967594,0.9285498443194455,0.3028213485991569,10.794824990141386
altruistic|forgiving|grandiose|innovative|introspective|pessimistic,6,0.1,51.907390840474115,0.9196709497851063,0.8488097938510599,0.9468231959303992,0.31061188073525925,11.064083015754585
altruistic|forgiving|grandiose|innovative|introspective|judgmental|pessimistic,7,1.0,40.35870644654023,0.928715846191089,0.9015954047438914,0.955159548511123,0.2738673257640942,9.673906859209449
altruistic|forgiving|grandiose|innovative|judgmental|pessimistic,6,1.0,47.82759831949074,0.9148197330095905,0.8886431899334553,0.9397469646394823,0.2980963296696764,10.565936192121919
altruistic|forgiving|grandiose|introspective|judgmental|pessimistic,6,1.0,43.47458427915483,0.9289856060172454,0.8908471265461871,0.9365553743499838,0.2842312001570521,9.97960837141297
altruistic|forgiving|grandiose|innovative|pessimistic|traditional,6,1.0,65.53453780689348,0.8944590754733228,0.8087223144160405,0.9487351731498087,0.3489927254141194,12.439363728020165
altruistic|forgiving|grandiose|innovative|introspective|pessimistic|traditional,7,0.1,51.39407407325008,0.9195304541655108,0.8479417623879136,0.9551743375042305,0.3090733093443033,11.012308128747106
altruistic|forgiving|grandiose|innovative|introspective|judgmental|pessimistic|traditional,8,1.0,39.647785624780525,0.9284786697866263,0.9020726989486996,0.9637411859839172,0.27144605976492486,9.59703516167992
altruistic|forgiving|grandiose|innovative|judgmental|pessimistic|traditional,7,1.0,46.78122161029348,0.9151029657674524,0.8880271278282759,0.952490485776803,0.29483006412339335,10.43077377179981
altruistic|forgiving|grandiose|introspective|pessimistic|traditional,6,0.1,54.07961366399919,0.9180326662844455,0.8425986427801442,0.9381899584320974,0.31702046195776923,11.3086663475861
altruistic|forgiving|grandiose|judgmental|pessimistic|traditional,6,1.0,47.832554354195864,0.9155031120765953,0.8896911029946636,0.9351920336305141,0.29812249331408536,10.58849139058477
altruistic|forgiving|grandiose|innovative|introspective|traditional,6,1.0,72.32213645934209,0.8635446405136824,0.8326471262625881,0.9348626078081473,0.3665709462772202,13.282837539925776
altruistic|forgiving|grandiose|innovative|introspective|judgmental|traditional,7,1.0,48.53335426664739,0.9065182451197229,0.9029556344863953,0.9346944745589562,0.3003019656143568,10.700245906913844
altruistic|forgiving|grandiose|innovative|judgmental|traditional,6,1.0,52.082339183628164,0.9054331046541262,0.8813639836127818,0.9359828085795572,0.31109717236420775,11.05407095523837
altruistic|forgiving|grandiose|introspective|judgmental|traditional,6,1.0,49.76416447707617,0.9044688795346902,0.902795747091986,0.9275675398181432,0.3040851297083401,10.851069761024647
altruistic|forgiving|impulsive|innovative|introspective|judgmental,6,1.0,86.25264821603801,0.8901671390890527,0.7025606259775724,0.911816487925656,0.4003721409907739,13.733080774330569
altruistic|forgiving|impulsive|innovative|introspective|manipulative,6,1.0,91.81917721956731,0.8711215268495046,0.7019146595432553,0.9149894698478958,0.4131105769487552,14.470433740282152
altruistic|forgiving|impulsive|innovative|judgmental|manipulative,6,1.0,88.37567951967159,0.8874625262585227,0.6924338342552505,0.9145296243416967,0.40533856057910317,13.921031623399866
altruistic|forgiving|impulsive|introspective|judgmental|manipulative,6,1.0,86.71062880483903,0.8907961217774082,0.7046995333148545,0.8999001146876555,0.4014477239425157,13.970012157809029
altruistic|forgiving|impulsive|innovative|manipulative|optimistic,6,1.0,84.65209399790686,0.8859711982506082,0.7177886685291877,0.917826148867005,0.39668582190252416,13.87078963572076
altruistic|forgiving|impulsive|innovative|introspective|manipulative|optimistic,7,1.0,83.69043244243258,0.8860127500850754,0.7163124112907735,0.9320840155924631,0.3944269770228461,13.782245016612492
altruistic|forgiving|impulsive|innovative|introspective|judgmental|manipulative|optimistic,8,1.0,78.66702091836648,0.9026293435633379,0.7165795858992274,0.9317645389672157,0.38241483118333675,13.229456979483022
altruistic|forgiving|impulsive|innovative|judgmental|manipulative|optimistic,7,1.0,79.69400221346334,0.9024454130435892,0.7181757202835422,0.9170218305883173,0.38489975964109974,13.330069236828418
altruistic|forgiving|impulsive|introspective|manipulative|optimistic,6,1.0,89.2403258420619,0.8821058007788609,0.7078136931465424,0.8950614829814951,0.4072781851258498,14.28518299814471
altruistic|forgiving|impulsive|introspective|judgmental|manipulative|optimistic,7,1.0,82.07143444073735,0.9024448180549086,0.7119124841456106,0.9000538528644069,0.3905719622202373,13.62343536747163
altruistic|forgiving|impulsive|judgmental|manipulative|optimistic,6,1.0,83.02309660695128,0.9029951038300912,0.7045275615642914,0.9002075357022247,0.392851097174539,13.721274365783941
altruistic|forgiving|impulsive|manipulative|optimistic|pessimistic,6,0.1,74.41590206171323,0.9190017512424888,0.7156887367931302,0.9253644731083485,0.37190183080500155,13.046448527773908
altruistic|forgiving|impulsive|innovative|manipulative|optimistic|pessimistic,7,0.1,71.5821814037674,0.9189516194078037,0.7283973030967658,0.9361145435264604,0.36475560050149125,12.677295306851548
altruistic|forgiving|impulsive|innovative|introspective|manipulative|optimistic|pessimistic,8,0.1,71.01541606023315,0.9184738914001629,0.7262130023917055,0.9487908037503711,0.3633125256452341,12.582828595351533
altruistic|forgiving|impulsive|innovative|introspective|judgmental|manipulative|optimistic|pessimistic,9,1.0,70.56386115770967,0.9197182630567332,0.7259080532765261,0.9502272112994018,0.3621689457548337,12.554333114920208
altruistic|forgiving|impulsive|innovative|judgmental|manipulative|optimistic|pessimistic,8,0.1,71.10692235180387,0.9203715317325142,0.727270946077914,0.9387698358596791,0.3635481337535952,12.620306485021331
altruistic|forgiving|impulsive|introspective|manipulative|optimistic|pessimistic,7,0.1,73.13898525050521,0.9186361366446246,0.7247808803336881,0.9253225173939229,0.36866713445503063,12.916260332013117
altruistic|forgiving|impulsive|introspective|judgmental|manipulative|optimistic|pessimistic,8,0.1,72.89254607463741,0.9202032784438487,0.7233187828714713,0.9252881646843446,0.3680522084122058,12.879091388193247
altruistic|forgiving|impulsive|judgmental|manipulative|optimistic|pessimistic,7,0.1,73.71538809636635,0.9209241973681398,0.7165323905794687,0.9252243995241669,0.3701542553340751,12.958408464904501
altruistic|forgiving|impulsive|manipulative|optimistic|pessimistic|traditional,7,0.1,74.38201530368329,0.9196210739354783,0.7133842507783772,0.9277450899265616,0.37183293142512247,12.992988490203448
altruistic|forgiving|impulsive|innovative|manipulative|optimistic|pessimistic|traditional,8,1.0,56.85446097574751,0.9361308976535846,0.7831742512096411,0.9492330286263748,0.3251325958671357,11.26365121136424
altruistic|forgiving|impulsive|innovative|introspective|manipulative|optimistic|pessimistic|traditional,9,1.0,55.919719302740006,0.9360315306837971,0.7841685835470009,0.9591230496053631,0.3224356885801795,11.173729148216957
altruistic|forgiving|impulsive|innovative|introspective|judgmental|manipulative|optimistic|pessimistic|traditional,10,1.0,55.31498038175887,0.9358890941752245,0.7860464074969142,0.9634089180466361,0.32070043446623464,11.122578622678867
altruistic|forgiving|impulsive|innovative|judgmental|manipulative|optimistic|pessimistic|traditional,9,0.1,56.16174126146402,0.9360069412909874,0.784565176004971,0.9553964638816734,0.3231662884154167,11.13193355281048
altruistic|forgiving|impulsive|introspective|manipulative|optimistic|pessimistic|traditional,8,0.1,70.65544405796574,0.9227650438095703,0.7308789740802735,0.9289352305278331,0.36235503543772846,12.740952450293381
altruistic|forgiving|impulsive|introspective|judgmental|manipulative|optimistic|pessimistic|traditional,9,0.1,70.21582989459706,0.9247996800597751,0.7297421735154357,0.928915952557298,0.36123511987347656,12.683303458703595
altruistic|forgiving|impulsive|judgmental|manipulative|optimistic|pessimistic|traditional,8,0.1,73.25324173426375,0.9229908031443645,0.7138799530822597,0.9281212663941367,0.3690164475621578,12.882794602911966
altruistic|forgiving|impulsive|manipulative|optimistic|traditional,6,1.0,93.0904052645135,0.8777107030058321,0.6894087104899153,0.898562207715914,0.4160241052853514,14.607752109785459
altruistic|forgiving|impulsive|innovative|manipulative|optimistic|traditional,7,0.1,61.883904576500505,0.9213166940727109,0.783093930160209,0.9424142511332325,0.339226907550785,11.729391052881804
altruistic|forgiving|impulsive|innovative|introspective|manipulative|optimistic|traditional,8,0.1,61.08210171732338,0.9209373011210988,0.783534351691835,0.9527369998873025,0.33701288297432247,11.651053823425732
altruistic|forgiving|impulsive|innovative|introspective|judgmental|manipulative|optimistic|traditional,9,0.1,59.22569125352309,0.9264611392922504,0.7845606121367734,0.9531099753025143,0.3318634506215927,11.45487582169914
altruistic|forgiving|impulsive|innovative|judgmental|manipulative|optimistic|traditional,8,0.1,60.05442322325683,0.9268501084894586,0.783736633880553,0.9431342827792011,0.3341884634447592,11.52372752554729
altruistic|forgiving|impulsive|introspective|manipulative|optimistic|traditional,7,1.0,86.7584552390686,0.8862727912685275,0.714052747484477,0.8982184851961587,0.4015836148016252,14.053895270374609
altruistic|forgiving|impulsive|introspective|judgmental|manipulative|optimistic|traditional,8,1.0,79.1128660728397,0.9079005439764738,0.7190194345690061,0.9026953102068188,0.3834696950728071,13.40740771113416
altruistic|forgiving|impulsive|judgmental|manipulative|optimistic|traditional,7,1.0,82.52854823224618,0.9052400495742114,0.7020790603013516,0.9024532323877594,0.3917046184302005,13.654359542769816
altruistic|forgiving|impulsive|innovative|manipulative|pessimistic,6,1.0,73.9235291019897,0.9118938798282523,0.7302276984400508,0.9300979389918407,0.3706703570991755,12.909865206940555
altruistic|forgiving|impulsive|innovative|introspective|manipulative|pessimistic,7,1.0,72.23163094375423,0.9132897740416243,0.7287394374200578,0.9482597698191737,0.36640935473250236,12.734869004661313
altruistic|forgiving|impulsive|innovative|introspective|judgmental|manipulative|pessimistic,8,1.0,70.98930224371819,0.9178314066407235,0.7273272272922369,0.949320273569092,0.36325621114463913,12.580463142619806
altruistic|forgiving|impulsive|innovative|judgmental|manipulative|pessimistic,7,1.0,72.6598945768311,0.9168987379633818,0.7287197901443622,0.9299095273358553,0.3674988544510316,12.764939337980746
altruistic|forgiving|impulsive|introspective|manipulative|pessimistic,6,1.0,76.99576049131076,0.9099198684779201,0.7226556719116373,0.9142828833512763,0.3782835958118326,13.291574521420884
altruistic|forgiving|impulsive|judgmental|manipulative|pessimistic,6,1.0,75.581335228437,0.9173882426869485,0.7168667935629106,0.9148876349337348,0.37481151677786995,13.118270923470899
altruistic|forgiving|impulsive|manipulative|pessimistic|traditional,6,1.0,78.0891675469137,0.9106849125201079,0.7124555210519545,0.9171213164188967,0.3809974578883705,13.343907245845672
altruistic|forgiving|impulsive|innovative|manipulative|pessimistic|traditional,7,0.1,57.766219581733026,0.9362241578530417,0.7769902189266313,0.9494749240976332,0.3277114736014745,11.30142273515431
altruistic|forgiving|impulsive|innovative|introspective|manipulative|pessimistic|traditional,8,0.1,56.40990882493769,0.9359897999761132,0.7809112669650794,0.9595097141771207,0.3238250822232022,11.19425426838064
altruistic|forgiving|impulsive|innovative|introspective|judgmental|manipulative|pessimistic|traditional,9,0.1,55.249888326673,0.9363490560249779,0.7850425637299221,0.9644854119025605,0.32049009907080944,11.05661964104739
altruistic|forgiving|impulsive|innovative|judgmental|manipulative|pessimistic|traditional,8,0.1,56.67931157945232,0.9365399372105329,0.7809013714483808,0.9541336045201851,0.32462611335546243,11.164011536651095
altruistic|forgiving|impulsive|introspective|manipulative|pessimistic|traditional,7,1.0,75.32808390822086,0.9117120767492006,0.7269588736616562,0.9198825402323801,0.3741689061763457,13.159842376366932
altruistic|forgiving|impulsive|introspective|judgmental|manipulative|pessimistic|traditional,8,1.0,72.55928513773112,0.9206654663868301,0.7274826041482961,0.9197546543023797,0.3672310779246564,12.889420626132077
altruistic|forgiving|impulsive|judgmental|manipulative|pessimistic|traditional,7,1.0,75.0458774631167,0.9200314066403799,0.714136654397325,0.916700435220523,0.3735081945677222,13.051978761230778
altruistic|forgiving|impulsive|innovative|manipulative|traditional,6,0.1,83.80504394899233,0.8810439065427627,0.7262175534945352,0.9303033177408907,0.394700110360026,13.680470013819466
altruistic|forgiving|impulsive|innovative|introspective|manipulative|traditional,7,0.1,72.95743118029722,0.8994607730168708,0.7613477246666551,0.9290379367621349,0.3682372882523266,12.844095824394893
altruistic|forgiving|impulsive|innovative|introspective|judgmental|manipulative|traditional,8,0.1,70.1060282313794,0.9094599992204623,0.7604178476803288,0.9287730851839834,0.36098083168882605,12.541799435268874
altruistic|forgiving|impulsive|innovative|judgmental|manipulative|traditional,7,0.1,78.83867126069835,0.8975617706592266,0.7262451381286079,0.9299954034800489,0.3828561557734314,13.152128179806327
altruistic|forgiving|impulsive|introspective|manipulative|traditional,6,1.0,88.96101685254871,0.8803600529424032,0.7125255428914071,0.8960553634515719,0.4066321291336675,14.260174306902206
altruistic|forgiving|impulsive|introspective|judgmental|manipulative|traditional,7,1.0,81.493634954675,0.9016681092965627,0.7170420877580359,0.9003531700091438,0.3891848045563995,13.607086686536258
altruistic|forgiving|impulsive|judgmental|manipulative|traditional,6,1.0,91.6798344680271,0.8882154375755438,0.6766611712124782,0.9011259006781781,0.4128627709028214,14.237379560046485
altruistic|forgiving|impulsive|innovative|introspective|optimistic,6,1.0,85.23306213609416,0.8804212096879335,0.7182004221136458,0.9303434465561244,0.3980315909398105,13.807185030303156
altruistic|forgiving|impulsive|innovative|introspective|judgmental|optimistic,7,1.0,78.6901716588983,0.902153634531929,0.7178576577067765,0.9309030633422548,0.3824567749723664,13.16682422373674
altruistic|forgiving|impulsive|innovative|judgmental|optimistic,6,1.0,79.5960085586455,0.9021591750281315,0.7190364793654683,0.9176985976294434,0.38465245755650884,13.263354856862904
altruistic|forgiving|impulsive|introspective|judgmental|optimistic,6,1.0,81.82133187816798,0.9022514305077618,0.7135404478558404,0.9008021870880373,0.3899656733919362,13.545884142045017
altruistic|forgiving|impulsive|innovative|optimistic|pessimistic,6,0.1,71.79881094109112,0.9168465133109781,0.7304965281963379,0.937267164579774,0.36530357753874787,12.651745721124918
altruistic|forgiving|impulsive|innovative|introspective|optimistic|pessimistic,7,0.1,71.23227420930687,0.9163466603050235,0.7289664228087134,0.9488094071140842,0.3638609961938874,12.566965658976008
altruistic|forgiving|impulsive|innovative|introspective|judgmental|optimistic|pessimistic,8,1.0,70.69610802880447,0.9190427391977215,0.726978457277506,0.9491316028825776,0.36249932005515034,12.53778365092649
altruistic|forgiving|impulsive|innovative|judgmental|optimistic|pessimistic,7,0.1,71.17991494107847,0.9196501889157901,0.7278372177773982,0.9394828252281763,0.36372988448983107,12.589684150902682
altruistic|forgiving|impulsive|introspective|optimistic|pessimistic,6,0.1,73.18482729516668,0.9168291585612807,0.727446932679729,0.9263892303319654,0.36878076855130176,12.869851640577172
altruistic|forgiving|impulsive|introspective|judgmental|optimistic|pessimistic,7,0.1,72.80432744467032,0.9195382136122446,0.7247462654853387,0.9261412835537389,0.367824281478546,12.839218851121947
altruistic|forgiving|impulsive|judgmental|optimistic|pessimistic,6,0.1,73.97853208582765,0.9202035525253027,0.7158096050087053,0.9260438233144099,0.3708088523306965,12.92363069494967
altruistic|forgiving|impulsive|optimistic|pessimistic|traditional,6,0.1,75.48283384373617,0.9163613790980392,0.7118264618087422,0.9292315911097793,0.374571078350577,13.004051803919104
altruistic|forgiving|impulsive|innovative|optimistic|pessimistic|traditional,7,0.1,56.45405939137269,0.9365431728089932,0.7853621478759502,0.9485002535977,0.32398380342453814,11.180832959197794
altruistic|forgiving|impulsive|innovative|introspective|optimistic|pessimistic|traditional,8,0.1,55.70041467788055,0.9362216776800233,0.7849435501966121,0.9596105233682019,0.3218095023229807,11.100774934547013
altruistic|forgiving|impulsive|innovative|introspective|judgmental|optimistic|pessimistic|traditional,9,0.1,54.943908133539296,0.9359615259593305,0.7878117420634096,0.9643434094731498,0.31962284439442384,11.032919494032138
altruistic|forgiving|impulsive|innovative|judgmental|optimistic|pessimistic|traditional,8,0.1,55.58435658827032,0.9363051517575992,0.7876245623222992,0.9556362640628424,0.32148963515563783,11.076287934664427
altruistic|forgiving|impulsive|introspective|optimistic|pessimistic|traditional,7,0.01,70.39300355725068,0.9223805454722802,0.7330556915718688,0.9294374483795828,0.3616840795959731,12.67664053174242
altruistic|forgiving|impulsive|introspective|judgmental|optimistic|pessimistic|traditional,8,0.1,69.99163428804565,0.9249933249886497,0.7307787293150629,0.9289932980393389,0.3606568285441476,12.647923831508116
altruistic|forgiving|impulsive|judgmental|optimistic|pessimistic|traditional,7,0.1,73.52360741471644,0.9222530478683546,0.7131027117645934,0.9290159243986091,0.3696915247320062,12.854068737619935
altruistic|forgiving|impulsive|innovative|optimistic|traditional,6,0.1,61.29786714731519,0.921868925527018,0.7861510230056008,0.9418324394192501,0.3376069922986336,11.683932150686461
altruistic|forgiving|impulsive|innovative|introspective|optimistic|traditional,7,0.1,60.63879810266617,0.9212447682589433,0.7856657336825589,0.953021138422775,0.33578399079377813,11.60899904618566
altruistic|forgiving|impulsive|innovative|introspective|judgmental|optimistic|traditional,8,0.1,58.71157380453296,0.9268706728924561,0.7869094823387022,0.9534856761224323,0.3304133911107459,11.406716453751855
altruistic|forgiving|impulsive|innovative|judgmental|optimistic|traditional,7,0.1,59.41709273181898,0.9273739116046987,0.786854292378748,0.9431648831924723,0.33240056149064395,11.46015536131012
altruistic|forgiving|impulsive|introspective|optimistic|traditional,6,1.0,87.46365554122984,0.8835875029078368,0.7157243106948794,0.8963128557253993,0.40321956065161335,14.00937286196414
altruistic|forgiving|impulsive|introspective|judgmental|optimistic|traditional,7,1.0,78.79327754064013,0.9083372524429622,0.7201551204096722,0.9028663807345237,0.3826913261723893,13.354514144628785
altruistic|forgiving|impulsive|judgmental|optimistic|traditional,6,1.0,82.62826300234981,0.904896550905796,0.7016997028595143,0.903269296760134,0.3919291077404922,13.58545987915951
altruistic|forgiving|impulsive|innovative|introspective|pessimistic,6,1.0,72.40159817543069,0.9115911005890002,0.7311027305956026,0.9480208180379196,0.36683244656317393,12.72170888574315
altruistic|forgiving|impulsive|innovative|introspective|judgmental|pessimistic,7,1.0,70.97868684551437,0.9175696141053836,0.7283945270883436,0.948452092054395,0.36322009361814384,12.551086313406056
altruistic|forgiving|impulsive|innovative|judgmental|pessimistic,6,1.0,72.50410591233282,0.9169986229675089,0.7292882550410599,0.93039131784729,0.3671002649624566,12.721044686856912
altruistic|forgiving|impulsive|introspective|judgmental|pessimistic,6,1.0,74.47941448642382,0.9172323826700218,0.7241789320079297,0.9152350266602512,0.37205014225729305,13.00514926178586
altruistic|forgiving|impulsive|innovative|pessimistic|traditional,6,0.1,57.48949059764804,0.9367575379834195,0.7782342913019186,0.9485529778589187,0.32692645409548626,11.273619037945283
altruistic|forgiving|impulsive|innovative|introspective|pessimistic|traditional,7,0.1,56.18204824644852,0.9363462780840739,0.7814939037156778,0.9598579661022486,0.3231758486724455,11.171530000561075
altruistic|forgiving|impulsive|innovative|introspective|judgmental|pessimistic|traditional,8,0.1,55.005944768235324,0.9366017755132905,0.7860537431422159,0.9646370950790785,0.319779980030203,11.0432606276654
altruistic|forgiving|impulsive|innovative|judgmental|pessimistic|traditional,7,0.1,56.4033097765109,0.9369162888165417,0.7819280855105398,0.9541988213034589,0.32383179378602484,11.135933576701804
altruistic|forgiving|impulsive|introspective|pessimistic|traditional,6,1.0,75.15846506621615,0.9114193398582946,0.7287927776525951,0.9195615927165495,0.3737509044454342,13.119796510994533
altruistic|forgiving|impulsive|introspective|judgmental|pessimistic|traditional,7,1.0,72.26636154233807,0.9210729510970883,0.728543944451019,0.9198318948802924,0.3664892608786192,12.846247250605899
altruistic|forgiving|impulsive|innovative|introspective|traditional,6,0.1,73.79275306138786,0.8964012641810933,0.7630401903488024,0.9269437784020631,0.3703346772832841,12.824675180466203
altruistic|forgiving|impulsive|innovative|introspective|judgmental|traditional,7,0.1,70.13565902521168,0.9094274944028812,0.7612658478918319,0.9269944085682165,0.3610471849694618,12.506306531591559
altruistic|forgiving|impulsive|innovative|judgmental|traditional,6,0.1,83.03092543871352,0.8900485547987723,0.7151375338801366,0.9276379185751833,0.39285076165228744,13.284676424134094
altruistic|forgiving|impulsive|introspective|judgmental|traditional,6,1.0,81.30196286351803,0.9020013011552266,0.7183347080609814,0.8990997634308523,0.38871573288594724,13.561825228326141
altruistic|forgiving|innovative|introspective|judgmental|manipulative,6,1.0,90.1870232307314,0.8816528766339609,0.6924400399261812,0.9139732598781689,0.40943356074646653,14.379708238221411
altruistic|forgiving|innovative|introspective|manipulative|optimistic,6,0.1,90.37131335894827,0.8711406575385008,0.703156084092898,0.9300023330338526,0.40986699218731876,14.515665727967043
altruistic|forgiving|innovative|introspective|judgmental|manipulative|optimistic,7,1.0,83.46039276784047,0.8942957373397856,0.7032448915219673,0.9289986332169479,0.39389653522055795,13.831948313997655
altruistic|forgiving|innovative|judgmental|manipulative|optimistic,6,1.0,87.45710441017938,0.8871795678242684,0.6972063893580556,0.91784838850807,0.4032126773543269,14.220202833899314
altruistic|forgiving|introspective|judgmental|manipulative|optimistic,6,1.0,86.58447972054677,0.8904618298421627,0.7057913378962151,0.9004535876129349,0.40118517141125476,14.180659323046703
altruistic|forgiving|innovative|manipulative|optimistic|pessimistic,6,0.1,79.84771503080063,0.9047511962302464,0.7021745321989978,0.9368021634856432,0.38524041713530116,13.582121374215173
altruistic|forgiving|innovative|introspective|manipulative|optimistic|pessimistic,7,0.1,76.51246395555782,0.9094619923216888,0.7106728594623297,0.9441464484127363,0.37710685042847614,13.25858696161817
altruistic|forgiving|innovative|introspective|judgmental|manipulative|optimistic|pessimistic,8,0.1,75.1114864407214,0.9128329902312826,0.7113154457433095,0.9475557843258956,0.37365079717447497,13.11745757322465
altruistic|forgiving|innovative|judgmental|manipulative|optimistic|pessimistic,7,0.1,78.38947130447562,0.9082513697376385,0.7032006889140144,0.9397185762400376,0.3817182642174253,13.471995495712921
altruistic|forgiving|introspective|manipulative|optimistic|pessimistic,6,0.1,78.3016773303498,0.9059811694830392,0.7157138992150203,0.9258521294404586,0.38147008577160146,13.540610110014915
altruistic|forgiving|judgmental|manipulative|optimistic|pessimistic,6,0.1,81.98035769919265,0.9082880392543863,0.6871036737771613,0.9261007315898585,0.39037420847852,13.897315047068055
altruistic|forgiving|manipulative|optimistic|pessimistic|traditional,6,0.1,83.25168151731742,0.9052262155122339,0.6836265561906518,0.9284200559203512,0.39337960184165144,13.935048393041706
altruistic|forgiving|innovative|manipulative|optimistic|pessimistic|traditional,7,0.1,64.9581547139631,0.9139342617305544,0.773889579288127,0.9493367693441422,0.3475420388740867,12.247774578399332
altruistic|forgiving|innovative|introspective|manipulative|optimistic|pessimistic|traditional,8,1.0,61.50656608867629,0.9191138107120056,0.7818021540284973,0.9575426111258672,0.33816886793901074,11.952318921579744
altruistic|forgiving|innovative|introspective|judgmental|manipulative|optimistic|pessimistic|traditional,9,0.1,59.76827288531403,0.9212999619160201,0.7854277382001033,0.9637056241126839,0.3333906962145186,11.709795836716234
altruistic|forgiving|innovative|judgmental|manipulative|optimistic|pessimistic|traditional,8,0.1,63.17444468298138,0.9162177040342269,0.77799694233015,0.9548484828026347,0.3427593095885284,12.08092765901091
altruistic|forgiving|introspective|manipulative|optimistic|pessimistic|traditional,7,0.1,76.1280144582307,0.9057568853853865,0.7290909157336639,0.9280001583834895,0.37613882199843107,13.407418924692127
altruistic|forgiving|introspective|judgmental|manipulative|optimistic|pessimistic|traditional,8,0.1,74.51722933470003,0.9112848742569587,0.7284293235126352,0.9284708287149853,0.37215946654011234,13.255550270749852
altruistic|forgiving|judgmental|manipulative|optimistic|pessimistic|traditional,7,0.1,81.67225291026224,0.9103184308289844,0.6835317910168413,0.9290436156843098,0.38965087804164683,13.822818395351476
altruistic|forgiving|innovative|manipulative|optimistic|traditional,6,0.1,74.17171572688794,0.8853433125824673,0.7742940907254693,0.9412677321001188,0.3713701554913069,13.117295172296455
altruistic|forgiving|innovative|introspective|manipulative|optimistic|traditional,7,0.1,69.07378011627934,0.8952722873331187,0.7820063691553418,0.9523735403513343,0.3583878080855799,12.624781733862429
altruistic|forgiving|innovative|introspective|judgmental|manipulative|optimistic|traditional,8,0.1,64.41626613288099,0.9090996738861793,0.784833296432413,0.952960132471322,0.34612016373278365,12.162365491679148
altruistic|forgiving|introspective|manipulative|optimistic|traditional,6,0.1,96.98842013433986,0.8517842715708419,0.71518237779049,0.8980729289097845,0.42459232014554665,15.08403616131696
altruistic|forgiving|introspective|judgmental|manipulative|optimistic|traditional,7,0.1,84.41846411355894,0.8904839267721112,0.7187467183826688,0.9024130949748029,0.39613428638606596,14.040286475990543
altruistic|forgiving|judgmental|manipulative|optimistic|traditional,6,1.0,91.21736674403512,0.8895440507972453,0.675774322069522,0.9036127433988195,0.41180645643700153,14.603743879007558
altruistic|forgiving|innovative|introspective|manipulative|pessimistic,6,1.0,77.95502795434439,0.9035112286930272,0.7131647076928461,0.9437168770433251,0.380648148634969,13.412981603592362
altruistic|forgiving|innovative|introspective|judgmental|manipulative|pessimistic,7,1.0,75.59738989580451,0.9106606403146147,0.7133079092804575,0.9458343692508803,0.37486540570588756,13.164985249990547
altruistic|forgiving|innovative|judgmental|manipulative|pessimistic,6,1.0,81.83545454282374,0.898917811549782,0.7042770151324231,0.9300509420291223,0.3900117688581972,13.78790541082618
altruistic|forgiving|introspective|judgmental|manipulative|pessimistic,6,1.0,79.09062820068542,0.9061002804590366,0.7161439143264751,0.9148838319408479,0.3834212358868047,13.604509976959038
altruistic|forgiving|innovative|manipulative|pessimistic|traditional,6,0.1,70.59974837231819,0.9059712501348318,0.7528199234436038,0.9495982612385876,0.36227689605248964,12.737959836977833
altruistic|forgiving|innovative|introspective|manipulative|pessimistic|traditional,7,0.1,62.44153054448161,0.9181190832082468,0.7776078021558048,0.9577606307107365,0.3407113225024932,12.006923022932249
altruistic|forgiving|innovative|introspective|judgmental|manipulative|pessimistic|traditional,8,0.1,59.872669480174714,0.9214171660273907,0.7844577606796049,0.9639441118617036,0.3336543685620091,11.725330482497442
altruistic|forgiving|innovative|judgmental|manipulative|pessimistic|traditional,7,0.1,66.37072895173068,0.9127121908886273,0.7654660748775175,0.952496882369765,0.35128333285957175,12.370223429291894
altruistic|forgiving|introspective|manipulative|pessimistic|traditional,6,0.1,82.38567811995071,0.888689591946324,0.7262365375894662,0.9197237028330331,0.39131131566574484,13.965077361133687
altruistic|forgiving|introspective|judgmental|manipulative|pessimistic|traditional,7,1.0,77.2353601492702,0.9058043910369575,0.7263319445778043,0.9193895145736414,0.37890045572731995,13.491159790295994
altruistic|forgiving|judgmental|manipulative|pessimistic|traditional,6,1.0,85.00916095778065,0.9019120248753505,0.6846382319318046,0.9172595390385773,0.3975236146797629,14.140460627528544
altruistic|forgiving|innovative|introspective|manipulative|traditional,6,0.1,81.99106435541782,0.869849710850324,0.7604764162027854,0.9293127270610377,0.3903666750358011,13.868082889203883
altruistic|forgiving|innovative|introspective|judgmental|manipulative|traditional,7,0.1,75.75135297820046,0.8906277453986412,0.760433472988724,0.9289915712802188,0.3752515174356632,13.25801608860526
altruistic|forgiving|innovative|judgmental|manipulative|traditional,6,0.1,88.59016809947187,0.8912112946940478,0.6752415016220905,0.9305298363140122,0.4058017539518824,14.080942293227297
altruistic|forgiving|introspective|judgmental|manipulative|traditional,6,1.0,86.93832291357782,0.8837105513204273,0.7166196750601225,0.90065041142586,0.40198892633668815,14.25306633186367
altruistic|forgiving|innovative|introspective|judgmental|optimistic,6,0.1,88.54662865593941,0.879349495474895,0.6990997478463818,0.9298283778115793,0.40568988088733077,14.23607500413412
altruistic|forgiving|innovative|introspective|optimistic|pessimistic,6,1.0,88.58560013810234,0.8749903663375289,0.7005787732914961,0.9424131858813676,0.4057963343761768,14.500193958442342
altruistic|forgiving|innovative|introspective|judgmental|optimistic|pessimistic,7,0.1,80.15542040633113,0.8981653563145454,0.7071086728084788,0.947899500340849,0.38598048988097783,13.618028904440923
altruistic|forgiving|innovative|judgmental|optimistic|pessimistic,6,0.1,84.6273032370676,0.8908363564863482,0.6967860386263287,0.9398395588987692,0.3965858206654569,14.141022875149902
altruistic|forgiving|introspective|judgmental|optimistic|pessimistic,6,0.1,82.12763711095724,0.8955659613534632,0.7108677035085618,0.9265639619533894,0.390680544843162,13.924177039411886
altruistic|forgiving|innovative|optimistic|pessimistic|traditional,6,0.1,79.75915420668214,0.8755230990243454,0.753315337992819,0.9486609568716217,0.38509061210036016,13.719733978904818
altruistic|forgiving|innovative|introspective|optimistic|pessimistic|traditional,7,1.0,73.25030360572404,0.8890391304517986,0.7656006555518666,0.9552173845290142,0.3690516207623447,13.182912912826588
altruistic|forgiving|innovative|introspective|judgmental|optimistic|pessimistic|traditional,8,0.1,64.5536766138458,0.9072495936441112,0.7816829012987437,0.9640905597816294,0.3464549047696277,12.218932374466421
altruistic|forgiving|innovative|judgmental|optimistic|pessimistic|traditional,7,0.1,69.29726737794601,0.8991483184390887,0.771656527143631,0.954973463655009,0.35894289901064697,12.765797172099527
altruistic|forgiving|introspective|optimistic|pessimistic|traditional,6,0.1,90.93795067058196,0.858334715862247,0.7249963047541297,0.9291632570526244,0.41113072796758576,14.774478535301617
altruistic|forgiving|introspective|judgmental|optimistic|pessimistic|traditional,7,0.1,79.86989598491792,0.895089683934869,0.7250194125452603,0.9291748950408146,0.3852794669303441,13.813379364883247
altruistic|forgiving|judgmental|optimistic|pessimistic|traditional,6,0.1,87.89397646602742,0.8930414378057306,0.6768396308627456,0.9293515894173616,0.4041941180512042,14.503066642844429
altruistic|forgiving|innovative|introspective|optimistic|traditional,6,0.1,88.27217489081599,0.8400133657787049,0.7657062249250215,0.9517860234226431,0.4051488690987795,14.363552336381009
altruistic|forgiving|innovative|introspective|judgmental|optimistic|traditional,7,0.1,69.17325800924282,0.8948839568036662,0.7815146165027741,0.9535780855933846,0.3586299984256306,12.589752497137548
altruistic|forgiving|innovative|judgmental|optimistic|traditional,6,0.1,75.20468636804455,0.8830613908755609,0.7721979694876406,0.9411689187173294,0.37391120061505473,13.244096811098277
altruistic|forgiving|introspective|judgmental|optimistic|traditional,6,0.1,90.01222371863045,0.8730123002218464,0.7161464797074631,0.9034897146692537,0.4090053781679458,14.532601162322676
altruistic|forgiving|innovative|introspective|pessimistic|traditional,6,0.1,73.65646513926471,0.8903157874796345,0.7604399264768127,0.9553088660734699,0.3700672830949368,13.181668095446115
altruistic|forgiving|innovative|introspective|judgmental|pessimistic|traditional,7,0.1,64.32394553028205,0.9087173377662389,0.7802028812370002,0.9643934593403359,0.345813585598888,12.211538524727125
altruistic|forgiving|innovative|judgmental|pessimistic|traditional,6,0.1,72.00002003821832,0.8971203546354203,0.7593646176137054,0.9527846246635066,0.36583501660676443,12.966454453175947
altruistic|forgiving|introspective|judgmental|pessimistic|traditional,6,1.0,81.87390666966968,0.8922922948286887,0.7223765691179973,0.9200312939850432,0.3900855997773072,13.95798644838305
altruistic|forgiving|innovative|introspective|judgmental|traditional,6,0.1,84.21401757572417,0.8636167176950406,0.7597585784709057,0.9266729514374746,0.395584147870468,13.992572194022577
altruistic|grandiose|impulsive|innovative|introspective|judgmental,6,1.0,42.95896569614051,0.9469110008659483,0.8837774320119579,0.8905187324332576,0.28255772560532266,10.065768819813234
altruistic|grandiose|impulsive|innovative|introspective|manipulative,6,1.0,43.54562541660014,0.9473263127001279,0.8810679209241471,0.887052313035753,0.28445532528843476,10.086739218676188
altruistic|grandiose|impulsive|innovative|introspective|judgmental|manipulative,7,1.0,42.49965170811667,0.9462050555295068,0.8891221125693587,0.8887044598545114,0.28103404881763105,9.960017367277452
altruistic|grandiose|impulsive|innovative|judgmental|manipulative,6,1.0,46.2782922319182,0.9389086465667035,0.8831153651502937,0.8807139318954165,0.29328020000033866,10.42762020708944
altruistic|grandiose|impulsive|introspective|judgmental|manipulative,6,1.0,48.16424949079851,0.935543359542007,0.8747255656955849,0.8858563056315688,0.2991890674419192,10.74515812046965
altruistic|grandiose|impulsive|innovative|manipulative|optimistic,6,1.0,40.80831983301717,0.9396249573416714,0.8952786707827978,0.9217041041002096,0.27538644501118975,9.739741267280076
altruistic|grandiose|impulsive|innovative|introspective|manipulative|optimistic,7,1.0,36.901362980957494,0.9462912374372159,0.8952179501779712,0.9448003087621107,0.26187758883142437,9.225255360382018
altruistic|grandiose|impulsive|innovative|introspective|judgmental|manipulative|optimistic,8,1.0,34.06061600947989,0.9455854946794136,0.9147505119272498,0.945196029148198,0.2516236432597457,8.891770660891883
altruistic|grandiose|impulsive|innovative|judgmental|manipulative|optimistic,7,1.0,38.19663842003801,0.9385980291372652,0.9143563118048011,0.9213361210928754,0.2664576579033285,9.447004024141705
altruistic|grandiose|impulsive|introspective|manipulative|optimistic,6,1.0,42.48175624596181,0.936869117875635,0.8879936522009408,0.9251662161311407,0.28095955415556956,9.97730577588638
altruistic|grandiose|impulsive|introspective|judgmental|manipulative|optimistic,7,1.0,39.098581316523216,0.9360413372585603,0.9119205487113554,0.9244230782037511,0.2695478508942153,9.596997375013109
altruistic|grandiose|impulsive|judgmental|manipulative|optimistic,6,1.0,39.102041329023265,0.9362280177335394,0.9140475424745061,0.9197281877155764,0.2695586313441116,9.598568307887145
altruistic|grandiose|impulsive|manipulative|optimistic|pessimistic,6,0.1,38.50597205367343,0.9457458479412757,0.896934703944648,0.9243337076062916,0.26745536141594217,9.445696846795506
altruistic|grandiose|impulsive|innovative|manipulative|optimistic|pessimistic,7,0.1,36.60062490713498,0.9496809244447237,0.9011300759596718,0.9250996698647294,0.2607849098711073,9.10279632033623
altruistic|grandiose|impulsive|innovative|introspective|manipulative|optimistic|pessimistic,8,0.1,32.7742641369646,0.9543726054727245,0.9026331630737802,0.9515056029673149,0.2467803842941613,8.612253630925316
altruistic|grandiose|impulsive|innovative|introspective|judgmental|manipulative|optimistic|pessimistic,9,0.1,30.63140041654208,0.9537601543896759,0.9157465798399281,0.9551115780663699,0.2386018228094519,8.301897716454166
altruistic|grandiose|impulsive|innovative|judgmental|manipulative|optimistic|pessimistic,8,0.1,34.590863082803594,0.9489999458235302,0.9145929074693444,0.9267004222273415,0.2535444941904055,8.805627147504184
altruistic|grandiose|impulsive|introspective|manipulative|optimistic|pessimistic,7,0.1,38.46611447723158,0.9453261444688769,0.8944400036249268,0.9309639392285112,0.2673304993715565,9.417359916076341
altruistic|grandiose|impulsive|introspective|judgmental|manipulative|optimistic|pessimistic,8,0.1,35.47286378115734,0.9459934826818089,0.9122822730860474,0.9314300854486298,0.2567200091642918,8.982138893594827
altruistic|grandiose|impulsive|judgmental|manipulative|optimistic|pessimistic,7,0.1,35.5667585672296,0.9463963818034082,0.9143247003968586,0.9250205498284534,0.2570547779148612,8.982825216153236
altruistic|grandiose|impulsive|manipulative|optimistic|pessimistic|traditional,7,0.1,36.43221767672379,0.9499012630650222,0.9024510290023195,0.9238872928537812,0.2601781130870517,9.093379377811432
altruistic|grandiose|impulsive|innovative|manipulative|optimistic|pessimistic|traditional,8,0.1,35.622214385864105,0.9494405173464808,0.9006245696797037,0.9387140710258542,0.2572936700685539,8.985349378003338
altruistic|grandiose|impulsive|innovative|introspective|manipulative|optimistic|pessimistic|traditional,9,0.1,31.951365638292668,0.9549814326675199,0.9028372576825636,0.958840720229953,0.24367199392408256,8.52325832364896
altruistic|grandiose|impulsive|innovative|introspective|judgmental|manipulative|optimistic|pessimistic|traditional,10,0.1,29.61841963064117,0.9543765435358161,0.9166258109959983,0.9634608456430296,0.23463367863911624,8.184735215771832
altruistic|grandiose|impulsive|innovative|judgmental|manipulative|optimistic|pessimistic|traditional,9,1.0,33.33395346091541,0.9485266633944516,0.9154320700009053,0.9420400682119966,0.24891027785622286,8.71394484814622
altruistic|grandiose|impulsive|introspective|manipulative|optimistic|pessimistic|traditional,8,0.1,33.57673317919084,0.9548688778354574,0.9040861007966381,0.9373109683816848,0.2497667068988265,8.769604571197986
altruistic|grandiose|impulsive|introspective|judgmental|manipulative|optimistic|pessimistic|traditional,9,0.1,31.5287893589977,0.9542785380362447,0.9176249694271935,0.9389022468068393,0.24205031002053615,8.482580506473274
altruistic|grandiose|impulsive|judgmental|manipulative|optimistic|pessimistic|traditional,8,0.1,34.45304588416066,0.9492437609065519,0.9160033729558584,0.9248783283681582,0.2530284703432853,8.819267755322013
altruistic|grandiose|impulsive|manipulative|optimistic|traditional,6,1.0,40.64232604073716,0.9402272776853368,0.8960713867672757,0.920044266092573,0.2748231683533078,9.71408080186326
altruistic|grandiose|impulsive|innovative|manipulative|optimistic|traditional,7,1.0,39.62318581870115,0.9395927488979385,0.8950298307708671,0.9366055880034656,0.2713694470809708,9.601772779682747
altruistic|grandiose|impulsive|innovative|introspective|manipulative|optimistic|traditional,8,1.0,35.85256397303184,0.9474653090023702,0.895310704554631,0.9530325860948253,0.2581340177841822,9.097240794384682
altruistic|grandiose|impulsive|innovative|introspective|judgmental|manipulative|optimistic|traditional,9,1.0,32.87706060060281,0.9466315921502406,0.9156460562945857,0.9540268362067302,0.24721943820445136,8.746750270931294
altruistic|grandiose|impulsive|innovative|judgmental|manipulative|optimistic|traditional,8,1.0,36.85243073333227,0.9384614391019387,0.9147482178693682,0.9373477462680542,0.26174000842998146,9.287172150787598
altruistic|grandiose|impulsive|introspective|manipulative|optimistic|traditional,7,1.0,37.61937209837082,0.9475939681335378,0.8958147855733036,0.9302729117731315,0.2644005506671583,9.333041341145154
altruistic|grandiose|impulsive|introspective|judgmental|manipulative|optimistic|traditional,8,1.0,34.795243524709214,0.9465897480332246,0.9163173011369474,0.9297630050787273,0.25430334581216946,9.006507176133368
altruistic|grandiose|impulsive|judgmental|manipulative|optimistic|traditional,7,1.0,38.062493360807785,0.9389359656726701,0.9156358879586783,0.9193648730996054,0.26598117013998185,9.436183395506779
altruistic|grandiose|impulsive|innovative|manipulative|pessimistic,6,1.0,40.94403053431223,0.9429602883400652,0.8861279588924655,0.9250730081312726,0.2758203957058434,9.724528520481257
altruistic|grandiose|impulsive|innovative|introspective|manipulative|pessimistic,7,1.0,37.175074032222774,0.9479585149950255,0.8866135197186478,0.9515534826276959,0.26282565359818455,9.237505356831457
altruistic|grandiose|impulsive|innovative|introspective|judgmental|manipulative|pessimistic,8,1.0,34.09243577677691,0.9470345613472927,0.9063536749214235,0.9552882134734576,0.2517189197607619,8.837888270323301
altruistic|grandiose|impulsive|innovative|judgmental|manipulative|pessimistic,7,1.0,38.07942956122866,0.9418020549315799,0.9059412810879263,0.9268829360748084,0.2660214684894565,9.366510224215325
altruistic|grandiose|impulsive|introspective|manipulative|pessimistic,6,1.0,42.63450838409396,0.9403306421427651,0.8768342363304676,0.9315816674260964,0.2814522929548839,9.955163407169623
altruistic|grandiose|impulsive|introspective|judgmental|manipulative|pessimistic,7,1.0,38.72126245348343,0.9399665020667263,0.902712356232188,0.9319454677960852,0.26822447791989523,9.47073049399747
altruistic|grandiose|impulsive|manipulative|pessimistic|traditional,6,1.0,40.870367199271634,0.9441115568376657,0.8848156397235674,0.9242033413474766,0.2755755862074419,9.717522275267457
altruistic|grandiose|impulsive|innovative|manipulative|pessimistic|traditional,7,1.0,39.78582058565381,0.9436767797808483,0.8858054860467307,0.9370616944238139,0.2718993515292551,9.590035782590894
altruistic|grandiose|impulsive|innovative|introspective|manipulative|pessimistic|traditional,8,1.0,36.09537405371816,0.9501420739675541,0.8861458796663457,0.9575253256843277,0.25898412248706937,9.097759854667673
altruistic|grandiose|impulsive|innovative|introspective|judgmental|manipulative|pessimistic|traditional,9,1.0,32.89259832624619,0.9491747568062064,0.9061656723319358,0.9623507401412239,0.24725428020778012,8.67729933790625
altruistic|grandiose|impulsive|innovative|judgmental|manipulative|pessimistic|traditional,8,1.0,36.759684514751186,0.9424911648906839,0.9057218423916051,0.940735507836079,0.2613803452116649,9.207046750485787
altruistic|grandiose|impulsive|introspective|manipulative|pessimistic|traditional,7,1.0,37.9287199911805,0.9504264385532283,0.8842915010708754,0.9377720783870281,0.26547143676648716,9.348536734936975
altruistic|grandiose|impulsive|introspective|judgmental|manipulative|pessimistic|traditional,8,1.0,34.734841193151794,0.9493867303844454,0.9062444717750385,0.9391646182804857,0.25406661936958624,8.927310277302583
altruistic|grandiose|impulsive|judgmental|manipulative|pessimistic|traditional,7,1.0,37.86693699776739,0.9428025174750336,0.9062706740450724,0.9251981707770108,0.26527576170446576,9.339492594569492
altruistic|grandiose|impulsive|innovative|manipulative|traditional,6,1.0,46.81295213424709,0.9399678667881021,0.878701252486101,0.878678783818374,0.29495400380080333,10.487939832278064
altruistic|grandiose|impulsive|innovative|introspective|manipulative|traditional,7,1.0,43.423301554157504,0.9482460791706088,0.8811592030856548,0.8849843753908267,0.28406137014587723,10.06564257074041
altruistic|grandiose|impulsive|innovative|introspective|judgmental|manipulative|traditional,8,1.0,42.32078978547855,0.9471284863816432,0.8894961876186616,0.886772892083212,0.28044985702150227,9.935664068157605
altruistic|grandiose|impulsive|innovative|judgmental|manipulative|traditional,7,1.0,46.0173764812404,0.9386542360508439,0.8858386009899942,0.8796918317517176,0.2924581432265687,10.399741797440994
altruistic|grandiose|impulsive|introspective|manipulative|traditional,6,1.0,44.85210532078837,0.9474903535833795,0.8727745313551507,0.886082580131262,0.2887029516678748,10.302588692630863
altruistic|grandiose|impulsive|introspective|judgmental|manipulative|traditional,7,1.0,43.75548007068338,0.9464256155130949,0.8811020261778699,0.8876478376230623,0.28516315667929,10.16278662270819
altruistic|grandiose|impulsive|judgmental|manipulative|traditional,6,1.0,47.03921398566503,0.938454344224938,0.8786228583689666,0.8815344537426553,0.2956852497099121,10.56104242585017
altruistic|grandiose|impulsive|innovative|introspective|optimistic,6,1.0,38.52174900078362,0.9473767489014404,0.8822841506032375,0.9452739450871118,0.26759572153096384,9.49587572447493
altruistic|grandiose|impulsive|innovative|introspective|judgmental|optimistic,7,1.0,34.87687027956876,0.9464724378239572,0.9074971490379266,0.9455919598765409,0.254630337681315,9.054057709345896
altruistic|grandiose|impulsive|innovative|judgmental|optimistic,6,1.0,39.34440267263125,0.9388139760404823,0.9089339794591379,0.9167890643086313,0.270427035277699,9.642350397973491
altruistic|grandiose|impulsive|introspective|judgmental|optimistic,6,1.0,39.72125836989615,0.936561896587953,0.9070817059148606,0.9240161158649889,0.2716878066362699,9.691462008093078
altruistic|grandiose|impulsive|innovative|optimistic|pessimistic,6,0.1,38.39626608139598,0.9505167894207325,0.8914879620545851,0.9182577820829452,0.2671227202802403,9.421627608788292
altruistic|grandiose|impulsive|innovative|introspective|optimistic|pessimistic,7,0.1,34.37355681731646,0.9552911545952117,0.890073783088282,0.9521308196963448,0.252766785137907,8.904225484301636
altruistic|grandiose|impulsive|innovative|introspective|judgmental|optimistic|pessimistic,8,0.1,31.497039171288584,0.9546208882584587,0.9082617075147313,0.9554285689881866,0.24196308954314302,8.491191019096442
altruistic|grandiose|impulsive|innovative|judgmental|optimistic|pessimistic,7,0.1,35.62270227014248,0.9495997823887422,0.9095327292301665,0.9214559995804832,0.25730157542875043,9.018362409898355
altruistic|grandiose|impulsive|introspective|optimistic|pessimistic,6,0.1,39.51005721065525,0.9460180736277337,0.8866474645256525,0.9302565871271478,0.2709626298736962,9.577702963940407
altruistic|grandiose|impulsive|introspective|judgmental|optimistic|pessimistic,7,0.1,36.10601220428524,0.9464446691939699,0.9074930352126322,0.931036847716219,0.25900945924859886,9.087568641914324
altruistic|grandiose|impulsive|judgmental|optimistic|pessimistic,6,0.1,36.66090970128447,0.9470310901220453,0.908377876416069,0.9205268105027963,0.2609903733285873,9.186837991948634
altruistic|grandiose|impulsive|optimistic|pessimistic|traditional,6,0.1,38.239387450981106,0.9505557377689366,0.8924594002710683,0.9182096136020631,0.2665738591786186,9.413305379513785
altruistic|grandiose|impulsive|innovative|optimistic|pessimistic|traditional,7,0.1,37.33953567838243,0.950295604624398,0.8909924595088983,0.9327312792052458,0.26343956825647713,9.273032575229816
altruistic|grandiose|impulsive|innovative|introspective|optimistic|pessimistic|traditional,8,0.1,33.77045314727489,0.955656908084884,0.8894988067036494,0.9591475336730505,0.25054904881025897,8.826911890226073
altruistic|grandiose|impulsive|innovative|introspective|judgmental|optimistic|pessimistic|traditional,9,0.1,30.616222265138568,0.9550362636074433,0.908683894968067,0.9637629191439283,0.23856684884762863,8.379349188342704
altruistic|grandiose|impulsive|innovative|judgmental|optimistic|pessimistic|traditional,8,0.1,34.22503050322882,0.949414552853605,0.9100212542862585,0.9380920942043218,0.25222212016462636,8.810060851645757
altruistic|grandiose|impulsive|introspective|optimistic|pessimistic|traditional,7,0.1,35.397478849773485,0.9554660189757972,0.8908205359990584,0.9377333455465213,0.25649060788554584,9.066296883092402
altruistic|grandiose|impulsive|introspective|judgmental|optimistic|pessimistic|traditional,8,0.1,32.57681878100726,0.9548654844754743,0.909380312468234,0.9394173333397842,0.2460577143940578,8.656201785086857
altruistic|grandiose|impulsive|judgmental|optimistic|pessimistic|traditional,7,0.1,35.48230501284892,0.9496237842064998,0.9109710335019353,0.9204076980304873,0.2567861050471621,9.017123703025844
altruistic|grandiose|impulsive|innovative|optimistic|traditional,6,1.0,41.78442582952145,0.9398203434953879,0.883280893422071,0.9315107076639024,0.2786822267606529,9.937523926962138
altruistic|grandiose|impulsive|innovative|introspective|optimistic|traditional,7,1.0,37.64594618111748,0.9483197185899093,0.8817989547096431,0.9533300679195618,0.2645427808716282,9.374045216744626
altruistic|grandiose|impulsive|innovative|introspective|judgmental|optimistic|traditional,8,1.0,33.84121349558899,0.9472832912294515,0.9079021423365343,0.9544009506823283,0.25082923223296644,8.915396192302552
altruistic|grandiose|impulsive|innovative|judgmental|optimistic|traditional,7,1.0,37.90535591174472,0.9386459697825745,0.9095112381289474,0.9337179046989368,0.26544809693856003,9.450694911045126
altruistic|grandiose|impulsive|introspective|optimistic|traditional,6,1.0,39.40507986409056,0.9483488817360992,0.8825261128832205,0.9306009533566902,0.2706370821340176,9.603374769962901
altruistic|grandiose|impulsive|introspective|judgmental|optimistic|traditional,7,1.0,35.80770260121419,0.9471656655909877,0.9084068325980902,0.9301331440308175,0.257989992728344,9.166489904183209
altruistic|grandiose|impulsive|judgmental|optimistic|traditional,6,1.0,39.197417701782975,0.9389739265650164,0.9102559212129818,0.9155381604071663,0.26991498886698917,9.622454379824156
altruistic|grandiose|impulsive|innovative|introspective|pessimistic,6,1.0,38.732706017101606,0.9486937806925315,0.8747467096242822,0.9520675751706607,0.26830752278063036,9.456420827668035
altruistic|grandiose|impulsive|innovative|introspective|judgmental|pessimistic,7,1.0,34.911252664087826,0.9476288070372679,0.8997367782578137,0.9555295878860537,0.2547345443280567,8.974932536313869
altruistic|grandiose|impulsive|innovative|judgmental|pessimistic,6,1.0,39.113092395387696,0.9420468650447646,0.9014965155340233,0.921779135411352,0.2696061812958951,9.512460868358476
altruistic|grandiose|impulsive|innovative|pessimistic|traditional,6,1.0,41.63052729937645,0.9440302193995838,0.8764595351782959,0.9308494379195079,0.27814325342088647,9.844848886449332
altruistic|grandiose|impulsive|innovative|introspective|pessimistic|traditional,7,1.0,37.76605631046798,0.9506108175862534,0.8741734857475418,0.9578353270845492,0.26494373780789443,9.320696250122651
altruistic|grandiose|impulsive|innovative|introspective|judgmental|pessimistic|traditional,8,1.0,33.821597750547795,0.9495225948715988,0.8993004089591743,0.9626154373779547,0.25073401994010164,8.818921762300526
altruistic|grandiose|impulsive|innovative|judgmental|pessimistic|traditional,7,1.0,37.7473830663411,0.9426127904121283,0.9013322275925001,0.936533440137821,0.26486714424010993,9.328820495355595
altruistic|grandiose|impulsive|introspective|pessimistic|traditional,6,1.0,39.49491690739756,0.9508684993997903,0.8730501482637708,0.938072340455619,0.2709323550230763,9.534122152653795
altruistic|grandiose|impulsive|introspective|judgmental|pessimistic|traditional,7,1.0,35.61513842261563,0.9497248593683836,0.8996539842171297,0.9395387540020065,0.2572792062357413,9.041448809628118
altruistic|grandiose|impulsive|judgmental|pessimistic|traditional,6,1.0,38.88800791641304,0.9429114946077082,0.9017786511027772,0.9208258587802547,0.268828391597655,9.473802922549671
altruistic|grandiose|impulsive|innovative|introspective|traditional,6,1.0,44.53427334701162,0.949112583961092,0.8716895535472408,0.8859883713534886,0.28769182182334846,10.257665385398452
altruistic|grandiose|impulsive|innovative|introspective|judgmental|traditional,7,1.0,42.784583992174824,0.9477177265606216,0.8844037481424856,0.8884854070367905,0.28199200631957616,10.045627108125498
altruistic|grandiose|impulsive|innovative|judgmental|traditional,6,1.0,46.09151774627729,0.9382626342263651,0.8855409237383044,0.8808231525869076,0.2926821541197411,10.4484408991339
altruistic|grandiose|impulsive|introspective|judgmental|traditional,6,1.0,43.94251254004108,0.9470466321889132,0.8777356762394689,0.889363598439147,0.28578356338205735,10.194097167434272
altruistic|grandiose|innovative|introspective|judgmental|manipulative,6,1.0,58.606760973150905,0.9014201762659875,0.8815142234787506,0.8712416822863591,0.3300238361656639,11.791972502182176
altruistic|grandiose|innovative|introspective|manipulative|optimistic,6,1.0,49.85149178410457,0.9048669078794301,0.8927346830018141,0.9436986413612766,0.30439292464368456,10.809873290892634
altruistic|grandiose|innovative|introspective|judgmental|manipulative|optimistic,7,1.0,45.31493208131421,0.9081725576788512,0.9150026844117745,0.9447599426809802,0.29027100857121535,10.32704718299236
altruistic|grandiose|innovative|judgmental|manipulative|optimistic,6,1.0,47.33112332397855,0.908831763798029,0.9134699363661491,0.9208528185164367,0.29663888194384536,10.546762563951699
altruistic|grandiose|introspective|judgmental|manipulative|optimistic,6,1.0,47.85093954330476,0.9072012951562771,0.9109908906216899,0.9251540336699635,0.2982591734562627,10.637192297422029
altruistic|grandiose|innovative|manipulative|optimistic|pessimistic,6,0.1,44.24345898430964,0.9257115616952856,0.8979550004535396,0.9258594548222284,0.286746231310662,10.145969135661808
altruistic|grandiose|innovative|introspective|manipulative|optimistic|pessimistic,7,0.1,41.783924212062416,0.9255196733197746,0.9024597020880438,0.9478817523266486,0.2786780201134694,9.863824732834916
altruistic|grandiose|innovative|introspective|judgmental|manipulative|optimistic|pessimistic,8,0.1,39.47482488460616,0.9247318571584981,0.9161767046263208,0.9529469989459397,0.270911467355177,9.547605707749444
altruistic|grandiose|innovative|judgmental|manipulative|optimistic|pessimistic,7,0.1,41.870369384920195,0.9249479003286254,0.9141373206695191,0.9269945408086792,0.2789937335123783,9.832684807118381
altruistic|grandiose|introspective|manipulative|optimistic|pessimistic,6,0.1,45.03630433012627,0.9250875096882414,0.8909343686286582,0.9316493446676655,0.28930520468973114,10.283782165047139
altruistic|grandiose|introspective|judgmental|manipulative|optimistic|pessimistic,7,0.1,42.065686803299684,0.924045820572393,0.9117875119502638,0.9323446755425274,0.2796348170987549,9.884171369568405
altruistic|grandiose|judgmental|manipulative|optimistic|pessimistic,6,0.1,42.929761173831416,0.9219649082527757,0.9139702011026705,0.9254440186188015,0.28247739505894914,10.038105238140139
altruistic|grandiose|manipulative|optimistic|pessimistic|traditional,6,0.1,44.20293848370652,0.9251984515648756,0.8999400828120828,0.9245290031890433,0.2866106474779661,10.164190965535388
altruistic|grandiose|innovative|manipulative|optimistic|pessimistic|traditional,7,0.1,43.35862082344092,0.92535765969945,0.8974848409564373,0.9386846220236288,0.2838822589883322,10.027841677970416
altruistic|grandiose|innovative|introspective|manipulative|optimistic|pessimistic|traditional,8,0.1,40.9962469329662,0.9252755829874009,0.9032965240548486,0.956706359272969,0.2760518402061513,9.762147387734965
altruistic|grandiose|innovative|introspective|judgmental|manipulative|optimistic|pessimistic|traditional,9,0.1,38.58935377985745,0.9244764119978783,0.9173016292917293,0.9624706297656412,0.26786702299630755,9.422709955093492
altruistic|grandiose|innovative|judgmental|manipulative|optimistic|pessimistic|traditional,8,0.1,40.783855277054144,0.9245787188320924,0.9143716780771785,0.9410077888013342,0.27536807623779097,9.681028329924894
altruistic|grandiose|introspective|manipulative|optimistic|pessimistic|traditional,7,0.1,42.455063534739836,0.9254336782328036,0.9047555415151808,0.9358199201418481,0.28089412976448663,9.9693767345111
altruistic|grandiose|introspective|judgmental|manipulative|optimistic|pessimistic|traditional,8,0.1,40.44815444663844,0.9244522272681294,0.9183017148669763,0.9382672035600584,0.27421169407126106,9.691218438282874
altruistic|grandiose|judgmental|manipulative|optimistic|pessimistic|traditional,7,0.1,41.95788636504408,0.9242686288919895,0.9158215683236837,0.9252961202347277,0.27927672918528784,9.869848155975145
altruistic|grandiose|innovative|manipulative|optimistic|traditional,6,1.0,51.09754209243476,0.9050178100992075,0.8886937394880915,0.9356269575953915,0.3081674310766185,10.906110685733461
altruistic|grandiose|innovative|introspective|manipulative|optimistic|traditional,7,1.0,49.07183275650276,0.904513817451525,0.8936171725123527,0.9527439870813614,0.30201376177762596,10.722866823561816
altruistic|grandiose|innovative|introspective|judgmental|manipulative|optimistic|traditional,8,1.0,44.4684937957914,0.9077590379338847,0.916274257021133,0.9541183053905089,0.28755659103577297,10.233157294958309
altruistic|grandiose|innovative|judgmental|manipulative|optimistic|traditional,7,1.0,46.20761682813855,0.9083270190575061,0.9139681158520541,0.935326815675712,0.2931114047454095,10.410483071655435
altruistic|grandiose|introspective|manipulative|optimistic|traditional,6,1.0,50.64219906950048,0.9050368441235439,0.8943511183586768,0.9305061007387188,0.30678989908606097,10.921427229043834
altruistic|grandiose|introspective|judgmental|manipulative|optimistic|traditional,7,1.0,46.3652820376847,0.9076851551053924,0.9169940177203072,0.9301446404032128,0.2936001639754225,10.477400827444097
altruistic|grandiose|judgmental|manipulative|optimistic|traditional,6,1.0,47.45833680025347,0.9081177382100026,0.9150617339261033,0.9189714839807536,0.29702968779074,10.58036764272761
altruistic|grandiose|innovative|introspective|manipulative|pessimistic,6,1.0,53.175593412420085,0.8997387672875469,0.8797332539557051,0.946536007925523,0.3143542835668406,11.174702444955358
altruistic|grandiose|innovative|introspective|judgmental|manipulative|pessimistic,7,1.0,48.27399374146398,0.9015934007079052,0.904498030185848,0.952618827367472,0.299578414793269,10.630586068873713
altruistic|grandiose|introspective|judgmental|manipulative|pessimistic,6,1.0,50.91752003584345,0.9021631048895005,0.8968551192579166,0.9328325463966994,0.30765950946903986,10.914643782375252
altruistic|grandiose|innovative|manipulative|pessimistic|traditional,6,1.0,55.757046324431066,0.8985626589753328,0.8696319690937033,0.9384340527205793,0.3218941678266838,11.367080634708492
altruistic|grandiose|innovative|introspective|manipulative|pessimistic|traditional,7,1.0,52.63229241859788,0.8997399537338492,0.879462118355541,0.9536001611396545,0.31274931775241654,11.123894087296392
altruistic|grandiose|innovative|introspective|judgmental|manipulative|pessimistic|traditional,8,1.0,47.63878767003806,0.9014140270891813,0.9046428638842343,0.9606813788009847,0.29760619703271785,10.565212849148967
altruistic|grandiose|innovative|judgmental|manipulative|pessimistic|traditional,7,1.0,50.00741833021673,0.901125363540279,0.9003681570149924,0.9410453002327431,0.30490740879489775,10.791461074772993
altruistic|grandiose|introspective|manipulative|pessimistic|traditional,6,1.0,54.49087153556993,0.8998805701985914,0.8764563817013856,0.9362050112233198,0.3182189774505928,11.348563426297153
altruistic|grandiose|introspective|judgmental|manipulative|pessimistic|traditional,7,1.0,49.36062020242656,0.9017406920284493,0.9046732846686509,0.9386191845233349,0.30292222232356913,10.781694167742621
altruistic|grandiose|judgmental|manipulative|pessimistic|traditional,6,1.0,51.07018123394188,0.9013927873072706,0.9012217050351202,0.9256561594099578,0.30811455270575855,10.927362122555557
altruistic|grandiose|innovative|introspective|manipulative|traditional,6,1.0,60.62286675956928,0.9010874374081829,0.870507043415247,0.8687735912972453,0.33561333067253357,12.037267916843806
altruistic|grandiose|innovative|introspective|judgmental|manipulative|traditional,7,1.0,58.75682400579884,0.9015881957414661,0.8816695972115004,0.8685091323730596,0.3304485554049835,11.809742669598194
altruistic|grandiose|innovative|judgmental|manipulative|traditional,6,1.0,62.5215850655733,0.9002183798181629,0.8588962626649563,0.8703497630367307,0.34089571706001337,12.09717789910487
altruistic|grandiose|introspective|judgmental|manipulative|traditional,6,1.0,60.859343161350125,0.9012961610169277,0.8674173360623112,0.8707157423474026,0.33631434758622714,12.061225428283757
altruistic|grandiose|innovative|introspective|judgmental|optimistic,6,1.0,64.66029991241332,0.8584967436360585,0.8869186275104726,0.9446729216643971,0.34660722392977644,12.251363642714606
altruistic|grandiose|innovative|introspective|optimistic|pessimistic,6,0.1,68.38786481032307,0.8720478797894605,0.8390933734091375,0.9391617878210651,0.3565187160592131,12.550350409376577
altruistic|grandiose|innovative|introspective|judgmental|optimistic|pessimistic,7,0.1,53.99114938085019,0.8894873272634423,0.8916972245375356,0.9516157171291216,0.3167797763643016,11.10980079752477
altruistic|grandiose|innovative|judgmental|optimistic|pessimistic,6,0.1,56.31837953084862,0.8895650251905158,0.8925975545743005,0.9215005081860153,0.3235229222510376,11.33780922056517
altruistic|grandiose|introspective|judgmental|optimistic|pessimistic,6,0.1,57.01693906147491,0.8869798388932563,0.8886052582740928,0.9299446185717812,0.3255210105475355,11.434797260950644
altruistic|grandiose|innovative|optimistic|pessimistic|traditional,6,0.1,67.88454157404172,0.8744938137420535,0.8422168242037654,0.9305019929447768,0.35520260985149954,12.467352659415806
altruistic|grandiose|innovative|introspective|optimistic|pessimistic|traditional,7,0.1,66.08575418564433,0.8739139008508472,0.8438190542584173,0.9513880972912486,0.3504719577642109,12.268572541285062
altruistic|grandiose|innovative|introspective|judgmental|optimistic|pessimistic|traditional,8,0.1,52.19148467403056,0.8908220157114467,0.894907842802367,0.9625194300912318,0.3114629302027462,10.903075026842892
altruistic|grandiose|innovative|judgmental|optimistic|pessimistic|traditional,7,0.1,53.97712516578125,0.8912448310699206,0.8950266812490433,0.9391396949664648,0.31674041326256525,11.07947160582809
altruistic|grandiose|introspective|optimistic|pessimistic|traditional,6,0.1,68.29350808176372,0.8719333786780278,0.8463214756692741,0.9272547855996199,0.35626370668623564,12.536909041555065
altruistic|grandiose|introspective|judgmental|optimistic|pessimistic|traditional,7,0.1,55.32379960676177,0.8876465430684469,0.89523289273852,0.9356293561478347,0.3206533312573779,11.285310201566977
altruistic|grandiose|judgmental|optimistic|pessimistic|traditional,6,0.1,56.28412300816118,0.8883373275589912,0.8957964659034293,0.9204311005423309,0.32342142123135986,11.376533000438064
altruistic|grandiose|innovative|introspective|optimistic|traditional,6,1.0,107.00022287260815,0.7762341192736297,0.7701006908165295,0.950435148464295,0.44587458319065315,15.780432628970733
altruistic|grandiose|innovative|introspective|judgmental|optimistic|traditional,7,1.0,62.9839181421793,0.8595436667981075,0.8903385295878217,0.9547321769360458,0.34209202172030745,12.09492581433546
altruistic|grandiose|innovative|judgmental|optimistic|traditional,6,1.0,64.62520251625371,0.8590290035531356,0.8913966453378637,0.9347622965556842,0.346518229302008,12.22279526852248
altruistic|grandiose|introspective|judgmental|optimistic|traditional,6,1.0,66.06583036268043,0.8562781993729761,0.8904375454712044,0.9292115915658308,0.3503448074667671,12.402140903502653
altruistic|grandiose|innovative|introspective|pessimistic|traditional,6,1.0,141.58891307530243,0.7140867365838046,0.6778679107097858,0.931308403719343,0.512813841603498,17.715452762912815
altruistic|grandiose|innovative|introspective|judgmental|pessimistic|traditional,7,1.0,76.53940049709847,0.8285194102199767,0.8609497933229189,0.9590059364123119,0.3770518005854561,13.156817158633363
altruistic|grandiose|innovative|judgmental|pessimistic|traditional,6,1.0,77.91123152111712,0.82977235625019,0.8613708350640741,0.9370124602698607,0.38041991683645426,13.271958583790353
altruistic|grandiose|innovative|introspective|judgmental|traditional,6,1.0,101.81224240983435,0.8094605468135015,0.7987065149745464,0.8390876932783895,0.4348311817487757,15.283707924814918
altruistic|impulsive|innovative|introspective|judgmental|manipulative,6,1.0,102.09737184570326,0.8924789571158804,0.6264818559360765,0.8534928109274103,0.4356154934633292,15.090750619407821
altruistic|impulsive|innovative|introspective|manipulative|optimistic,6,1.0,84.86809796360842,0.8821360576184336,0.7160548872281636,0.9323909215975185,0.39720275495157636,13.882059546044385
altruistic|impulsive|innovative|introspective|judgmental|manipulative|optimistic,7,1.0,80.6817027172793,0.8957539232899275,0.7167372874335773,0.9321049220925006,0.38728975945669686,13.408669782049655
altruistic|impulsive|innovative|judgmental|manipulative|optimistic,6,1.0,83.70292672179812,0.8936802658501682,0.717566582515622,0.9015796043595536,0.3944602226455576,13.79815138869661
altruistic|impulsive|introspective|judgmental|manipulative|optimistic,6,1.0,85.67010338954381,0.8957878503514143,0.7060763127225564,0.8916787012198728,0.3990384125281901,14.019711681026594
altruistic|impulsive|innovative|manipulative|optimistic|pessimistic,6,0.1,74.1770268646506,0.9176860455025541,0.7255952679401955,0.9145376224369465,0.3713060883461651,13.024943085411168
altruistic|impulsive|innovative|introspective|manipulative|optimistic|pessimistic,7,0.1,71.38663294429837,0.9180222082925177,0.7251762996634675,0.9478024715420071,0.3642769703497356,12.629151412105704
altruistic|impulsive|innovative|introspective|judgmental|manipulative|optimistic|pessimistic,8,0.1,71.3857456243918,0.9183684608048149,0.7238463192531368,0.948994421766922,0.36428327724395787,12.614303349187981
altruistic|impulsive|innovative|judgmental|manipulative|optimistic|pessimistic,7,0.1,74.52413703426188,0.9176897766827056,0.7238905814454126,0.9134636297757066,0.372182189768231,13.049335669882343
altruistic|impulsive|introspective|manipulative|optimistic|pessimistic,6,0.1,76.40126022454798,0.9183637013325043,0.7131621774117725,0.9084777933366691,0.3768060157553816,13.331897647337312
altruistic|impulsive|judgmental|manipulative|optimistic|pessimistic,6,0.1,76.30722234838181,0.9184622710699285,0.7153146929714578,0.9051339516665045,0.3765944370756768,13.23442703186713
altruistic|impulsive|manipulative|optimistic|pessimistic|traditional,6,0.01,77.10117136556023,0.9180348429901699,0.710626297741157,0.905797818232636,0.3785564723840678,13.334997553440939
altruistic|impulsive|innovative|manipulative|optimistic|pessimistic|traditional,7,0.1,59.0310565851113,0.9296732794203251,0.7871869511114505,0.9390645433854351,0.33126460880260705,11.454455416045592
altruistic|impulsive|innovative|introspective|manipulative|optimistic|pessimistic|traditional,8,0.1,56.27201771398002,0.9335172117259062,0.7867165379414705,0.9592937659579239,0.323443840722567,11.182124711308191
altruistic|impulsive|innovative|introspective|judgmental|manipulative|optimistic|pessimistic|traditional,9,0.1,55.941281012171636,0.9326378689452868,0.7883200918292046,0.9634449962140147,0.3225086116276359,11.14015205986531
altruistic|impulsive|innovative|judgmental|manipulative|optimistic|pessimistic|traditional,8,0.1,58.89188609786489,0.9285514614048492,0.7888308401286965,0.9416926957755275,0.33089265676609636,11.432387023085452
altruistic|impulsive|introspective|manipulative|optimistic|pessimistic|traditional,7,0.1,74.18216140603076,0.9234773466744296,0.7120665816673213,0.9186543359021644,0.37131213291692233,13.136581681568893
altruistic|impulsive|introspective|judgmental|manipulative|optimistic|pessimistic|traditional,8,0.1,73.5866331326601,0.9246481222596331,0.7137658928490538,0.9183829678175465,0.3698264488544047,13.047890037431387
altruistic|impulsive|judgmental|manipulative|optimistic|pessimistic|traditional,7,0.1,76.60475629276415,0.9189687194181257,0.7122391631454666,0.9053232126177825,0.377349316660214,13.27300883532842
altruistic|impulsive|innovative|manipulative|optimistic|traditional,6,0.1,66.01263500385285,0.9072121562997462,0.7873886282739393,0.9360388687157833,0.35031261104703665,12.233891225243994
altruistic|impulsive|innovative|introspective|manipulative|optimistic|traditional,7,0.1,62.505316224915454,0.9143435237457529,0.7871681580630399,0.9528482466192085,0.34089706350240456,11.78406941317577
altruistic|impulsive|innovative|introspective|judgmental|manipulative|optimistic|traditional,8,0.1,61.23802301057633,0.9181411069807485,0.7877489426928672,0.9531916158123411,0.3374393184808836,11.662971329550984
altruistic|impulsive|innovative|judgmental|manipulative|optimistic|traditional,7,0.1,64.89783864042573,0.91063183792357,0.7879072499407677,0.9359877769923819,0.34736627978786844,12.087081274445547
altruistic|impulsive|introspective|manipulative|optimistic|traditional,6,1.0,90.2646259951125,0.8863887775954941,0.69619909425748,0.8886041389486977,0.4096311902459341,14.347546572294451
altruistic|impulsive|introspective|judgmental|manipulative|optimistic|traditional,7,1.0,82.0667010184361,0.90518924107894,0.7078242943781788,0.8976773892315963,0.3905718662122718,13.710633967827958
altruistic|impulsive|judgmental|manipulative|optimistic|traditional,6,1.0,86.7808673600405,0.8938909873326532,0.7031988358710948,0.8902775174507441,0.4016635698930612,14.123223080245815
altruistic|impulsive|innovative|introspective|manipulative|pessimistic,6,1.0,75.98317273400262,0.902479539323071,0.7257380047270809,0.9478526840120828,0.37580793527241046,13.120772222214748
altruistic|impulsive|innovative|introspective|judgmental|manipulative|pessimistic,7,1.0,74.96452212314622,0.906318992244421,0.7242745777921513,0.9488453287584475,0.37329495009840774,12.95960869133184
altruistic|impulsive|innovative|judgmental|manipulative|pessimistic,6,1.0,78.09954913589863,0.9053487993072601,0.724694241644426,0.9137065687841234,0.3810011276208637,13.388437676503104
altruistic|impulsive|introspective|judgmental|manipulative|pessimistic,6,1.0,79.63842985448345,0.9066300311486226,0.7150818356582282,0.9084709001198557,0.3847120720449935,13.592556005125237
altruistic|impulsive|innovative|manipulative|pessimistic|traditional,6,0.1,62.81685017745802,0.9229640049230418,0.7766519833997257,0.9374078788325048,0.34171232899219894,11.951331447049098
altruistic|impulsive|innovative|introspective|manipulative|pessimistic|traditional,7,0.1,59.85275338505646,0.9278161176722939,0.7751058888028339,0.9584205112477533,0.33357266160694254,11.583221485036717
altruistic|impulsive|innovative|introspective|judgmental|manipulative|pessimistic|traditional,8,0.1,58.95564075920947,0.9277143890871118,0.7785872490613264,0.963082236101093,0.33108087633759675,11.46394534795742
altruistic|impulsive|innovative|judgmental|manipulative|pessimistic|traditional,7,0.1,62.20125407697948,0.922421849276448,0.7799809006071341,0.9405274256170492,0.3400558773935979,11.851920567358759
altruistic|impulsive|introspective|manipulative|pessimistic|traditional,6,1.0,79.02241741504001,0.9072638898374197,0.7134858497773413,0.9165028633141933,0.38324147882522425,13.547148515982467
altruistic|impulsive|judgmental|manipulative|pessimistic|traditional,6,1.0,80.36765192222613,0.9056976571189627,0.713911875640076,0.9050168412205317,0.38651088002463885,13.643294151292155
altruistic|impulsive|innovative|introspective|manipulative|traditional,6,1.0,105.13469848778871,0.8883406300578007,0.6282537582741909,0.8285661244480079,0.4420332772005064,15.415355942359323
altruistic|impulsive|innovative|introspective|judgmental|manipulative|traditional,7,1.0,91.33662699614732,0.9088273788072837,0.6620973420605892,0.8576773204566788,0.4120126985734967,14.382598726987098
altruistic|impulsive|innovative|judgmental|manipulative|traditional,6,1.0,95.90472298685626,0.8984388467263134,0.6553950815798182,0.8525499190133566,0.422231185864477,14.759286833446629
altruistic|impulsive|introspective|judgmental|manipulative|traditional,6,1.0,99.10379100241744,0.9020191926675596,0.6341066764146059,0.8409784844939798,0.42913009920745804,14.905626763238068
altruistic|impulsive|innovative|introspective|judgmental|optimistic,6,1.0,80.78672305437759,0.8947449067095327,0.7185284586325477,0.9312517908106339,0.38752505175642527,13.325660788690946
altruistic|impulsive|innovative|introspective|optimistic|pessimistic,6,0.1,71.47329299580414,0.9162647030542155,0.7280776911137757,0.9477872630833786,0.36448908319294937,12.58731368674111
altruistic|impulsive|innovative|introspective|judgmental|optimistic|pessimistic,7,0.1,71.37390244089102,0.9176513542319986,0.7256876867033184,0.9483637645021993,0.36424257378410374,12.578515700268946
altruistic|impulsive|innovative|judgmental|optimistic|pessimistic,6,0.1,75.22089976294751,0.9153726507631017,0.7254271941592001,0.9106492803986188,0.37390925501680505,13.05999510322299
altruistic|impulsive|introspective|judgmental|optimistic|pessimistic,6,0.1,76.26016104510408,0.9173472598502128,0.7154385660793021,0.9096361763146634,0.3764592803948724,13.244745978879306
altruistic|impulsive|innovative|optimistic|pessimistic|traditional,6,0.1,60.12872018422463,0.9273202861511497,0.7877575401537941,0.9333010848543496,0.33432645817961126,11.538441187068498
altruistic|impulsive|innovative|introspective|optimistic|pessimistic|traditional,7,0.1,56.100340712847846,0.9336792863666147,0.7873419703302666,0.9595973548417568,0.3229540137653393,11.138745078707608
altruistic|impulsive|innovative|introspective|judgmental|optimistic|pessimistic|traditional,8,0.1,55.660178808583325,0.9327931913357702,0.7896816639606467,0.9637454888807503,0.3216961144416378,11.1081478992775
altruistic|impulsive|innovative|judgmental|optimistic|pessimistic|traditional,7,0.1,59.59165295821672,0.9265769658976182,0.7900001792265763,0.9382637356786137,0.332845643173289,11.464602804973334
altruistic|impulsive|introspective|judgmental|optimistic|pessimistic|traditional,7,0.1,73.32052440240192,0.9249870452974003,0.714680387850799,0.9186487171394992,0.3691597078852297,13.004848845577335
altruistic|impulsive|judgmental|optimistic|pessimistic|traditional,6,0.1,77.42689067569171,0.9159966385961873,0.7134109842291214,0.9040776920609431,0.37935698602797224,13.278382838166413
altruistic|impulsive|innovative|introspective|optimistic|traditional,6,0.1,62.47483281050061,0.9138559653312923,0.7881305665273677,0.9531820311881096,0.34081767242116295,11.759374302613683
altruistic|impulsive|innovative|introspective|judgmental|optimistic|traditional,7,0.1,60.93441951920602,0.9182746410047613,0.789225153958686,0.9536298295357549,0.33660078409634825,11.628615664166091
altruistic|impulsive|innovative|judgmental|optimistic|traditional,6,0.1,65.84315655758232,0.9074434886003749,0.7894069543247442,0.9334198022325242,0.34987495777412303,12.133903502380646
altruistic|impulsive|innovative|introspective|judgmental|pessimistic,6,1.0,75.02711817488755,0.9055610079011782,0.7257450914358781,0.9481526158612081,0.3734410189976713,12.902971723488754
altruistic|impulsive|innovative|introspective|pessimistic|traditional,6,0.1,59.7647867050588,0.9280019758118347,0.7751082507068552,0.9587710911512837,0.33333497205527607,11.549017659973188
altruistic|impulsive|innovative|introspective|judgmental|pessimistic|traditional,7,0.1,58.76241441976348,0.927902235721762,0.7793200849924352,0.9633692777524491,0.330537803441735,11.438996917039956
altruistic|impulsive|innovative|judgmental|pessimistic|traditional,6,0.1,63.00482216206584,0.920378701756466,0.7806492757354994,0.9370279407723531,0.3422384435809765,11.88135656618045
altruistic|impulsive|introspective|judgmental|pessimistic|traditional,6,1.0,76.40449403157842,0.9147714119557371,0.7155216854734157,0.916985343877046,0.3768458034697589,13.258270326002583
altruistic|impulsive|innovative|introspective|judgmental|traditional,6,1.0,91.20411176055264,0.9088363769074458,0.663459480949945,0.85681973281714,0.41169217971902367,14.344602093946847
altruistic|innovative|introspective|judgmental|manipulative|optimistic,6,1.0,89.60520647974167,0.8776458253290309,0.6964684182827684,0.927901273917561,0.4081521481899895,14.455455395424277
altruistic|innovative|introspective|manipulative|optimistic|pessimistic,6,0.1,79.87968599032699,0.9043566927499139,0.7007762845318529,0.9403987670677758,0.38533137254674843,13.601927746838236
altruistic|innovative|introspective|judgmental|manipulative|optimistic|pessimistic,7,0.1,79.49665173126611,0.9055062035285775,0.6999594430766553,0.9422841083460121,0.3844237650004566,13.578254518063737
altruistic|innovative|judgmental|manipulative|optimistic|pessimistic,6,0.1,81.55683174589515,0.9054877601992345,0.7016952976394498,0.9142323744300958,0.3893546798903301,13.834355280434341
altruistic|introspective|judgmental|manipulative|optimistic|pessimistic,6,0.1,82.6397383759464,0.9055508801751337,0.6978244481149043,0.908161318192273,0.39192179788251735,14.015636706640795
altruistic|innovative|manipulative|optimistic|pessimistic|traditional,6,0.1,66.14799215720925,0.9101130199674456,0.7791965731609322,0.9391149575010306,0.3506728690300388,12.350290391700332
altruistic|innovative|introspective|manipulative|optimistic|pessimistic|traditional,7,0.1,63.7884154495375,0.9101665759696304,0.7847753294961421,0.9570201379885742,0.34437720065857913,12.129485144981833
altruistic|innovative|introspective|judgmental|manipulative|optimistic|pessimistic|traditional,8,0.1,62.89367294988453,0.9103410762087603,0.7874418252180417,0.9621227112980585,0.34198072074337327,12.023772617884443
altruistic|innovative|judgmental|manipulative|optimistic|pessimistic|traditional,7,0.1,65.26675508277074,0.9105422826617876,0.7830000425808689,0.9409828342928849,0.34835925135982154,12.244952424824158
altruistic|introspective|manipulative|optimistic|pessimistic|traditional,6,0.1,81.9422055668978,0.9036578100954974,0.7029819800852761,0.9139090210920421,0.3902594058837208,14.020815510314659
altruistic|introspective|judgmental|manipulative|optimistic|pessimistic|traditional,7,0.1,81.05169393166116,0.9062632082247892,0.7038297875446706,0.9135224441788234,0.3881492325675081,13.931267615464977
altruistic|judgmental|manipulative|optimistic|pessimistic|traditional,6,0.1,84.58122406211066,0.9065479693675125,0.684400941755558,0.9060038972276445,0.39651452616338495,14.108570774729086
altruistic|innovative|introspective|manipulative|optimistic|traditional,6,0.1,74.91461986437076,0.8741882928102759,0.7853848059687378,0.9523884134304392,0.3731973822785895,13.227373979948995
altruistic|innovative|introspective|judgmental|manipulative|optimistic|traditional,7,0.1,70.80018929241864,0.8864174822656677,0.7877698163771334,0.9529534262268285,0.36284776220792814,12.829998417791959
altruistic|innovative|judgmental|manipulative|optimistic|traditional,6,0.1,72.8461361374721,0.8871623790311284,0.7830920565522274,0.9342381967988072,0.36803963766920456,12.983984970315097
altruistic|introspective|judgmental|manipulative|optimistic|traditional,6,1.0,91.28105115052922,0.878665311111574,0.7008620820449382,0.8957550300692643,0.4119326657943111,14.7514062852154
altruistic|innovative|introspective|judgmental|manipulative|pessimistic,6,1.0,87.94604928943671,0.8807036275677226,0.6937357925972554,0.9420613181744893,0.40433589749247084,14.416886800592026
altruistic|innovative|introspective|manipulative|pessimistic|traditional,6,0.1,75.37906840469881,0.884887434827898,0.7605504417471672,0.9542337306062488,0.37432934476645663,13.338815617455882
altruistic|innovative|introspective|judgmental|manipulative|pessimistic|traditional,7,0.1,72.11394938452085,0.8894213067556445,0.7692147262617355,0.9608284841409688,0.3661807046590519,13.038101322915937
altruistic|innovative|judgmental|manipulative|pessimistic|traditional,6,0.1,74.83421770947143,0.889349613949257,0.7623575400099294,0.940985032073215,0.37301218796857366,13.24572026516536
altruistic|introspective|judgmental|manipulative|pessimistic|traditional,6,1.0,89.5346904847984,0.8790070810785615,0.701997269078805,0.9136118771821438,0.40796163993679696,14.717670097424218
altruistic|innovative|introspective|judgmental|manipulative|traditional,6,1.0,115.29247357724412,0.8868553142553247,0.5754315435476416,0.8101085725144515,0.46281751115684683,16.373126024788174
altruistic|innovative|introspective|judgmental|optimistic|pessimistic,6,0.1,94.26406485958698,0.8706201714002841,0.673156362950767,0.940937861146224,0.4185758753089289,14.968691065550555
altruistic|innovative|introspective|optimistic|pessimistic|traditional,6,0.1,89.21039683426523,0.8433290330392567,0.7533642728305772,0.9517406840862608,0.4072277291415459,14.36847817248153
altruistic|innovative|introspective|judgmental|optimistic|pessimistic|traditional,7,0.1,76.5813395973984,0.8723911065112979,0.7727765281745737,0.9623525672722694,0.37731805574031146,13.413766488750477
altruistic|innovative|judgmental|optimistic|pessimistic|traditional,6,0.1,78.727233526124,0.8725697301391516,0.7708968841024855,0.9392569342224645,0.38255764432572525,13.566241156693449
altruistic|introspective|judgmental|optimistic|pessimistic|traditional,6,0.1,96.36939626690116,0.8714822204011093,0.6743207027700808,0.9101550545773487,0.42321502290631297,15.294702301371373
altruistic|innovative|introspective|judgmental|optimistic|traditional,6,0.1,90.00592916419673,0.8295307962188234,0.7740300794806417,0.9540969421420392,0.4089915985746925,14.566435612337852
forgiving|grandiose|impulsive|innovative|introspective|judgmental,6,1.0,39.71930080836342,0.9476577975999729,0.889251688082905,0.9167587581978276,0.27171015548111693,9.654992095015501
forgiving|grandiose|impulsive|innovative|introspective|manipulative,6,1.0,42.638730480512166,0.9468674418572419,0.8705540933364764,0.9193460129847377,0.28148283495615745,9.890765089187427
forgiving|grandiose|impulsive|innovative|introspective|judgmental|manipulative,7,1.0,38.59810548082455,0.9466375776482522,0.8973148315450964,0.919017340315243,0.2678424066451477,9.478572698472785
forgiving|grandiose|impulsive|innovative|judgmental|manipulative,6,1.0,42.80642386567426,0.9415530331938216,0.8809864218295155,0.917001078850394,0.28209398585004125,9.967801110330946
forgiving|grandiose|impulsive|introspective|judgmental|manipulative,6,1.0,48.41799250831687,0.9307361299711798,0.8722042200821012,0.9048875202444029,0.3000157874527148,10.69870318050532
forgiving|grandiose|impulsive|innovative|manipulative|optimistic,6,1.0,40.10028428243378,0.9532786234458601,0.8758792326755124,0.9168083703823581,0.2729567718488463,9.55889657274291
forgiving|grandiose|impulsive|innovative|introspective|manipulative|optimistic,7,1.0,39.29601740769415,0.9532060833421172,0.875870231043253,0.9268542615796435,0.2701993495198827,9.47192492808363
forgiving|grandiose|impulsive|innovative|introspective|judgmental|manipulative|optimistic,8,1.0,35.152787000412296,0.9528990886329965,0.9034163597923891,0.9265836449176419,0.2555851554832475,9.011599867686835
forgiving|grandiose|impulsive|innovative|judgmental|manipulative|optimistic,7,1.0,36.16522004153659,0.9529226460713589,0.9021897679482616,0.916506729245987,0.25924487494192344,9.136462181603614
forgiving|grandiose|impulsive|introspective|manipulative|optimistic,6,1.0,44.396147090348165,0.9496734131477328,0.8624273311787002,0.9029273322081592,0.28724515166644454,10.07249857070685
forgiving|grandiose|impulsive|introspective|judgmental|manipulative|optimistic,7,1.0,39.395298225542106,0.9492488639545463,0.8958713332397619,0.9025418027691264,0.27058902570670057,9.574278389008844
forgiving|grandiose|impulsive|judgmental|manipulative|optimistic,6,1.0,41.023797164542415,0.9441081413599228,0.8954689748876573,0.9023730455406823,0.27611238125832804,9.80237781090574
forgiving|grandiose|impulsive|manipulative|optimistic|pessimistic,6,0.1,41.33751679431583,0.9455489943723713,0.8786553120069445,0.9249121504680369,0.27711814119297734,9.781991421856642
forgiving|grandiose|impulsive|innovative|manipulative|optimistic|pessimistic,7,0.1,34.96623289339873,0.9565187984400719,0.8939004816501582,0.9335429068958916,0.25486803734367014,8.806562927130026
forgiving|grandiose|impulsive|innovative|introspective|manipulative|optimistic|pessimistic,8,0.1,34.16297147461268,0.9564109390652215,0.893882801290477,0.9437081878736773,0.25192053683601967,8.714034043874825
forgiving|grandiose|impulsive|innovative|introspective|judgmental|manipulative|optimistic|pessimistic,9,0.1,31.89605086135246,0.9555909059362689,0.9079321871062058,0.9478166551996797,0.2434441312417525,8.445786830388355
forgiving|grandiose|impulsive|innovative|judgmental|manipulative|optimistic|pessimistic,8,0.1,32.79045178902092,0.9556552192295353,0.9068666652802189,0.9387272067062068,0.24683742861005847,8.542206808691912
forgiving|grandiose|impulsive|introspective|manipulative|optimistic|pessimistic,7,0.1,38.5264983765859,0.9520970456272345,0.8842167396261182,0.9245742894732376,0.2675546318408895,9.300871417741275
forgiving|grandiose|impulsive|introspective|judgmental|manipulative|optimistic|pessimistic,8,0.1,35.86865152100225,0.9515475964391067,0.9011785987604991,0.9270186446104562,0.25817693093113414,8.99738722947783
forgiving|grandiose|impulsive|judgmental|manipulative|optimistic|pessimistic,7,0.1,37.55768167419857,0.9461803596905104,0.9008442012302599,0.9268326685417716,0.2641683944298717,9.240739196825885
forgiving|grandiose|impulsive|manipulative|optimistic|pessimistic|traditional,7,0.1,34.915708389291204,0.9577074311353548,0.894988986181521,0.9277655047466611,0.2546886107054451,8.842321735704665
forgiving|grandiose|impulsive|innovative|manipulative|optimistic|pessimistic|traditional,8,0.1,33.91486683047536,0.9574562210868933,0.893864142612169,0.9428666018789938,0.2510241450949545,8.683870299784466
forgiving|grandiose|impulsive|innovative|introspective|manipulative|optimistic|pessimistic|traditional,9,0.1,33.2576703434703,0.9572762121524416,0.8940719136767442,0.951104614013637,0.24857743640849947,8.609759357780257
forgiving|grandiose|impulsive|innovative|introspective|judgmental|manipulative|optimistic|pessimistic|traditional,10,0.1,30.862580574320738,0.9562887700062067,0.9087770374819747,0.9561593933418736,0.23948364725163174,8.336479255075327
forgiving|grandiose|impulsive|innovative|judgmental|manipulative|optimistic|pessimistic|traditional,9,0.1,31.642304670847484,0.9563807421344378,0.907318921533129,0.9490936600581229,0.24249277271621905,8.417630870362201
forgiving|grandiose|impulsive|introspective|manipulative|optimistic|pessimistic|traditional,8,0.1,34.91310183951565,0.9574390803527623,0.8944008546324849,0.9298770750177598,0.2546787580769916,8.845143042141993
forgiving|grandiose|impulsive|introspective|judgmental|manipulative|optimistic|pessimistic|traditional,9,0.1,32.73025085818465,0.9564133326647238,0.908981486089606,0.9327306636393508,0.2466124860620004,8.60118775699086
forgiving|grandiose|impulsive|judgmental|manipulative|optimistic|pessimistic|traditional,8,0.1,32.942245336178004,0.956559766432201,0.9080695980266961,0.9313266140127835,0.24741164722930453,8.61332487263034
forgiving|grandiose|impulsive|manipulative|optimistic|traditional,6,1.0,40.556963650273346,0.9549388685674866,0.8744710396568715,0.9078118712767871,0.27451678061225976,9.623932386775634
forgiving|grandiose|impulsive|innovative|manipulative|optimistic|traditional,7,1.0,38.62528070078149,0.9547731860063977,0.875735642957796,0.9294519974453552,0.26789991641276045,9.382199440257203
forgiving|grandiose|impulsive|innovative|introspective|manipulative|optimistic|traditional,8,1.0,38.05474930357219,0.9546096440601396,0.8758086702673801,0.9368461391439573,0.26590756748114536,9.322526450211708
forgiving|grandiose|impulsive|innovative|introspective|judgmental|manipulative|optimistic|traditional,9,0.1,33.83074753914085,0.9541455603222829,0.9036080028720679,0.937656522372265,0.25074383630630687,8.82057014341845
forgiving|grandiose|impulsive|innovative|judgmental|manipulative|optimistic|traditional,8,1.0,34.63914153935084,0.9541804719823292,0.9025734465292902,0.9296482855986816,0.2537279719682806,8.958547445457546
forgiving|grandiose|impulsive|introspective|manipulative|optimistic|traditional,7,1.0,40.63402990190394,0.9547352129065448,0.8738410524743497,0.9088024916818209,0.2747765619746123,9.637971320611843
forgiving|grandiose|impulsive|introspective|judgmental|manipulative|optimistic|traditional,8,1.0,36.19840494935162,0.9542034169815544,0.9037847826548413,0.9084428187906058,0.25936536790838394,9.172816695339225
forgiving|grandiose|impulsive|judgmental|manipulative|optimistic|traditional,7,1.0,36.40948675984223,0.9543012665410467,0.9028297683414612,0.9073022911236951,0.26012371175782806,9.191568147511447
forgiving|grandiose|impulsive|innovative|manipulative|pessimistic,6,1.0,40.555668582332224,0.9566441585927219,0.8619104674827764,0.9251292804529756,0.27449848735043386,9.501619579531054
forgiving|grandiose|impulsive|innovative|introspective|manipulative|pessimistic,7,1.0,37.91118713770629,0.9565576950022358,0.8702675289719188,0.9419245379673788,0.2653784803423145,9.171597926842876
forgiving|grandiose|impulsive|innovative|introspective|judgmental|manipulative|pessimistic,8,1.0,33.735526276498646,0.9559041223801775,0.8974046399256719,0.9440604607315165,0.25036774550641566,8.716595023144428
forgiving|grandiose|impulsive|innovative|judgmental|manipulative|pessimistic,7,1.0,36.345089584081705,0.9559818230719253,0.8897136039160493,0.9265014458370426,0.2598822827787218,9.053057767206923
forgiving|grandiose|impulsive|introspective|judgmental|manipulative|pessimistic,7,1.0,40.52881920907082,0.9508157836111325,0.8804183876805187,0.9119538837517299,0.2744588392651415,9.61821301329458
forgiving|grandiose|impulsive|manipulative|pessimistic|traditional,6,1.0,42.15794007330459,0.9573674390065776,0.8548393675191566,0.9162542388874412,0.27988033223556913,9.718191604158898
forgiving|grandiose|impulsive|innovative|manipulative|pessimistic|traditional,7,1.0,38.99494800935861,0.9573449899660098,0.8626055910883993,0.9401208032318326,0.26918064515183227,9.282771610359704
forgiving|grandiose|impulsive|innovative|introspective|manipulative|pessimistic|traditional,8,0.1,36.99347185072949,0.9572324521608168,0.8698119076347446,0.9513802321645133,0.26216058633855943,8.998025865784836
forgiving|grandiose|impulsive|innovative|introspective|judgmental|manipulative|pessimistic|traditional,9,0.1,32.694040190991736,0.9565496253932153,0.8969658700551356,0.9550904372517085,0.2464883722069115,8.5402462921269
forgiving|grandiose|impulsive|innovative|judgmental|manipulative|pessimistic|traditional,8,1.0,34.74739079472567,0.9566612037503353,0.8897640003086592,0.9432275456511535,0.25412278515821635,8.834033014087774
forgiving|grandiose|impulsive|introspective|manipulative|pessimistic|traditional,7,1.0,41.10461651289387,0.9572210566379694,0.859122420812912,0.9216100781191446,0.2763431202312468,9.620156895501554
forgiving|grandiose|impulsive|introspective|judgmental|manipulative|pessimistic|traditional,8,1.0,35.99121033461565,0.9565749943469339,0.8934329970951654,0.9216928097235828,0.25860766835356247,9.048944538947756
forgiving|grandiose|impulsive|judgmental|manipulative|pessimistic|traditional,7,1.0,37.29583399190105,0.9566608163752875,0.8876729718560452,0.9162955249632393,0.26326623769180035,9.19344078342795
forgiving|grandiose|impulsive|innovative|manipulative|traditional,6,1.0,45.213975668716685,0.9412834742688448,0.8623004336491226,0.9237988908059896,0.28990070517091604,10.191677319527244
forgiving|grandiose|impulsive|innovative|introspective|manipulative|traditional,7,1.0,42.37678611986053,0.9467126199899661,0.8701949508516041,0.9237270145978645,0.2806247492609383,9.868625735079972
forgiving|grandiose|impulsive|innovative|introspective|judgmental|manipulative|traditional,8,1.0,38.35939301920506,0.9463645272470668,0.896971748345817,0.923518827463113,0.2670212195532929,9.463720827085766
forgiving|grandiose|impulsive|innovative|judgmental|manipulative|traditional,7,1.0,42.01072836465855,0.9413547305720537,0.8829601286605162,0.9236363933861579,0.2794716969753268,9.869132469782318
forgiving|grandiose|impulsive|introspective|manipulative|traditional,6,1.0,45.871908695529996,0.9443822260127266,0.8596223302269927,0.9096570464543156,0.2919663338596338,10.304931296406078
forgiving|grandiose|impulsive|introspective|judgmental|manipulative|traditional,7,1.0,41.26400771873521,0.9437818698527541,0.8908523951389389,0.9092222831416095,0.27693626774230556,9.838645657380553
forgiving|grandiose|impulsive|judgmental|manipulative|traditional,6,1.0,45.05047019003566,0.9385904401292015,0.8764087453140919,0.9091806438807251,0.2893920773531645,10.271919992677795
forgiving|grandiose|impulsive|innovative|introspective|optimistic,6,1.0,42.56841645755414,0.9537496111606115,0.8539325744728654,0.9260587042462927,0.28127350759147984,9.872863887689952
forgiving|grandiose|impulsive|innovative|introspective|judgmental|optimistic,7,1.0,36.84066744850856,0.9529723550855583,0.8927496993268915,0.925730781785213,0.26167085654253674,9.231162846331648
forgiving|grandiose|impulsive|innovative|judgmental|optimistic,6,1.0,37.38682371616645,0.9530619791468545,0.893693720289303,0.9170167422374318,0.26360468328525005,9.303872245761816
forgiving|grandiose|impulsive|introspective|judgmental|optimistic,6,1.0,40.368216294517,0.9496982580257113,0.8883242836590004,0.9031446463905677,0.2739306926575164,9.694363790255867
forgiving|grandiose|impulsive|innovative|optimistic|pessimistic,6,0.1,37.517756810150104,0.9569241305170146,0.8759024945002791,0.9346318435219841,0.26405237173100043,9.197640442894441
forgiving|grandiose|impulsive|innovative|introspective|optimistic|pessimistic,7,0.1,37.00121088087376,0.9567516734070344,0.8747146057185566,0.9437089852655915,0.262237417819561,9.129972781585405
forgiving|grandiose|impulsive|innovative|introspective|judgmental|optimistic|pessimistic,8,0.1,33.631310494916406,0.9557957371471162,0.8967673067179845,0.946806246298086,0.2500124940479321,8.719310269424085
forgiving|grandiose|impulsive|innovative|judgmental|optimistic|pessimistic,7,0.1,34.04658120416177,0.9558779039384815,0.8979029526783023,0.9393573389049513,0.2515496413035585,8.757782589362867
forgiving|grandiose|impulsive|introspective|optimistic|pessimistic,6,0.1,40.44689744149194,0.9527705162605846,0.8697727109902742,0.9256274828133324,0.27420406029169525,9.536007267805637
forgiving|grandiose|impulsive|optimistic|pessimistic|traditional,6,0.1,37.8365600832562,0.9577147246537161,0.8751398727209332,0.9292817196396612,0.2651796838327569,9.224915148125147
forgiving|grandiose|impulsive|innovative|optimistic|pessimistic|traditional,7,0.1,36.80609305284348,0.9573784816028196,0.8750631136173944,0.9431023904043819,0.26155425839903507,9.089737828634298
forgiving|grandiose|impulsive|innovative|introspective|optimistic|pessimistic|traditional,8,0.1,36.41747443591505,0.9570696862748087,0.8738876602675764,0.9511035917529607,0.2601792587824918,9.036548391206113
forgiving|grandiose|impulsive|innovative|introspective|judgmental|optimistic|pessimistic|traditional,9,0.1,32.82180853299064,0.9560221591640544,0.8969134687152652,0.9554539404575052,0.24700429638002067,8.606760861860867
forgiving|grandiose|impulsive|innovative|judgmental|optimistic|pessimistic|traditional,8,0.1,33.11937590741934,0.9561707778055852,0.8979766527437445,0.9493272237318162,0.2481186356261814,8.631074343393026
forgiving|grandiose|impulsive|introspective|optimistic|pessimistic|traditional,7,0.1,38.0014581096954,0.9572245440767858,0.8743252771093579,0.9305532648479091,0.26576912457664625,9.227567153708623
forgiving|grandiose|impulsive|introspective|judgmental|optimistic|pessimistic|traditional,8,0.1,34.621025072020714,0.9561233973885519,0.8972266850266963,0.9327369752489548,0.2536712927615268,8.829402803924825
forgiving|grandiose|impulsive|judgmental|optimistic|pessimistic|traditional,7,0.1,34.39746383917171,0.9563717491164943,0.8984576197761245,0.9322498972193145,0.25284753783208813,8.809654507360678
forgiving|grandiose|impulsive|innovative|optimistic|traditional,6,1.0,41.76899983998618,0.9550817324702368,0.8544532668020183,0.9298830578645313,0.2786270285448273,9.771043115090258
forgiving|grandiose|impulsive|innovative|introspective|optimistic|traditional,7,1.0,41.49973383580287,0.9546161308466575,0.8534667673420245,0.93666377973689,0.2777345315297175,9.731178269355057
forgiving|grandiose|impulsive|innovative|introspective|judgmental|optimistic|traditional,8,1.0,35.7234212728187,0.9536709095991159,0.8928280213408841,0.936523051566243,0.2576871282794558,9.088968177738034
forgiving|grandiose|impulsive|innovative|judgmental|optimistic|traditional,7,1.0,36.045655674745724,0.9539045393810928,0.893751538459789,0.9300358407330768,0.2588476935166214,9.129058190514064
forgiving|grandiose|impulsive|introspective|optimistic|traditional,6,1.0,44.1045595319051,0.9547496298989191,0.8512652219594664,0.9087004783511184,0.28632515776494966,10.004667259878167
forgiving|grandiose|impulsive|introspective|judgmental|optimistic|traditional,7,1.0,38.05537703395731,0.9537529191997343,0.8925825851340523,0.9084445565291916,0.2659585979354992,9.361696356127943
forgiving|grandiose|impulsive|judgmental|optimistic|traditional,6,1.0,37.84046391859741,0.9540412708919815,0.8936470835634748,0.9080120137324721,0.26520498308477886,9.345934561761123
forgiving|grandiose|impulsive|innovative|introspective|pessimistic,6,1.0,40.49312302102779,0.9568314874157607,0.8530648556602398,0.9416589423770523,0.2743083729577925,9.504971386837235
forgiving|grandiose|impulsive|innovative|introspective|judgmental|pessimistic,7,1.0,35.107436345006434,0.9560291032529004,0.8887076719509116,0.9431828416778203,0.2554251655758751,8.93286272192806
forgiving|grandiose|impulsive|innovative|judgmental|pessimistic,6,1.0,36.80166113930865,0.9561984726745404,0.8861801053339147,0.9267453838723606,0.2615207672413737,9.139785515917367
forgiving|grandiose|impulsive|innovative|pessimistic|traditional,6,0.1,40.38068628467344,0.9575643668898958,0.8529190761702825,0.9405181884477452,0.2739552907509857,9.445571362447446
forgiving|grandiose|impulsive|innovative|introspective|pessimistic|traditional,7,0.1,39.62254653863352,0.9571067721603217,0.8528808024802046,0.9514583852019799,0.2713680290957031,9.350741336548674
forgiving|grandiose|impulsive|innovative|introspective|judgmental|pessimistic|traditional,8,0.1,34.15345360982773,0.9563673152818837,0.888002333562495,0.9547499134983473,0.2519536130799492,8.770910133298173
forgiving|grandiose|impulsive|innovative|judgmental|pessimistic|traditional,7,0.1,35.2209400942544,0.956734613733293,0.8858881537626299,0.9444089734802108,0.2558656949356647,8.87387631299062
forgiving|grandiose|impulsive|judgmental|pessimistic|traditional,6,1.0,37.82197662726403,0.9567582032933766,0.8838514516843673,0.9166664915821063,0.2651288172763776,9.261302738180111
forgiving|grandiose|impulsive|innovative|introspective|traditional,6,1.0,44.966057339440596,0.9480270904073061,0.8517347574273465,0.9219310076489843,0.2891058097860899,10.206149206142735
forgiving|grandiose|impulsive|innovative|introspective|judgmental|traditional,7,1.0,39.494936490546294,0.9472689064310506,0.8888953119877404,0.921525155565085,0.2709524389085422,9.641560370734357
forgiving|grandiose|impulsive|innovative|judgmental|traditional,6,1.0,41.655938622040665,0.9429215047020002,0.8830591122984054,0.9220822748385895,0.27827534294383627,9.877024308096985
forgiving|grandiose|impulsive|introspective|judgmental|traditional,6,1.0,42.091482733318244,0.94479373660194,0.8840118672591866,0.9082520920390936,0.2797089345836565,9.921831491528517
forgiving|grandiose|innovative|introspective|manipulative|optimistic,6,0.1,47.910742988273554,0.92738321736309,0.8704055007455576,0.9269187099675162,0.29836758911826444,10.615256871882481
forgiving|grandiose|innovative|introspective|judgmental|manipulative|optimistic,7,0.1,41.413565353589625,0.9319379966557652,0.9036404233301852,0.9266690185724635,0.2774580118992765,9.874905135815302
forgiving|grandiose|innovative|judgmental|manipulative|optimistic,6,1.0,45.60679255489718,0.9228571639122879,0.900774305791034,0.9143667157156437,0.2911635091036634,10.397067211546908
forgiving|grandiose|introspective|judgmental|manipulative|optimistic,6,1.0,45.56162438355094,0.9320907797988298,0.8918634948094682,0.8978058352952627,0.2910343873335131,10.383910013317443
forgiving|grandiose|innovative|manipulative|optimistic|pessimistic,6,0.1,43.45170318973344,0.929885884522111,0.890446811550619,0.9342880882856857,0.2841581114120855,10.00687014403873
forgiving|grandiose|innovative|introspective|manipulative|optimistic|pessimistic,7,0.1,40.1357594781458,0.9372911474507644,0.8934287462803419,0.9418742264918185,0.2730951636529052,9.617424710261307
forgiving|grandiose|innovative|introspective|judgmental|manipulative|optimistic|pessimistic,8,0.1,37.23650368977927,0.9375337100929416,0.9087459367581622,0.9473340599423188,0.263089975081708,9.264467436330458
forgiving|grandiose|innovative|judgmental|manipulative|optimistic|pessimistic,7,0.1,40.40579940643509,0.9303441904920084,0.9067059618760436,0.9389796414173684,0.27405873409708176,9.656237113783686
forgiving|grandiose|introspective|manipulative|optimistic|pessimistic,6,0.1,44.18319960289955,0.9376443321349401,0.8757189985163127,0.9245951249455464,0.28654996965491564,10.113941331441486
forgiving|grandiose|judgmental|manipulative|optimistic|pessimistic,6,0.1,44.93190685491754,0.9218789000694421,0.900381459429304,0.9268179481104574,0.28900987567373604,10.314452178773518
forgiving|grandiose|manipulative|optimistic|pessimistic|traditional,6,0.1,43.6872762212868,0.9297028745109019,0.8923162373687157,0.9285904082910892,0.2849320950345927,10.048890729490696
forgiving|grandiose|innovative|manipulative|optimistic|pessimistic|traditional,7,0.1,42.84892506746796,0.9294471692606263,0.8905973082276942,0.9428491543933727,0.2821970504501281,9.921176943031282
forgiving|grandiose|innovative|introspective|manipulative|optimistic|pessimistic|traditional,8,0.1,39.44670556439621,0.936996352893673,0.8940308210945774,0.9501190961695745,0.2707559104021945,9.533766545752293
forgiving|grandiose|innovative|introspective|judgmental|manipulative|optimistic|pessimistic|traditional,9,0.1,36.51062334912668,0.9370488724179774,0.9097099952092891,0.9560565992242355,0.2605254141318114,9.187570291287054
forgiving|grandiose|innovative|judgmental|manipulative|optimistic|pessimistic|traditional,8,0.1,39.76820680540765,0.9297073571757466,0.9072176245162618,0.9480247827751066,0.2719019450805347,9.580270852876676
forgiving|grandiose|introspective|manipulative|optimistic|pessimistic|traditional,7,0.1,40.97456867625485,0.9372362467204792,0.8945270585851616,0.9298518968204528,0.2759363991255271,9.70324379318306
forgiving|grandiose|introspective|judgmental|manipulative|optimistic|pessimistic|traditional,8,0.1,38.291466547651545,0.9372955004281075,0.9099905120002598,0.9330952774405759,0.2667900731619518,9.391189988207557
forgiving|grandiose|judgmental|manipulative|optimistic|pessimistic|traditional,7,0.1,40.93445061610799,0.9297907343444008,0.9081921246972916,0.9318017943349788,0.2758495850050631,9.752041829005252
forgiving|grandiose|innovative|manipulative|optimistic|traditional,6,1.0,52.29004600647325,0.9166024581894415,0.8635400254036342,0.9259768295451938,0.3117247708641889,11.019722662440149
forgiving|grandiose|innovative|introspective|manipulative|optimistic|traditional,7,0.1,47.08985017276167,0.9271874570259694,0.87037238798972,0.9375917790994206,0.29581279956737744,10.528119676076217
forgiving|grandiose|innovative|introspective|judgmental|manipulative|optimistic|traditional,8,0.1,40.52572161545445,0.9314986150842657,0.904374005134969,0.9376170011253355,0.27448019155554715,9.778412928510324
forgiving|grandiose|innovative|judgmental|manipulative|optimistic|traditional,7,1.0,44.69527349744315,0.9225032070145316,0.9013503578014612,0.9255813971038652,0.28825169579250587,10.288523509742378
forgiving|grandiose|introspective|manipulative|optimistic|traditional,6,1.0,50.18854274338037,0.9262100634419694,0.8680099406348353,0.9080471581409442,0.30538751024807315,10.892102942682632
forgiving|grandiose|introspective|judgmental|manipulative|optimistic|traditional,7,1.0,43.063278899071264,0.9310650776577749,0.9046087564421559,0.908057034686986,0.2829291979483384,10.102847108288904
forgiving|grandiose|judgmental|manipulative|optimistic|traditional,6,1.0,46.24805182121684,0.9226967846253191,0.9018171442088763,0.9052175792122567,0.29320704334726344,10.497057809260738
forgiving|grandiose|innovative|introspective|manipulative|pessimistic,6,0.1,44.286878722817974,0.9372049844869064,0.8673899707714541,0.9406443406293341,0.28685018636840515,10.089988885340425
forgiving|grandiose|innovative|introspective|judgmental|manipulative|pessimistic,7,0.1,39.18676552490793,0.937627691207233,0.8978249473616646,0.9437882195927438,0.26988624270030775,9.506155256424947
forgiving|grandiose|innovative|manipulative|pessimistic|traditional,6,1.0,53.34762002047105,0.9246656590024986,0.8346909946416416,0.9377111265520248,0.31484688353740886,10.97607960964178
forgiving|grandiose|innovative|introspective|manipulative|pessimistic|traditional,7,0.1,43.603216262895806,0.9369466553558583,0.8669488936501317,0.9506425989334251,0.28464104625299824,10.006604600185067
forgiving|grandiose|innovative|introspective|judgmental|manipulative|pessimistic|traditional,8,0.1,38.399916541194365,0.937252923530384,0.8976002320092221,0.9550645998707723,0.2671763445211473,9.409709512938377
forgiving|grandiose|innovative|judgmental|manipulative|pessimistic|traditional,7,1.0,45.043863204236345,0.9276677538175666,0.8821672448029023,0.9384062250739705,0.2893610922182532,10.238242168893464
forgiving|grandiose|introspective|manipulative|pessimistic|traditional,6,0.1,48.21588050143705,0.9369568155411101,0.8526666717071698,0.921497642343475,0.29929905177932065,10.60227566916372
forgiving|grandiose|judgmental|manipulative|pessimistic|traditional,6,1.0,47.62583544033423,0.9278261325432857,0.8798841886275715,0.9108615883583969,0.2975242646597639,10.589530907078213
forgiving|grandiose|innovative|introspective|manipulative|traditional,6,1.0,51.70318405506923,0.9178247863297009,0.8660934972342194,0.9238583593890288,0.3099690436501597,11.058203937082911
forgiving|grandiose|innovative|introspective|judgmental|manipulative|traditional,7,1.0,45.33661113109502,0.922741832820465,0.8977891324658911,0.9235880464406292,0.29031390926446815,10.360212745660263
forgiving|grandiose|innovative|judgmental|manipulative|traditional,6,1.0,50.00229462074539,0.9219504227807489,0.8692383496479551,0.9232602644940657,0.30489492495327764,10.86749562934986
forgiving|grandiose|introspective|judgmental|manipulative|traditional,6,1.0,47.91514378403627,0.9213281241506576,0.8916931468484076,0.908931668855946,0.2984451517299002,10.663596668338096
forgiving|grandiose|innovative|introspective|judgmental|optimistic,6,0.1,49.40276200050471,0.9211922800043185,0.8736078451511984,0.9253722849072054,0.3029995841068609,10.661317839153888
forgiving|grandiose|innovative|introspective|optimistic|pessimistic,6,0.1,58.64412985935858,0.919231700797783,0.8086685588104778,0.9417360766425933,0.33017305269315084,11.647920756363288
forgiving|grandiose|innovative|introspective|judgmental|optimistic|pessimistic,7,0.1,44.11565378331228,0.9289090141396237,0.8811865139185976,0.9469878411463133,0.28635589597479727,10.06441296518596
forgiving|grandiose|innovative|judgmental|optimistic|pessimistic,6,0.1,48.4770402749988,0.9191989074484926,0.8769992387681534,0.9374880633288063,0.3001569254013691,10.57494852856598
forgiving|grandiose|introspective|judgmental|optimistic|pessimistic,6,0.1,48.38126087909601,0.9295095160921053,0.8644468781719458,0.9244120706426078,0.2998757281219962,10.52604637982927
forgiving|grandiose|innovative|optimistic|pessimistic|traditional,6,0.1,64.85398204384254,0.9048317512478162,0.7958048240598772,0.9431353470464617,0.34720365334480574,12.15845152587635
forgiving|grandiose|innovative|introspective|optimistic|pessimistic|traditional,7,0.1,58.08318485667699,0.918795711247693,0.8086382598695525,0.9501612719235755,0.3285950934296336,11.561760412696882
forgiving|grandiose|innovative|introspective|judgmental|optimistic|pessimistic|traditional,8,1.0,43.38798435493566,0.9285990340454103,0.8826245053413938,0.954285911251027,0.28397459492566957,10.03565324991515
forgiving|grandiose|innovative|judgmental|optimistic|pessimistic|traditional,7,0.1,47.804274338702974,0.9186774298192847,0.8777647617388485,0.9460774066561163,0.29807583127423865,10.494114912946976
forgiving|grandiose|introspective|optimistic|pessimistic|traditional,6,0.1,59.804576575316595,0.918654655819039,0.808005661077941,0.9311063259903439,0.33340344412075135,11.685470963962002
forgiving|grandiose|judgmental|optimistic|pessimistic|traditional,6,0.1,48.94863924932965,0.9186277603607398,0.8788740832733148,0.9303351019311773,0.3016183668313432,10.659734961865137
forgiving|grandiose|innovative|introspective|optimistic|traditional,6,0.1,89.60831233031459,0.8803696256264488,0.6869984824921611,0.9360274424467631,0.4080828320619295,14.402097223200318
forgiving|grandiose|innovative|introspective|judgmental|optimistic|traditional,7,1.0,48.59720647867727,0.9205631530127036,0.8748467189450861,0.9351420668344839,0.3005116859590869,10.614859596426106
forgiving|grandiose|innovative|judgmental|optimistic|traditional,6,1.0,54.99620329305664,0.9073802879282548,0.8667267797293952,0.9209859594916302,0.31966843625276764,11.31262099159594
forgiving|grandiose|introspective|judgmental|optimistic|traditional,6,0.1,51.23527199115703,0.9206741816719921,0.8735810651231821,0.905179910775067,0.3085510724481871,10.834744540457304
forgiving|grandiose|innovative|introspective|pessimistic|traditional,6,0.1,64.44671641859513,0.9185900833009322,0.7675320119552526,0.9507200943196891,0.3461055923825701,12.18012569469863
forgiving|grandiose|innovative|judgmental|pessimistic|traditional,6,1.0,54.13855691152936,0.9149760803548947,0.8493738610684131,0.9360233703644593,0.3171802690051065,11.176400885809112
forgiving|grandiose|introspective|judgmental|pessimistic|traditional,6,1.0,48.25581738590398,0.9289274858985017,0.8684543959235852,0.920735276129326,0.29944345310048953,10.562868428630308
forgiving|grandiose|innovative|introspective|judgmental|traditional,6,1.0,54.176993196113074,0.9070577016230804,0.8746973271016714,0.9172003441833406,0.317276038515958,11.246730319842845
forgiving|impulsive|innovative|introspective|judgmental|manipulative,6,1.0,139.4200400926458,0.839035351661385,0.4564585364257221,0.9138137470184975,0.5090945021827783,16.994441517323157
forgiving|impulsive|innovative|introspective|manipulative|optimistic,6,0.1,126.22956225189918,0.8466841731354882,0.5206887691280173,0.9248005459165812,0.4845563134611938,16.394562323865554
forgiving|impulsive|innovative|introspective|judgmental|manipulative|optimistic,7,0.1,119.57744776423674,0.8677855706172182,0.5228689523383141,0.9244765527379927,0.4715977118743884,15.833594857069995
forgiving|impulsive|innovative|judgmental|manipulative|optimistic,6,1.0,121.39269589996884,0.8652578675868823,0.522428607658114,0.9127353566927479,0.47512829874933915,15.965990506193924
forgiving|impulsive|introspective|judgmental|manipulative|optimistic,6,0.1,122.80593803861018,0.8676980942502471,0.5189463864320201,0.8933141681118546,0.47786803651910376,16.07818923060497
forgiving|impulsive|innovative|manipulative|optimistic|pessimistic,6,0.1,118.40823547758313,0.8692566918270722,0.5227485367131457,0.9335412149407778,0.4692811688708662,15.696635987964278
forgiving|impulsive|innovative|introspective|manipulative|optimistic|pessimistic,7,0.1,117.25454458410354,0.8701784984444332,0.5228096564836338,0.9438551618244607,0.4670215536500369,15.572378474732819
forgiving|impulsive|innovative|introspective|judgmental|manipulative|optimistic|pessimistic,8,0.1,115.14420114165712,0.8763159807649895,0.5227390917544397,0.9472929979755496,0.46278024080082947,15.404409920505874
forgiving|impulsive|innovative|judgmental|manipulative|optimistic|pessimistic,7,1.0,116.55861009056893,0.8747994021258199,0.5226863618147238,0.9359881528884226,0.4655790423609554,15.550900210491008
forgiving|impulsive|introspective|manipulative|optimistic|pessimistic,6,0.1,120.27013944225284,0.8697753911452012,0.5156346578019981,0.922504980097671,0.47293414794271554,15.827630061792854
forgiving|impulsive|introspective|judgmental|manipulative|optimistic|pessimistic,7,0.1,117.62303238698708,0.8766772649102181,0.5191092707062284,0.9230251641669642,0.46768181304589573,15.66378604962175
forgiving|impulsive|judgmental|manipulative|optimistic|pessimistic,6,0.1,118.02707866161344,0.8742505845598885,0.5214942633379078,0.9225990003443746,0.46847265276370526,15.73702578531826
forgiving|impulsive|manipulative|optimistic|pessimistic|traditional,6,0.1,117.69359576808158,0.8762717928510007,0.5178485435084388,0.9258369606586316,0.4678498265832533,15.580959278267887
forgiving|impulsive|innovative|manipulative|optimistic|pessimistic|traditional,7,0.1,82.09078609576898,0.9108740795415641,0.6729185307487038,0.9410155157358836,0.3907980515917446,13.209919873480628
forgiving|impulsive|innovative|introspective|manipulative|optimistic|pessimistic|traditional,8,0.1,82.17031461157057,0.9099772534486882,0.6700128606015179,0.9487628311789439,0.390985893967052,13.197468893185663
forgiving|impulsive|innovative|introspective|judgmental|manipulative|optimistic|pessimistic|traditional,9,0.1,81.35852228659901,0.9110276246493048,0.6697312920721763,0.9552824269352881,0.3890534027673561,13.086311695676818
forgiving|impulsive|innovative|judgmental|manipulative|optimistic|pessimistic|traditional,8,0.1,81.28439897923442,0.9117551919927995,0.6723554076029274,0.9486126485649883,0.3888777561650666,13.08419106651287
forgiving|impulsive|introspective|manipulative|optimistic|pessimistic|traditional,7,0.1,114.1168867533382,0.8784062769158361,0.5364295326345585,0.9270078052888298,0.4606318124855225,15.446680225633587
forgiving|impulsive|introspective|judgmental|manipulative|optimistic|pessimistic|traditional,8,1.0,111.12583028864303,0.885798921336793,0.5418910802747401,0.9262283573713358,0.4545284904012289,15.279302673436028
forgiving|impulsive|judgmental|manipulative|optimistic|pessimistic|traditional,7,0.1,113.3707009522665,0.8851999215253464,0.5280612901591673,0.9267379359848197,0.459149538906855,15.33489149745375
forgiving|impulsive|innovative|manipulative|optimistic|traditional,6,0.1,85.66261019844985,0.9036464355263054,0.6701302219834652,0.9293129241112414,0.39920474370378217,13.646529182417678
forgiving|impulsive|innovative|introspective|manipulative|optimistic|traditional,7,0.1,85.79936858644331,0.9027298148879555,0.6670479633597577,0.9367726244936498,0.3995210960364812,13.651311134198124
forgiving|impulsive|innovative|introspective|judgmental|manipulative|optimistic|traditional,8,0.1,83.86260824209266,0.9082908928980578,0.6684441480412133,0.9373168075740953,0.3949931711802246,13.428812893478831
forgiving|impulsive|innovative|judgmental|manipulative|optimistic|traditional,7,0.1,83.8228403741504,0.9089875979427667,0.6711583908645451,0.93016596880413,0.39490276534636526,13.423627952201949
forgiving|impulsive|introspective|manipulative|optimistic|traditional,6,1.0,126.3640305420289,0.8496550052408949,0.530575283859942,0.8944131505765114,0.4847246817899366,16.279152866694705
forgiving|impulsive|introspective|judgmental|manipulative|optimistic|traditional,7,0.1,116.20619482318807,0.8770575627180899,0.5414886548222642,0.897333442686219,0.46479896097442325,15.69420529424521
forgiving|impulsive|judgmental|manipulative|optimistic|traditional,6,0.1,118.63643294434237,0.8759439115422291,0.5277688953748325,0.8972781007423738,0.46968446199602293,15.774780160994531
forgiving|impulsive|innovative|introspective|manipulative|pessimistic,6,0.1,119.12192951678503,0.870598925056365,0.5108962550088503,0.9421309501178904,0.4706949144846044,15.723762103493419
forgiving|impulsive|innovative|introspective|judgmental|manipulative|pessimistic,7,0.1,117.83932020029292,0.8767567373581746,0.5063253707982811,0.9438297321342746,0.46814068731920455,15.619481514139544
forgiving|impulsive|innovative|judgmental|manipulative|pessimistic,6,1.0,119.24761244707352,0.8754476816602994,0.5098635018907591,0.9249944477521497,0.4709176062766301,15.7441651254957
forgiving|impulsive|introspective|judgmental|manipulative|pessimistic,6,0.1,120.29110766422282,0.8771089541493118,0.509709820260451,0.9066431398110701,0.47296101748764524,15.90397229101942
forgiving|impulsive|innovative|manipulative|pessimistic|traditional,6,0.1,90.93815757223487,0.9093273964093158,0.6202677685443319,0.9379829697862404,0.4112772301384821,13.985842120908526
forgiving|impulsive|innovative|introspective|manipulative|pessimistic|traditional,7,0.1,89.48323366426139,0.9086190343294794,0.625523629116546,0.948609860486841,0.40793226671729715,13.827832359060466
forgiving|impulsive|innovative|introspective|judgmental|manipulative|pessimistic|traditional,8,0.1,88.18798640503303,0.9091561741365761,0.6301516307549077,0.9536417920608161,0.4049806483083727,13.691464080220802
forgiving|impulsive|innovative|judgmental|manipulative|pessimistic|traditional,7,0.1,89.66844296267928,0.9098403380695528,0.6249149969816832,0.9427572404593024,0.40840801889306727,13.84279632360576
forgiving|impulsive|introspective|manipulative|pessimistic|traditional,6,1.0,115.96758799871819,0.8754333180123485,0.5367811045286575,0.9148526469790736,0.46433816412494033,15.596059726245459
forgiving|impulsive|introspective|judgmental|manipulative|pessimistic|traditional,7,1.0,112.62500629252467,0.8862696229116294,0.5374433478086431,0.9147217053956053,0.45757262058733694,15.448143051194355
forgiving|impulsive|innovative|introspective|manipulative|traditional,6,0.1,113.42699644287657,0.8588060060356394,0.581254092120018,0.9235600541941313,0.45916676856794825,15.598995697245936
forgiving|impulsive|innovative|introspective|judgmental|manipulative|traditional,7,0.1,109.7171535639247,0.8716229898786481,0.5803523479447772,0.9234108735703532,0.4515961230177748,15.250893874180223
forgiving|impulsive|innovative|judgmental|manipulative|traditional,6,1.0,123.7609016846263,0.8553536336877461,0.5207319802967231,0.9235540076837848,0.4797076621746754,16.19029517403137
forgiving|impulsive|introspective|judgmental|manipulative|traditional,6,1.0,125.69229884401798,0.8600329208516408,0.513041865428816,0.8980387753968134,0.48334028870618356,16.287769660913895
forgiving|impulsive|innovative|introspective|judgmental|optimistic,6,0.1,119.44855824888919,0.8679057602622388,0.5241584973218075,0.9232374734407254,0.4713358237447858,15.806171115786917
forgiving|impulsive|innovative|introspective|optimistic|pessimistic,6,0.1,117.7285555104805,0.8681510234133979,0.5237439580683555,0.9438218077625887,0.4679547094708132,15.623946720969348
forgiving|impulsive|innovative|introspective|judgmental|optimistic|pessimistic,7,0.1,115.04169355158612,0.876413199704609,0.5239677160030382,0.9459178147047539,0.462568710678992,15.399235080435824
forgiving|impulsive|innovative|judgmental|optimistic|pessimistic,6,1.0,116.35654419104944,0.8753745807849981,0.5228169644899661,0.9361137690197416,0.46517209764420786,15.520982853018436
forgiving|impulsive|innovative|optimistic|pessimistic|traditional,6,0.1,82.35314872405236,0.911774481699359,0.6694217798793649,0.9411384126299795,0.39141105346592325,13.172581258034617
forgiving|impulsive|innovative|introspective|optimistic|pessimistic|traditional,7,0.1,82.40999570012268,0.9106963147983261,0.666962881278621,0.9489339471597524,0.3915552553958459,13.153410017376338
forgiving|impulsive|innovative|introspective|judgmental|optimistic|pessimistic|traditional,8,0.1,81.54576771981674,0.911341467631532,0.6681904092300981,0.9547271150991115,0.38950451023885085,13.04447681820824
forgiving|impulsive|innovative|judgmental|optimistic|pessimistic|traditional,7,0.1,81.47425915255303,0.911932860568613,0.6706706801796611,0.9488402302708216,0.38932572860057674,13.041237977001796
forgiving|impulsive|introspective|optimistic|pessimistic|traditional,6,0.1,114.10312013857879,0.878718294585222,0.5357931171073775,0.9272454548862394,0.460600658356194,15.419680522820151
forgiving|impulsive|introspective|judgmental|optimistic|pessimistic|traditional,7,0.1,111.27495083588494,0.8864328491031044,0.5392181492531212,0.9270810782727081,0.4548370239610118,15.263203975067874
forgiving|impulsive|innovative|introspective|optimistic|traditional,6,0.1,86.23957155959167,0.9035361308794381,0.662607071750539,0.9367830926013483,0.4005461363008213,13.63590190749369
forgiving|impulsive|innovative|introspective|judgmental|optimistic|traditional,7,0.1,84.0764789219258,0.9085496284989903,0.6666450286596446,0.9371300228941272,0.3954986497250289,13.384468640635761
forgiving|impulsive|innovative|judgmental|optimistic|traditional,6,0.1,84.04107348117014,0.9090984996858892,0.6693780605754345,0.9304788224845322,0.39540930816842706,13.38281618624757
forgiving|impulsive|introspective|judgmental|optimistic|traditional,6,0.1,116.34678309361091,0.8776499314546867,0.5394633886666502,0.89723523440903,0.4650828870654035,15.679315443039778
forgiving|impulsive|innovative|introspective|judgmental|pessimistic,6,0.1,117.76738581532763,0.8769403527057336,0.5070467520769322,0.9427441758034476,0.46798780717086175,15.638336051784364
forgiving|impulsive|innovative|introspective|pessimistic|traditional,6,0.1,89.90556669336134,0.9092823930893551,0.6213511882579941,0.9488214125891278,0.408902277873336,13.832150861698093
forgiving|impulsive|innovative|introspective|judgmental|pessimistic|traditional,7,0.1,88.31489882648779,0.9096785828704939,0.6284040216420577,0.9534289677603177,0.40527829086960393,13.672411548919454
forgiving|impulsive|innovative|judgmental|pessimistic|traditional,6,0.1,89.44101746503378,0.9104790500080774,0.6250749720625655,0.9428746261122403,0.4078916690809489,13.807386286614882
forgiving|impulsive|innovative|introspective|judgmental|traditional,6,0.1,109.3250811782832,0.8729375900178472,0.581597749376362,0.9210829156083239,0.45078045404944245,15.209677746500367
forgiving|innovative|introspective|judgmental|manipulative|optimistic,6,0.1,133.06328748482997,0.867387497210358,0.4365146288435876,0.9240984149081077,0.4974360098000579,17.013281188413057
forgiving|innovative|introspective|manipulative|optimistic|pessimistic,6,1.0,130.16037821975846,0.8692387348973531,0.4425817012488935,0.9411748037805555,0.49198308067163476,16.70856868107299
forgiving|innovative|judgmental|manipulative|optimistic|pessimistic,6,0.1,131.49251623299352,0.8720318497085524,0.43002969027877536,0.9381968116085859,0.49450865418829504,16.878544073682853
forgiving|introspective|judgmental|manipulative|optimistic|pessimistic,6,0.1,129.61036579387792,0.8760816778974834,0.44228265132701927,0.9235118859532667,0.4909285643507032,16.68696234980341
forgiving|innovative|manipulative|optimistic|pessimistic|traditional,6,0.1,90.4744934702831,0.8944549481679809,0.6508959740921612,0.9405208601632796,0.41025127981632864,14.1424878716996
forgiving|innovative|introspective|manipulative|optimistic|pessimistic|traditional,7,0.1,87.73228374931904,0.8999586492070627,0.6537796607191072,0.9482984123702891,0.4039861083679069,13.860094666276694
forgiving|innovative|introspective|judgmental|manipulative|optimistic|pessimistic|traditional,8,0.1,86.0533298891349,0.9030899429469443,0.6547757047467802,0.9553032466787856,0.40011435308689935,13.671840816704965
forgiving|innovative|judgmental|manipulative|optimistic|pessimistic|traditional,7,0.1,88.75766719630576,0.8978929483811827,0.6518546755907041,0.9469297048043582,0.40635357086844465,13.958302538803986
forgiving|introspective|manipulative|optimistic|pessimistic|traditional,6,0.1,119.79252329713401,0.8705045128671105,0.5153174188827672,0.9265789405236808,0.4719369849420377,16.042265919906853
forgiving|judgmental|manipulative|optimistic|pessimistic|traditional,6,1.0,128.26028373130322,0.8810974029384948,0.4396196557212656,0.9263140341561704,0.4884015861340272,16.60812834710056
forgiving|innovative|introspective|manipulative|optimistic|traditional,6,0.1,94.32234440234465,0.8856913576048862,0.645114681780779,0.9367616554705666,0.41886404480430023,14.591231623529572
forgiving|innovative|introspective|judgmental|manipulative|optimistic|traditional,7,0.1,89.63046176806893,0.8978074648350571,0.6516240982196617,0.9371237466121227,0.4083396859744238,14.118694492052422
forgiving|innovative|judgmental|manipulative|optimistic|traditional,6,0.1,93.31887156583505,0.890854833890665,0.6476834417961082,0.9251184402197212,0.41665984735413636,14.49106015333172
forgiving|introspective|judgmental|manipulative|optimistic|traditional,6,0.1,122.23609944629402,0.8690205396815492,0.5178240122668718,0.8978269799276335,0.47670427973367263,16.368896487578226
forgiving|innovative|introspective|manipulative|pessimistic|traditional,6,0.1,96.95151248747443,0.8998415363052434,0.5944536598121699,0.9483780990048726,0.42457808768441835,14.652579668394631
forgiving|innovative|introspective|judgmental|manipulative|pessimistic|traditional,7,0.1,93.93488936088869,0.9022343549826399,0.6064204117581348,0.9536804960919297,0.41795053608363686,14.370829327682856
forgiving|innovative|judgmental|manipulative|pessimistic|traditional,6,0.1,105.95464152526888,0.8991357843919596,0.5445077497118467,0.9347280766641365,0.4439309161994027,15.312055674558076
forgiving|introspective|judgmental|manipulative|pessimistic|traditional,6,0.1,118.61172521317425,0.8807186882254051,0.5094395869781401,0.9148039102965009,0.46957074560329587,16.092073110388366
forgiving|innovative|introspective|judgmental|manipulative|traditional,6,0.1,115.44691071730153,0.8634069855756503,0.5592004010522011,0.9235515481854865,0.46322987650825653,15.909032119332297
forgiving|innovative|introspective|optimistic|pessimistic|traditional,6,0.1,105.5014274411196,0.8837201476557636,0.5703361644460541,0.9483024957136689,0.4429663261453149,15.223002934058714
forgiving|innovative|introspective|judgmental|optimistic|pessimistic|traditional,7,0.1,94.36574552643083,0.8980125009430885,0.6113466449005287,0.9544240521887646,0.4189512756746926,14.237291915437838
forgiving|innovative|judgmental|optimistic|pessimistic|traditional,6,0.1,99.14751509914777,0.8910410362498966,0.5993104389377092,0.9443559232757166,0.4294399332028229,14.746788910504103
forgiving|introspective|judgmental|optimistic|pessimistic|traditional,6,1.0,125.72428087408773,0.8762187478272812,0.4661588250474944,0.9258630223416999,0.4834545593647966,16.491742647326745
forgiving|innovative|introspective|judgmental|optimistic|traditional,6,0.1,99.2743961326224,0.890956510234244,0.6036779994533095,0.9351646499922717,0.42967854282688867,14.704926179353333
grandiose|impulsive|innovative|introspective|judgmental|manipulative,6,0.1,61.185243898860755,0.9322665741844135,0.8906650820015257,0.7099505740645923,0.3372842987619785,11.992654851347156
grandiose|impulsive|innovative|introspective|manipulative|optimistic,6,0.1,45.62048650895826,0.9385440737278357,0.8686754510542196,0.9170141419790715,0.29118597358048504,10.205952685831162
grandiose|impulsive|innovative|introspective|judgmental|manipulative|optimistic,7,1.0,40.562117017145546,0.938059770558744,0.9023865054446251,0.9169320030585495,0.27460566955527976,9.720210316297281
grandiose|impulsive|innovative|judgmental|manipulative|optimistic,6,1.0,53.365236096722434,0.9194692247328168,0.8921983938080341,0.8486281820619312,0.31498453100756735,11.205327775071302
grandiose|impulsive|introspective|judgmental|manipulative|optimistic,6,1.0,57.37378395316675,0.910785457174212,0.8835406349805068,0.8481236273702254,0.32655318353520796,11.629375950199433
grandiose|impulsive|innovative|manipulative|optimistic|pessimistic,6,0.1,55.19430095035712,0.9211394610092825,0.8691232099329457,0.8634856478519005,0.3203383227403508,11.22192815295343
grandiose|impulsive|innovative|introspective|manipulative|optimistic|pessimistic,7,0.1,40.5098248979652,0.941405747727513,0.8871115215490091,0.9340356959547349,0.2743912653764216,9.555737449220103
grandiose|impulsive|innovative|introspective|judgmental|manipulative|optimistic|pessimistic,8,0.1,37.15241570765211,0.9422981422553525,0.9064735735561584,0.9351697590647207,0.2628040292263256,9.181949439570653
grandiose|impulsive|innovative|judgmental|manipulative|optimistic|pessimistic,7,1.0,50.22390918751058,0.9243987324044144,0.8954579816523566,0.8626420339184538,0.3055668244450325,10.798579099070668
grandiose|impulsive|introspective|manipulative|optimistic|pessimistic,6,0.1,64.15346255363808,0.903690959102384,0.8452944446863587,0.863387520359022,0.34530132910801453,12.21339027311432
grandiose|impulsive|judgmental|manipulative|optimistic|pessimistic,6,1.0,55.92275098833081,0.9131765122053034,0.8881280584209554,0.8484514141191779,0.32238597779577544,11.38988109697438
grandiose|impulsive|manipulative|optimistic|pessimistic|traditional,6,0.1,58.60863137908691,0.9161624604479958,0.8639634329341859,0.8500423036374822,0.33006767297180023,11.595546488984187
grandiose|impulsive|innovative|manipulative|optimistic|pessimistic|traditional,7,0.1,52.32666594399118,0.9219229102968598,0.869380877919594,0.8947206869943236,0.3119504051591898,10.783871291667408
grandiose|impulsive|innovative|introspective|manipulative|optimistic|pessimistic|traditional,8,0.1,39.89290869206481,0.9409051718115051,0.8868033450409372,0.9438469157977517,0.27231284993565674,9.45169848748799
grandiose|impulsive|innovative|introspective|judgmental|manipulative|optimistic|pessimistic|traditional,9,0.1,36.28919788816482,0.9419404666077298,0.9070068061840767,0.9458788331719279,0.2597512669363722,9.064951242463842
grandiose|impulsive|innovative|judgmental|manipulative|optimistic|pessimistic|traditional,8,0.1,47.516207491015365,0.9247297683934429,0.8952993600814005,0.8943615634077089,0.2972639341515739,10.29809396521064
grandiose|impulsive|introspective|manipulative|optimistic|pessimistic|traditional,7,0.1,45.54757458346793,0.9360730569492787,0.8821361524864604,0.9018439477447541,0.2909306493570241,10.200898947899733
grandiose|impulsive|introspective|judgmental|manipulative|optimistic|pessimistic|traditional,8,0.1,41.147433148596065,0.938452771895526,0.9060178722730017,0.901741098434033,0.27654514734767854,9.756875646811618
grandiose|impulsive|judgmental|manipulative|optimistic|pessimistic|traditional,7,0.1,52.33240489326962,0.921199960933397,0.8942695551324473,0.8511081737888806,0.3118845854652886,11.020485224510757
grandiose|impulsive|innovative|manipulative|optimistic|traditional,6,0.1,56.84115593833392,0.919134530321343,0.8512870383438859,0.8840063759028675,0.3251232953669458,11.320988443837873
grandiose|impulsive|innovative|introspective|manipulative|optimistic|traditional,7,0.1,44.61751653473008,0.938325962814832,0.8682515296861795,0.9306834678077403,0.2879865204211074,10.046725634642508
grandiose|impulsive|innovative|introspective|judgmental|manipulative|optimistic|traditional,8,0.1,39.45446126197416,0.9379962708301586,0.9024418111632668,0.9304048196761452,0.27085313186949234,9.52766570238925
grandiose|impulsive|innovative|judgmental|manipulative|optimistic|traditional,7,1.0,50.50196554415339,0.9196099677763222,0.8921804257940029,0.8827143891558412,0.30645264529294264,10.810421267387554
grandiose|impulsive|introspective|manipulative|optimistic|traditional,6,1.0,51.790238653785025,0.934572586739172,0.8584815058040396,0.8758681174702408,0.3102366653436704,10.924130531099028
grandiose|impulsive|introspective|judgmental|manipulative|optimistic|traditional,7,1.0,44.654579672065715,0.9350851052203187,0.9011176959346818,0.8806609999453918,0.28809911830653484,10.230473926336861
grandiose|impulsive|judgmental|manipulative|optimistic|traditional,6,1.0,55.515242154524366,0.9168724350190964,0.8905102981131292,0.8353215263722789,0.32123866553088004,11.45954416745636
grandiose|impulsive|innovative|introspective|manipulative|pessimistic,6,0.1,44.904656420432886,0.93513817463828,0.870858901974422,0.9340269613585418,0.2888957798733209,10.12643776651354
grandiose|impulsive|innovative|introspective|judgmental|manipulative|pessimistic,7,1.0,40.77233353635077,0.9348146844155718,0.8976290994321999,0.9351280457827281,0.275314629282162,9.72617320440246
grandiose|impulsive|innovative|judgmental|manipulative|pessimistic,6,1.0,53.92230900049145,0.9157719249865202,0.8881399025813513,0.8629879865292587,0.3166170918161049,11.281622208291624
grandiose|impulsive|introspective|judgmental|manipulative|pessimistic,6,1.0,57.319913274064675,0.908187265632677,0.8784995557167463,0.8677328463194718,0.32638812685476065,11.620412381624472
grandiose|impulsive|innovative|manipulative|pessimistic|traditional,6,1.0,56.83221194467963,0.9144171812960529,0.8565872989609258,0.8915264321992572,0.32507454073048675,11.441303645195598
grandiose|impulsive|innovative|introspective|manipulative|pessimistic|traditional,7,0.1,44.055318728793594,0.9356780247996256,0.8705151304393908,0.9429237580334461,0.28616848997047994,9.974152876532719
grandiose|impulsive|innovative|introspective|judgmental|manipulative|pessimistic|traditional,8,0.1,39.76104731275689,0.9356592444374717,0.8970946795676472,0.9452259199712526,0.2718999697890239,9.523911543957624
grandiose|impulsive|innovative|judgmental|manipulative|pessimistic|traditional,7,1.0,51.61402104883338,0.9155852139914799,0.8885360531644193,0.8907821349354247,0.3097968583948499,10.946806502011345
grandiose|impulsive|introspective|manipulative|pessimistic|traditional,6,1.0,50.09114364960833,0.932867670192579,0.8589641581318003,0.9017903639112012,0.3051014531051469,10.773911705778698
grandiose|impulsive|judgmental|manipulative|pessimistic|traditional,6,1.0,55.73070604852129,0.914225174325391,0.8853772036764135,0.8519922963165051,0.32185568575813445,11.503985509325037
grandiose|impulsive|innovative|introspective|manipulative|traditional,6,1.0,79.4738669572727,0.929625239190871,0.8684960877348005,0.5390622910788436,0.38445725296476924,13.753043806222525
grandiose|impulsive|innovative|introspective|judgmental|manipulative|traditional,7,1.0,59.827099464848516,0.9345211176300128,0.8909354549653643,0.7177088457669365,0.33351282627410556,11.944823093484422
grandiose|impulsive|innovative|judgmental|manipulative|traditional,6,1.0,74.28237485171879,0.9129249117746001,0.8846107954658108,0.6333855132877518,0.3715780744336909,13.33703412550202
grandiose|impulsive|introspective|judgmental|manipulative|traditional,6,1.0,61.33806964054439,0.9336446096282549,0.8822657003007636,0.7188743314778232,0.3376808812450704,12.165795046551292
grandiose|impulsive|innovative|introspective|judgmental|optimistic,6,1.0,41.714955552622584,0.9393694687365912,0.8924830966054291,0.916676373127645,0.27848412917268167,9.906760492317787
grandiose|impulsive|innovative|introspective|optimistic|pessimistic,6,0.1,42.91554209856632,0.9428416184856362,0.868714103173428,0.9339198743870851,0.28245140442386096,9.895381694679296
grandiose|impulsive|innovative|introspective|judgmental|optimistic|pessimistic,7,0.1,38.34591915220936,0.9437304693987569,0.8962183840415507,0.9346195159766325,0.2669990173649761,9.402568886080509
grandiose|impulsive|innovative|judgmental|optimistic|pessimistic,6,0.1,51.77173265247914,0.9239262867186755,0.89379693503013,0.8487060715044821,0.3102409097446457,10.993856528896378
grandiose|impulsive|introspective|judgmental|optimistic|pessimistic,6,0.1,54.52717668010646,0.915616921531776,0.8834775381380148,0.8651410332201579,0.3183388074154634,11.263267920427898
grandiose|impulsive|innovative|optimistic|pessimistic|traditional,6,0.1,53.61223358007546,0.9231777126314893,0.8644017026961559,0.8838703712365218,0.31575665514914836,11.015096040113889
grandiose|impulsive|innovative|introspective|optimistic|pessimistic|traditional,7,0.1,42.4119678536661,0.9421618727032215,0.8677015861597452,0.9443151831531641,0.2808116396790408,9.795949810112315
grandiose|impulsive|innovative|introspective|judgmental|optimistic|pessimistic|traditional,8,0.1,37.54006637741341,0.9432646812276041,0.896170497309834,0.9461054376290559,0.2641992009353375,9.278006461687784
grandiose|impulsive|innovative|judgmental|optimistic|pessimistic|traditional,7,0.1,48.610718778221084,0.9247713921942823,0.8936705070372427,0.8839989462120222,0.30066428652760063,10.483304467664892
grandiose|impulsive|introspective|optimistic|pessimistic|traditional,6,0.1,48.24946007564683,0.93697115690442,0.8627569135574839,0.9018917232980506,0.29947682508507256,10.54289567970394
grandiose|impulsive|innovative|introspective|optimistic|traditional,6,0.1,47.42698346801172,0.9395040509249927,0.8473521728592348,0.931270001169504,0.2969484165246702,10.388501443476017
grandiose|impulsive|innovative|introspective|judgmental|optimistic|traditional,7,0.1,40.69209782717473,0.9389911279247899,0.8920870941466919,0.9310956136791855,0.27507646097562727,9.7313184853533
grandiose|impulsive|innovative|judgmental|optimistic|traditional,6,0.1,51.68333946759823,0.9189570745054676,0.8900986230841028,0.8746295682412222,0.3100253821843496,10.932585462940368
grandiose|impulsive|innovative|introspective|judgmental|pessimistic,6,1.0,41.91907456248704,0.9357122032014897,0.8887673023946637,0.9344948336660601,0.27916547161055133,9.909773005631727
grandiose|impulsive|innovative|introspective|pessimistic|traditional,6,0.1,46.43907383112831,0.9361407617859127,0.8539497410734868,0.9431816362662879,0.2938417209665917,10.278035008692356
grandiose|impulsive|innovative|judgmental|pessimistic|traditional,6,0.1,52.85004112854548,0.9148859314620245,0.8869187247749757,0.8813363726416301,0.31349349263107573,11.039271781879911
grandiose|impulsive|introspective|judgmental|pessimistic|traditional,6,1.0,45.5113870814345,0.9344005114833254,0.8855909701597509,0.9017652853056104,0.2908585939413931,10.336399110688575
grandiose|impulsive|innovative|introspective|judgmental|traditional,6,1.0,61.45928302121077,0.9343860717001161,0.8845748348692741,0.7103394829923351,0.3380241666516745,12.170396031465144
grandiose|innovative|introspective|judgmental|manipulative|optimistic,6,1.0,52.47515351763302,0.898586412536827,0.9031856027949953,0.9150700865932988,0.3123566010261846,11.11077141386386
grandiose|innovative|introspective|manipulative|optimistic|pessimistic,6,0.1,50.51528948932806,0.909468155385879,0.8876970065357007,0.9282237852903064,0.30642558778727785,10.771323839776466
grandiose|innovative|introspective|judgmental|manipulative|optimistic|pessimistic,7,0.1,47.4249515481142,0.9091184598316324,0.9072010242829961,0.9303450352398878,0.29694339429202726,10.439358013668791
grandiose|innovative|judgmental|manipulative|optimistic|pessimistic,6,0.1,55.799562484816796,0.9070307998958201,0.8948775007007512,0.8594923119163442,0.32209511469527535,11.442892729888158
grandiose|introspective|judgmental|manipulative|optimistic|pessimistic,6,0.1,59.69328650578002,0.8963055966828882,0.886753991974543,0.8667457177552258,0.333116934516408,11.800001152004405
grandiose|innovative|manipulative|optimistic|pessimistic|traditional,6,0.1,58.297560322187266,0.9083043717141275,0.8601538068065835,0.8893913733268535,0.3292432636928992,11.55664841753287
grandiose|innovative|introspective|manipulative|optimistic|pessimistic|traditional,7,0.1,49.37095903433052,0.9097403467996535,0.8876178380825377,0.9411605487462491,0.3029564372459425,10.60624374063251
grandiose|innovative|introspective|judgmental|manipulative|optimistic|pessimistic|traditional,8,0.1,46.134317086291844,0.9094038268932243,0.9076401964993736,0.9440460051636808,0.2928961241902424,10.245139553171096
grandiose|innovative|judgmental|manipulative|optimistic|pessimistic|traditional,7,0.1,52.986468952008316,0.9083691878807024,0.894641286688236,0.8889719700655403,0.3139136858426416,11.004639278876128
grandiose|introspective|manipulative|optimistic|pessimistic|traditional,6,0.1,55.4102961927239,0.9037938742615373,0.8830650434018067,0.8983413146920961,0.32091325070354604,11.309742725211047
grandiose|introspective|judgmental|manipulative|optimistic|pessimistic|traditional,7,0.1,51.72412416300276,0.9039596820030218,0.906608035727817,0.8982692993700896,0.3100868914406707,10.922322431568798
grandiose|judgmental|manipulative|optimistic|pessimistic|traditional,6,0.1,58.062119047155235,0.9032535797312918,0.8939316714166023,0.8477431841570263,0.32853238143756697,11.683011369540564
grandiose|innovative|introspective|manipulative|optimistic|traditional,6,0.1,57.22381268106953,0.8974740051068314,0.866348432923189,0.9305909326991827,0.3261438578323751,11.536866850931329
grandiose|innovative|introspective|judgmental|manipulative|optimistic|traditional,7,0.1,51.30630991887133,0.8982543432625789,0.9032498948482681,0.9302144705585859,0.30888702752348235,10.931718810413114
grandiose|innovative|judgmental|manipulative|optimistic|traditional,6,0.1,58.05701303567571,0.8982225899792097,0.8894942473982868,0.874146424846491,0.3285920637427698,11.631817615737807
grandiose|introspective|judgmental|manipulative|optimistic|traditional,6,1.0,56.90940252913308,0.8941057182563175,0.9020587505527102,0.879876168313479,0.32526422998519894,11.591898953299879
grandiose|innovative|introspective|manipulative|pessimistic|traditional,6,0.1,61.65252862840252,0.8809385409342844,0.8664005562847926,0.9371757595136087,0.3385311857525949,11.945918024057628
grandiose|innovative|introspective|judgmental|manipulative|pessimistic|traditional,7,0.1,56.54321680054608,0.8810334925925963,0.8968936990375465,0.941488520622326,0.3242629602877629,11.454412763330502
grandiose|innovative|judgmental|manipulative|pessimistic|traditional,6,0.1,62.702987689665065,0.8827410051763638,0.8814178831983476,0.8894772481046846,0.34147485255743076,12.089041337248531
grandiose|introspective|judgmental|manipulative|pessimistic|traditional,6,1.0,60.94470324220099,0.8798000415818902,0.8938619044692543,0.8985122496343054,0.3365981208937903,12.012725319932342
grandiose|innovative|introspective|judgmental|manipulative|traditional,6,1.0,100.14888358771033,0.8429402701818535,0.884304060477739,0.5758262916173933,0.4314774062483261,15.509547758189514
grandiose|innovative|introspective|judgmental|optimistic|pessimistic,6,0.1,61.6313271328368,0.8753083143530159,0.8815906197059182,0.9296713657707051,0.3384553214991291,11.876530747393822
grandiose|innovative|introspective|optimistic|pessimistic|traditional,6,0.1,73.95773754129144,0.8667756872284829,0.8134695090388044,0.9387242496181014,0.37077071486968977,12.990007277340213
grandiose|innovative|introspective|judgmental|optimistic|pessimistic|traditional,7,0.1,59.372886545848,0.8778241521692682,0.8832625293103574,0.9446593466524792,0.33221236112557084,11.621695816598857
grandiose|innovative|judgmental|optimistic|pessimistic|traditional,6,0.1,66.9217756956927,0.871724731657888,0.8775197122733315,0.8860306245539148,0.3527315465205574,12.368621441984025
grandiose|introspective|judgmental|optimistic|pessimistic|traditional,6,0.1,66.59211624371366,0.8672043532809272,0.8833985421896402,0.8958220056146408,0.35180007419186193,12.407597577973014
grandiose|innovative|introspective|judgmental|optimistic|traditional,6,0.1,69.22929679565661,0.8539546120645352,0.8731267744666078,0.931547388543762,0.35867411806596605,12.648491386390907
grandiose|innovative|introspective|judgmental|pessimistic|traditional,6,0.1,85.56724249825847,0.8079116890592215,0.8526242855288684,0.9402566289333979,0.3987097750003694,13.980024013887377
impulsive|innovative|introspective|judgmental|manipulative|optimistic,6,1.0,155.87932886725577,0.797981646792373,0.4279078019863738,0.9171293515193649,0.5383685688708183,17.876721201881015
impulsive|innovative|introspective|manipulative|optimistic|pessimistic,6,0.1,147.12746366258597,0.8175168946792484,0.43780500637122644,0.9333002007933422,0.5230532428078162,17.248941220293588
impulsive|innovative|introspective|judgmental|manipulative|optimistic|pessimistic,7,0.1,148.2433638060566,0.816822654598341,0.43112663138520235,0.9349316383746292,0.5250122129437709,17.32615625502255
impulsive|innovative|judgmental|manipulative|optimistic|pessimistic,6,0.1,173.44323016527272,0.780299647233401,0.3792539547187749,0.8590157173623505,0.567982262568761,18.836872681185884
impulsive|introspective|judgmental|manipulative|optimistic|pessimistic,6,0.1,159.2690373996286,0.7990583164681173,0.43028487223863066,0.8676354372929203,0.5441949043408582,18.330513709515905
impulsive|innovative|manipulative|optimistic|pessimistic|traditional,6,0.1,144.50002666955783,0.8093310090011286,0.5045784005424457,0.8700093244001802,0.5183942190319397,17.358391284562664
impulsive|innovative|introspective|manipulative|optimistic|pessimistic|traditional,7,0.1,108.49917843027042,0.8615723109780618,0.6006571356769215,0.9365689902372156,0.4491403711025815,15.042243957542398
impulsive|innovative|introspective|judgmental|manipulative|optimistic|pessimistic|traditional,8,0.1,107.64809943495182,0.8608860437275786,0.6057397806665193,0.9398445580538736,0.4473832053005562,14.97154054731293
impulsive|innovative|judgmental|manipulative|optimistic|pessimistic|traditional,7,0.1,142.62022205834964,0.8093773989135641,0.5164961731580148,0.8704182513972348,0.5150020488200567,17.313091521501576
impulsive|introspective|manipulative|optimistic|pessimistic|traditional,6,0.01,128.6336516677224,0.8499867070692135,0.5123054971298613,0.9000252818987746,0.48902894314527146,16.535693762672118
impulsive|introspective|judgmental|manipulative|optimistic|pessimistic|traditional,7,0.1,129.10438887822949,0.8496460782606595,0.5098609419978448,0.9002471549431493,0.48990492883779035,16.58905598396122
impulsive|judgmental|manipulative|optimistic|pessimistic|traditional,6,0.1,172.10989602794234,0.7879963031990388,0.37724757452673763,0.8508614818357567,0.565791762778449,18.874048353283502
impulsive|innovative|introspective|manipulative|optimistic|traditional,6,0.1,112.66412777002374,0.8511466091248708,0.5994144963636319,0.9264611412999558,0.4576803346231424,15.488502091559658
impulsive|innovative|introspective|judgmental|manipulative|optimistic|traditional,7,0.1,111.28438153456882,0.8522620436910733,0.6061834579701343,0.926394039368807,0.4548806500575298,15.35810639608969
impulsive|innovative|judgmental|manipulative|optimistic|traditional,6,0.1,147.71518239807565,0.7941826634532844,0.5164038859248243,0.8642980895154525,0.5241184401544069,17.716532677101533
impulsive|innovative|introspective|judgmental|manipulative|pessimistic,6,1.0,158.7400293827711,0.784099273855204,0.4269908476167139,0.934721464642008,0.5433030494432538,17.962996736363948
impulsive|innovative|introspective|manipulative|pessimistic|traditional,6,0.1,112.30346155690957,0.8520416438711673,0.5955583309327921,0.9347923258699472,0.45694396589859587,15.485093763792708
impulsive|innovative|introspective|judgmental|manipulative|pessimistic|traditional,7,0.1,111.01459120605516,0.8517617564601644,0.6023017213150443,0.9387644635995813,0.4543258046380038,15.344201907460842
impulsive|innovative|judgmental|manipulative|pessimistic|traditional,6,0.1,148.88280760114202,0.790031492958426,0.5164950370868039,0.8651721046865938,0.5261789265483591,17.893994796063023
impulsive|introspective|judgmental|manipulative|pessimistic|traditional,6,1.0,134.55651018704435,0.8310740346425199,0.5109431527843716,0.8997947220750897,0.5001647822595193,16.934214239458154
impulsive|innovative|introspective|judgmental|manipulative|traditional,6,0.1,132.29379779701176,0.8526333244238062,0.5804596851034588,0.7186797740907684,0.49592743898921504,17.34168663939193
impulsive|innovative|introspective|optimistic|pessimistic|traditional,6,0.1,108.43072546369599,0.8634101337870538,0.597208592787366,0.9371324347864912,0.4489992137608028,15.006265575045914
impulsive|innovative|introspective|judgmental|optimistic|pessimistic|traditional,7,0.1,107.24415157844332,0.8627142106069905,0.6045440779000225,0.9403036583933951,0.4465428182728038,14.919709020711206
impulsive|innovative|judgmental|optimistic|pessimistic|traditional,6,0.1,158.2089128196336,0.7786920841628794,0.4910883422100648,0.841171554572727,0.5423824622925731,18.565966688682632
impulsive|introspective|judgmental|optimistic|pessimistic|traditional,6,0.1,128.4674992983998,0.8517550069077136,0.509918278059617,0.9002106129143864,0.48868719814964073,16.533093735529267
impulsive|innovative|introspective|judgmental|optimistic|traditional,6,0.1,110.95816401526903,0.8537395985366424,0.6049731926881357,0.9272188046907639,0.4542131250927663,15.307234221505086
impulsive|innovative|introspective|judgmental|pessimistic|traditional,6,0.1,110.70479447122447,0.8531297687577973,0.6015170792255622,0.9389869047560102,0.45369239997803984,15.302613317907573
innovative|introspective|judgmental|manipulative|optimistic|pessimistic,6,0.1,158.07988790148323,0.8133502436943834,0.3765490805175772,0.9304648660763986,0.5421386434174658,18.151651305999646
innovative|introspective|manipulative|optimistic|pessimistic|traditional,6,0.1,115.62173400815803,0.8412130370736728,0.5951711225315586,0.9348874246030794,0.46363493408517653,15.786147920442623
innovative|introspective|judgmental|manipulative|optimistic|pessimistic|traditional,7,0.1,114.42130512647073,0.8406294330941344,0.6019253973445646,0.9388615036950674,0.4612354487979067,15.684398003086867
innovative|judgmental|manipulative|optimistic|pessimistic|traditional,6,0.1,157.30263535136805,0.8105260115138555,0.4303441043986346,0.8493713925757551,0.5408434149127923,18.547290965970262
introspective|judgmental|manipulative|optimistic|pessimistic|traditional,6,0.1,136.14739002169415,0.8341679044131571,0.49703324690662765,0.8954197778367635,0.5030819449382969,17.278465062889502
innovative|introspective|judgmental|manipulative|optimistic|traditional,6,0.1,120.22924929383635,0.8245905452189133,0.6022113890560146,0.9264586674625197,0.4727991693994434,16.270706623788605
innovative|introspective|judgmental|manipulative|pessimistic|traditional,6,0.1,124.67059338660553,0.811340896711164,0.5941591250890528,0.9360653724459205,0.48144862385019593,16.688113241764718
innovative|introspective|judgmental|optimistic|pessimistic|traditional,6,0.1,127.52017665745639,0.8056178577627675,0.5853581961892841,0.9390650540808928,0.48688836377403066,16.84706887685198
