,IPIP100:B5:A,IPIP100:B5:C,IPIP100:B5:E,IPIP100:B5:ES,IPIP100:B5:O,BFAS:BFAS:A:C,BFAS:BFAS:A:P,BFAS:BFAS:C:I,BFAS:BFAS:C:O,BFAS:BFAS:E:A,BFAS:BFAS:N:V,BFAS:BFAS:O:I,BFAS:BFAS:O:O,HEXACO:H:A:FL,HEXACO:H:A:FO,HEXACO:H:A:G,HEXACO:H:A:P,HEXACO:H:C:D,HEXACO:H:C:O,HEXACO:H:C:PE,HEXACO:H:C:PR,HEXACO:H:E:D,HEXACO:H:E:F,HEXACO:H:E:S,HEXACO:H:H:F,HEXACO:H:H:GA,HEXACO:H:H:M,HEXACO:H:H:S,HEXACO:H:O:A,HEXACO:H:O:C,HEXACO:H:O:I,HEXACO:H:O:U,HEXACO:H:X:E,HEXACO:H:X:S,HEXACO:H:X:SB,QB6:QB6:A,QB6:QB6:C,QB6:QB6:H,QB6:QB6:O,QB6:QB6:X,MPQ:MPQ:AB,MPQ:MPQ:AC,MPQ:MPQ:AG,MPQ:MPQ:AL,MPQ:MPQ:CO,MPQ:MPQ:HA,MPQ:MPQ:SC,MPQ:MPQ:SP,MPQ:MPQ:TR,MPQ:MPQ:UV,IPIPneo:A1:TR,IPIPneo:A2:MO,IPIPneo:A3:AL,IPIPneo:A4:CO,IPIPneo:A5:MO,IPIPneo:A6:SY,IPIPneo:C1:SE,IPIPneo:C2:OR,IPIPneo:C3:DU,IPIPneo:C4:AS,IPIPneo:C5:SD,IPIPneo:C6:CA,IPIPneo:E1:FR,IPIPneo:E2:GR,IPIPneo:E3:AS,IPIPneo:E4:AL,IPIPneo:E5:ES,IPIPneo:N1:ANX,IPIPneo:N4:SC,IPIPneo:N5:IM,IPIPneo:O1:IM,IPIPneo:O2:AI,IPIPneo:O3:EM,IPIPneo:O4:AD,IPIPneo:O5:IN,IPIPneo:O6:LI,EPQr:EPQ:E,EPQr:EPQ:P,PS:PS:P
IPIP100:B5:A,1.0,0.04705234648382548,0.06463748685643862,0.0048027081774969175,0.04125654957838696,0.3087120591087863,0.05024085618662922,0.0032105011993438628,0.05050105350126909,0.0602151395097883,0.01918137727668767,0.03397521497865984,0.050426814426956366,0.02174447433657882,0.03314565848786987,0.06632075671943656,0.0362401568017995,0.029841031117470735,0.05362483381622545,0.0575511254948107,0.02208579916243242,0.06058114945761621,0.03717106638661328,0.08476615003508568,0.0039586751441162355,-0.009481446366267974,0.025817447272130967,-0.029514466985856355,0.00970980544855378,0.029195032048750735,0.002034937814007001,0.03208976447509168,0.025463344084505624,0.06227985208203596,0.034516414991828344,0.024986466699766056,0.01585467254911757,0.037877660271585775,0.036427574659954665,0.021015958294061138,0.01499715154791019,0.033499819746669726,0.019249936171425393,0.02077340813563083,0.05507554013597923,0.0169635094895711,0.06984356071552131,0.015165064578112926,0.030474993146251524,0.057971274808016865,0.04966094570911085,-0.02398571490539595,0.22739244934377512,0.06424872693901876,0.0065120543207613565,0.11248929383141142,0.045502759881146285,0.04068146773350133,0.027043188183690663,0.03302448404434763,0.012825336876839087,0.01342876409981397,0.19962889416557564,0.0266429364595833,0.019923875621931725,0.06935838958756399,0.03853352337062096,0.0320945760317853,0.01735866931619052,0.02626247572408634,-1.2026469789961186e-05,0.01626652574884671,0.07187820548774077,0.031212679223521597,0.011073615330771126,0.03060470774394184,0.10353219140382512,0.05058313787532321,0.07330619676776849
IPIP100:B5:C,0.04705234648382548,1.0,0.04179312707287117,0.04788453691528529,0.04132963502786703,0.038173395070595195,0.03582430236133679,0.1317816825583094,0.2149193021949626,0.0432805851661351,0.020217362759906696,0.054497418161389095,0.0300480355141163,0.045558774569725735,0.0326190687079688,0.023936916393387152,0.0208304051332949,0.07676651627827083,0.3531252499433848,0.179479896572081,0.09096971391622717,0.049625519367726724,0.035277083412746865,0.01352101460329127,0.03083258410917728,0.0444729689371802,0.037638766052456946,0.009096743440309777,0.018839899050765586,0.010498312881888537,0.017767265833335967,0.013038186013876372,0.0378057272093244,0.024909492218764966,0.01867545585356092,0.03663740015533558,0.29912281763508497,0.04007690933784761,0.034351928508634076,0.010096035715991684,0.009619443565908664,0.08283752660556878,0.00916771604182199,0.04210894951325566,0.2598631456212216,0.0008743147448195609,0.028316395775238472,0.03561947445612876,0.00986894466580098,0.08938608919116332,0.03565209703055352,0.032730787822275224,0.032407750716870354,0.0342531887157832,0.030334058837980467,0.029945511034019805,0.026136990349445464,0.4318744218407372,0.033779540327927175,0.035225108495062274,0.25653532429102516,-0.013814083598251835,0.029545951167165085,0.03357715998888268,0.03325324123001011,0.03883443389106945,0.004361925524352873,0.03690491460193458,0.03169999045880688,0.035202692165127426,0.018924221822791184,0.014796315338886907,0.025195917108644852,0.04635496674272901,0.03846571421952175,0.024514489397010394,0.03677350371195191,0.0597999374845945,0.03550259056680396
IPIP100:B5:E,0.06463748685643862,0.04179312707287117,0.9999999999999999,0.03502392398239205,0.0520740175767527,0.03452294543616207,0.014385644138514815,0.01606928226651707,0.03363080007246234,0.23154235918047988,0.020343196016611796,0.04030867576663835,0.034689045021302434,0.012091084847149797,0.025071319063433524,0.009803087722876098,0.031549376719846325,0.030885007121347383,0.03275397001367486,0.046227967541232075,0.040847060314118375,0.026165965603479665,0.0412492738781868,0.03227221277139055,0.038931225045857665,0.044885892591420624,0.049764426318370324,0.04088679197824154,0.0008027617490586259,0.02883316480044452,0.016300624134425172,0.030456879979351342,0.24838404595196253,0.1417685210786979,0.3025801758550016,0.016375149350063012,0.025249954462979306,0.02872646115354715,0.04400832135830403,0.15029575154329097,0.025743298871372527,0.03435302690195373,0.033829627516018694,0.00793419070576895,0.029908802573695666,0.014509616322775514,0.1015440666497947,0.245978836481499,0.04146871764904839,0.049368361520758144,0.030788724085052014,0.03122395621561532,0.04148468450780919,0.024323270376687613,0.02804005404025138,0.013138424793401353,0.024978850652575903,0.038391133705518624,0.01869873820849875,0.02971574869229122,0.012376629801352686,0.03860925096665428,0.1968106126035922,0.11176778653694171,0.34969694741237084,0.049151510822159766,0.031084266391026752,0.022566318714875407,0.0873548167155125,0.033225207177010864,0.03306737966720434,0.0018009859031489321,0.04203792073532779,0.0381500275877383,0.02892349960609121,0.03832993954570283,0.09420605935986778,0.04367718737325519,0.22478316583265434
IPIP100:B5:ES,0.0048027081774969175,0.0478845369152853,0.03502392398239204,1.0,-0.01355280080696974,0.011019172255588534,0.031209801148287416,0.0731446349022471,0.005588312187150341,0.014926641646950197,0.2811076932350892,-0.00762517186620327,0.01625857507377021,0.10001767188074256,0.05568926561502366,0.049093410459842717,0.3176407867438713,0.03313741077824905,0.014111330336098637,0.02673235450605394,0.0912865167761485,0.1696874652930669,0.06343555797778269,0.031226947655268154,0.027896167441661488,0.07187798937401307,0.03268985550564284,0.08937351669560714,-0.004930004580073103,0.002959724835733575,-0.016637446804888302,0.0408921688867972,0.03164330126399042,0.02402100786252042,0.020017323235641763,0.1061047499696195,0.04530935241602775,0.028199731327165196,0.003524260350389538,0.006647116422427662,0.031061570372742466,0.013260793861871071,0.07864221169871388,0.09642323775355076,0.029076831690123442,0.018743295354019217,0.04867937903094336,-0.0015312091074748643,0.009298708360529755,-0.009983004734211584,0.009792158276037922,0.04566693447014683,0.011168369915633128,0.0534081487750432,0.02180981200237082,0.032371152734111945,0.01766169465560913,0.017597997000665815,0.009578440572226291,-0.006510396107878858,0.03754748717588809,0.04473462100031246,0.02191290850665153,0.043631199570502426,0.023588234133242018,-0.014518700153345946,0.010157536376106346,0.33116719229458413,0.039814027415307734,0.05151014465301358,0.04438944250176332,0.006459742157748691,-0.018556993637235446,0.037513290465912494,-0.00697232029006917,0.0103424147020695,-0.003047120927494579,0.03919418385335477,-0.037198464271461236
IPIP100:B5:O,0.04125654957838697,0.04132963502786703,0.0520740175767527,-0.01355280080696974,1.0,0.025146206888418603,0.016337617104325613,0.014832824961404348,0.04977869498062616,0.06901500189162575,0.01222158325586588,0.4086336283091125,0.04110796047197464,0.024184805281789627,0.016804273026434096,0.024168997255203495,0.014620253154836367,0.017966002411537164,0.014542265859859058,0.07829572813520976,0.008493788192633212,-0.014837001994714221,0.007043212873033448,0.032092371215042464,0.039219698139154116,0.03204656639381205,0.014504587666552108,0.009645232114065394,0.03693282221373744,0.4093738820118471,0.3020772752384708,0.11197333033441803,0.03318544280517837,0.023816817012057193,0.037476674305177454,0.02921098745866202,0.004144608083545455,0.0167302449090949,0.19189954045715168,0.010517167217858114,0.07248083227049922,0.0373249314504458,0.02846589027263912,0.01397070958056035,0.049099719811990156,0.026751393053885075,0.029790094507320567,0.0704980868964151,0.037258610111812564,0.07171732808948478,0.018105498090864963,0.01547579590299903,0.011513125682445266,0.00283255017974113,0.04060644518936115,0.010245084170103978,0.04510157579231602,0.011826840445406977,0.024862997515827615,0.05942055469304481,0.02836307989400978,0.03791202326040015,0.026021366117013736,0.024681622212157542,0.02849856082608513,0.05931417908049473,0.023150640730938664,0.028619537756132733,0.0026826476985432122,0.012736249485269625,0.25516838146983517,0.010264097181152051,0.030223173903792276,0.019533608479027437,0.46731552512833047,0.02290118504031682,0.0715843491047092,0.04834658030900446,0.14613752234013966
BFAS:BFAS:A:C,0.3087120591087863,0.038173395070595195,0.034522945436162064,0.011019172255588532,0.025146206888418603,1.0,0.021569622340884796,0.01556561303542427,0.022404703676527315,0.037158292210705685,0.02368191414877013,0.02799800512879226,0.010574161161964251,0.04648390933024483,0.026655961390774734,0.027862766811464185,0.012022071574736594,0.018107192267057787,0.02499126292908003,0.028104965455243328,0.036171966820784475,0.016067655659453527,0.025245542888277902,0.1063390346597806,0.010512801336706457,0.02567710379553521,0.016556895096450832,0.012864399327416523,-0.0031602291838945993,0.01809056519431047,0.0019121874568662892,0.029925608443370392,0.019823330154434205,0.020094648253956536,0.015488635725291777,0.018764584390259364,0.026280415031299194,0.01974682979538286,0.011410994447143129,-0.007870288188890372,-0.007109464987145228,0.02420734269754304,0.016464890751966655,0.02503423564790688,0.049251117008195226,0.019566524763532232,-0.00044975619155044445,0.001945620833205745,-0.00448064505729414,0.009101157363241916,0.029476889767368456,-0.0012037376398809833,0.23908505079823608,0.020459719598194606,0.018329445422462558,0.12939147016022667,0.022121345183823655,0.0192156877975789,0.0035498933153759664,0.02299044967150216,0.024008181288152238,0.023065415571604724,0.023621079293567302,0.02304289355951366,0.014245916176996463,0.022423949971890084,0.01751322038196321,0.0214192123277401,0.027859734423939495,0.024590829371484747,0.006632300125072033,-0.0010494858269087123,0.11524536412059877,0.019795195169500148,0.024866390065047116,0.006599666034924338,0.02846466291664694,0.017721508518653863,0.021083612274150038
BFAS:BFAS:A:P,0.05024085618662922,0.03582430236133679,0.014385644138514815,0.031209801148287416,0.016337617104325613,0.021569622340884796,1.0,0.01649174442133831,0.02743764638103539,0.01419392976845963,0.02842249865563557,0.01483991252111759,-0.003718710151606135,0.051009178249116625,0.02649615264040611,0.044500785962163544,0.023694985209255063,0.00597339012126204,0.018856406628342228,0.03598323743806895,0.04624602000879919,0.015422238997139251,0.03650203500923904,-0.0016257441523638522,0.03514716051102648,0.12612893702235656,0.12252613416190337,0.0765034762790268,0.010839180666909186,0.008714811540811522,0.026197334814283265,0.02728230617705206,0.027189455295740877,0.007263289637752013,0.028746019417987247,0.0372979057033096,0.028607667493557736,0.01221617379032709,0.015946996421096402,0.0030281295361389545,0.011942285479219831,0.010485985001009869,0.027835655633091264,0.012919888191837857,0.02701833712940895,0.016825364158662683,0.0122374091878266,0.017890718218013715,0.009323286271094008,0.01579879641439666,0.002755346853840207,0.13905668541576907,0.017303532220980557,0.34367352409785634,0.12932456869532025,0.049068312029471595,0.016382126613789502,0.006061490035158993,0.015851926356283578,0.014026038192487277,0.01551001435091637,0.040518356385736566,0.025635575007513952,0.022140928683511453,0.004748761359177791,0.017387631599702157,0.022603461605556773,0.011375470199010166,0.02503169823224608,0.02231258726197878,0.005119277976417823,0.005313312258583667,0.01966343868583226,0.04630970702958265,0.013474448640629917,0.015652825588785464,0.019468856415713266,0.018085060096044724,0.028793852174320223
BFAS:BFAS:C:I,0.0032105011993438628,0.13178168255830944,0.016069282266517073,0.0731446349022471,0.014832824961404346,0.015565613035424268,0.01649174442133831,1.0,0.018191628707291026,0.01870828500931632,0.03638526868890872,0.0071706990015977575,0.03685217514744931,0.049163843598269315,0.046453192473458145,0.039674908442232856,0.02463312366879411,0.03155084700262346,0.020239888373866803,0.018523541635342835,0.05138162489039109,0.04627238142835739,0.029881952132346682,0.013649252571648007,0.01153970811898938,0.03089879234251354,0.018167594175512124,0.06141482149518873,0.02660233354504406,0.022637167782959183,0.00650096253592326,0.040905223781938685,0.01343934250655705,0.014393992179307582,0.010057661938937664,0.04539100366883383,0.09533003328222395,-0.001265392364588416,0.016558085647029396,-0.00971617233512014,0.03672737083880539,0.02680707700678694,0.007909591317031124,0.04874182382790536,0.01963012279823743,0.019990987107214687,0.030383089827505233,-0.0029100603843765335,0.006943914242624993,0.049911993537610534,0.014333691753307072,0.013811095603477644,0.016959381013657012,0.04328327545302133,0.008161225031209909,0.027471446543112628,0.008117822416048874,0.02931584954586924,0.02132236441348881,0.022172514604372934,0.3899881373559072,0.03356044764039253,0.016627461229305595,0.006725190135698161,0.014311464254371218,0.004660624466171787,0.02926184493986942,0.017225222174571612,0.02491277557665481,0.0175565780248721,0.02868060975250058,0.02976775219886515,0.006436376631811594,0.009944835332559753,0.00746664474781,-0.006912314065352073,0.025642415730083856,0.0275313018252707,-0.002700220897649013
BFAS:BFAS:C:O,0.05050105350126909,0.2149193021949626,0.03363080007246233,0.005588312187150341,0.049778694980626155,0.02240470367652732,0.02743764638103539,0.01819162870729103,0.9999999999999999,0.0434532248598793,0.025629488952542148,0.03594976965278526,0.022382943204387978,0.02799477388179564,0.02988416072946617,0.024484132590715902,0.01836096760477962,0.025107301821379508,0.47587191492150677,0.1326328915188135,0.03279684846914943,0.029906996018797323,0.02564910074277846,0.013885999569589986,0.02332160464678854,0.032206273660963514,0.0336321403288648,0.005030785879779737,0.008512564372792141,0.029716897342368515,0.027048727089332265,0.028464020586618996,0.009442908094485537,0.027641934881491095,0.008621494946633806,0.04339910928570013,0.11556772262580746,0.025485617053967315,0.02198153784780873,0.041952435084727575,0.00230490212025024,0.044621568640639736,0.007574577877771697,0.01749813703112199,0.045022009060035686,0.00765748077785791,0.02144565607545672,0.03597349796198546,0.010270489579249826,0.06041270154184987,0.032186167633196136,0.030416199976228978,0.02052534308732267,0.018272576731178755,0.02555666952949765,0.0014420792752041728,0.03142455875533382,0.4975522909583318,0.036282878534120405,0.053554154067325124,0.03494969826519393,0.017397773746248235,0.008520924656582362,0.011338274903598851,0.038201845589157096,0.03648638068132163,0.0003546686339441905,0.008985732297053165,0.016895708113898518,0.01951077017655985,0.0020545897244159373,0.0069846103382346664,0.02515192847052222,0.043893634324602825,0.031138792799958542,0.019946801414473362,0.05258639208365852,0.030939061740928663,0.0340467087750147
BFAS:BFAS:E:A,0.060215139509788296,0.0432805851661351,0.23154235918047988,0.014926641646950196,0.06901500189162575,0.037158292210705685,0.01419392976845963,0.01870828500931632,0.043453224859879305,1.0,0.02343929886597955,0.05074590004503792,0.032848915130548266,0.028153728517759408,0.03302456640871943,0.021185417966544207,0.024258596079620182,0.026109853135777635,0.027945645825901807,0.04290538616546681,0.042075565621220154,0.03967029909819244,0.03258795892570853,0.022022365907211076,0.03788719002211844,0.05905494235986199,0.04272842432297843,0.03442220002533048,0.016490348334028803,0.05428117880425166,0.03853265633601258,0.04555411071492959,0.02523740390126559,0.04923951756193647,0.12083967589704585,0.01881430473600734,0.013741602472648135,0.02713522807897122,0.03232246674737412,0.04779334431104805,0.025484689159352633,0.032793046296831434,0.03228696600972238,0.02298844207914665,0.032177835739375334,0.03570481772508619,0.06248122138224516,0.4115684033568773,0.03733483267310776,0.055991917716147505,0.02431802589564688,0.04029103725372296,0.038944233119667326,0.01769746824857911,0.034596351819562145,0.010993907921283958,0.0369839088109429,0.030899164780994078,0.03266213400452391,0.04058490131893661,0.0024979179071815557,0.046725783629859734,0.033441772188059216,0.04115316993202288,0.42986209139108733,0.05637956562226092,0.034439329439367755,0.0292224835636886,0.015969567259821023,0.014333097405748655,0.013659615081996673,0.017143823841385575,0.028991030811256636,0.01633522231587042,0.041473130350822854,0.042302826894801804,0.09991944884000055,0.017118085175915166,0.18633505872997697
BFAS:BFAS:N:V,0.01918137727668767,0.020217362759906696,0.020343196016611793,0.2811076932350892,0.012221583255865878,0.023681914148770127,0.02842249865563557,0.03638526868890872,0.02562948895254215,0.02343929886597955,1.0,0.012484330836143098,0.011132383406144175,0.06153770448827147,0.03501374835873193,0.008456587307023956,0.28253366542351427,0.02421776052164159,0.02046980664067557,0.022167554004350516,0.04430975088468247,0.06533741899539132,0.03193129150161768,0.03542964894786134,0.012395934379942212,0.04673429315373681,0.033770351586209606,0.03571138598521462,-0.0024400083672779923,-0.0008771298781071787,0.00015808090936564472,0.031009424607713453,0.02138547793541319,0.017279391549397526,0.020035787489472483,0.13449417930371635,0.023410940255682987,0.006408868183615975,0.01648942022116618,0.009555611494998843,0.024238377506733567,0.003273026960812635,0.07538310077812897,0.05846588037482674,0.032780170905627334,0.0034372278098694486,0.027738635002943664,0.009147408309075712,-0.0026084935006771104,0.012555248918418546,0.019368081278646275,0.026108164790204252,0.005671247881565613,0.02846430055013102,0.027617444676142,0.025230101785519897,0.012631812912943456,0.022957176130659923,0.005422361616894098,0.0003417596149239557,0.03920260864188284,0.037339850857945486,0.025369134424803843,0.021758171071471086,0.008643350650998811,0.004055366550046291,-0.0037359144765955854,0.030043572883267977,0.01993316721938373,0.02205362432535159,0.022679135036696784,0.006791970105354442,0.01599047818748139,0.0234770359546746,0.005905758226694841,0.0019503245084729387,0.010400394170225112,0.010051903560612339,-0.00030432039144888336
BFAS:BFAS:O:I,0.03397521497865983,0.054497418161389095,0.040308675766638345,-0.00762517186620327,0.40863362830911254,0.02799800512879226,0.014839912521117592,0.007170699001597757,0.03594976965278527,0.05074590004503792,0.012484330836143098,1.0,0.023754183750561746,0.011854862940006549,0.023191227094385054,0.020822340560480455,0.005768299919305421,0.019099985238858256,0.03297932607061326,0.05492832295953904,0.015017231211401619,-0.006381138313289233,0.005983820934316444,0.03588618734227275,0.02570898653560172,0.04016906894054041,0.028020687271640074,0.017178504420778527,0.01914850695760435,0.03855179506961273,0.22266067468844963,0.04282917325915129,0.04286810185108343,0.0175339230902741,0.029305313724978903,0.01610962202458777,0.014946573363476235,0.02522328111284076,0.22206996923030928,0.013553156795729559,0.01774042228781519,0.02109722488949187,0.027960939646723446,0.015995828578894068,0.06054685051271294,0.013430606283266215,0.004910232149367245,0.05312315246943204,0.008513189381481306,0.05306940744570879,0.017998742329311417,0.010850253235868714,0.012913157216012905,0.005171992934953797,0.04080251395733833,0.017519915059863667,0.04059881581617127,0.03044200621149992,0.014557657214006684,0.05327915632147017,0.03692118817876515,0.0246850323224637,0.014291138080095746,0.027330658317399743,0.038619083242590606,0.04246711675362657,0.009255882812207223,0.027207507335642058,0.00938141898105958,0.014690523664262387,0.018752461102102564,0.012000858873561988,0.03981508115030712,0.025409869764636307,0.5905119588509978,0.015463762720915165,0.04559846470669127,0.04290377300495524,0.07308584238439449
BFAS:BFAS:O:O,0.050426814426956366,0.030048035514116302,0.03468904502130244,0.01625857507377021,0.04110796047197463,0.010574161161964251,-0.0037187101516061344,0.03685217514744931,0.022382943204387978,0.032848915130548266,0.011132383406144176,0.023754183750561746,1.0,0.007571935456545303,0.021496064620605385,0.0024971951636396316,0.017007486518369266,0.01980800821886014,0.030569616631071175,0.026096766601964912,0.016758759753136027,0.030596949209877634,0.02989381313992083,0.01200960385985473,0.015377184328862356,0.006683678865705898,0.017670370763002288,0.006057502749858896,0.4331044456998934,0.05806966052171537,0.023251505111645844,0.01513443714407938,0.03148132424780973,0.02160930342155644,0.012264911765542421,0.01880352270543599,0.010237655187448555,0.01501698648174089,0.1103615456762082,0.024901577179453845,0.38518470668409477,0.01852619437064648,0.00802548090466973,0.017600017277195526,0.037540384336283726,0.023077000489641897,0.020854075163144428,0.024419915362629618,0.08889092347629751,0.04036857999896891,0.028704844214799716,0.0009209363282339516,0.01253201447860618,0.012483904922908287,0.0029525374822658257,0.007547246294056144,0.019269957327679544,0.02271795593164382,-0.0007258893982472937,0.021799608654112432,0.028072337011293948,0.03543353618635271,0.02371938299454978,-0.001677348007193378,0.034902261542030404,0.039058528076345786,0.02054998223179092,0.018262581735296275,0.0028242381608512275,-0.0029047396260286737,0.23562048098148491,0.3436085932217065,0.01701445625529438,0.017771868918200876,0.011228105780531924,0.006310685002084049,0.04369344664700182,0.029357124853082457,0.043166933404296025
HEXACO:H:A:FL,0.021744474336578817,0.045558774569725735,0.012091084847149797,0.10001767188074255,0.024184805281789627,0.04648390933024482,0.05100917824911663,0.049163843598269315,0.02799477388179564,0.028153728517759408,0.061537704488271464,0.011854862940006549,0.007571935456545303,1.0,0.06940529763493183,0.04599715139919323,0.03213708688502877,0.0319202865387412,0.02476463247397001,0.07151951129969618,0.051027113274723056,0.040906275362389145,0.028724173516920883,0.001599759840957679,0.016049388735064878,0.0717410850269552,0.036753187309939116,0.05778186159517802,0.014662781298137384,0.02170917860082077,-0.004043254398753004,0.05697992668926001,0.02480382225936419,0.023522338802257174,0.01894403524356162,0.05550056974686201,0.03525580188691358,0.007730545211237681,0.013992180795151507,0.014453461651310388,0.012099933055541296,0.016192253775207804,0.007317966197233282,0.04904313048996447,0.04931320027942396,0.012719079512430977,0.03882898866340336,0.009849374589587581,0.009250250487406058,0.02620270867819365,0.011722208386295617,0.046944710870619855,0.023640997271603348,0.05418601081592404,0.019101992764026327,0.05692667245781674,0.01989134230969368,0.012029671633404532,0.010432668787024743,0.03306129612396527,0.040886828207470235,0.04487632925088884,0.026323519043671348,0.024690910523644843,0.014874259689622447,0.021980336889522716,0.009115412708937193,0.014934025607123999,0.024891200720504606,0.01950463769625155,0.0113723288163214,0.008096553763432986,0.01317659436641019,0.04097866977945152,0.010023924064870775,0.021282680384455573,0.010937179273448162,0.022510463857343125,0.035698368664163385
HEXACO:H:A:FO,0.03314565848786987,0.032619068707968796,0.025071319063433524,0.05568926561502366,0.0168042730264341,0.026655961390774738,0.026496152640406112,0.04645319247345814,0.02988416072946617,0.03302456640871943,0.03501374835873193,0.023191227094385054,0.021496064620605382,0.06940529763493183,1.0,0.03898930912402616,0.012674440601144702,0.022005157366032535,0.022014649655688303,0.03842593766222239,0.026758493166342146,0.03137177762221367,0.029872440171769137,0.014326846033812806,0.034214823372604,0.05047741837251542,0.01922151635207491,0.04272232556435615,0.0181691571279531,0.00932212623264112,0.020049571390105783,0.031475838544478094,0.02995283695207352,0.01584759493933553,0.027066623347123394,0.22692167414965705,0.023235431820415063,0.004068786872225459,0.015265495695968351,0.013226720377909382,0.03127954857715359,0.029406068644961085,0.139234871361473,0.11635273774198614,0.014101994999619845,0.012480721455877511,0.014966725750117796,0.005599983769705861,0.0057387975665969225,0.034079638615432215,0.08427509602477817,0.029360142754239746,0.03879269579839953,0.11159347195257702,0.024145163741499553,0.018686346051962868,0.003995155132491431,0.018829597722785692,0.007955715612766513,0.03755375925204715,0.02694545245533165,0.014681954028437647,0.013150879549530047,0.01988857793080086,0.00817105676972615,0.024303468787067253,0.0092240397805112,0.015167707744961319,0.024460910020343635,0.03335802777665016,0.029256707444438854,0.020926762400943273,0.01331808336115846,0.028254396412113178,0.018186551928669328,0.017739976256624792,0.029773900462919035,0.027345567289691227,0.029446991758905843
HEXACO:H:A:G,0.06632075671943656,0.02393691639338715,0.0098030877228761,0.04909341045984271,0.024168997255203495,0.027862766811464185,0.044500785962163544,0.03967490844223285,0.024484132590715905,0.021185417966544207,0.008456587307023958,0.020822340560480452,0.0024971951636396316,0.04599715139919322,0.038989309124026164,1.0,0.0220096637474575,0.02735153943819251,0.013825717789498202,0.037159431820212176,0.04753563134647906,0.03856236273801835,0.03688976179532653,0.010719322244362135,0.020758228644801844,0.0593784361596202,0.032116444739071194,0.07507479943998865,-0.01088743036225626,0.009457828896132819,0.008494566877252672,0.037074672795172195,0.025765033306998485,0.014993902077756641,0.008774872753729387,0.1181936943142754,0.013593599757180113,-0.003153623727642465,0.03584075112786168,-0.0035118862458308883,0.02280750305447043,0.01718780539703542,0.12286964633023184,0.03812551698601834,0.03078214225748531,0.022012891782608457,0.01824064628843912,0.011918011201909638,0.004760309431514292,0.02434174218537093,0.022517490867065632,0.026687496899341707,0.11200084116808211,0.12724602638436966,0.027880998508887016,0.030252715023644766,0.020131649421090702,0.0028487823505421203,0.022213216856789196,0.022838183772292513,0.025157279469025837,0.03920333275060804,0.035771921421821035,0.006311801710230628,0.01632326443944923,0.016885485283698685,0.030253349308499804,0.0290759017244607,0.02940033449374306,0.032628172224726366,0.023316433225357622,-0.0020604639051184175,0.008665984691706348,0.01039762421851054,8.491347134504346e-05,0.003943502559224956,0.03577170109560371,0.042340913306680696,0.017339723386218094
HEXACO:H:A:P,0.0362401568017995,0.020830405133294896,0.031549376719846325,0.3176407867438713,0.01462025315483637,0.012022071574736594,0.023694985209255063,0.024633123668794107,0.01836096760477962,0.024258596079620182,0.28253366542351427,0.005768299919305421,0.017007486518369266,0.03213708688502877,0.012674440601144702,0.0220096637474575,0.9999999999999999,0.014104296934104298,0.01075036732669744,0.019152785778939085,0.02769988727142438,0.04493783504001405,0.015500599639717115,0.03589801671866469,0.014235295965874034,0.03982917431364198,0.023688845579155144,0.020172706828360143,0.0034716752595252576,0.0007959137789219529,0.010316051897459528,0.033743251965117335,0.013641715843162393,0.012815998149010323,0.022198576318773734,0.213858019059698,0.005828028433689565,0.018318606977520514,0.005798363070992077,0.015936923331999718,0.007470911465286674,0.003976858322583853,0.13789005514624358,0.018823279632280164,0.024958820282781402,0.02170961982064908,0.01938650864024056,0.007327919246692485,0.0027595938957839803,0.018936527654681918,0.016946654806477775,0.028423333661030423,0.009966959153801504,0.022867965926126835,0.02050381766801026,0.014666743326468962,0.009308937131371051,0.01414220322764028,0.019261053953661185,0.008316744038822928,0.021875926280556256,0.02010797987144407,0.010608155237593299,0.019863515541718658,0.02834825082272878,0.015323974568943763,0.005892901191040783,0.03515354370392551,0.017088221797782036,0.023940326427171196,0.020220400952820138,0.016870584908343544,0.020708200717204427,0.016496050915642987,0.0017407385977751583,0.006245325384071412,0.00993694868316386,0.02360664585514423,0.018201212351645672
HEXACO:H:C:D,0.029841031117470735,0.07676651627827084,0.030885007121347383,0.03313741077824905,0.017966002411537164,0.018107192267057783,0.005973390121262041,0.031550847002623464,0.02510730182137951,0.026109853135777635,0.024217760521641585,0.019099985238858256,0.01980800821886014,0.0319202865387412,0.022005157366032535,0.02735153943819251,0.014104296934104298,1.0,0.018751481607790603,0.04462389349758596,0.026826193010168337,0.03562759881271054,0.019719767368050714,0.009450986520283897,0.020653954779775687,0.02783151638569012,0.006004380495288658,0.025207883576799105,0.012333146777671748,0.021766473882528104,0.021804753930875234,0.02102325115281509,0.029110192997979945,0.002357762497069499,0.028227628823226252,0.02260706134148341,0.024717607193461655,0.009435829563136284,0.011706331233934357,0.010745576865030035,0.00954963390229026,0.356491634465421,0.009961785300318757,0.034038250226089986,0.07856054483719951,0.013307410657323715,0.010806542302540852,0.028977981077653786,0.016176639510890434,0.019022987034118314,0.012600818679523814,0.008489677011206776,0.018013534745372702,0.013841829700841095,0.007248155086999072,0.021325639287076207,0.09450154496580383,0.027662351249954073,0.0127772036877327,0.21858471131458262,0.03828283013328782,0.01204338580599056,0.016956170899822792,0.010300693502721893,0.04007726208535804,0.018437168867678433,0.024689786388096168,0.011224616717430665,0.019763209680790948,0.018230709787625473,0.010644615860342361,0.012218951384465245,0.004219090868343024,0.025857244794697348,0.017853333148980955,0.020650374602771065,0.026773903618950885,0.022056720247761105,0.02234206164824109
HEXACO:H:C:O,0.05362483381622546,0.3531252499433848,0.03275397001367486,0.014111330336098637,0.014542265859859058,0.02499126292908003,0.018856406628342228,0.020239888373866803,0.4758719149215067,0.027945645825901807,0.020469806640675572,0.03297932607061326,0.030569616631071172,0.02476463247397001,0.022014649655688303,0.0138257177894982,0.010750367326697442,0.018751481607790603,0.9999999999999999,0.05861367887112846,0.019885773749277406,0.0354633871375336,0.023323446285617503,-0.0076359254638641684,0.0152192342888825,0.03020502695430192,0.018348949451774947,0.01271459453833686,0.009876362035444746,0.005520251378781612,0.019712870823292674,0.021869340546364472,0.018849706232095555,0.032705520073025865,0.003865887903862534,0.026297675231960554,0.19625113420832088,0.017553854457553874,0.018401314052620084,0.012585204703917894,0.012380946199292572,0.030590892430253945,0.007584396151439696,0.018753269132515866,0.008880067868500976,0.015494020970979735,0.029950850126991845,0.01686208645540053,0.005461376435749908,0.038653006254121415,0.017772775601429747,0.026760264085317582,0.011760156585378725,0.013440683751521675,0.01522125062807052,0.013106994413033505,0.008293949720654089,0.654075987715445,0.02629492083750647,0.038808462561810135,0.10999669721265427,0.010952767135687824,0.028343122448316913,0.031553007228507006,0.02851835332568431,0.0236067773427308,0.0017916994565369386,0.012833198649692965,0.024335375874640644,0.030899612976850815,0.005399056406011673,0.009255170119265806,0.006476314247967358,0.041290539540518784,0.03133083611219427,0.011032566622334145,0.03443620388816399,0.0183785623103131,0.02664223722982367
HEXACO:H:C:PE,0.0575511254948107,0.179479896572081,0.046227967541232075,0.02673235450605394,0.07829572813520977,0.028104965455243328,0.03598323743806896,0.01852354163534284,0.1326328915188135,0.04290538616546681,0.022167554004350512,0.05492832295953903,0.026096766601964912,0.07151951129969618,0.03842593766222239,0.03715943182021217,0.019152785778939085,0.044623893497585956,0.05861367887112846,1.0,0.024012272314730836,0.0031027852307888445,0.028130915436826442,0.03660238381146526,0.031765343790671356,0.05690362096436928,0.04961748906988182,0.008681722554225004,0.02059600023396688,0.04634763666030797,0.04335678369279021,0.03877217456017587,0.03794677008305807,0.02421529924320068,0.03067765023914169,0.04845649392860888,0.22803733829282227,0.037012390401656756,0.029510238605299364,0.01764980580283832,0.009895294714485008,0.11791857671710752,0.024130799790470475,0.038938758279859056,0.14631348837782843,0.005516539437522572,0.029611828926005605,0.043478683434759524,0.02779601340637421,0.07738037623806325,0.020058824526261707,0.03539017895857007,0.016943889385476685,0.0369464307368356,0.03939050818555632,0.02519170518806191,0.06310100180680968,0.052191741712946466,0.03279414696238587,0.12953844054553637,0.039139113570057914,0.019923281297058976,0.0353967252641436,0.03795897773346919,0.042909086634641165,0.07387168476691633,0.009315173230886683,0.019280605366776338,0.026230138727876315,0.02544060685201747,0.022952035452700616,0.0034979393174271864,0.03859879528200249,0.03260945933483829,0.04082038238884841,0.03448273743928595,0.04717639498117004,0.03612361172849169,0.058152114765666806
HEXACO:H:C:PR,0.02208579916243242,0.09096971391622717,0.040847060314118375,0.0912865167761485,0.008493788192633212,0.03617196682078447,0.04624602000879919,0.05138162489039109,0.03279684846914943,0.04207556562122015,0.04430975088468246,0.01501723121140162,0.016758759753136024,0.05102711327472305,0.026758493166342146,0.047535631346479056,0.027699887271424382,0.026826193010168337,0.019885773749277406,0.02401227231473084,1.0,0.07284628948956683,0.03452150892893152,0.011597391376704982,0.02173254720576689,0.06709173879243614,0.05286225664665853,0.06974616323455991,0.00865258180188958,0.03293540590437332,0.00762371283613245,0.025292069104031097,0.020222825553679637,0.02835956059247402,0.015590335888208667,0.03926310457881284,0.019839651345141516,0.030958754060809255,0.003923037993437478,0.02441160279307089,0.007555534818091486,-0.0016848396235915244,0.006792131043236508,0.0584949620136332,0.24779118672312825,0.05006141721085353,0.04194548794489705,0.02030426500927018,0.021068513649948925,0.02599639001786829,0.029972307136951055,0.04644463679349573,0.032109351738597906,0.06988078453698933,0.01476743446519536,0.02147467967661794,0.03646909918444073,0.10497034350651444,0.02477082544703184,0.005823427709568826,0.040616524451507804,0.38245984802012833,0.02075436884617031,0.02982912211444532,0.030678618373846195,0.009779984935771268,0.04956687777383875,0.04115408367956419,0.03538647465601562,0.12375329539351591,0.022515826263885857,0.011082734993111734,-0.0002795160435459319,0.0433352690512988,0.01102760152416015,0.022829211958564008,0.05807306541412606,0.03964975324906273,0.022023316966998514
HEXACO:H:E:D,0.0605811494576162,0.049625519367726724,0.026165965603479665,0.1696874652930669,-0.014837001994714221,0.016067655659453523,0.015422238997139251,0.04627238142835739,0.029906996018797323,0.03967029909819244,0.06533741899539132,-0.006381138313289234,0.030596949209877634,0.040906275362389145,0.03137177762221367,0.038562362738018344,0.04493783504001404,0.03562759881271054,0.035463387137533595,0.0031027852307888445,0.07284628948956681,1.0,0.03683998173131881,0.0055746175700614325,0.020939153926811713,0.07401123514209394,0.06173166872176584,0.094556946531194,0.006526060626589474,-0.001310786374826655,-0.011696903204526033,0.032287930399239675,0.005233335636160422,0.009086927050656102,0.001442625050996957,0.03438913094204038,0.03962378213033705,0.03069079324525934,0.02081802586394951,0.001723927172825413,0.024527556900157305,0.0170707758388653,0.004316142125845125,0.06938014027886899,0.04327097211980293,0.011854993081033554,0.03353962497335477,-0.013629405726910187,0.016201448336640344,-0.008954478944001748,0.05536274722401449,0.013716100863898397,0.005589713659647362,0.026768163023791872,0.02104815016645188,0.0040546879306340225,-0.002943929986769824,0.037613454902469985,0.02947452688038973,0.00476103426478639,0.03965394526893931,0.05274082778507003,-0.00146781522834653,0.030783282791555025,0.0333343084899508,0.01777244858154053,0.017086341216315675,0.061128561371376094,0.02208805150385837,0.01289336075261145,0.03210292153900352,0.014683104790116606,-0.03376800271396381,0.04446222396040786,-0.006778282210845347,0.021858365543317833,0.03267507151124617,0.04480819838146783,-0.01627430883483027
HEXACO:H:E:F,0.03717106638661328,0.035277083412746865,0.0412492738781868,0.06343555797778269,0.007043212873033448,0.025245542888277902,0.03650203500923904,0.029881952132346682,0.02564910074277846,0.03258795892570853,0.03193129150161768,0.005983820934316443,0.02989381313992083,0.028724173516920883,0.029872440171769137,0.03688976179532653,0.015500599639717116,0.019719767368050714,0.023323446285617503,0.028130915436826442,0.03452150892893152,0.03683998173131881,0.9999999999999999,0.017855021474447997,0.00986510166095591,0.04162364489450416,0.017141977434970226,0.04569684245719303,0.02738115584867967,0.028163328583851927,0.006210110429951195,0.0344676570312625,0.024954150707980488,0.020125648875198576,0.031028861334814365,0.032042862918458134,0.032087789602571345,0.09128908347286493,0.01851979279882647,0.016314075801906247,0.023084597937142577,0.011930724075179968,0.02249822298387555,0.02941425823920544,0.023062146266308127,0.04834400659635772,0.019049334393085194,0.01267227003091973,0.011780150339722975,0.021283561561178298,0.013348596383897888,0.02879526014875636,0.01874893438512248,0.05259090769403621,0.014602274770828367,0.025074237101807992,0.033331779331389616,0.020645061268206765,0.008188409829350558,0.013654399371318906,0.02227331870413474,0.042221507685942364,0.022915645443622956,0.018528733003910225,0.028271221108108605,0.004904272922042765,0.041172480310574675,0.027873649460343587,0.01733863881864003,0.032849215847558635,0.0206504299070253,0.021212120916262966,0.01225011356504771,0.023854382875486177,0.015784175936556715,0.013987143550595079,0.04222449066530534,0.034019057966102,0.024998707923197534
HEXACO:H:E:S,0.08476615003508568,0.013521014603291272,0.03227221277139055,0.031226947655268154,0.032092371215042464,0.1063390346597806,-0.0016257441523638522,0.013649252571648006,0.013885999569589986,0.022022365907211072,0.03542964894786134,0.03588618734227276,0.01200960385985473,0.001599759840957679,0.014326846033812806,0.010719322244362135,0.03589801671866469,0.009450986520283896,-0.0076359254638641684,0.036602383811465265,0.011597391376704983,0.0055746175700614325,0.017855021474447997,1.0,0.018895492863676876,0.012833868450737113,0.024577347038122657,0.004156368836176037,-0.0017406762210870578,0.013842277037857969,0.03431933635503586,0.04393637716235604,0.013526491388927663,0.020236204319495684,0.02755455978479607,0.018431398975073666,0.022071393586782,0.024093087000079803,0.015644348568400267,0.013275856561278226,0.013138455565793898,0.01460039065969832,0.025338627148790777,0.025904070924994287,0.016927935078877483,0.012684734704177194,0.010101978829887037,0.0076750015989721886,0.015212392609042932,0.03804625017304486,0.020388767312446703,0.004414951900992602,0.021813682677440976,-0.0016880581928049882,0.02205633073924262,0.019348226420924364,0.020429585007927277,0.006094918776287528,0.0045514003557097634,0.031284777824406494,0.018954698609706427,0.019388992018789068,0.022991118342042753,0.012042649351573145,0.0163766696401323,0.029232267636396216,0.01964858926292365,0.029623896152749307,0.021959866024632232,0.008855509258044101,0.018779913092386122,0.004648859096017074,0.35521282818885863,0.010901045597837066,0.021395835581003574,0.019326454936954975,0.03781465056017624,0.022762059750431777,0.0233929549954639
HEXACO:H:H:F,0.0039586751441162355,0.030832584109177285,0.038931225045857665,0.027896167441661488,0.039219698139154116,0.010512801336706457,0.03514716051102648,0.01153970811898938,0.023321604646788542,0.03788719002211844,0.012395934379942212,0.02570898653560172,0.015377184328862358,0.016049388735064878,0.034214823372604,0.020758228644801844,0.014235295965874032,0.020653954779775684,0.0152192342888825,0.031765343790671356,0.02173254720576689,0.020939153926811713,0.00986510166095591,0.01889549286367688,1.0,0.04972660039671357,0.049583147569009244,0.05771133693493184,0.024255440147142086,0.026323631223929656,0.022540681698129374,0.025811774384786,0.02374313925696687,0.009334162135322762,0.024369744723241202,0.002994571885797341,0.010465297755822356,0.25416197832203036,0.022189940076812104,0.002069328235923993,0.01766747475969117,0.01971881501326733,0.3004352162397433,0.020945571722337873,0.021599286814290967,0.0069202619046599256,0.026795491842290433,0.013992459021026972,0.019734764621887026,0.01563738101723219,0.03035807875493872,0.2890428123708859,0.004359051318151758,0.01585854517535261,0.03946803220161983,0.026250685269357612,0.009103376754989727,0.022299010777394882,0.11605843995573854,0.016444186284329025,0.018019161489465654,0.01632479669042392,0.02023890597508769,0.021974689407869435,0.02350375596731522,0.017097262335755595,0.007660595503404159,0.01699281503065804,0.015051467533035772,0.010566615286434652,0.00519114731117436,0.027853768498277285,0.011993608342151673,0.03923271036994767,0.034652435929097454,0.018050192074134122,0.01947168377824421,0.03758186774671692,0.0134487966798496
HEXACO:H:H:GA,-0.009481446366267975,0.0444729689371802,0.044885892591420624,0.07187798937401307,0.03204656639381205,0.02567710379553521,0.12612893702235659,0.030898792342513543,0.032206273660963514,0.05905494235986199,0.04673429315373681,0.04016906894054041,0.006683678865705899,0.0717410850269552,0.05047741837251541,0.0593784361596202,0.039829174313641975,0.027831516385690123,0.030205026954301925,0.05690362096436928,0.06709173879243616,0.07401123514209394,0.04162364489450416,0.012833868450737113,0.04972660039671357,0.9999999999999999,0.07568365753488976,0.14571194466845364,0.01558137507031122,0.03671638857327663,0.029797838584075705,0.045336724547420895,0.03876944044342551,0.04019751247824334,0.029656662525926622,0.06760995666536548,0.052071804349168055,0.011005160381795864,0.018656995825570413,0.028768204656522012,0.018519509450908734,0.02454280856288193,0.04415154334401399,0.03850309177470381,0.04963158634267437,0.02772735548689877,0.031209769178712668,0.03809900043221817,0.0011824511552441484,0.021725352853644495,0.01137965884147947,0.07784533223440043,0.032828927320647704,0.045016062347096375,0.06275516864366887,0.04379948165160029,0.030692341686504466,0.03855837257244883,0.022311419586688863,0.018918670822332305,0.029276061090303913,0.07584302937483738,0.027035123367070844,0.027761203163728144,0.052508072078143356,0.025050934383929396,0.03192519837230418,0.03538922017856807,0.024269306994288233,0.03620329965564166,0.017826740027254068,0.01887766422017576,0.023156344745665833,0.02645201478844276,0.02984584930945764,0.006190501170115129,0.05455285797513789,0.0443836683505634,0.04179742874261654
HEXACO:H:H:M,0.025817447272130967,0.037638766052456946,0.049764426318370324,0.03268985550564284,0.014504587666552108,0.016556895096450832,0.12252613416190336,0.018167594175512124,0.0336321403288648,0.04272842432297843,0.033770351586209606,0.02802068727164007,0.017670370763002288,0.036753187309939116,0.01922151635207491,0.032116444739071194,0.023688845579155144,0.006004380495288659,0.018348949451774944,0.049617489069881816,0.05286225664665853,0.06173166872176584,0.017141977434970226,0.024577347038122657,0.049583147569009244,0.07568365753488976,0.9999999999999999,0.09007866308599963,0.0018787725300097005,0.00555181042854401,0.008680393615897307,0.042775383668270085,0.02597691231815161,0.01352012001445289,0.028447636630462434,0.03170103939406997,0.03420706051747128,0.042193695982201546,0.008040040480293833,0.009291483470540068,0.02488471359384726,0.023271489588994183,0.0234681652388532,0.037032387472264255,0.03350261248236891,0.01718357607687467,0.02178266183164832,0.0020179857376007313,0.028925146414636973,0.018590828388862203,0.0321321910819945,0.0682854904033466,0.013538868120425526,0.03381165475776866,0.3382057497315534,0.026895120360218336,0.03283511404155292,0.033142231247773594,0.02207866461820523,0.020452530235956237,0.020219056770327072,0.050733369176750136,0.024409777969704245,0.03215002392546946,0.013425954408139477,0.02914843172720041,0.028110041106323688,0.030086373792116056,0.011295891300941196,0.023568258898318435,0.0014091710505492482,0.011305605432316838,0.014249418364261652,0.03415181815510632,0.0159135617439852,0.04736050796433344,0.062457239977645754,0.030842933889822448,0.04500144645126436
HEXACO:H:H:S,-0.029514466985856355,0.009096743440309776,0.04088679197824154,0.08937351669560714,0.009645232114065394,0.012864399327416521,0.0765034762790268,0.06141482149518873,0.005030785879779737,0.03442220002533048,0.03571138598521462,0.01717850442077853,0.006057502749858895,0.05778186159517803,0.04272232556435616,0.07507479943998864,0.020172706828360143,0.025207883576799105,0.01271459453833686,0.008681722554225006,0.0697461632345599,0.094556946531194,0.04569684245719303,0.004156368836176037,0.05771133693493184,0.14571194466845364,0.09007866308599963,1.0,0.020209215327411153,0.019554244252574713,0.028771999355299886,0.0540065741197877,0.02478566683197556,0.03338836395469954,0.014862904160093827,0.04902087637212342,0.026534063320399898,0.007646843026893264,0.02379689468966788,-0.0014164508442410222,0.022541113712264433,0.020502970122836996,0.03279049116438995,0.0665007517789803,-0.0008508164436321664,0.0404003016129193,0.025262844402653514,0.009406752830939372,0.013518205709762404,0.00045666765016234243,0.015673146921146585,0.24175070088298703,0.023711043970357032,0.05545695941180059,0.05980583494326524,0.04033841156462717,0.022346209152061283,0.030100593800849472,0.021015826888824043,0.008935471510050228,0.030728673551311717,0.07100801427043317,0.0377314177073197,0.011775125214800663,0.05055813694702055,0.014304389917195869,0.03579683278801865,0.03499387763765829,0.03633914175725776,0.036656249564837796,0.02339456277624309,0.006728299812061868,-0.006841812929563527,0.013638687795643258,0.007314304655136684,0.02053827214335515,0.023933582915805676,0.037765310625616465,0.024607135289379294
HEXACO:H:O:A,0.009709805448553781,0.018839899050765583,0.0008027617490586259,-0.004930004580073103,0.03693282221373745,-0.0031602291838945993,0.010839180666909184,0.02660233354504406,0.00851256437279214,0.016490348334028803,-0.0024400083672779923,0.01914850695760435,0.43310444569989337,0.014662781298137383,0.0181691571279531,-0.01088743036225626,0.0034716752595252576,0.012333146777671748,0.009876362035444747,0.02059600023396688,0.00865258180188958,0.006526060626589474,0.027381155848679672,-0.0017406762210870578,0.024255440147142086,0.01558137507031122,0.0018787725300097007,0.020209215327411153,1.0,0.02663261536431269,0.03405496941332012,0.022464601460302554,0.013115068513590006,0.012216114739317118,0.005173385222619748,0.008753235063505988,0.007892125254650316,0.014598089237699842,0.12466915274518853,0.0025219438749083467,0.3149414928939329,0.008907537311239142,0.0011451403611800952,0.014524548243899628,0.015524371195781272,0.014534338301321718,0.011703895766253131,0.00881799403837316,0.09404709872478176,0.02391915748519319,0.013088048446840087,0.01616708081065614,0.005035684709875097,0.010823641606221422,0.014426609584979277,0.016517494273172867,0.0071024878579187154,0.005524285897246577,-0.002879626324301465,0.018554113201739896,0.018482824544970713,0.011585607714214352,0.013140956190642294,0.013490379384439014,0.014206042833310735,0.007846829015535427,-0.0025098206620499837,-0.000668498551925229,0.008903103394516132,0.0042857317291047255,0.013343839758267204,0.6158357005030933,0.003794569362163947,4.0452295825387446e-05,0.024210455499451763,0.004096425825579359,0.005299277167398182,0.015931134850325056,0.020193862087899257
HEXACO:H:O:C,0.02919503204875074,0.010498312881888535,0.02883316480044452,0.0029597248357335747,0.4093738820118471,0.01809056519431047,0.008714811540811522,0.02263716778295918,0.029716897342368515,0.054281178804251665,-0.0008771298781071788,0.03855179506961273,0.05806966052171536,0.021709178600820767,0.00932212623264112,0.009457828896132819,0.0007959137789219529,0.0217664738825281,0.0055202513787816114,0.04634763666030797,0.03293540590437332,-0.0013107863748266547,0.02816332858385193,0.01384227703785797,0.026323631223929653,0.03671638857327663,0.005551810428544011,0.019554244252574713,0.02663261536431269,1.0,0.040155713591377054,0.0552757084438297,0.013148377003060473,0.017097046718115138,0.02558715939361391,0.015933113024145146,-0.0014730249714110574,0.01888654569699009,0.0886906565166732,0.020295677809644277,0.08844110375522858,0.03527538882314836,0.02551915638867426,0.016627782711470446,0.045553626791212415,0.04594349704175845,0.014644254495527819,0.04061783636095785,0.03412996529135321,0.037904119851226346,0.012995627351962436,0.013007393695152969,0.012215824080010105,0.012299101979409467,0.023823207789978238,0.008269112830232003,0.04351049121023859,0.0076969825338459846,0.0057414829250732454,0.05139767866360182,0.003914518251530945,0.046989068193279374,0.019809970452615063,0.025021317640636444,0.003702155032374297,0.05261566329578613,0.05252950024224634,0.020959897884587332,0.012046314115306394,0.01929343564523264,0.32019738304801876,0.011302848486702191,0.030437534923451925,0.0017340984506440615,0.00909033222518541,0.021536170451721508,0.06888200983745572,0.026520458520013276,0.13613252846322307
HEXACO:H:O:I,0.002034937814007001,0.017767265833335967,0.016300624134425172,-0.016637446804888302,0.30207727523847083,0.0019121874568662895,0.02619733481428327,0.0065009625359232605,0.027048727089332265,0.03853265633601258,0.00015808090936564472,0.22266067468844966,0.023251505111645844,-0.004043254398753004,0.020049571390105783,0.008494566877252672,0.01031605189745953,0.021804753930875234,0.019712870823292674,0.04335678369279021,0.007623712836132449,-0.011696903204526033,0.006210110429951195,0.03431933635503586,0.022540681698129374,0.0297978385840757,0.008680393615897305,0.028771999355299883,0.034054969413320126,0.040155713591377054,1.0,0.021741335002019663,0.010752584147823865,0.006038884308626221,0.019648307252749152,0.015983276315010127,0.018089198633366152,0.0025581456298094593,0.09512161600252365,0.011848443066064349,0.0264501561520847,0.021929778525779868,0.006900115485422,0.012687702051621815,0.025999452699820156,0.03387221585571771,0.00481592061651121,0.03632635334469434,0.037613564858141754,0.044544751932883174,0.008005667542269066,0.012800360609393225,0.009427802062884912,0.0013240000968908691,0.014976659994702197,0.022498847592904537,0.033974283529942084,0.02320375538083914,0.02207431845602178,0.017478434249619968,0.02028894325815435,0.019254949665476917,0.010104752516395275,0.023876398125338073,0.021815320579821103,0.021157407886194173,0.02159921003709071,0.016987930752974893,0.014063209769632363,0.008477996458459758,0.028952555661977564,0.010065704048877711,0.022844746850345352,-0.003746603061190416,0.3118004585128428,0.02074380643747489,0.044121020245274076,0.03041620761077321,0.06685547718475915
HEXACO:H:O:U,0.03208976447509168,0.013038186013876374,0.03045687997935134,0.04089216888679719,0.11197333033441804,0.029925608443370395,0.02728230617705206,0.040905223781938685,0.028464020586618996,0.04555411071492959,0.031009424607713453,0.04282917325915128,0.01513443714407938,0.05697992668926,0.031475838544478094,0.0370746727951722,0.033743251965117335,0.02102325115281509,0.021869340546364472,0.03877217456017587,0.025292069104031097,0.032287930399239675,0.0344676570312625,0.04393637716235603,0.025811774384786,0.045336724547420895,0.042775383668270085,0.0540065741197877,0.022464601460302554,0.0552757084438297,0.021741335002019663,1.0,0.02920099873574362,0.03884981062764134,0.027127273921381527,0.023459658873590958,0.0021675660587441117,0.02047401992427473,0.025958191886512643,0.02542459808121422,0.02478482449323029,0.020542170377492012,0.01571213461652927,0.05771629363914842,0.01825064288662873,0.023237499257740223,0.030398163862989682,0.03297105782687675,0.01648381030832824,0.030627287622699978,0.036329215548867776,0.02050597889680004,0.031428469607620184,0.030282142454869394,0.03196692891591558,0.02689884347987814,0.01576281516866752,0.01347841644488946,0.018390606766133032,0.04487366976149609,0.03050978979099175,0.02989239209965897,0.03573373672978184,0.027417016091784152,0.037228175556762874,0.021896696845776723,0.02980674080971741,0.03538359801031174,0.019358060846502448,0.019727700639271397,0.017652386731681895,0.01700406931837178,0.017497123490459673,0.027568609409567076,0.026145585103362286,0.02620319336910067,0.0483570108163131,0.053095742307622866,0.03751299234992102
HEXACO:H:X:E,0.025463344084505624,0.0378057272093244,0.2483840459519625,0.03164330126399042,0.033185442805178364,0.019823330154434205,0.027189455295740877,0.013439342506557048,0.009442908094485537,0.025237403901265592,0.021385477935413195,0.042868101851083425,0.03148132424780973,0.02480382225936419,0.02995283695207352,0.025765033306998485,0.013641715843162395,0.029110192997979942,0.018849706232095555,0.03794677008305807,0.020222825553679637,0.005233335636160422,0.02495415070798049,0.01352649138892766,0.02374313925696687,0.0387694404434255,0.02597691231815161,0.02478566683197556,0.013115068513590006,0.013148377003060473,0.010752584147823865,0.02920099873574362,1.0,0.025332577630905677,0.022925217387608346,0.014525978203350949,0.01456045885909628,0.023828296828127718,0.026291704260977846,0.02684913590952842,0.011284238214832142,0.02903046287152799,0.04679684672877159,0.0321010931707063,0.020167381006798355,0.014225813759014121,0.03236612267137565,0.08721327433004758,0.01963122883349359,0.0028543986353500176,0.02800983708806594,0.031050912557128628,0.007365772166540697,0.02035740890918293,0.01734594383870804,0.025979225126995256,0.012806357049461373,0.026338007827700283,0.011400324909762737,0.02753111468078762,0.016327557135007206,0.016225870476746247,0.0317105112154354,0.01815452219005664,0.10173580379023929,0.025910948708714413,0.017956291398029227,0.02501947903540894,0.028685970027093805,0.015986912042587564,0.009594686649876593,0.01859267634022834,0.025781956359607814,0.030328393408070562,0.034730396101702775,0.02274484311665797,0.04684367968210958,0.041149876604845835,0.01570067079914913
HEXACO:H:X:S,0.06227985208203596,0.024909492218764966,0.1417685210786979,0.024021007862520424,0.023816817012057193,0.02009464825395654,0.007263289637752013,0.014393992179307582,0.027641934881491095,0.04923951756193647,0.017279391549397526,0.0175339230902741,0.021609303421556442,0.023522338802257174,0.01584759493933553,0.014993902077756643,0.012815998149010323,0.0023577624970694986,0.032705520073025865,0.024215299243200684,0.028359560592474024,0.0090869270506561,0.020125648875198576,0.020236204319495684,0.009334162135322762,0.04019751247824334,0.013520120014452892,0.03338836395469954,0.012216114739317118,0.017097046718115134,0.006038884308626222,0.03884981062764135,0.025332577630905677,1.0,0.008981156135223389,0.011468893919162972,0.008920616618889753,0.012341933555953746,0.014073487254018404,0.10874787763854303,0.015840773972424633,0.003235707205514137,0.009412530129039176,0.026548355672975203,0.007053913614896975,0.020661098506992853,0.47277593512432714,0.030201479190107485,0.012785379320952509,0.022711954159525954,0.012960012701640792,0.006037162183699932,0.010657732088230181,0.018398817126280696,0.006002268131041285,-0.0009686168132059968,0.014737257205543858,0.031054143027757972,-0.0002776601710306456,0.012474569334635522,0.009131806176152033,0.02489251349020329,0.24925830494737075,0.21944514195335493,0.030815346436818034,0.02037457450585657,0.03279529405747186,0.010660154746732601,0.014232689742688508,0.01499935749930286,0.0036291383188757674,0.015589180570494203,0.017244796234454587,-0.002707436353354033,0.015337049898041157,0.006267891082203267,0.03709550395590033,0.01772133151444359,0.039948460901987476
HEXACO:H:X:SB,0.034516414991828344,0.018675455853560917,0.3025801758550016,0.02001732323564176,0.03747667430517746,0.015488635725291777,0.028746019417987247,0.010057661938937664,0.008621494946633806,0.12083967589704586,0.02003578748947248,0.029305313724978903,0.01226491176554242,0.01894403524356162,0.027066623347123394,0.008774872753729386,0.022198576318773734,0.028227628823226256,0.0038658879038625336,0.03067765023914169,0.015590335888208667,0.0014426250509969572,0.03102886133481436,0.02755455978479607,0.024369744723241202,0.029656662525926622,0.028447636630462438,0.014862904160093829,0.005173385222619748,0.025587159393613914,0.019648307252749152,0.027127273921381527,0.022925217387608346,0.008981156135223389,1.0,0.023392238635933208,0.022584777840279017,0.02613338755423771,0.023746015010957428,0.007069676002415317,0.011972196268260288,0.017880243341347274,0.007974336601606645,0.008440467326341303,0.015552264499846563,0.012316292127440997,0.03856307586369838,0.26892026143026176,0.020639803343082207,0.0421246326083112,0.018817468193736808,0.024376330567694678,0.015789614652865686,0.03005259941484682,0.021065130302008177,0.030409513022445028,0.02456233445230511,0.014868306660711676,0.016430361433527576,0.014755780057274381,0.002621733649644016,0.01089254478935065,0.08787997690419665,0.015884148933812986,0.16263079484557216,0.028877347742333814,0.026879051333979134,0.02008088357994652,0.11126661544805429,0.010599597587067975,0.006669082975893671,0.0041885047725894525,0.01955461804268134,0.00868863594633064,0.01903411212233742,0.028861847912806413,0.046765528204025776,0.03334829938936115,0.4105115471887541
QB6:QB6:A,0.024986466699766056,0.03663740015533558,0.016375149350063012,0.1061047499696195,0.029210987458662015,0.01876458439025936,0.0372979057033096,0.04539100366883383,0.043399109285700135,0.01881430473600734,0.13449417930371635,0.01610962202458777,0.018803522705435994,0.055500569746862016,0.22692167414965705,0.11819369431427539,0.213858019059698,0.022607061341483405,0.026297675231960554,0.04845649392860888,0.03926310457881284,0.03438913094204038,0.032042862918458134,0.018431398975073666,0.0029945718857973414,0.06760995666536548,0.031701039394069964,0.04902087637212343,0.008753235063505987,0.015933113024145146,0.015983276315010127,0.023459658873590958,0.014525978203350949,0.011468893919162974,0.023392238635933208,0.9999999999999999,0.03031109888437577,-0.0037841626866194867,0.015631095557858316,0.006258387097700665,0.021843968673002874,0.022266161851673204,0.007684658459760642,0.03884262857222374,0.03962892800021147,0.011854102083960557,0.012727864280433477,0.019388469408737483,0.023486025568372225,0.026229655208877274,0.02323454830963633,0.027877826389763827,0.029333608011106613,0.061281412734469305,0.03825541749249803,0.03223985147388825,0.024538727580383703,0.02013921053671334,0.025125349510505494,0.025167645607012647,0.03576452638039482,0.028739224773528842,0.009188691396495894,0.02543556675861418,0.02917754180231597,0.014182831678574481,0.013501049837069963,0.012553596371189874,0.0037766768337532597,0.03905179821813951,0.015484050455966323,0.0036443828334576022,0.016150781664663664,0.0342757437889183,0.013218922517525758,0.023941257371362684,0.01870957032917997,0.03308833701444797,0.03944578117405327
QB6:QB6:C,0.015854672549117575,0.29912281763508497,0.025249954462979302,0.04530935241602776,0.004144608083545455,0.026280415031299197,0.028607667493557733,0.09533003328222395,0.11556772262580746,0.013741602472648135,0.023410940255682983,0.014946573363476236,0.010237655187448553,0.03525580188691358,0.02323543182041506,0.013593599757180112,0.005828028433689565,0.024717607193461652,0.19625113420832088,0.22803733829282227,0.01983965134514152,0.03962378213033705,0.032087789602571345,0.022071393586782,0.010465297755822356,0.05207180434916805,0.03420706051747128,0.026534063320399898,0.007892125254650316,-0.0014730249714110574,0.018089198633366152,0.002167566058744112,0.014560458859096282,0.008920616618889753,0.022584777840279013,0.030311098884375772,1.0,-0.0004376903252057127,0.01428732038485322,0.0008685827186579381,-0.000860768493884945,0.015930527244043438,0.003168806420229316,0.028560655880404528,0.15107111892265912,0.006793549178647961,0.01831983184088317,0.018356299270150797,-0.007196529451667941,0.02537753706123724,0.00840103381314476,0.027571096862240525,0.01306087394640765,0.03686741718178079,0.004639777879091324,0.01500290576134132,0.02576509197949476,0.19903709626921537,0.020898181412867534,0.02028429523109753,0.09245509988097551,0.006368106390352716,0.01714663075687355,0.01863926176414279,0.019193767768672255,0.021425436523828653,0.005633656775110517,0.008558081099971394,0.005025662542344211,0.02684223961506761,0.0023805880378781645,-0.00027692665134384543,0.023259498437140213,0.021167422243371113,0.011196409713957231,1.2050678779976296e-05,0.02333731100444997,0.017390052296605528,0.0065281692845376785
QB6:QB6:H,0.037877660271585775,0.04007690933784761,0.028726461153547145,0.028199731327165196,0.016730244909094902,0.01974682979538286,0.012216173790327089,-0.001265392364588416,0.025485617053967315,0.02713522807897122,0.006408868183615975,0.02522328111284076,0.01501698648174089,0.007730545211237682,0.004068786872225459,-0.003153623727642465,0.018318606977520517,0.009435829563136286,0.017553854457553877,0.037012390401656756,0.03095875406080926,0.03069079324525934,0.09128908347286493,0.0240930870000798,0.25416197832203036,0.011005160381795866,0.042193695982201546,0.007646843026893264,0.014598089237699842,0.018886545696990085,0.0025581456298094593,0.02047401992427473,0.023828296828127718,0.012341933555953746,0.02613338755423771,-0.003784162686619487,-0.0004376903252057127,0.9999999999999999,0.026668568164107682,0.007835380694707983,-0.002150883081602921,0.01141199892063769,0.2151499457598509,0.016118711168894552,0.03264556980804778,0.01902203620200879,0.01788611622309236,0.007416604255438264,0.0246125041311167,0.04817506986903646,0.025889815203791987,0.14196687159600785,-0.00017583117254324002,0.010347683287064252,0.02007482226214328,0.008219069042031664,0.013274604978418293,0.013904656909308054,0.030491965045426957,0.01025183534956043,0.023463327957393726,0.027253454656926197,0.012376725985527236,0.018830817592168786,0.02050521291998867,0.017713894334662895,0.03234901085591117,0.027641661393520787,0.0072215040938757484,0.029833558628531598,-0.0033996907334311348,0.01911479320440909,0.012752183113906778,0.016453705596494804,0.018658605732189103,0.02490209498441914,0.0292484512796838,0.021785090053296756,0.017429471963214378
QB6:QB6:O,0.036427574659954665,0.034351928508634076,0.044008321358304035,0.003524260350389538,0.19189954045715168,0.011410994447143127,0.015946996421096402,0.0165580856470294,0.02198153784780873,0.03232246674737412,0.01648942022116618,0.22206996923030928,0.1103615456762082,0.013992180795151507,0.015265495695968351,0.03584075112786168,0.005798363070992078,0.011706331233934357,0.018401314052620087,0.02951023860529936,0.003923037993437479,0.02081802586394951,0.018519792798826474,0.015644348568400267,0.0221899400768121,0.018656995825570417,0.008040040480293833,0.023796894689667877,0.12466915274518854,0.0886906565166732,0.09512161600252365,0.02595819188651264,0.026291704260977846,0.014073487254018403,0.02374601501095743,0.01563109555785832,0.01428732038485322,0.026668568164107682,0.9999999999999999,0.016526767238892855,0.016111214450905357,0.013278376525422858,0.007687036595422657,0.03339393204750478,0.022155599509219335,0.015131440472546808,0.033894151546529125,0.02164262387922056,0.12291564023646183,0.04958874906900944,0.0421511712643798,0.008487398180449591,-0.0022987568643644688,-5.4290064142541495e-05,0.021214898295533767,0.010482356253021371,0.026589385224207136,0.019750728517457936,0.00755690339841138,0.030952352632113864,0.00999423465454877,0.01535832979246434,0.042803357592326646,0.026309097342375617,0.010056017769544722,0.03822086319331099,0.02362898900789304,0.025749898133249075,0.02031937490423334,0.0030293434742898803,0.02223835296240153,0.10682231335969478,0.02180372576524918,0.018697950187868878,0.23834054222767678,0.023851310561175707,0.03780629923532743,0.033529447084643664,0.04531628852586173
QB6:QB6:X,0.021015958294061138,0.010096035715991682,0.15029575154329097,0.006647116422427661,0.010517167217858114,-0.007870288188890372,0.003028129536138954,-0.009716172335120139,0.041952435084727575,0.04779334431104805,0.009555611494998843,0.013553156795729559,0.024901577179453842,0.014453461651310388,0.013226720377909382,-0.0035118862458308883,0.015936923331999718,0.010745576865030037,0.012585204703917894,0.017649805802838325,0.024411602793070888,0.001723927172825413,0.016314075801906247,0.013275856561278228,0.002069328235923993,0.028768204656522012,0.009291483470540068,-0.001416450844241022,0.0025219438749083467,0.020295677809644277,0.011848443066064347,0.02542459808121422,0.026849135909528418,0.10874787763854304,0.007069676002415316,0.006258387097700665,0.000868582718657938,0.007835380694707982,0.01652676723889285,0.9999999999999999,0.001652862610563822,0.017620124167150007,0.019533259236336382,0.012389202787397193,0.016296856698702837,0.006208049788881443,0.008993158697280896,0.032720439998325135,0.01269376905790491,0.04052436483944654,0.026594016042360547,-0.001146223548646997,0.011544100544805405,0.012270455286858589,0.017870965799789345,0.008027331158236015,0.03742893121301393,0.020275620803454773,0.007222300731431652,0.019693371604752888,0.0037604896230627395,0.022716695499371428,-0.001971478561577989,0.1463369334765933,0.026434318548353975,0.02948493935467958,0.018957950095090655,0.004837808959724821,0.0001614874080748461,0.03294108755901742,0.0065944473165517985,-0.012526881847797253,0.01850552960170551,0.02542729832196797,0.007895471315212949,0.015536233968598795,0.041104502965336194,0.00621842361666868,0.02432034128672067
MPQ:MPQ:AB,0.014997151547910191,0.009619443565908662,0.02574329887137253,0.031061570372742466,0.0724808322704992,-0.007109464987145228,0.011942285479219831,0.03672737083880539,0.00230490212025024,0.025484689159352633,0.02423837750673357,0.01774042228781519,0.3851847066840948,0.012099933055541294,0.03127954857715359,0.02280750305447043,0.007470911465286675,0.009549633902290262,0.012380946199292574,0.00989529471448501,0.007555534818091486,0.02452755690015731,0.02308459793714258,0.013138455565793898,0.01766747475969117,0.018519509450908734,0.02488471359384726,0.02254111371226443,0.3149414928939329,0.0884411037552286,0.0264501561520847,0.024784824493230294,0.011284238214832142,0.01584077397242463,0.011972196268260288,0.021843968673002874,-0.0008607684938849451,-0.0021508830816029216,0.016111214450905357,0.0016528626105638219,1.0,0.007850753062984045,0.010661857413034312,0.018117898499199227,0.023403312070072818,0.03272114429426714,0.010525033038805842,0.011089550204324575,-0.005748216269658186,0.023144064534623202,0.010157102619876547,0.0007613367785330404,0.00740313278551618,0.018630865660646808,0.0156897368441997,0.019928906913458395,0.022986842742227964,0.007270030330228969,-0.0005240815230978731,0.0015089419938758427,0.016926482930271672,0.029435954335179322,0.01757287786189589,0.013476432082352325,0.029918453779751598,0.017779753503373234,0.02616338087438382,0.02284184672213751,0.012053826612147583,0.009308942894094677,0.38656479371173197,0.33418036043447674,0.0147159367550904,0.012026292070027506,0.017796893531336816,-0.005177372707153967,0.02690144445337051,0.0106769921562582,0.02851402446465474
MPQ:MPQ:AC,0.03349981974666972,0.0828375266055688,0.03435302690195373,0.013260793861871071,0.037324931450445804,0.024207342697543037,0.01048598500100987,0.026807077006786938,0.04462156864063973,0.032793046296831434,0.003273026960812635,0.02109722488949187,0.01852619437064648,0.016192253775207804,0.029406068644961085,0.01718780539703542,0.0039768583225838535,0.3564916344654209,0.030590892430253945,0.11791857671710752,-0.0016848396235915244,0.0170707758388653,0.01193072407517997,0.014600390659698318,0.01971881501326733,0.024542808562881928,0.023271489588994186,0.020502970122836993,0.008907537311239142,0.03527538882314836,0.021929778525779868,0.020542170377492012,0.02903046287152799,0.003235707205514137,0.017880243341347274,0.022266161851673207,0.015930527244043438,0.01141199892063769,0.013278376525422856,0.017620124167150007,0.007850753062984045,1.0,0.010525591765615457,0.016601724942112782,0.012832423480846003,0.0035501680488933037,0.002080872123031722,0.027513567824213797,0.009329876691254742,0.0341613091557111,0.035808354887354246,0.016513726053288585,0.018393573597499945,-0.0038809630921084613,0.022906032753329607,0.01900916439838817,0.08270855532428892,0.026678488026830698,-0.004783808881996982,0.4747458138480586,0.03887081521752864,0.009289842214495973,0.023848851178892967,0.011197574298445473,0.044138128910407685,0.039847650752531626,0.006441353962500911,0.017929723230549647,0.011365825266173323,0.010594705691830695,0.020664588442629243,-0.004424418715231649,0.019904269766694037,0.02255317715577724,0.021780191561630965,0.020313177007321763,0.01615472297249044,0.02864145693948704,0.0355673345401147
MPQ:MPQ:AG,0.019249936171425393,0.00916771604182199,0.033829627516018694,0.07864221169871388,0.02846589027263912,0.016464890751966655,0.027835655633091264,0.007909591317031126,0.007574577877771697,0.03228696600972238,0.07538310077812897,0.027960939646723446,0.008025480904669731,0.007317966197233282,0.139234871361473,0.12286964633023183,0.13789005514624358,0.009961785300318757,0.007584396151439695,0.024130799790470475,0.006792131043236508,0.004316142125845126,0.02249822298387555,0.025338627148790777,0.3004352162397433,0.04415154334401399,0.0234681652388532,0.03279049116438995,0.0011451403611800952,0.025519156388674257,0.006900115485422,0.015712134616529275,0.04679684672877158,0.009412530129039174,0.007974336601606645,0.0076846584597606415,0.003168806420229316,0.21514994575985089,0.007687036595422658,0.01953325923633638,0.010661857413034314,0.010525591765615459,1.0,0.001567619447049485,0.016975602579555795,0.02845860379405097,0.003881185556310689,0.018770652676085086,-0.00032435913330474574,0.018331185203440032,0.01003594290942975,0.19290599238685985,0.008184069137926674,0.1833136258701118,0.026174466361569323,0.0057231698602870865,0.015999088105296284,-0.00290734914623779,0.01873728424755935,0.015413375254413277,-0.003841405038886689,0.0174766445215168,-0.0005949828737767982,0.019281351349735774,0.03121794245114676,0.01700998859045035,0.043190300842922365,0.010103132957764873,0.003046841520902086,0.007848938596964965,0.005948372897643324,0.002464676100579379,0.028129382214239555,0.008920872242894827,0.02556424696977413,0.00020189936255150242,0.025821947123060227,0.014503146636665873,0.014948779502410326
MPQ:MPQ:AL,0.020773408135630833,0.04210894951325567,0.00793419070576895,0.09642323775355077,0.01397070958056035,0.02503423564790688,0.012919888191837857,0.04874182382790536,0.01749813703112199,0.02298844207914665,0.058465880374826744,0.015995828578894068,0.017600017277195526,0.04904313048996447,0.11635273774198612,0.03812551698601834,0.01882327963228016,0.034038250226089986,0.018753269132515862,0.038938758279859056,0.0584949620136332,0.069380140278869,0.029414258239205442,0.025904070924994287,0.020945571722337873,0.038503091774703804,0.037032387472264255,0.0665007517789803,0.014524548243899628,0.016627782711470446,0.012687702051621817,0.05771629363914841,0.0321010931707063,0.026548355672975206,0.008440467326341301,0.03884262857222374,0.028560655880404528,0.016118711168894552,0.03339393204750478,0.012389202787397191,0.01811789849919923,0.016601724942112782,0.001567619447049485,0.9999999999999999,0.04200495601658895,0.029343276913943766,0.028535727302939566,0.005844812980217133,0.017721744028183,0.0027080964496612823,0.40756710240373395,0.03366747098709891,0.035037699669980715,0.046833452212630425,0.003661019044315499,0.02758027391572538,-0.0041334508483117675,0.03293748408073425,0.005646502568387642,0.013056908049665479,0.02287615738785457,0.03160979957390862,0.09840861021788669,0.017460723267842978,0.02705213913101424,0.004593977225566607,0.006237505270752485,0.05038051754073666,0.029799554410292996,0.029856534211887182,0.026483917911248763,0.01772136696167988,0.017052233289213504,0.021606277647733683,0.019544470099929146,0.017425951668062534,0.008768368018584998,0.015958742662473775,0.0023887233041847912
MPQ:MPQ:CO,0.05507554013597923,0.2598631456212216,0.029908802573695666,0.029076831690123442,0.049099719811990156,0.049251117008195226,0.027018337129408945,0.019630122798237427,0.04502200906003568,0.032177835739375334,0.032780170905627334,0.06054685051271294,0.03754038433628373,0.04931320027942396,0.014101994999619845,0.03078214225748531,0.024958820282781406,0.07856054483719951,0.008880067868500976,0.14631348837782843,0.24779118672312825,0.04327097211980293,0.023062146266308127,0.016927935078877483,0.021599286814290967,0.04963158634267437,0.03350261248236891,-0.0008508164436321664,0.015524371195781272,0.045553626791212415,0.025999452699820156,0.01825064288662873,0.020167381006798355,0.007053913614896974,0.015552264499846563,0.03962892800021148,0.15107111892265912,0.03264556980804778,0.02215559950921933,0.016296856698702837,0.02340331207007281,0.012832423480846003,0.016975602579555795,0.042004956016588955,1.0,0.04045097651749057,0.014890769440797516,0.024125206940278317,0.024092924147633258,0.04802914841420411,0.0331876852756659,0.028941275774410642,0.021098284352386608,0.025912440420405403,0.015493112130202259,0.013232960862837024,0.05106133338927542,0.03138578987072186,0.01974579431779989,0.019276846009879424,0.019461470100388997,0.3592899898935221,0.014379331518983258,0.02737464454798168,0.03350152531279993,0.05353618037605671,0.04194128913667307,0.014816777395063482,0.014529594812303516,0.025558938354229472,0.006450413241811962,0.015264763312306712,0.02339926860534991,0.029810648111444977,0.0315791236258139,0.02762936059284462,0.07680147561370956,0.03303047162041936,0.0512234801791771
MPQ:MPQ:HA,0.0169635094895711,0.0008743147448195609,0.014509616322775514,0.018743295354019217,0.026751393053885075,0.019566524763532232,0.016825364158662683,0.019990987107214687,0.00765748077785791,0.03570481772508619,0.0034372278098694486,0.013430606283266214,0.023077000489641893,0.012719079512430977,0.01248072145587751,0.022012891782608457,0.02170961982064908,0.013307410657323717,0.015494020970979735,0.005516539437522571,0.05006141721085353,0.011854993081033553,0.048344006596357715,0.012684734704177195,0.0069202619046599256,0.02772735548689877,0.017183576076874672,0.0404003016129193,0.01453433830132172,0.04594349704175845,0.03387221585571771,0.02323749925774022,0.014225813759014123,0.020661098506992853,0.012316292127440998,0.011854102083960557,0.006793549178647962,0.01902203620200879,0.01513144047254681,0.006208049788881443,0.032721144294267146,0.0035501680488933033,0.02845860379405097,0.029343276913943762,0.04045097651749057,1.0,0.031526377406904685,0.018321404103521455,0.023938637223101463,0.021396449493264833,0.014989526843372849,0.011861807919530917,0.018819307402889427,0.02777311736641839,0.0038686988835266523,0.0024464071589192643,0.02353251980800022,0.013005449890006411,0.0033326222761972946,0.012145060865179455,0.009005735716998102,0.1291338312513623,0.025281717193978866,0.04357155521306572,0.00948242064636747,0.04677564609893548,0.5382445531730441,-0.002139584711461932,0.00449282357593309,0.015249847295681313,0.027887229504346626,-0.0015532408695236733,0.01200794664584556,0.006798809404975472,-0.0010712909891906798,0.01849524103301239,0.07606007226191276,0.015618007540166042,0.046112023302476796
MPQ:MPQ:SC,0.06984356071552131,0.028316395775238472,0.1015440666497947,0.04867937903094336,0.029790094507320567,-0.00044975619155044445,0.012237409187826597,0.03038308982750523,0.02144565607545672,0.06248122138224516,0.027738635002943664,0.004910232149367245,0.02085407516314443,0.03882898866340336,0.014966725750117794,0.018240646288439116,0.01938650864024056,0.010806542302540854,0.02995085012699185,0.029611828926005605,0.04194548794489705,0.03353962497335477,0.019049334393085197,0.010101978829887037,0.026795491842290433,0.031209769178712668,0.02178266183164832,0.025262844402653514,0.011703895766253131,0.01464425449552782,0.004815920616511211,0.030398163862989682,0.032366122671375654,0.4727759351243271,0.03856307586369838,0.012727864280433477,0.01831983184088317,0.017886116223092358,0.03389415154652912,0.008993158697280896,0.010525033038805842,0.002080872123031722,0.0038811855563106886,0.028535727302939566,0.014890769440797518,0.031526377406904685,1.0,0.03857417204424917,0.011607579106222876,0.01691385024057377,0.022305159113756582,0.021581795621122873,0.007068233796690269,0.0234256896598515,0.00880064154639098,-0.001191413656680311,0.018781580261598003,0.017096287482456292,0.007099932298367433,0.005039244426661437,0.02024486915197391,0.03530955230609028,0.46332177190265716,0.18873004786656983,0.0510769607711624,0.016578166943177937,0.018367416036530484,0.029470468222858474,0.037712161927829016,0.005615393065546288,0.012477298886328014,0.014253500675495271,0.01304881929180987,0.020548390954763303,0.006232552567365267,4.221859861272767e-05,0.04686895837986491,0.014201301079740715,0.057027393378845034
MPQ:MPQ:SP,0.015165064578112926,0.03561947445612876,0.245978836481499,-0.0015312091074748643,0.0704980868964151,0.001945620833205745,0.017890718218013715,-0.0029100603843765335,0.03597349796198546,0.4115684033568773,0.009147408309075712,0.05312315246943204,0.024419915362629618,0.009849374589587581,0.005599983769705861,0.011918011201909636,0.007327919246692485,0.028977981077653786,0.01686208645540053,0.04347868343475952,0.020304265009270177,-0.013629405726910187,0.012672270030919728,0.0076750015989721886,0.013992459021026972,0.03809900043221817,0.0020179857376007317,0.009406752830939372,0.008817994038373158,0.04061783636095785,0.03632635334469434,0.03297105782687676,0.08721327433004758,0.030201479190107485,0.26892026143026176,0.019388469408737483,0.018356299270150797,0.0074166042554382645,0.02164262387922056,0.032720439998325135,0.011089550204324575,0.027513567824213797,0.018770652676085083,0.005844812980217133,0.024125206940278317,0.01832140410352145,0.03857417204424917,1.0,0.026343767555673026,0.05144980846438485,0.014348388841318789,0.027908855701920973,0.013272090947977513,0.0027269915583153282,0.02130387207735859,0.00850860665686452,0.022130085218394383,0.01644662544898127,0.005969959841347226,0.031530903266772735,-0.00727231398570662,0.005115171991951853,0.006668114754055277,0.04320359946171644,0.4436867889822628,0.049150628190341356,0.019866771946513474,0.016687061613638893,0.00719079753213751,0.008225827275333665,0.00859178372989195,0.008528547805022522,0.02286008074503381,0.00978678546136988,0.050547808859119046,0.024886641795708365,0.05531787553420133,0.01746540428340741,0.24332623569318415
MPQ:MPQ:TR,0.030474993146251527,0.00986894466580098,0.04146871764904838,0.009298708360529755,0.03725861011181256,-0.00448064505729414,0.009323286271094008,0.006943914242624992,0.010270489579249826,0.03733483267310777,-0.0026084935006771104,0.008513189381481306,0.08889092347629753,0.009250250487406058,0.005738797566596922,0.004760309431514292,0.0027595938957839803,0.016176639510890434,0.005461376435749908,0.02779601340637421,0.021068513649948925,0.016201448336640344,0.011780150339722977,0.015212392609042934,0.019734764621887026,0.0011824511552441484,0.028925146414636973,0.013518205709762404,0.09404709872478176,0.034129965291353204,0.03761356485814175,0.016483810308328243,0.01963122883349359,0.012785379320952509,0.020639803343082207,0.023486025568372225,-0.007196529451667939,0.0246125041311167,0.12291564023646184,0.01269376905790491,-0.005748216269658187,0.009329876691254742,-0.00032435913330474574,0.017721744028183,0.024092924147633255,0.023938637223101463,0.011607579106222874,0.026343767555673026,1.0,0.024231358791714744,0.029828012539375368,0.013674075052807794,0.018747412982799853,-0.0024202786861297486,0.018091147107733133,-0.0035162929463350423,0.007491622327051544,0.003510408021149547,0.002035856557635575,0.0064476719825895595,0.01660251507923587,0.012392826356289351,0.013556109922035054,0.020973818540027903,0.010617339052355559,0.03184675037981537,0.013508562407809748,0.010033514006804472,0.022799649845685728,0.020011743526168236,0.006808719621665764,0.09193988862944594,-8.766394404662522e-05,0.016337071346971436,0.020802064476206767,0.755028286543564,0.02254784659177251,0.009767723917037566,0.03458699968475519
MPQ:MPQ:UV,0.05797127480801687,0.08938608919116332,0.049368361520758144,-0.009983004734211586,0.07171732808948478,0.009101157363241914,0.01579879641439666,0.049911993537610534,0.06041270154184987,0.055991917716147505,0.012555248918418548,0.053069407445708795,0.04036857999896891,0.026202708678193652,0.034079638615432215,0.024341742185370933,0.018936527654681918,0.019022987034118314,0.038653006254121415,0.07738037623806325,0.025996390017868295,-0.00895447894400175,0.0212835615611783,0.03804625017304485,0.01563738101723219,0.021725352853644495,0.0185908283888622,0.00045666765016234243,0.02391915748519319,0.037904119851226346,0.044544751932883174,0.030627287622699978,0.002854398635350018,0.022711954159525954,0.0421246326083112,0.026229655208877274,0.02537753706123724,0.04817506986903646,0.04958874906900943,0.04052436483944654,0.0231440645346232,0.03416130915571109,0.01833118520344003,0.0027080964496612823,0.04802914841420411,0.021396449493264837,0.016913850240573767,0.05144980846438485,0.024231358791714747,0.9999999999999999,0.032932199935249075,-0.003648461726473619,0.01957496782758955,0.008599107448761923,0.022459776566821715,0.014927209001120113,0.050157395492471585,0.035963402295844576,0.018855372206249256,0.04982943848465818,0.06597769342907882,0.005288504231406214,0.025972660338807792,0.029137834689730642,0.030616097206641765,0.050407641664498105,0.0246791749348073,0.029239493131335028,-0.0004399282973816059,0.01657601112300903,0.026463133505319064,0.021770201713314508,0.045550444790461275,0.02199097519593672,0.03301986354137924,0.033238089781889225,0.07510254316310681,0.031195855993003542,0.08373364587645686
IPIPneo:A1:TR,0.04966094570911086,0.03565209703055352,0.030788724085052014,0.009792158276037922,0.018105498090864963,0.029476889767368456,0.002755346853840207,0.014333691753307072,0.032186167633196136,0.02431802589564688,0.01936808127864627,0.017998742329311417,0.028704844214799713,0.011722208386295617,0.08427509602477817,0.022517490867065632,0.016946654806477772,0.012600818679523815,0.017772775601429744,0.020058824526261707,0.029972307136951055,0.05536274722401449,0.01334859638389789,0.0203887673124467,0.03035807875493872,0.01137965884147947,0.0321321910819945,0.015673146921146585,0.013088048446840087,0.012995627351962434,0.008005667542269066,0.036329215548867776,0.02800983708806594,0.012960012701640792,0.018817468193736808,0.023234548309636328,0.00840103381314476,0.02588981520379199,0.04215117126437979,0.026594016042360547,0.010157102619876549,0.035808354887354246,0.01003594290942975,0.407567102403734,0.0331876852756659,0.014989526843372847,0.02230515911375658,0.014348388841318787,0.02982801253937537,0.032932199935249075,0.9999999999999999,0.014801673922607738,0.020209061871052737,0.015362227937133757,0.013081405731317693,0.006167581920448874,0.018958154610445855,0.025991250857627757,0.017179726910619725,0.033744834493471945,0.016605484819881673,0.020498277006426466,0.015066443152366951,0.03314818124568766,0.02794101393103026,0.024460096929592428,0.02076379166922081,0.01669359858995868,0.0038401005685969546,0.0033141715542770417,0.00956919776660823,0.013968382615650914,0.02143052066322673,0.017481233563084397,0.01683199777263768,0.021573561108941805,0.05228410697123124,0.029599864557396237,0.017559477573003204
IPIPneo:A2:MO,-0.023985714905395947,0.032730787822275224,0.031223956215615318,0.04566693447014683,0.015475795902999032,-0.0012037376398809833,0.13905668541576907,0.013811095603477644,0.030416199976228974,0.04029103725372296,0.026108164790204252,0.010850253235868714,0.0009209363282339516,0.046944710870619855,0.029360142754239746,0.026687496899341707,0.028423333661030423,0.008489677011206776,0.02676026408531758,0.03539017895857007,0.04644463679349573,0.013716100863898397,0.02879526014875636,0.004414951900992602,0.2890428123708859,0.07784533223440043,0.0682854904033466,0.24175070088298703,0.01616708081065614,0.013007393695152969,0.012800360609393227,0.020505978896800038,0.031050912557128628,0.006037162183699932,0.024376330567694678,0.027877826389763827,0.027571096862240525,0.14196687159600782,0.008487398180449591,-0.001146223548646997,0.0007613367785330404,0.016513726053288585,0.19290599238685985,0.03366747098709891,0.028941275774410642,0.011861807919530917,0.021581795621122876,0.027908855701920973,0.013674075052807794,-0.003648461726473619,0.014801673922607738,0.9999999999999999,0.0013407880295407575,0.042012369631458726,0.03423914512820764,0.03543799449622476,0.007084078081094253,0.03605052512234097,0.01175981198088546,0.017875504066092767,0.006785269803120005,0.03142578517425501,0.018460129322460845,0.008364577175247898,0.048482933054342876,0.020802171340216457,0.00327113373226003,0.018257357884835783,0.024443851406171915,0.011729987157668249,0.005600758341926599,0.01760560410567408,0.010435288524589314,0.029560103049956744,0.00437533154172231,0.01319707526054281,0.009915295856529319,0.017166521407673625,0.022778570541666085
IPIPneo:A3:AL,0.22739244934377514,0.03240775071687035,0.04148468450780919,0.01116836991563313,0.011513125682445266,0.23908505079823608,0.017303532220980557,0.016959381013657016,0.02052534308732267,0.038944233119667326,0.005671247881565612,0.012913157216012907,0.01253201447860618,0.023640997271603348,0.03879269579839953,0.11200084116808211,0.009966959153801504,0.018013534745372702,0.011760156585378727,0.016943889385476685,0.032109351738597906,0.0055897136596473615,0.01874893438512248,0.021813682677440976,0.004359051318151758,0.032828927320647704,0.013538868120425524,0.023711043970357032,0.005035684709875097,0.012215824080010106,0.00942780206288491,0.031428469607620184,0.007365772166540697,0.010657732088230183,0.015789614652865686,0.029333608011106613,0.013060873946407649,-0.00017583117254324002,-0.0022987568643644688,0.011544100544805405,0.00740313278551618,0.018393573597499945,0.008184069137926674,0.03503769966998072,0.021098284352386608,0.018819307402889424,0.007068233796690269,0.013272090947977513,0.018747412982799853,0.01957496782758955,0.020209061871052737,0.0013407880295407575,0.9999999999999999,0.022722804618213688,0.014834758252677445,0.006839882412742879,0.025068228813606378,0.009086512718017211,0.010045500908626352,0.014994783091880215,0.004960228321625841,0.0225521615037116,0.012799044745718496,0.005634507794091023,0.015663874558462253,0.01523423094980077,0.011770017143540644,0.020388781636697363,0.016988526206234523,0.012224039383058563,0.021558350238015275,-0.0034717115681872994,0.011951668695819893,0.015056100434147669,0.00038007672761401794,0.019921898493856095,0.01715795090199876,0.028177310602007306,0.03860764554722018
IPIPneo:A4:CO,0.06424872693901877,0.0342531887157832,0.024323270376687613,0.053408148775043206,0.00283255017974113,0.020459719598194603,0.34367352409785634,0.04328327545302134,0.018272576731178755,0.017697468248579106,0.02846430055013102,0.005171992934953798,0.012483904922908287,0.054186010815924036,0.111593471952577,0.12724602638436966,0.02286796592612684,0.013841829700841097,0.013440683751521675,0.0369464307368356,0.06988078453698933,0.026768163023791876,0.05259090769403622,-0.001688058192804988,0.01585854517535261,0.045016062347096375,0.03381165475776866,0.055456959411800594,0.010823641606221424,0.012299101979409467,0.0013240000968908691,0.030282142454869397,0.020357408909182927,0.018398817126280692,0.03005259941484682,0.0612814127344693,0.03686741718178079,0.010347683287064252,-5.4290064142541495e-05,0.012270455286858589,0.018630865660646808,-0.0038809630921084613,0.1833136258701118,0.04683345221263043,0.025912440420405403,0.027773117366418385,0.0234256896598515,0.002726991558315328,-0.0024202786861297486,0.008599107448761923,0.015362227937133757,0.042012369631458726,0.022722804618213688,0.9999999999999999,0.02161716226725064,0.034608309133778443,0.007858065192257643,0.005499546698204175,0.013068382765699276,0.007126981641341199,0.01863154960430407,0.036245887174226867,0.026626657378712424,0.011963647478372835,0.01392913277304501,0.019017753892323765,0.04765204785161778,0.013754773126567357,0.03339221881663294,0.02350887509504232,0.010403423033663534,0.005184972935487148,0.007388042498929416,0.023599187345001566,0.0069562176435452325,-0.007342112757391859,0.028755885015002636,0.025146571474964446,0.013964530178257507
IPIPneo:A5:MO,0.0065120543207613565,0.030334058837980467,0.02804005404025138,0.02180981200237082,0.04060644518936116,0.018329445422462558,0.12932456869532025,0.008161225031209909,0.02555666952949765,0.034596351819562145,0.027617444676142,0.04080251395733833,0.0029525374822658257,0.019101992764026327,0.024145163741499553,0.027880998508887013,0.020503817668010255,0.007248155086999073,0.01522125062807052,0.03939050818555631,0.01476743446519536,0.021048150166451885,0.014602274770828368,0.022056330739242618,0.03946803220161983,0.06275516864366887,0.33820574973155343,0.05980583494326524,0.014426609584979277,0.023823207789978238,0.014976659994702195,0.031966928915915585,0.01734594383870804,0.006002268131041285,0.021065130302008177,0.03825541749249803,0.004639777879091324,0.020074822262143282,0.021214898295533767,0.01787096579978935,0.0156897368441997,0.022906032753329603,0.026174466361569323,0.0036610190443154985,0.015493112130202259,0.003868698883526652,0.00880064154639098,0.02130387207735859,0.018091147107733133,0.022459776566821715,0.013081405731317693,0.03423914512820764,0.014834758252677445,0.02161716226725064,1.0,0.015456942771326738,0.012204718349238993,0.022394518395899368,0.03243789152398865,0.03588808169221314,0.013292396612990606,0.01862055868613621,0.004531046119315471,0.021371754422469462,0.01951833070716623,0.014982980451689503,0.012201180400513878,0.012866768751222073,0.02642972228066171,0.020782742604926477,0.00891418033187978,0.007508722757763719,0.026144259260508826,0.010308410344786882,0.020581382919912697,0.02804450222890755,0.023473618878533182,0.0171479245059144,0.04263265061612973
IPIPneo:A6:SY,0.11248929383141142,0.02994551103401981,0.013138424793401353,0.032371152734111945,0.010245084170103978,0.12939147016022667,0.049068312029471595,0.027471446543112624,0.0014420792752041728,0.010993907921283956,0.025230101785519897,0.017519915059863667,0.007547246294056144,0.05692667245781675,0.01868634605196287,0.03025271502364477,0.014666743326468962,0.021325639287076207,0.013106994413033507,0.02519170518806191,0.02147467967661794,0.0040546879306340225,0.025074237101807992,0.019348226420924364,0.026250685269357615,0.04379948165160028,0.026895120360218332,0.04033841156462717,0.016517494273172867,0.008269112830232003,0.022498847592904537,0.026898843479878143,0.025979225126995256,-0.0009686168132059968,0.030409513022445024,0.03223985147388824,0.01500290576134132,0.008219069042031665,0.010482356253021371,0.008027331158236013,0.019928906913458395,0.01900916439838817,0.005723169860287087,0.027580273915725376,0.013232960862837024,0.0024464071589192643,-0.001191413656680311,0.008508606656864521,-0.0035162929463350427,0.014927209001120113,0.006167581920448874,0.03543799449622476,0.006839882412742879,0.034608309133778443,0.015456942771326738,1.0,0.00523573247466481,0.009658254110306307,0.009867716971714253,0.009994218568521862,0.03115497153761728,0.019496998912459183,0.020666508993736673,0.0033060224555141616,0.030410255612733243,0.005480523140033372,0.0023911765263091964,0.010211557937911921,0.018855870234001707,0.020292415781835334,0.019916112253655676,0.0025515586234801093,0.019555973588677143,0.02954504024734765,0.0136755330774044,0.009392784704226435,0.01583543875356215,0.022531387352115396,0.02200405946686326
IPIPneo:C1:SE,0.045502759881146285,0.026136990349445464,0.024978850652575903,0.01766169465560913,0.04510157579231602,0.022121345183823655,0.016382126613789502,0.008117822416048876,0.03142455875533382,0.0369839088109429,0.012631812912943456,0.04059881581617127,0.019269957327679547,0.019891342309693676,0.00399515513249143,0.020131649421090702,0.009308937131371051,0.09450154496580383,0.008293949720654089,0.06310100180680968,0.036469099184440724,-0.0029439299867698243,0.033331779331389616,0.020429585007927277,0.009103376754989727,0.030692341686504462,0.03283511404155292,0.022346209152061286,0.0071024878579187154,0.04351049121023858,0.033974283529942084,0.01576281516866752,0.012806357049461373,0.01473725720554386,0.024562334452305115,0.024538727580383706,0.02576509197949476,0.013274604978418293,0.02658938522420714,0.03742893121301393,0.022986842742227964,0.08270855532428892,0.015999088105296284,-0.004133450848311768,0.051061333389275425,0.023532519808000217,0.018781580261598003,0.022130085218394383,0.007491622327051544,0.05015739549247159,0.018958154610445855,0.007084078081094252,0.025068228813606375,0.007858065192257643,0.012204718349238993,0.00523573247466481,0.9999999999999999,0.008928109989089017,0.01149099503648236,0.03624139116013153,0.022203975752347126,0.018984154297473837,0.025177709881899712,0.007362817503082125,0.02414575513619198,0.028012036433039702,0.026102664097512506,0.019638054005772648,-0.000751157686063881,0.016995224352484198,0.011343146118321365,0.002267822904361879,0.01408436654457849,0.00473248332097948,0.03139989279381678,0.011833980660194301,0.046811454615847715,0.01408829541339973,0.04392012759830606
IPIPneo:C2:OR,0.04068146773350133,0.4318744218407372,0.03839113370551862,0.017597997000665815,0.011826840445406977,0.0192156877975789,0.006061490035158993,0.02931584954586924,0.49755229095833176,0.030899164780994075,0.022957176130659923,0.03044200621149992,0.02271795593164382,0.012029671633404532,0.018829597722785696,0.0028487823505421203,0.01414220322764028,0.027662351249954076,0.654075987715445,0.052191741712946466,0.10497034350651444,0.037613454902469985,0.020645061268206765,0.006094918776287528,0.022299010777394886,0.038558372572448825,0.033142231247773594,0.030100593800849475,0.005524285897246578,0.0076969825338459846,0.02320375538083914,0.01347841644488946,0.026338007827700283,0.031054143027757976,0.014868306660711676,0.02013921053671334,0.19903709626921534,0.013904656909308054,0.019750728517457936,0.020275620803454776,0.0072700303302289685,0.026678488026830698,-0.0029073491462377906,0.03293748408073425,0.03138578987072187,0.01300544989000641,0.017096287482456292,0.01644662544898127,0.0035104080211495465,0.035963402295844576,0.025991250857627754,0.03605052512234098,0.009086512718017211,0.005499546698204175,0.022394518395899368,0.009658254110306307,0.008928109989089017,0.9999999999999999,0.03711528002210265,0.03967824498453432,0.04019071479696735,0.005034987591766254,0.009611777171355715,0.029111900950055235,0.03340641329915201,0.02104520498644349,0.005736329487948211,0.01720276349908957,0.023727637405842203,0.017673536511150077,0.0067172800756666535,-0.0032456200968221396,0.0178973526553538,0.03692161117091359,0.018618910216263468,0.01191546641553548,0.03182276444621714,0.017221543921606807,0.03169478320710527
IPIPneo:C3:DU,0.027043188183690663,0.03377954032792717,0.01869873820849875,0.00957844057222629,0.02486299751582761,0.0035498933153759664,0.015851926356283578,0.02132236441348881,0.036282878534120405,0.032662134004523904,0.005422361616894098,0.014557657214006684,-0.0007258893982472938,0.010432668787024743,0.007955715612766513,0.022213216856789196,0.019261053953661185,0.0127772036877327,0.026294920837506473,0.03279414696238587,0.02477082544703184,0.02947452688038973,0.008188409829350558,0.0045514003557097634,0.11605843995573854,0.022311419586688863,0.022078664618205235,0.021015826888824043,-0.0028796263243014647,0.005741482925073246,0.02207431845602178,0.018390606766133036,0.011400324909762737,-0.0002776601710306456,0.016430361433527576,0.025125349510505494,0.020898181412867534,0.030491965045426957,0.00755690339841138,0.007222300731431651,-0.0005240815230978731,-0.004783808881996982,0.01873728424755935,0.005646502568387641,0.019745794317799888,0.0033326222761972946,0.007099932298367433,0.005969959841347226,0.002035856557635575,0.018855372206249256,0.017179726910619725,0.01175981198088546,0.010045500908626352,0.013068382765699276,0.03243789152398865,0.009867716971714251,0.01149099503648236,0.03711528002210265,1.0,0.017418547311102817,0.016987291825280356,0.009223474169478482,-0.0017936974718114462,0.011922420653459576,0.02532521908111214,0.027220231124482023,0.0011288205315420899,0.004751231277943558,0.006424223965152002,0.001874854894209408,0.007493705628910585,0.005560365036690428,0.008494987888302387,0.014942492358275602,0.02467193553162732,0.00449607766793589,0.02347427093655384,0.026938841721558193,0.013677188019276865
IPIPneo:C4:AS,0.03302448404434762,0.035225108495062274,0.02971574869229122,-0.006510396107878858,0.0594205546930448,0.02299044967150216,0.014026038192487277,0.022172514604372938,0.053554154067325124,0.04058490131893661,0.0003417596149239557,0.053279156321470164,0.021799608654112432,0.03306129612396527,0.037553759252047146,0.022838183772292513,0.008316744038822928,0.21858471131458265,0.038808462561810135,0.12953844054553637,0.005823427709568826,0.00476103426478639,0.013654399371318906,0.031284777824406494,0.016444186284329025,0.0189186708223323,0.020452530235956237,0.008935471510050228,0.0185541132017399,0.05139767866360182,0.01747843424961997,0.04487366976149609,0.02753111468078762,0.012474569334635524,0.014755780057274381,0.025167645607012644,0.02028429523109753,0.01025183534956043,0.03095235263211386,0.019693371604752888,0.0015089419938758427,0.47474581384805864,0.015413375254413279,0.01305690804966548,0.019276846009879424,0.012145060865179457,0.005039244426661438,0.031530903266772735,0.0064476719825895595,0.04982943848465818,0.033744834493471945,0.017875504066092767,0.014994783091880215,0.007126981641341199,0.03588808169221314,0.009994218568521862,0.03624139116013153,0.039678244984534324,0.017418547311102817,1.0,0.010516910656816394,0.019316563920904313,0.025159031653700925,0.011101626543704906,0.026486112923691667,0.04210854944147909,0.012425184861620935,0.001950944044204136,0.004554363077599728,0.00820403857435574,0.015563696795969998,-0.004238558581838062,0.02987716277593353,0.015894171384998105,0.031217512003606934,0.023219289210810883,0.04882703145808177,0.02947606277366973,0.0539900560606151
IPIPneo:C5:SD,0.012825336876839087,0.25653532429102516,0.012376629801352686,0.03754748717588809,0.02836307989400978,0.02400818128815224,0.01551001435091637,0.3899881373559072,0.03494969826519393,0.0024979179071815552,0.03920260864188284,0.03692118817876515,0.02807233701129395,0.040886828207470235,0.02694545245533165,0.025157279469025837,0.021875926280556256,0.038282830133287815,0.10999669721265427,0.039139113570057914,0.0406165244515078,0.03965394526893931,0.022273318704134737,0.018954698609706427,0.018019161489465654,0.029276061090303913,0.020219056770327072,0.030728673551311717,0.018482824544970716,0.003914518251530945,0.020288943258154352,0.03050978979099175,0.016327557135007206,0.009131806176152033,0.002621733649644016,0.035764526380394825,0.09245509988097551,0.023463327957393726,0.009994234654548772,0.0037604896230627395,0.016926482930271672,0.03887081521752863,-0.003841405038886689,0.02287615738785457,0.019461470100389,0.009005735716998102,0.02024486915197391,-0.00727231398570662,0.016602515079235866,0.06597769342907882,0.016605484819881673,0.0067852698031200046,0.00496022832162584,0.01863154960430407,0.013292396612990606,0.03115497153761728,0.022203975752347126,0.04019071479696734,0.016987291825280356,0.010516910656816394,1.0,0.02369627234738705,0.016402843640363873,0.006573878865733416,0.01871768139719002,0.010461634273880603,0.00978923710080647,0.022523096675342504,0.019113530412686243,0.02286297727381817,0.023515876490268275,0.006554706514169711,0.01880343730127239,0.010917727981749538,0.03371285623315627,0.013256301110712937,0.002788671709819424,0.03638623707126302,-0.003999247923762027
IPIPneo:C6:CA,0.01342876409981397,-0.013814083598251837,0.03860925096665428,0.04473462100031246,0.037912023260400156,0.023065415571604724,0.040518356385736566,0.03356044764039253,0.017397773746248235,0.046725783629859734,0.03733985085794549,0.0246850323224637,0.03543353618635271,0.04487632925088883,0.014681954028437645,0.03920333275060804,0.02010797987144407,0.012043385805990557,0.010952767135687822,0.019923281297058976,0.38245984802012833,0.05274082778507002,0.04222150768594236,0.019388992018789068,0.01632479669042392,0.07584302937483736,0.05073336917675014,0.07100801427043318,0.011585607714214352,0.04698906819327937,0.019254949665476917,0.029892392099658965,0.016225870476746247,0.024892513490203293,0.01089254478935065,0.028739224773528846,0.0063681063903527155,0.0272534546569262,0.015358329792464341,0.022716695499371425,0.029435954335179322,0.009289842214495973,0.0174766445215168,0.03160979957390862,0.3592899898935221,0.1291338312513623,0.03530955230609028,0.005115171991951852,0.012392826356289351,0.005288504231406214,0.020498277006426466,0.03142578517425501,0.0225521615037116,0.036245887174226867,0.01862055868613621,0.01949699891245918,0.018984154297473837,0.005034987591766254,0.009223474169478482,0.019316563920904313,0.023696272347387047,0.9999999999999999,0.018229980960532414,0.026403875040153495,0.02577791613340672,0.01825128383664093,0.07775692393500479,0.0303587058008322,0.03307616481381951,0.030277424941699573,0.022906465929293976,0.01448212322205249,0.013506787220664092,0.009579409344385417,0.00856077887150497,0.014658755940464724,0.08686477047008292,0.029191756052908538,0.04386778101477865
IPIPneo:E1:FR,0.19962889416557564,0.029545951167165085,0.19681061260359217,0.02191290850665153,0.026021366117013736,0.023621079293567306,0.025635575007513952,0.016627461229305595,0.008520924656582362,0.033441772188059216,0.025369134424803846,0.014291138080095744,0.023719382994549783,0.026323519043671344,0.013150879549530047,0.035771921421821035,0.010608155237593297,0.016956170899822792,0.028343122448316913,0.0353967252641436,0.02075436884617031,-0.00146781522834653,0.022915645443622956,0.022991118342042757,0.02023890597508769,0.027035123367070844,0.024409777969704248,0.0377314177073197,0.013140956190642294,0.01980997045261506,0.010104752516395274,0.035733736729781834,0.0317105112154354,0.24925830494737078,0.08787997690419665,0.009188691396495894,0.01714663075687355,0.012376725985527236,0.042803357592326646,-0.0019714785615779886,0.01757287786189589,0.023848851178892967,-0.0005949828737767982,0.09840861021788667,0.014379331518983258,0.02528171719397887,0.4633217719026571,0.006668114754055277,0.013556109922035054,0.025972660338807792,0.015066443152366953,0.018460129322460845,0.012799044745718498,0.026626657378712427,0.004531046119315471,0.020666508993736673,0.025177709881899716,0.009611777171355715,-0.0017936974718114462,0.025159031653700925,0.016402843640363873,0.018229980960532414,1.0,0.020769674030497846,0.02450660061947384,0.020207056842482023,0.010778602307462625,0.028373224068336395,0.035545648340842874,0.020127046880847464,0.015321281100528758,0.011693482415096742,0.021707945857768248,0.029465305976222652,0.005316691775571671,0.01051104260039347,0.04049348089156791,0.01815684058536139,0.04335041761238815
IPIPneo:E2:GR,0.0266429364595833,0.03357715998888268,0.11176778653694172,0.043631199570502426,0.024681622212157542,0.02304289355951366,0.02214092868351145,0.006725190135698161,0.01133827490359885,0.04115316993202288,0.021758171071471086,0.027330658317399746,-0.001677348007193378,0.02469091052364484,0.01988857793080086,0.006311801710230628,0.019863515541718658,0.010300693502721893,0.031553007228507006,0.03795897773346919,0.029829122114445317,0.03078328279155502,0.018528733003910225,0.012042649351573143,0.02197468940786943,0.02776120316372814,0.03215002392546945,0.01177512521480066,0.013490379384439016,0.025021317640636444,0.02387639812533807,0.027417016091784156,0.01815452219005664,0.21944514195335493,0.015884148933812986,0.025435566758614185,0.018639261764142795,0.01883081759216879,0.026309097342375614,0.1463369334765933,0.013476432082352325,0.011197574298445473,0.019281351349735774,0.017460723267842978,0.02737464454798168,0.04357155521306572,0.18873004786656983,0.043203599461716445,0.020973818540027903,0.029137834689730642,0.03314818124568766,0.008364577175247898,0.005634507794091024,0.011963647478372835,0.021371754422469462,0.0033060224555141625,0.007362817503082125,0.029111900950055235,0.011922420653459576,0.011101626543704907,0.006573878865733417,0.026403875040153495,0.020769674030497846,0.9999999999999999,0.03718615672159319,0.030269670594816167,0.03634167285973497,0.030654279176616738,0.004763717308205549,0.026114981182461347,0.02479580844431834,0.015430146677486047,0.011251109391103284,0.013072549535673725,0.009770305277883572,0.01840639140680963,0.04543174100705438,0.013967229214025682,0.04008610892827476
IPIPneo:E3:AS,0.019923875621931725,0.033253241230010104,0.3496969474123708,0.023588234133242018,0.02849856082608513,0.014245916176996463,0.004748761359177791,0.014311464254371218,0.03820184558915709,0.42986209139108733,0.008643350650998811,0.03861908324259061,0.034902261542030404,0.014874259689622447,0.00817105676972615,0.01632326443944923,0.028348250822728776,0.04007726208535804,0.02851835332568431,0.042909086634641165,0.030678618373846195,0.0333343084899508,0.028271221108108605,0.0163766696401323,0.02350375596731522,0.052508072078143356,0.01342595440813948,0.050558136947020556,0.014206042833310735,0.003702155032374297,0.021815320579821103,0.03722817555676288,0.10173580379023929,0.030815346436818034,0.16263079484557216,0.029177541802315972,0.019193767768672255,0.020505212919988674,0.010056017769544724,0.026434318548353975,0.029918453779751598,0.044138128910407685,0.031217942451146757,0.027052139131014244,0.03350152531279992,0.009482420646367472,0.0510769607711624,0.4436867889822629,0.010617339052355559,0.030616097206641765,0.027941013931030257,0.048482933054342876,0.015663874558462253,0.013929132773045012,0.01951833070716623,0.030410255612733243,0.024145755136191976,0.03340641329915201,0.025325219081112137,0.026486112923691667,0.018717681397190024,0.025777916133406725,0.02450660061947384,0.03718615672159319,1.0,0.04014051268206374,0.003040724142772714,0.0297832447128776,0.02854884797695867,0.014362278845033383,0.01997404723906062,0.022326054626849737,0.012977564125735074,0.022102701058474693,0.0291279268148945,0.022708533222574163,0.012212118183926484,0.012027759025398661,0.07039910015849594
IPIPneo:E4:AL,0.06935838958756399,0.03883443389106945,0.049151510822159766,-0.014518700153345944,0.05931417908049473,0.022423949971890088,0.017387631599702157,0.004660624466171788,0.03648638068132163,0.05637956562226093,0.004055366550046291,0.04246711675362657,0.039058528076345786,0.021980336889522716,0.024303468787067253,0.016885485283698688,0.01532397456894376,0.018437168867678433,0.023606777342730798,0.07387168476691632,0.009779984935771268,0.01777244858154053,0.004904272922042765,0.029232267636396216,0.017097262335755595,0.025050934383929396,0.02914843172720041,0.014304389917195869,0.007846829015535427,0.05261566329578613,0.021157407886194173,0.021896696845776723,0.025910948708714413,0.02037457450585657,0.02887734774233381,0.014182831678574483,0.02142543652382865,0.017713894334662895,0.03822086319331099,0.029484939354679576,0.017779753503373238,0.03984765075253163,0.01700998859045035,0.004593977225566607,0.05353618037605671,0.04677564609893548,0.016578166943177937,0.049150628190341356,0.03184675037981537,0.0504076416644981,0.024460096929592424,0.020802171340216457,0.015234230949800769,0.019017753892323762,0.014982980451689505,0.005480523140033372,0.0280120364330397,0.021045204986443487,0.027220231124482026,0.042108549441479085,0.010461634273880603,0.01825128383664093,0.02020705684248202,0.030269670594816167,0.04014051268206374,1.0,0.045424881408848504,0.014215045354703618,0.0005054152377384187,0.01168988046703233,0.02521796905153866,0.012032303878548171,0.026574202656081295,0.032187171746111146,0.025443329088354113,0.031542372959004264,0.09035255504197731,0.01677796160607949,0.060330476357969266
IPIPneo:E5:ES,0.03853352337062096,0.004361925524352874,0.031084266391026752,0.010157536376106346,0.023150640730938664,0.017513220381963214,0.02260346160555677,0.02926184493986942,0.0003546686339441905,0.034439329439367755,-0.0037359144765955854,0.009255882812207223,0.02054998223179092,0.009115412708937193,0.0092240397805112,0.030253349308499804,0.005892901191040782,0.024689786388096165,0.0017916994565369388,0.009315173230886684,0.04956687777383875,0.017086341216315675,0.041172480310574675,0.01964858926292365,0.00766059550340416,0.03192519837230418,0.028110041106323685,0.03579683278801865,-0.0025098206620499837,0.05252950024224635,0.02159921003709071,0.02980674080971741,0.017956291398029223,0.03279529405747186,0.026879051333979137,0.013501049837069963,0.0056336567751105165,0.03234901085591117,0.02362898900789304,0.018957950095090655,0.026163380874383822,0.00644135396250091,0.04319030084292236,0.006237505270752485,0.04194128913667307,0.5382445531730441,0.018367416036530484,0.019866771946513474,0.013508562407809748,0.024679174934807303,0.02076379166922081,0.00327113373226003,0.011770017143540644,0.04765204785161777,0.012201180400513876,0.0023911765263091964,0.026102664097512506,0.005736329487948211,0.0011288205315420899,0.012425184861620937,0.00978923710080647,0.07775692393500479,0.010778602307462625,0.03634167285973497,0.003040724142772714,0.045424881408848504,1.0,0.004283824298510462,0.007241543396108838,0.017599231745965078,0.025710820382773555,0.0027834227328551488,0.027265123310340755,-0.008879881609425022,-0.00423888599509769,0.013169095328177524,0.10409537769829541,0.022465545387583767,0.06448983513475788
IPIPneo:N1:ANX,0.03209457603178531,0.03690491460193459,0.022566318714875407,0.3311671922945841,0.028619537756132733,0.0214192123277401,0.011375470199010166,0.017225222174571612,0.008985732297053165,0.0292224835636886,0.030043572883267977,0.027207507335642058,0.018262581735296275,0.014934025607123999,0.01516770774496132,0.0290759017244607,0.03515354370392551,0.011224616717430665,0.012833198649692963,0.019280605366776338,0.0411540836795642,0.061128561371376094,0.02787364946034359,0.029623896152749307,0.01699281503065804,0.035389220178568076,0.030086373792116056,0.03499387763765829,-0.000668498551925229,0.020959897884587332,0.016987930752974893,0.03538359801031174,0.025019479035408937,0.010660154746732601,0.02008088357994652,0.012553596371189874,0.008558081099971394,0.027641661393520787,0.02574989813324907,0.004837808959724821,0.022841846722137505,0.017929723230549647,0.010103132957764873,0.050380517540736657,0.014816777395063482,-0.002139584711461932,0.029470468222858478,0.016687061613638893,0.01003351400680447,0.02923949313133503,0.01669359858995868,0.018257357884835783,0.020388781636697363,0.013754773126567355,0.012866768751222071,0.010211557937911921,0.019638054005772648,0.017202763499089568,0.004751231277943558,0.001950944044204136,0.022523096675342504,0.0303587058008322,0.028373224068336395,0.030654279176616738,0.0297832447128776,0.014215045354703618,0.004283824298510462,1.0,0.027173784282811825,0.015750359825816705,0.025484317730486216,0.009226247865884982,0.009646806156454782,0.024467968627256247,0.020232889863502766,0.007381365035892866,0.020880202372376835,0.021623066535830102,0.004841542388414369
IPIPneo:N4:SC,0.01735866931619052,0.03169999045880688,0.08735481671551251,0.03981402741530773,0.0026826476985432122,0.0278597344239395,0.02503169823224608,0.02491277557665481,0.016895708113898518,0.015969567259821023,0.01993316721938373,0.00938141898105958,0.0028242381608512275,0.024891200720504603,0.024460910020343635,0.02940033449374306,0.017088221797782036,0.019763209680790948,0.024335375874640644,0.02623013872787632,0.03538647465601562,0.02208805150385837,0.01733863881864003,0.021959866024632235,0.015051467533035772,0.024269306994288233,0.011295891300941198,0.03633914175725777,0.008903103394516132,0.012046314115306392,0.014063209769632363,0.019358060846502448,0.028685970027093805,0.01423268974268851,0.11126661544805429,0.0037766768337532597,0.0050256625423442105,0.0072215040938757484,0.020319374904233335,0.0001614874080748461,0.012053826612147584,0.011365825266173324,0.003046841520902086,0.029799554410292996,0.014529594812303516,0.00449282357593309,0.037712161927829016,0.00719079753213751,0.022799649845685728,-0.00043992829738160596,0.003840100568596955,0.024443851406171915,0.016988526206234523,0.03339221881663294,0.026429722280661712,0.018855870234001704,-0.0007511576860638811,0.0237276374058422,0.006424223965152002,0.0045543630775997275,0.019113530412686246,0.03307616481381951,0.035545648340842874,0.004763717308205549,0.028548847976958665,0.0005054152377384187,0.007241543396108839,0.027173784282811825,1.0,0.02542041430241424,0.01936161372668268,0.010900852695108949,0.018973936686190216,0.0017992407466241324,0.02489738961938952,0.022526577025673056,-0.006221474518429951,0.015896363022748182,-0.005450503124171392
IPIPneo:N5:IM,0.02626247572408634,0.035202692165127426,0.03322520717701087,0.05151014465301358,0.012736249485269625,0.024590829371484747,0.02231258726197878,0.017556578024872104,0.01951077017655985,0.014333097405748655,0.022053624325351587,0.014690523664262389,-0.0029047396260286737,0.019504637696251555,0.03335802777665016,0.032628172224726366,0.023940326427171196,0.018230709787625473,0.030899612976850812,0.02544060685201747,0.12375329539351591,0.01289336075261145,0.032849215847558635,0.008855509258044103,0.010566615286434652,0.03620329965564165,0.023568258898318435,0.036656249564837796,0.004285731729104725,0.01929343564523264,0.008477996458459758,0.019727700639271397,0.015986912042587568,0.01499935749930286,0.010599597587067975,0.03905179821813951,0.02684223961506761,0.029833558628531598,0.0030293434742898807,0.032941087559017423,0.009308942894094677,0.010594705691830693,0.007848938596964965,0.029856534211887185,0.025558938354229472,0.015249847295681315,0.005615393065546289,0.008225827275333664,0.020011743526168236,0.01657601112300903,0.0033141715542770417,0.011729987157668249,0.012224039383058565,0.02350887509504232,0.020782742604926477,0.020292415781835334,0.016995224352484198,0.017673536511150077,0.0018748548942094077,0.00820403857435574,0.022862977273818173,0.030277424941699573,0.020127046880847467,0.026114981182461347,0.014362278845033383,0.01168988046703233,0.017599231745965078,0.015750359825816705,0.02542041430241424,1.0,0.016786552482787067,-0.008677532048879876,0.003822760153253548,0.023410084046269194,0.021972289368497412,0.019769635733333017,0.020106379805867484,0.0168591698185749,0.002602769187330193
IPIPneo:O1:IM,-1.2026469789961188e-05,0.018924221822791184,0.03306737966720434,0.04438944250176332,0.25516838146983517,0.006632300125072034,0.005119277976417823,0.02868060975250058,0.0020545897244159373,0.013659615081996675,0.022679135036696784,0.018752461102102564,0.2356204809814849,0.0113723288163214,0.029256707444438854,0.023316433225357622,0.020220400952820138,0.010644615860342361,0.005399056406011673,0.02295203545270062,0.02251582626388586,0.03210292153900352,0.0206504299070253,0.018779913092386122,0.00519114731117436,0.01782674002725407,0.0014091710505492482,0.023394562776243095,0.013343839758267204,0.32019738304801876,0.028952555661977564,0.01765238673168189,0.009594686649876593,0.003629138318875768,0.006669082975893671,0.015484050455966323,0.0023805880378781645,-0.0033996907334311348,0.022238352962401526,0.006594447316551798,0.386564793711732,0.020664588442629243,0.005948372897643323,0.026483917911248767,0.006450413241811962,0.027887229504346623,0.012477298886328012,0.008591783729891951,0.006808719621665764,0.026463133505319064,0.009569197766608232,0.005600758341926599,0.021558350238015275,0.010403423033663532,0.008914180331879778,0.019916112253655673,0.011343146118321365,0.006717280075666654,0.007493705628910586,0.015563696795969998,0.023515876490268275,0.022906465929293976,0.015321281100528758,0.024795808444318338,0.01997404723906062,0.02521796905153866,0.025710820382773555,0.025484317730486213,0.01936161372668268,0.016786552482787067,1.0,0.0039039148843376696,0.015536565023912345,0.008505505140121647,0.011764114449482001,-0.0038258184614729006,0.004284774128201194,0.01913621802587865,0.007420955565122742
IPIPneo:O2:AI,0.01626652574884671,0.014796315338886907,0.0018009859031489321,0.006459742157748691,0.01026409718115205,-0.001049485826908712,0.005313312258583667,0.029767752198865155,0.006984610338234667,0.017143823841385575,0.006791970105354442,0.012000858873561986,0.34360859322170645,0.008096553763432986,0.02092676240094327,-0.0020604639051184175,0.016870584908343544,0.012218951384465245,0.009255170119265806,0.0034979393174271864,0.011082734993111732,0.014683104790116606,0.021212120916262966,0.004648859096017073,0.027853768498277285,0.01887766422017576,0.01130560543231684,0.006728299812061869,0.6158357005030932,0.011302848486702193,0.010065704048877711,0.01700406931837178,0.01859267634022834,0.015589180570494203,0.0041885047725894525,0.0036443828334576022,-0.00027692665134384543,0.01911479320440909,0.10682231335969479,-0.012526881847797253,0.33418036043447674,-0.004424418715231649,0.002464676100579379,0.017721366961679877,0.015264763312306714,-0.0015532408695236733,0.014253500675495271,0.008528547805022522,0.09193988862944595,0.02177020171331451,0.013968382615650914,0.01760560410567408,-0.003471711568187299,0.005184972935487148,0.00750872275776372,0.0025515586234801093,0.002267822904361879,-0.003245620096822139,0.005560365036690428,-0.004238558581838062,0.00655470651416971,0.01448212322205249,0.011693482415096742,0.015430146677486047,0.022326054626849737,0.012032303878548171,0.0027834227328551488,0.009226247865884983,0.01090085269510895,-0.008677532048879876,0.0039039148843376696,1.0,0.0014754554490556914,0.00770113058749257,0.0030086768083539854,0.012475864086085656,0.0008614186207503457,0.009516953031539465,0.0016467886509029532
IPIPneo:O3:EM,0.07187820548774077,0.02519591710864485,0.04203792073532779,-0.018556993637235446,0.030223173903792273,0.11524536412059876,0.019663438685832257,0.006436376631811595,0.025151928470522215,0.028991030811256636,0.01599047818748139,0.03981508115030712,0.01701445625529438,0.01317659436641019,0.013318083361158459,0.008665984691706348,0.020708200717204427,0.004219090868343024,0.006476314247967357,0.03859879528200249,-0.00027951604354593183,-0.03376800271396381,0.012250113565047708,0.3552128281888586,0.011993608342151674,0.023156344745665833,0.014249418364261652,-0.006841812929563526,0.0037945693621639466,0.030437534923451928,0.022844746850345352,0.017497123490459673,0.02578195635960781,0.01724479623445459,0.019554618042681337,0.016150781664663667,0.023259498437140213,0.01275218311390678,0.02180372576524918,0.01850552960170551,0.014715936755090399,0.019904269766694037,0.028129382214239555,0.017052233289213504,0.02339926860534991,0.01200794664584556,0.01304881929180987,0.02286008074503381,-8.766394404662522e-05,0.045550444790461275,0.021430520663226732,0.010435288524589314,0.011951668695819893,0.007388042498929415,0.026144259260508826,0.019555973588677146,0.014084366544578487,0.0178973526553538,0.008494987888302387,0.029877162775933528,0.01880343730127239,0.013506787220664092,0.021707945857768248,0.011251109391103286,0.012977564125735074,0.0265742026560813,0.02726512331034076,0.009646806156454784,0.018973936686190216,0.0038227601532535484,0.015536565023912343,0.0014754554490556914,1.0,0.01121854592112543,0.020637480244589584,0.0032841783470222187,0.015605242487687762,0.0018913635218623713,0.04811031103119301
IPIPneo:O4:AD,0.031212679223521597,0.04635496674272901,0.038150027587738305,0.03751329046591249,0.019533608479027437,0.019795195169500148,0.04630970702958265,0.009944835332559753,0.043893634324602825,0.01633522231587042,0.0234770359546746,0.025409869764636307,0.017771868918200876,0.04097866977945152,0.028254396412113178,0.010397624218510542,0.016496050915642987,0.025857244794697348,0.04129053954051878,0.03260945933483829,0.0433352690512988,0.04446222396040786,0.023854382875486177,0.010901045597837066,0.03923271036994767,0.02645201478844276,0.03415181815510632,0.013638687795643258,4.0452295825387446e-05,0.0017340984506440617,-0.0037466030611904163,0.027568609409567076,0.030328393408070566,-0.002707436353354033,0.008688635946330642,0.0342757437889183,0.021167422243371113,0.0164537055964948,0.01869795018786888,0.025427298321967974,0.012026292070027504,0.022553177155777236,0.008920872242894827,0.02160627764773368,0.02981064811144498,0.006798809404975471,0.020548390954763303,0.00978678546136988,0.016337071346971436,0.02199097519593672,0.0174812335630844,0.02956010304995674,0.015056100434147669,0.02359918734500157,0.010308410344786882,0.02954504024734765,0.004732483320979481,0.03692161117091358,0.014942492358275602,0.015894171384998105,0.010917727981749538,0.009579409344385417,0.029465305976222652,0.013072549535673725,0.022102701058474693,0.032187171746111146,-0.008879881609425022,0.02446796862725625,0.0017992407466241327,0.023410084046269194,0.008505505140121647,0.007701130587492569,0.011218545921125431,1.0,0.025534197464816253,0.02536189008311331,0.02693343397128238,0.028936659371573623,0.05769085151684054
IPIPneo:O5:IN,0.011073615330771128,0.03846571421952175,0.02892349960609121,-0.00697232029006917,0.4673155251283305,0.024866390065047112,0.013474448640629917,0.007466644747810001,0.03113879279995854,0.041473130350822854,0.005905758226694841,0.5905119588509978,0.011228105780531924,0.010023924064870775,0.018186551928669324,8.491347134504345e-05,0.0017407385977751583,0.017853333148980955,0.031330836112194276,0.040820382388848414,0.011027601524160153,-0.006778282210845347,0.015784175936556715,0.021395835581003577,0.03465243592909745,0.029845849309457637,0.0159135617439852,0.007314304655136685,0.024210455499451767,0.009090332225185412,0.3118004585128428,0.026145585103362283,0.03473039610170278,0.015337049898041155,0.019034112122337417,0.01321892251752576,0.011196409713957231,0.018658605732189103,0.23834054222767678,0.007895471315212949,0.01779689353133682,0.021780191561630968,0.02556424696977413,0.019544470099929146,0.03157912362581391,-0.0010712909891906798,0.006232552567365267,0.050547808859119046,0.020802064476206764,0.03301986354137924,0.01683199777263768,0.00437533154172231,0.00038007672761401794,0.0069562176435452325,0.020581382919912693,0.0136755330774044,0.03139989279381678,0.018618910216263464,0.024671935531627318,0.031217512003606937,0.03371285623315627,0.00856077887150497,0.005316691775571671,0.009770305277883572,0.029127926814894504,0.025443329088354116,-0.0042388859950976895,0.020232889863502763,0.02489738961938952,0.021972289368497416,0.011764114449482001,0.003008676808353986,0.020637480244589584,0.02553419746481625,1.0,0.021882119918566353,0.01292555843740793,0.04227217261354994,0.03662782210935606
IPIPneo:O6:LI,0.03060470774394184,0.024514489397010397,0.03832993954570284,0.0103424147020695,0.02290118504031682,0.006599666034924338,0.015652825588785464,-0.006912314065352073,0.019946801414473365,0.042302826894801804,0.0019503245084729385,0.015463762720915165,0.006310685002084049,0.021282680384455573,0.017739976256624792,0.003943502559224956,0.006245325384071412,0.020650374602771065,0.011032566622334147,0.03448273743928595,0.022829211958564005,0.021858365543317833,0.013987143550595077,0.019326454936954972,0.018050192074134122,0.00619050117011513,0.04736050796433344,0.020538272143355147,0.004096425825579359,0.021536170451721508,0.02074380643747489,0.026203193369100666,0.02274484311665797,0.006267891082203267,0.028861847912806413,0.02394125737136268,1.2050678779976296e-05,0.02490209498441914,0.02385131056117571,0.015536233968598795,-0.005177372707153967,0.02031317700732176,0.00020189936255150242,0.017425951668062534,0.02762936059284462,0.01849524103301239,4.221859861272767e-05,0.02488664179570836,0.755028286543564,0.033238089781889225,0.02157356110894181,0.01319707526054281,0.019921898493856095,-0.007342112757391858,0.028044502228907548,0.009392784704226435,0.0118339806601943,0.011915466415535479,0.00449607766793589,0.023219289210810883,0.013256301110712939,0.014658755940464722,0.010511042600393468,0.01840639140680963,0.022708533222574163,0.031542372959004264,0.013169095328177524,0.007381365035892866,0.022526577025673056,0.019769635733333017,-0.0038258184614729,0.012475864086085657,0.0032841783470222187,0.025361890083113306,0.021882119918566357,1.0,0.030377370692451503,0.0014617265663326214,0.026858676653626772
EPQr:EPQ:E,0.10353219140382511,0.03677350371195192,0.0942060593598678,-0.003047120927494579,0.0715843491047092,0.02846466291664694,0.019468856415713262,0.025642415730083856,0.05258639208365852,0.09991944884000055,0.010400394170225112,0.04559846470669127,0.043693446647001824,0.010937179273448162,0.02977390046291904,0.03577170109560371,0.009936948683163862,0.026773903618950885,0.03443620388816399,0.04717639498117004,0.05807306541412606,0.03267507151124617,0.04222449066530534,0.037814650560176244,0.01947168377824421,0.05455285797513789,0.06245723997764576,0.02393358291580568,0.005299277167398181,0.06888200983745572,0.04412102024527407,0.0483570108163131,0.04684367968210958,0.03709550395590033,0.046765528204025776,0.018709570329179973,0.023337311004449968,0.0292484512796838,0.03780629923532743,0.041104502965336194,0.02690144445337051,0.01615472297249044,0.025821947123060227,0.008768368018584997,0.07680147561370956,0.07606007226191278,0.04686895837986491,0.05531787553420134,0.022547846591772506,0.07510254316310681,0.05228410697123124,0.00991529585652932,0.017157950901998755,0.028755885015002633,0.023473618878533182,0.01583543875356215,0.046811454615847715,0.03182276444621715,0.02347427093655384,0.048827031458081774,0.002788671709819424,0.08686477047008292,0.04049348089156791,0.045431741007054376,0.012212118183926483,0.09035255504197731,0.10409537769829542,0.020880202372376835,-0.006221474518429951,0.020106379805867484,0.004284774128201194,0.0008614186207503457,0.015605242487687762,0.02693343397128238,0.01292555843740793,0.030377370692451503,1.0,0.040575865522767166,0.152586395984913
EPQr:EPQ:P,0.05058313787532321,0.0597999374845945,0.04367718737325519,0.03919418385335476,0.048346580309004454,0.017721508518653863,0.01808506009604472,0.0275313018252707,0.030939061740928666,0.017118085175915166,0.010051903560612339,0.04290377300495523,0.029357124853082457,0.022510463857343125,0.027345567289691227,0.04234091330668069,0.02360664585514423,0.0220567202477611,0.0183785623103131,0.03612361172849169,0.03964975324906274,0.04480819838146783,0.03401905796610201,0.022762059750431777,0.03758186774671692,0.0443836683505634,0.030842933889822448,0.03776531062561647,0.015931134850325056,0.026520458520013276,0.03041620761077321,0.053095742307622866,0.041149876604845835,0.01772133151444359,0.03334829938936115,0.03308833701444798,0.01739005229660553,0.02178509005329676,0.033529447084643664,0.00621842361666868,0.0106769921562582,0.02864145693948704,0.01450314663666587,0.015958742662473775,0.03303047162041936,0.015618007540166042,0.014201301079740717,0.017465404283407406,0.009767723917037566,0.031195855993003542,0.029599864557396233,0.017166521407673625,0.028177310602007306,0.025146571474964446,0.0171479245059144,0.022531387352115396,0.01408829541339973,0.017221543921606804,0.026938841721558193,0.029476062773669733,0.03638623707126302,0.029191756052908538,0.01815684058536139,0.013967229214025682,0.01202775902539866,0.016777961606079493,0.022465545387583767,0.021623066535830106,0.015896363022748182,0.0168591698185749,0.01913621802587865,0.009516953031539465,0.0018913635218623713,0.028936659371573623,0.04227217261354993,0.0014617265663326216,0.04057586552276717,1.0,0.043055578766786604
PS:PS:P,0.07330619676776848,0.03550259056680396,0.22478316583265437,-0.037198464271461236,0.14613752234013966,0.021083612274150038,0.028793852174320227,-0.002700220897649013,0.0340467087750147,0.18633505872997697,-0.0003043203914488833,0.07308584238439449,0.043166933404296025,0.035698368664163385,0.02944699175890584,0.017339723386218094,0.01820121235164567,0.022342061648241093,0.02664223722982367,0.058152114765666806,0.022023316966998514,-0.01627430883483027,0.024998707923197538,0.023392954995463903,0.013448796679849601,0.041797428742616535,0.04500144645126436,0.024607135289379294,0.02019386208789926,0.13613252846322307,0.06685547718475915,0.03751299234992102,0.01570067079914913,0.039948460901987476,0.41051154718875404,0.03944578117405327,0.006528169284537678,0.01742947196321438,0.04531628852586173,0.02432034128672067,0.02851402446465474,0.035567334540114695,0.014948779502410326,0.0023887233041847912,0.0512234801791771,0.0461120233024768,0.057027393378845034,0.24332623569318412,0.03458699968475519,0.08373364587645686,0.017559477573003208,0.02277857054166608,0.03860764554722018,0.013964530178257509,0.04263265061612974,0.02200405946686326,0.04392012759830607,0.03169478320710527,0.013677188019276865,0.053990056060615105,-0.003999247923762027,0.04386778101477865,0.04335041761238815,0.04008610892827476,0.07039910015849594,0.060330476357969266,0.0644898351347579,0.00484154238841437,-0.005450503124171392,0.002602769187330193,0.007420955565122741,0.0016467886509029532,0.04811031103119301,0.05769085151684054,0.03662782210935606,0.026858676653626772,0.152586395984913,0.04305557876678661,1.0
