item_a,item_b,pairwise_n,pearson_r_raw_direction,pearson_se_fisher_approx,spearman_r_raw_direction,spearman_se_fisher_approx
q_1038,q_1042,505,-0.34847273,0.03921235,-0.32634106,0.03987892
q_1038,q_1043,419,-0.47929667,0.03776582,-0.45875351,0.03871064
q_1038,q_1051,414,0.1200392,0.0486156,0.12350798,0.04857393
q_1038,q_1055,593,-0.21239143,0.03931219,-0.20235549,0.03948356
q_1038,q_1063,606,-0.02334212,0.04070096,-0.02688705,0.04069371
q_1038,q_1099,440,0.32051618,0.04292222,0.31580172,0.04306572
q_1038,q_1150,410,0.29197316,0.04534256,0.29425597,0.04527622
q_1038,q_1185,426,-0.20174618,0.04664269,-0.18496026,0.0469583
q_1038,q_1196,434,0.33503021,0.04276164,0.33391471,0.04279759
q_1038,q_1254,448,0.18030528,0.04586342,0.19102471,0.04567473
q_1038,q_1301,443,-0.05840898,0.04751049,-0.05974326,0.04750297
q_1038,q_1310,521,0.1946168,0.04227331,0.1741929,0.04260428
q_1038,q_1321,596,-0.07122604,0.04085675,-0.10158094,0.04064134
q_1038,q_1350,542,-0.66792139,0.02385734,-0.64558425,0.02512111
q_1038,q_1385,558,-0.31828231,0.03814754,-0.34978822,0.03725409
q_1038,q_1392,622,-0.14911264,0.03929971,-0.17835566,0.03891481
q_1038,q_1422,456,-0.17369908,0.04556652,-0.19206417,0.04525092
q_1038,q_1441,438,0.03500816,0.04788757,0.00070826,0.04794631
q_1038,q_145,417,-0.14751949,0.04807777,-0.14623717,0.04809629
q_1038,q_1457,525,-0.58966916,0.02854997,-0.56308647,0.02989119
q_1038,q_146,566,0.2191365,0.04012114,0.2233789,0.04004202
q_1038,q_1483,468,0.08625007,0.04602891,0.08279108,0.04605603
q_1038,q_1488,549,0.00430551,0.04279526,-0.011399,0.04279049
q_1038,q_1507,598,-0.08679089,0.04068719,-0.07644609,0.04075642
q_1038,q_1511,599,0.08468579,0.04066783,0.08822129,0.04064279
q_1038,q_1555,549,0.0363556,0.04273948,0.05704008,0.04265681
q_1038,q_1578,430,-0.48005838,0.03724084,-0.4958177,0.03649659
q_1038,q_1588,446,-0.11081604,0.04692798,-0.1027447,0.04700988
q_1038,q_1606,495,-0.36004461,0.03923921,-0.36503951,0.03907593
q_1038,q_1609,429,0.27543473,0.04477452,0.28725387,0.0444523
q_1038,q_1616,441,-0.20482889,0.04577717,-0.21316309,0.04561071
q_1038,q_1624,578,-0.23350179,0.03942911,-0.23571487,0.03938581
q_1038,q_1635,452,0.17388978,0.04576591,0.17390153,0.04576572
q_1038,q_1662,509,-0.18490499,0.0429355,-0.19340425,0.04279256
q_1038,q_1671,426,0.48468369,0.03719955,0.48219188,0.03731669
q_1038,q_1676,434,0.13133305,0.04733748,0.09963667,0.04769012
q_1038,q_1681,520,0.00373388,0.04397934,-0.02886755,0.0439433
q_1038,q_1685,431,0.06167703,0.04815295,0.07823174,0.04804099
q_1038,q_1694,542,-0.11815575,0.04247172,-0.10529729,0.04259548
q_1038,q_1706,521,0.03506487,0.04388345,0.04067225,0.04386479
q_1038,q_1742,448,-0.2497537,0.0444476,-0.25788188,0.044252
q_1038,q_1757,541,0.01858063,0.04309818,0.02883582,0.04307721
q_1038,q_1758,509,0.33017361,0.03960913,0.31141664,0.04014412
q_1038,q_1763,579,-0.21760225,0.03969372,-0.23531091,0.03935953
q_1038,q_1764,509,-0.13632819,0.0436292,-0.14316056,0.04354431
q_1038,q_1765,387,0.21376946,0.04869905,0.22742691,0.04839156
q_1038,q_1768,563,-0.28023684,0.0389391,-0.27164648,0.03913944
q_1038,q_1769,561,-0.27933558,0.03903017,-0.26843411,0.03928296
q_1038,q_1780,758,0.17734248,0.03524913,0.16530467,0.03539924
q_1038,q_1781,512,-0.14452935,0.04339834,-0.13431198,0.04352462
q_1038,q_1803,453,-0.27771173,0.0435048,-0.28495864,0.04331258
q_1038,q_1830,533,-0.3207427,0.03896858,-0.28781082,0.0398391
q_1038,q_1835,516,-0.58953543,0.02880628,-0.56315139,0.03014903
q_1038,q_1854,528,-0.29112621,0.03994459,-0.27880455,0.04025108
q_1038,q_1869,411,-0.23398833,0.04679682,-0.20690404,0.047388
q_1038,q_1871,505,-0.00519626,0.04463098,0.02087881,0.04461273
q_1038,q_1880,518,0.01930766,0.04404884,0.01721813,0.0440522
q_1038,q_1883,524,-0.35077872,0.03842006,-0.34459194,0.03860854
q_1038,q_1896,513,0.19188933,0.04265026,0.19611272,0.0425777
q_1038,q_1910,516,-0.07138387,0.0439261,-0.08267439,0.0438493
q_1038,q_1915,606,0.02053054,0.04070598,-0.00060315,0.04072313
q_1038,q_1989,430,0.33470292,0.04297207,0.33465617,0.04297359
q_1038,q_2011,442,-0.10963912,0.04715368,-0.11020594,0.04714773
q_1038,q_2020,524,0.09261437,0.04343501,0.08170338,0.04351834
q_1038,q_2161,576,0.25263244,0.03910935,0.24293746,0.03931006
q_1038,q_219,506,-0.29712687,0.04065139,-0.29385216,0.04073768
q_1038,q_22,451,0.27149279,0.04376317,0.27640996,0.04363588
q_1038,q_228,546,-0.18016244,0.04152118,-0.18725706,0.04140932
q_1038,q_238,406,0.15343787,0.04864078,0.16249852,0.04849818
q_1038,q_239,434,0.25899653,0.04493721,0.26013559,0.04490873
q_1038,q_248,425,-0.22036015,0.04631544,-0.22738385,0.04616236
q_1038,q_251,511,0.14076529,0.04348868,0.15140634,0.04335074
q_1038,q_258,541,-0.42150011,0.03545349,-0.39238439,0.03647514
q_1038,q_2745,522,-0.10654195,0.04339687,-0.09429062,0.04350487
q_1038,q_2754,524,0.00287609,0.04381043,-0.00263133,0.04381049
q_1038,q_2775,444,0.16739974,0.04628463,0.1610458,0.04638401
q_1038,q_278,430,-0.19990435,0.04645951,-0.20869474,0.04628569
q_1038,q_292,478,-0.09200039,0.04549479,-0.1011795,0.04541343
q_1038,q_2951,508,-0.0298693,0.04445971,-0.03437816,0.04444682
q_1038,q_312,525,0.41315591,0.03629757,0.40357937,0.03663991
q_1038,q_343,519,-0.35612716,0.03843932,-0.35607106,0.03844108
q_1038,q_345,518,-0.12985246,0.04332225,-0.12695168,0.04335508
q_1038,q_348,451,-0.02809664,0.04720826,-0.02999114,0.04720306
q_1038,q_35,523,0.0829207,0.04355138,0.07704324,0.0435926
q_1038,q_364,502,0.04549945,0.04467347,0.06267967,0.04459027
q_1038,q_377,545,-0.27923789,0.03960442,-0.28526675,0.03945823
q_1038,q_38,524,-0.32938053,0.0390577,-0.33839775,0.03879389
q_1038,q_381,530,0.353076,0.03813029,0.36479781,0.03776374
q_1038,q_4229,547,-0.24419515,0.04031798,-0.24035,0.04039786
q_1038,q_4231,515,-0.19530803,0.04250838,-0.17788022,0.04279581
q_1038,q_4236,509,-0.11380504,0.04387965,-0.12837809,0.04372276
q_1038,q_4244,563,0.17798214,0.04091909,0.1789598,0.04090434
q_1038,q_4249,540,0.32742108,0.03852697,0.32908798,0.03847974
q_1038,q_4251,524,0.1113472,0.04326762,0.10771685,0.04330246
q_1038,q_4256,514,0.31019092,0.03998094,0.31717557,0.0397871
q_1038,q_4257,527,-0.30802684,0.03954033,-0.30513397,0.03961782
q_1038,q_4261,569,-0.04763146,0.04193777,-0.05223498,0.04191845
q_1038,q_4265,526,-0.13165241,0.04296906,-0.12685068,0.04302333
q_1038,q_4276,511,-0.03847608,0.04430214,-0.04109365,0.0442929
q_1038,q_4291,567,-0.06079329,0.04195197,-0.06231523,0.04194408
q_1038,q_463,486,-0.06824638,0.04528965,-0.06718525,0.04529619
q_1038,q_491,434,-0.41050795,0.04005114,-0.41458464,0.03988912
q_1038,q_497,424,0.32529081,0.04357995,0.3305671,0.0434113
q_1038,q_516,603,-0.10819687,0.04034691,-0.10677421,0.0403594
q_1038,q_52,409,0.35686685,0.0433087,0.36228892,0.04311518
q_1038,q_530,635,-0.05466248,0.03965901,-0.07285673,0.03956672
q_1038,q_566,566,0.22047113,0.04009641,0.23724918,0.03977275
q_1038,q_594,440,0.28824431,0.043862,0.24915489,0.04486689
q_1038,q_6,418,-0.11700139,0.04841609,-0.14663217,0.04803263
q_1038,q_610,450,-0.06469645,0.0471004,-0.06959697,0.04706928
q_1038,q_619,598,-0.15260393,0.04004129,-0.15842366,0.03996708
q_1038,q_630,530,0.25374193,0.04075603,0.23782241,0.04109691
q_1038,q_636,434,0.18676135,0.0464882,0.19526925,0.04633164
q_1038,q_660,546,0.23533511,0.04053741,0.22677491,0.04070717
q_1038,q_793,493,0.2105395,0.04317291,0.20508679,0.04327529
q_1038,q_808,507,0.51751287,0.03261391,0.52369235,0.03232731
q_1038,q_811,436,0.6057625,0.03042253,0.60757366,0.03031692
q_1038,q_819,456,-0.43514557,0.03808758,-0.4500155,0.03746916
q_1038,q_82,510,0.08005024,0.04412697,0.08185382,0.044114
q_1038,q_820,426,-0.42321166,0.03991313,-0.42377447,0.03988995
q_1038,q_844,572,-0.13116538,0.04120094,-0.12625262,0.04125395
q_1038,q_848,514,0.46233344,0.03478155,0.44955745,0.03529693
q_1038,q_85,534,-0.18587454,0.04189699,-0.20244971,0.04161767
q_1038,q_880,546,0.43323851,0.03485932,0.4305128,0.03496035
q_1038,q_901,453,0.30263946,0.04282283,0.30829663,0.0426599
q_1038,q_905,522,0.00856884,0.04389191,0.00939555,0.04389125
q_1038,q_915,435,0.2694403,0.04461965,0.25556775,0.04497006
q_1038,q_917,499,0.0758833,0.04464277,0.09409292,0.04450379
q_1042,q_1043,466,0.3928898,0.03930011,0.39453983,0.03923973
q_1042,q_1051,399,0.06265344,0.05005463,0.06628889,0.05003107
q_1042,q_1055,591,0.36080984,0.03587062,0.35694047,0.03598515
q_1042,q_1063,613,0.10807154,0.04001593,0.1001617,0.04008262
q_1042,q_1099,434,-0.19012345,0.04642717,-0.17821133,0.04663851
q_1042,q_1150,419,0.01238324,0.04902152,0.01050898,0.04902362
q_1042,q_1185,443,0.22651422,0.04522708,0.21204682,0.04552956
q_1042,q_1196,460,-0.16999219,0.04542627,-0.16452425,0.04551183
q_1042,q_1254,468,-0.13266609,0.0455577,-0.13137607,0.04557349
q_1042,q_1301,448,0.08269194,0.0470804,0.07592618,0.04713127
q_1042,q_1310,511,-0.09697465,0.04395059,-0.0952588,0.04396522
q_1042,q_1321,558,0.08572027,0.04213573,0.08809777,0.04211819
q_1042,q_1350,529,0.33816339,0.03861598,0.3406286,0.03854302
q_1042,q_1385,572,0.00931346,0.04191854,0.01504658,0.04191269
q_1042,q_1392,608,0.22464734,0.03860403,0.2209668,0.03867071
q_1042,q_1422,399,0.11357071,0.04960373,0.11083366,0.04963459
q_1042,q_1441,432,0.02643884,0.04824671,0.03763866,0.04821206
q_1042,q_145,432,-0.06379702,0.04808395,-0.0768404,0.04799539
q_1042,q_1457,515,0.29712461,0.04029258,0.30244573,0.04015158
q_1042,q_146,568,0.11466477,0.04151718,0.13773446,0.04127221
q_1042,q_1483,438,-0.07225791,0.04769599,-0.06687557,0.0477319
q_1042,q_1488,538,-0.00858845,0.04323058,0.00554538,0.04323244
q_1042,q_1507,635,0.15529901,0.03881851,0.15788415,0.03878631
q_1042,q_1511,620,-0.11461371,0.03972964,-0.10780757,0.03979058
q_1042,q_1555,513,0.23933702,0.04174425,0.2337351,0.04186159
q_1042,q_1578,430,0.29282281,0.04424389,0.28755744,0.04439178
q_1042,q_1588,429,0.12226702,0.04772587,0.11087229,0.04785458
q_1042,q_1606,555,0.34222293,0.03757802,0.32768399,0.03799257
q_1042,q_1609,447,0.13018386,0.04665359,0.13568814,0.04658414
q_1042,q_1616,408,0.26114605,0.04630165,0.24733553,0.0466506
q_1042,q_1624,622,0.00640723,0.04019174,-0.00200388,0.04019323
q_1042,q_1635,454,-0.0749413,0.0468237,-0.06176476,0.04690852
q_1042,q_1662,549,0.17729206,0.04145086,0.15905286,0.0417134
q_1042,q_1671,437,-0.19015448,0.04626586,-0.17940602,0.04645653
q_1042,q_1676,449,-0.11766331,0.04669581,-0.11223265,0.04675493
q_1042,q_1681,511,0.14391217,0.04344894,0.14238591,0.04346832
q_1042,q_1685,424,-0.04269493,0.04864818,-0.05173465,0.04860657
q_1042,q_1694,546,0.35120037,0.03762101,0.30961961,0.03880018
q_1042,q_1706,509,-0.09539882,0.04405084,-0.0920084,0.04407908
q_1042,q_1742,455,0.19729143,0.04520522,0.18461157,0.04543299
q_1042,q_1757,543,-0.15789311,0.04196032,-0.16411885,0.04187405
q_1042,q_1758,536,0.05196811,0.04319783,0.05817133,0.04316824
q_1042,q_1763,589,-0.00547564,0.04130838,-0.03623762,0.04125537
q_1042,q_1764,494,-0.18058871,0.0436576,-0.16803956,0.04385504
q_1042,q_1765,412,0.07066851,0.04919988,0.07273443,0.04918523
q_1042,q_1768,593,0.34977369,0.03613262,0.34046143,0.03639725
q_1042,q_1769,539,0.30670757,0.03913024,0.30911548,0.03906619
q_1042,q_1780,749,0.05641957,0.03649606,0.060898,0.03647682
q_1042,q_1781,530,0.22517288,0.04135203,0.21891713,0.04147305
q_1042,q_1803,450,0.23327101,0.04472462,0.23418461,0.04470442
q_1042,q_1830,513,0.79435365,0.0163397,0.79572451,0.01624317
q_1042,q_1835,549,0.30197909,0.03889342,0.3025439,0.03887881
q_1042,q_1854,515,0.0613745,0.0440277,0.06460112,0.04400974
q_1042,q_1869,417,-0.02356788,0.04912002,-0.006806,0.04914504
q_1042,q_1871,499,0.1345525,0.04408842,0.13163352,0.0441233
q_1042,q_1880,510,0.0738726,0.0441692,0.08790337,0.04406839
q_1042,q_1883,529,0.38886407,0.03700877,0.38387808,0.03717677
q_1042,q_1896,484,0.16836688,0.04430354,0.16369524,0.04437428
q_1042,q_1910,525,-0.13053142,0.04302306,-0.12737683,0.04305867
q_1042,q_1915,606,0.11712065,0.04016454,0.12426677,0.04009429
q_1042,q_1989,443,-0.14186339,0.0467137,-0.17020936,0.04629198
q_1042,q_2011,396,0.07966377,0.0501232,0.04219125,0.05035353
q_1042,q_2020,521,-0.17416978,0.04260463,-0.17973471,0.0425181
q_1042,q_2161,589,-0.34012853,0.03653062,-0.33975216,0.03654119
q_1042,q_219,552,0.19618842,0.04103625,0.18901063,0.04115425
q_1042,q_22,464,-0.07137423,0.04633738,-0.06523824,0.04637642
q_1042,q_228,543,0.06088782,0.04287361,0.03302903,0.0429862
q_1042,q_238,393,0.15150901,0.0494746,0.14596028,0.04955818
q_1042,q_239,425,0.081322,0.04835731,0.08264587,0.04834674
q_1042,q_248,422,0.34444719,0.04305706,0.33398641,0.04340377
q_1042,q_251,519,0.19162742,0.04240599,0.18572013,0.04250412
q_1042,q_258,518,0.38019388,0.03769575,0.36348417,0.03824333
q_1042,q_2745,527,0.2620867,0.04068449,0.26243907,0.04067642
q_1042,q_2754,519,0.27578645,0.04067427,0.27302698,0.04074094
q_1042,q_2775,450,0.0269623,0.04726399,0.01535394,0.04728723
q_1042,q_278,419,0.10449689,0.04849366,0.08364304,0.04868602
q_1042,q_292,508,0.2531565,0.04164753,0.22977118,0.04215008
q_1042,q_2951,501,0.04600902,0.04471621,0.02764586,0.04477682
q_1042,q_312,525,-0.22045365,0.04164166,-0.20815698,0.04187234
q_1042,q_343,514,0.16601301,0.0430182,0.14684047,0.04328354
q_1042,q_345,508,0.09763457,0.04407522,0.09115238,0.04412968
q_1042,q_348,444,0.09222526,0.04721402,0.06803519,0.04739863
q_1042,q_35,513,-0.05596013,0.04414208,-0.03858488,0.04421482
q_1042,q_364,502,0.43210582,0.03640762,0.40763152,0.03732765
q_1042,q_377,520,0.13707331,0.04315361,0.14034556,0.04311368
q_1042,q_38,512,0.29801401,0.04038768,0.27185868,0.04104834
q_1042,q_381,537,-0.00639616,0.04327246,-0.02481431,0.04324759
q_1042,q_4229,538,-0.04483599,0.04314686,-0.03430893,0.04318288
q_1042,q_4231,527,-0.0340632,0.04363451,-0.00699198,0.04368307
q_1042,q_4236,505,-0.03752002,0.04456935,-0.02669494,0.04460038
q_1042,q_4244,530,0.11653943,0.04296907,0.12165391,0.042916
q_1042,q_4249,518,-0.29471486,0.04023789,-0.28973986,0.04036602
q_1042,q_4251,517,0.06177598,0.04393978,0.06889317,0.04389876
q_1042,q_4256,569,-0.23086918,0.03979274,-0.23823158,0.03964757
q_1042,q_4257,515,0.30070268,0.04019804,0.3021552,0.04015934
q_1042,q_4261,529,0.12135319,0.04295996,0.13315329,0.04282902
q_1042,q_4265,508,0.18356201,0.04300001,0.17457812,0.04314318
q_1042,q_4276,520,0.10104527,0.04353091,0.11483964,0.04339994
q_1042,q_4291,517,-0.02815433,0.04407315,-0.04520777,0.04401796
q_1042,q_463,474,0.0200278,0.04605909,0.01102968,0.04607196
q_1042,q_491,440,0.33711739,0.04239996,0.32466358,0.04279421
q_1042,q_497,391,-0.11107466,0.05014096,-0.11350416,0.05011326
q_1042,q_516,602,0.26480229,0.03799386,0.28350387,0.03757488
q_1042,q_52,404,-0.20051851,0.04792974,-0.19895057,0.04796102
q_1042,q_530,594,0.0789269,0.04087826,0.08187267,0.04085877
q_1042,q_566,553,-0.17497209,0.04133471,-0.18684348,0.04115156
q_1042,q_594,441,-0.06021564,0.04760859,-0.05839425,0.04761892
q_1042,q_6,401,0.0236227,0.0500975,0.02808156,0.05008594
q_1042,q_610,427,0.0180607,0.04854845,0.01170807,0.04855764
q_1042,q_619,595,0.10855092,0.04061546,0.09469701,0.04073118
q_1042,q_630,535,0.08526315,0.04304031,0.08551511,0.04303845
q_1042,q_636,425,0.04037608,0.04859988,0.0564161,0.0485243
q_1042,q_660,546,-0.10809182,0.04241271,-0.1011325,0.04247519
q_1042,q_793,524,-0.11882546,0.04319221,-0.12615069,0.04311359
q_1042,q_808,508,-0.27762382,0.04106962,-0.26557495,0.04136087
q_1042,q_811,422,-0.38899197,0.04146099,-0.37169183,0.04210389
q_1042,q_819,458,0.32004229,0.04207887,0.31159342,0.04232905
q_1042,q_82,533,-0.02003014,0.0434198,-0.02616884,0.04340748
q_1042,q_820,404,0.46720934,0.03903701,0.44280459,0.04014605
q_1042,q_844,572,-0.02698483,0.04189165,-0.07023218,0.0417154
q_1042,q_848,495,-0.1927363,0.04340875,-0.18186407,0.04359237
q_1042,q_85,542,0.22439453,0.0409042,0.21493625,0.04108318
q_1042,q_880,552,-0.1615344,0.04156532,-0.1541116,0.04166532
q_1042,q_901,451,-0.25010138,0.04429032,-0.24919825,0.04431162
q_1042,q_905,512,-0.15235847,0.04329532,-0.13650869,0.04349826
q_1042,q_915,435,-0.02109543,0.04809111,-0.01512271,0.04810152
q_1042,q_917,529,-0.03808711,0.04353882,-0.03471127,0.04354954
q_1043,q_1051,354,0.0401531,0.05328999,0.028686,0.05333213
q_1043,q_1055,602,0.31039345,0.03692238,0.2997833,0.0371869
q_1043,q_1063,582,0.16783781,0.0403879,0.15896353,0.04050842
q_1043,q_1099,393,-0.13364254,0.04973258,-0.18010403,0.04899443
q_1043,q_1150,385,-0.11746793,0.05045845,-0.11529754,0.0504843
q_1043,q_1185,401,0.14542052,0.04906546,0.12844619,0.04929848
q_1043,q_1196,344,-0.3832046,0.04620089,-0.37366377,0.04659194
q_1043,q_1254,431,-0.04039543,0.04825795,-0.04171728,0.0482527
q_1043,q_1301,422,-0.02129807,0.04883104,-0.00912771,0.04884913
q_1043,q_1310,448,-0.14812444,0.04636445,-0.10809056,0.04685069
q_1043,q_1321,579,0.07772324,0.04141496,0.07933906,0.04140439
q_1043,q_1350,454,0.56141204,0.03224675,0.54394837,0.03315572
q_1043,q_1385,542,0.3119945,0.03888029,0.32144989,0.03862231
q_1043,q_1392,602,0.19388999,0.03932287,0.19535015,0.03929965
q_1043,q_1422,409,0.18130094,0.04799785,0.17595528,0.04809263
q_1043,q_1441,388,0.08037096,0.05063551,0.09620013,0.05049307
q_1043,q_145,397,0.23927715,0.04749488,0.22950549,0.04772566
q_1043,q_1457,425,0.44351724,0.03910366,0.43964876,0.03926998
q_1043,q_146,511,-0.18007126,0.04292917,-0.16226578,0.04319961
q_1043,q_1483,409,-0.03215465,0.04957785,-0.02390105,0.04960082
q_1043,q_1488,415,0.12149294,0.04853926,0.14920389,0.0481697
q_1043,q_1507,588,0.12656841,0.04068258,0.13453382,0.0405966
q_1043,q_1511,621,-0.01544719,0.0402163,-0.01734599,0.0402138
q_1043,q_1555,487,0.11542209,0.04484899,0.08878185,0.04509626
q_1043,q_1578,389,0.36171714,0.04423912,0.33332202,0.04524364
q_1043,q_1588,402,0.08901224,0.04966596,0.08798016,0.04967511
q_1043,q_1606,467,0.30834263,0.04201008,0.31310714,0.04187262
q_1043,q_1609,414,-0.03885333,0.0492519,-0.05131439,0.04919648
q_1043,q_1616,378,0.10320009,0.0510898,0.07407874,0.0513564
q_1043,q_1624,573,0.12019197,0.04128031,0.14885132,0.04095735
q_1043,q_1635,373,-0.15197173,0.05078685,-0.15616541,0.05071967
q_1043,q_1662,436,0.30140419,0.04369123,0.30536248,0.0435758
q_1043,q_1671,336,-0.43094595,0.04462258,-0.42611172,0.04484962
q_1043,q_1676,385,-0.03976054,0.05108357,-0.02885838,0.05112184
q_1043,q_1681,480,-0.03337709,0.04573585,-0.01586458,0.04577533
q_1043,q_1685,342,-0.21668658,0.0517624,-0.26942569,0.05036999
q_1043,q_1694,461,0.0563173,0.04657873,0.06337703,0.04653925
q_1043,q_1706,507,-0.00558025,0.04454215,-0.02444554,0.04451692
q_1043,q_1742,362,0.42891282,0.04306862,0.46490184,0.04137088
q_1043,q_1757,440,0.05532476,0.04769007,0.06339377,0.04764424
q_1043,q_1758,403,-0.15993599,0.04872102,-0.15065558,0.04886514
q_1043,q_1763,542,0.25396301,0.04029496,0.20191355,0.041317
q_1043,q_1764,448,0.05199406,0.04727639,0.02605616,0.04737236
q_1043,q_1765,374,-0.14767062,0.05078527,-0.15781926,0.05062431
q_1043,q_1768,594,0.33215699,0.03659621,0.32164514,0.03687891
q_1043,q_1769,467,0.23089158,0.04394894,0.2355106,0.04384893
q_1043,q_1780,724,0.06804889,0.03706949,0.07491876,0.03703291
q_1043,q_1781,449,0.31298725,0.04271278,0.32468979,0.04235943
q_1043,q_1803,341,0.36953254,0.04696525,0.35208612,0.04765004
q_1043,q_1830,485,0.32543171,0.04072487,0.29634835,0.04154855
q_1043,q_1835,436,0.4024118,0.04027482,0.37474101,0.04130826
q_1043,q_1854,439,0.27620988,0.04423759,0.27841255,0.04417909
q_1043,q_1869,378,0.2135311,0.04928523,0.23526628,0.0487815
q_1043,q_1871,495,-0.03727158,0.04502085,-0.04623609,0.0449871
q_1043,q_1880,443,0.00418707,0.04767229,0.05084193,0.0475499
q_1043,q_1883,442,0.4042565,0.03992763,0.37543869,0.04100002
q_1043,q_1896,522,-0.03314391,0.04384691,-0.03164513,0.04385117
q_1043,q_1910,445,-0.03533115,0.04750577,-0.02874993,0.04752583
q_1043,q_1915,579,0.09414235,0.04129738,0.09378863,0.04130015
q_1043,q_1989,399,-0.17237725,0.04875871,-0.15847809,0.0489898
q_1043,q_2011,407,0.17343136,0.0482554,0.23421336,0.04702268
q_1043,q_2020,455,-0.17098654,0.04566088,-0.16038153,0.04582617
q_1043,q_2161,564,-0.14298406,0.04135687,-0.16156584,0.04111794
q_1043,q_219,440,0.3003373,0.04352152,0.28995999,0.04381455
q_1043,q_22,437,-0.05739431,0.04784341,-0.04905356,0.04788603
q_1043,q_228,451,0.17113923,0.0458618,0.20803597,0.04520082
q_1043,q_238,374,0.01868159,0.05189929,0.02981658,0.05187126
q_1043,q_239,380,-0.13095227,0.05061943,-0.13539386,0.0505585
q_1043,q_248,396,0.29603762,0.04602256,0.27367493,0.04666522
q_1043,q_251,460,-0.11301948,0.04618051,-0.10861295,0.0462262
q_1043,q_258,449,0.30073863,0.04306874,0.28536377,0.04349543
q_1043,q_2745,439,0.28964127,0.04387361,0.28260447,0.04406646
q_1043,q_2754,427,0.17020765,0.04715735,0.16734118,0.04720434
q_1043,q_2775,424,-0.14506547,0.0477114,-0.14920966,0.04765196
q_1043,q_278,403,0.20107567,0.04797843,0.2335134,0.04727357
q_1043,q_292,478,0.27428905,0.04243115,0.28711663,0.04210073
q_1043,q_2951,439,0.24681985,0.04497377,0.21170111,0.04574495
q_1043,q_312,452,-0.55995969,0.03239535,-0.53483734,0.03369334
q_1043,q_343,445,0.21873645,0.04528936,0.21009055,0.04546572
q_1043,q_345,439,0.18907172,0.04617929,0.19072084,0.04614929
q_1043,q_348,409,0.05453504,0.04948157,0.05399345,0.04948448
q_1043,q_35,443,0.01919128,0.04765557,0.03368086,0.04761905
q_1043,q_364,486,-0.13211853,0.04470733,-0.14977711,0.04448083
q_1043,q_377,477,0.23519207,0.0433908,0.2085098,0.04393459
q_1043,q_38,421,0.21025633,0.04674933,0.22850762,0.04635764
q_1043,q_381,449,-0.20166584,0.04542563,-0.17864632,0.04584018
q_1043,q_4229,422,0.13791037,0.04792404,0.11903515,0.04816098
q_1043,q_4231,462,0.06991358,0.04644785,0.08995751,0.04629828
q_1043,q_4236,409,0.11014288,0.04902709,0.14369158,0.04860446
q_1043,q_4244,433,-0.01518418,0.04821316,-0.01645276,0.04821123
q_1043,q_4249,447,-0.23177479,0.04490848,-0.2252071,0.04505092
q_1043,q_4251,456,0.11233766,0.04639117,0.11162005,0.04639872
q_1043,q_4256,426,-0.12374743,0.0478771,-0.12679349,0.04783999
q_1043,q_4257,444,0.41924869,0.03924907,0.41996389,0.03922049
q_1043,q_4261,472,0.03092759,0.04613154,0.03415527,0.04612184
q_1043,q_4265,426,0.3795822,0.04161613,0.40847789,0.04050894
q_1043,q_4276,455,0.21561365,0.04484937,0.223211,0.04469256
q_1043,q_4291,420,-0.09182452,0.04855731,-0.09198809,0.04855583
q_1043,q_463,438,0.2647611,0.04458537,0.25511848,0.04482572
q_1043,q_491,411,0.36586147,0.04288059,0.35856959,0.04314211
q_1043,q_497,377,-0.0721747,0.05143941,-0.09544607,0.0512377
q_1043,q_516,614,0.16911508,0.03929864,0.19294912,0.03894953
q_1043,q_52,383,-0.15507248,0.05006531,-0.16430252,0.04991409
q_1043,q_530,589,0.03790526,0.04125027,0.02542727,0.04128291
q_1043,q_566,474,-0.15398367,0.04498502,-0.16134711,0.04487804
q_1043,q_594,390,-0.20642613,0.04866678,-0.17375739,0.04929813
q_1043,q_6,380,0.24647812,0.04837376,0.22134209,0.04897939
q_1043,q_610,395,0.02704465,0.05047069,0.00558605,0.05050605
q_1043,q_619,571,0.10351553,0.04150946,0.07892075,0.04169773
q_1043,q_630,470,-0.11480502,0.04566457,-0.11653146,0.04564609
q_1043,q_636,369,0.10139255,0.05173347,0.09918169,0.05175665
q_1043,q_660,448,-0.20108579,0.04548772,-0.20369016,0.04543775
q_1043,q_793,456,0.00830671,0.04698086,0.01644392,0.04697139
q_1043,q_808,410,-0.22629076,0.0470299,-0.21462172,0.04728493
q_1043,q_811,373,-0.38835512,0.04414678,-0.37471394,0.04468793
q_1043,q_819,357,0.47553619,0.04113048,0.44930737,0.04241975
q_1043,q_82,427,0.00330881,0.04856376,-0.01903575,0.0485467
q_1043,q_820,401,0.34562857,0.04413753,0.35256686,0.0438947
q_1043,q_844,547,0.29767043,0.03907562,0.24673303,0.04026456
q_1043,q_848,404,-0.25073963,0.04679802,-0.23827079,0.04710251
q_1043,q_85,457,0.11233705,0.04634006,0.08777528,0.04657074
q_1043,q_880,467,-0.35076472,0.04071204,-0.33014928,0.0413637
q_1043,q_901,364,-0.25556242,0.0491941,-0.24221087,0.04954389
q_1043,q_905,433,-0.12587984,0.04746013,-0.12813267,0.04743254
q_1043,q_915,376,-0.22240274,0.04921694,-0.20347337,0.04963435
q_1043,q_917,526,0.06558117,0.04353888,0.0405784,0.04365495
q_1051,q_1055,558,0.29234474,0.03881983,0.29398511,0.038779
q_1051,q_1063,542,0.03717799,0.04301351,0.04308683,0.04299309
q_1051,q_1099,364,0.17381513,0.05104149,0.16974142,0.05111515
q_1051,q_1150,289,0.196939,0.05683784,0.20246937,0.05670722
q_1051,q_1185,383,0.03377982,0.05124038,0.01696065,0.05128416
q_1051,q_1196,397,0.04125648,0.05029352,0.04001113,0.05029862
q_1051,q_1254,400,0.08577569,0.0498193,0.09152626,0.04976813
q_1051,q_1301,379,-0.10699513,0.05098068,-0.09488832,0.05110673
q_1051,q_1310,414,0.03821678,0.04925432,0.04810954,0.0492122
q_1051,q_1321,578,0.0229823,0.04168086,0.02496313,0.0416769
q_1051,q_1350,414,-0.05519575,0.04917609,-0.05761866,0.0491626
q_1051,q_1385,518,-0.09279841,0.04368579,-0.06968578,0.04385128
q_1051,q_1392,533,0.01248066,0.04343046,0.01014898,0.04343275
q_1051,q_1422,372,0.03645735,0.05198873,0.04809946,0.05193748
q_1051,q_1441,410,0.14434991,0.04853531,0.145724,0.04851556
q_1051,q_145,336,-0.1425742,0.05368573,-0.1481075,0.05359759
q_1051,q_1457,395,-0.02476981,0.05047664,-0.03510307,0.05044539
q_1051,q_146,511,0.17871631,0.04295074,0.16719791,0.04312752
q_1051,q_1483,384,-0.00731828,0.05122881,-0.01066165,0.05122573
q_1051,q_1488,387,0.01061968,0.05102528,0.00268042,0.05103067
q_1051,q_1507,543,-0.00234878,0.04303291,0.03720865,0.04297357
q_1051,q_1511,560,-0.02744196,0.04233945,-0.04200544,0.0422966
q_1051,q_1555,455,0.23164344,0.04451215,0.21468047,0.04486826
q_1051,q_1578,393,0.03001258,0.05059136,0.01386348,0.05062724
q_1051,q_1588,343,-0.09156283,0.05377794,-0.0812663,0.05387445
q_1051,q_1606,388,0.12663312,0.05014745,0.15121499,0.04979936
q_1051,q_1609,399,0.27726966,0.0463886,0.26006226,0.04685324
q_1051,q_1616,367,0.03450505,0.05235184,0.04774455,0.05229476
q_1051,q_1624,504,-0.16623676,0.04344208,-0.16830103,0.04341123
q_1051,q_1635,388,0.06598459,0.05074282,0.07892265,0.05064727
q_1051,q_1662,424,0.08870952,0.04835349,0.08281529,0.04840276
q_1051,q_1671,368,0.06579888,0.05211578,0.07521273,0.05204629
q_1051,q_1676,390,-0.11695805,0.0501375,-0.11717512,0.05013492
q_1051,q_1681,442,-0.11026207,0.04714714,-0.10634678,0.04718762
q_1051,q_1685,404,-0.16534378,0.04857239,-0.2049235,0.04784055
q_1051,q_1694,410,0.09699654,0.04910181,0.09955486,0.04907688
q_1051,q_1706,457,0.01959797,0.0469143,0.00787117,0.04692942
q_1051,q_1742,385,0.16972848,0.04969052,0.17985208,0.04950945
q_1051,q_1757,393,-0.05510786,0.05048319,-0.05089882,0.05050578
q_1051,q_1758,407,0.23626476,0.04697466,0.23421836,0.04702256
q_1051,q_1763,549,-0.16890066,0.04157519,-0.15144052,0.04181455
q_1051,q_1764,434,-0.07205139,0.04791824,-0.06143526,0.0479865
q_1051,q_1765,327,0.13563391,0.05453352,0.1171165,0.05479354
q_1051,q_1768,550,0.18564143,0.04128339,0.19586403,0.04111664
q_1051,q_1769,423,0.21715053,0.04649411,0.20205533,0.04680288
q_1051,q_1780,687,0.20167412,0.03668081,0.19698031,0.03675235
q_1051,q_1781,399,0.16469032,0.04888891,0.17154678,0.04877306
q_1051,q_1803,382,0.08952761,0.05095484,0.08315435,0.05101137
q_1051,q_1830,399,0.08118218,0.0499207,0.10502774,0.04969757
q_1051,q_1835,426,-0.03332316,0.04856767,-0.01894967,0.0486042
q_1051,q_1854,368,-0.13667595,0.05136462,-0.13667528,0.05136463
q_1051,q_1869,320,-0.11638517,0.0554048,-0.08523114,0.05575759
q_1051,q_1871,445,0.01747936,0.04755062,0.01811823,0.04754954
q_1051,q_1880,399,0.04664569,0.05014255,0.02099492,0.05022974
q_1051,q_1883,418,0.12095716,0.04836988,0.12306755,0.0483446
q_1051,q_1896,445,0.23300288,0.04498282,0.23122079,0.04502217
q_1051,q_1910,419,-0.12164836,0.04830349,-0.12232426,0.0482954
q_1051,q_1915,556,0.10172338,0.0420843,0.11357644,0.04197578
q_1051,q_1989,378,0.10024498,0.05112085,0.12868337,0.05078465
q_1051,q_2011,384,0.03299538,0.05117578,0.07237431,0.0509632
q_1051,q_2020,425,-0.10291833,0.04816362,-0.09171167,0.0482698
q_1051,q_2161,536,-0.18806676,0.0417828,-0.20457858,0.04150198
q_1051,q_219,411,0.10679544,0.04894273,0.10213323,0.04899096
q_1051,q_22,398,0.20422091,0.04821699,0.1937777,0.04842613
q_1051,q_228,407,0.08305738,0.04940864,0.06591302,0.04953571
q_1051,q_238,302,0.40267646,0.04845421,0.39456283,0.0488283
q_1051,q_239,302,0.17253929,0.05610986,0.175379,0.05605272
q_1051,q_248,359,-0.038262,0.0529223,-0.0510085,0.052862
q_1051,q_251,444,-0.0016167,0.04761892,-0.00330571,0.04761853
q_1051,q_258,403,0.13270836,0.04911942,0.15401603,0.04881395
q_1051,q_2745,427,0.16450161,0.04725011,0.15734288,0.047362
q_1051,q_2754,408,0.24813132,0.046631,0.2400746,0.04682645
q_1051,q_2775,389,-0.06002793,0.05071525,-0.05470892,0.05074632
q_1051,q_278,324,-0.34436356,0.04919572,-0.32925377,0.04976381
q_1051,q_292,452,0.28385964,0.04339029,0.30496878,0.0428037
q_1051,q_2951,407,0.30290994,0.04518691,0.29679952,0.04536922
q_1051,q_312,440,0.00035706,0.04783648,0.01373332,0.04782747
q_1051,q_343,420,-0.14467274,0.04794525,-0.13390014,0.04809221
q_1051,q_345,403,0.02318329,0.04997313,0.01880254,0.04998232
q_1051,q_348,398,0.06343526,0.05011299,0.05828806,0.05014451
q_1051,q_35,405,0.19075345,0.04806065,0.18750203,0.04812199
q_1051,q_364,460,0.24285878,0.04401904,0.24462461,0.04397877
q_1051,q_377,404,-0.17506553,0.04840713,-0.18112851,0.04829929
q_1051,q_38,394,0.01075964,0.05056632,0.03872225,0.05049635
q_1051,q_381,407,0.12254225,0.04900476,0.11011015,0.04914866
q_1051,q_4229,376,-0.05258264,0.05163487,-0.01287385,0.05176946
q_1051,q_4231,403,0.00080532,0.04999997,0.00496202,0.04999877
q_1051,q_4236,394,-0.18141006,0.04890786,-0.17156061,0.04908368
q_1051,q_4244,424,0.21874437,0.046405,0.21948925,0.04638909
q_1051,q_4249,400,-0.02302436,0.05016196,-0.0181974,0.05017194
q_1051,q_4251,416,0.23345039,0.04652506,0.23875122,0.04640189
q_1051,q_4256,426,0.10366985,0.04809911,0.08967888,0.04823063
q_1051,q_4257,417,0.12683009,0.04835674,0.1395233,0.04819058
q_1051,q_4261,414,0.02894404,0.04928504,0.04487087,0.04922705
q_1051,q_4265,393,0.14805439,0.049527,0.13854246,0.04966504
q_1051,q_4276,427,0.08193404,0.04823827,0.08712013,0.04819569
q_1051,q_4291,394,-0.13165254,0.04969564,-0.12993322,0.04971838
q_1051,q_463,472,0.13012709,0.04539381,0.12036381,0.04550674
q_1051,q_491,391,0.11116818,0.05013991,0.11229111,0.05012717
q_1051,q_497,353,0.17941746,0.05173159,0.18140166,0.05169332
q_1051,q_516,568,0.1348531,0.04130525,0.14841093,0.04114368
q_1051,q_52,340,0.14894155,0.05326505,0.14031934,0.05340091
q_1051,q_530,532,0.06191641,0.04331158,0.07019425,0.04326403
q_1051,q_566,446,-0.05411992,0.04737227,-0.04478657,0.04741613
q_1051,q_594,318,0.28845247,0.05165556,0.29076136,0.05158021
q_1051,q_6,290,-0.06635534,0.05876823,-0.03702525,0.05894721
q_1051,q_610,379,-0.12302648,0.05079051,-0.13053351,0.05069234
q_1051,q_619,544,-0.0250785,0.04296632,-0.01758207,0.04298007
q_1051,q_630,426,0.15005239,0.04752691,0.1439678,0.0476139
q_1051,q_636,381,0.16475436,0.05003831,0.15993735,0.05011876
q_1051,q_660,438,0.00584013,0.04794469,-0.01070194,0.04794084
q_1051,q_793,411,0.10475602,0.04896409,0.11097691,0.04889765
q_1051,q_808,391,0.09788182,0.05028091,0.10044178,0.05025514
q_1051,q_811,372,0.12013892,0.05130655,0.1054893,0.05147862
q_1051,q_819,387,0.00528346,0.05102961,0.01833212,0.05101389
q_1051,q_82,390,-0.0325806,0.0507789,-0.03178042,0.05078152
q_1051,q_820,367,0.09958392,0.05189445,0.09580329,0.05193317
q_1051,q_844,546,-0.05278086,0.04279456,-0.02973311,0.04287617
q_1051,q_848,395,0.20140438,0.04845885,0.17798148,0.04890768
q_1051,q_85,434,-0.05543604,0.04802028,-0.04086378,0.04808787
q_1051,q_880,428,0.1890097,0.04677422,0.17245374,0.04706451
q_1051,q_901,361,-0.0875013,0.05244698,-0.09082683,0.05241564
q_1051,q_905,410,-0.26339802,0.04612919,-0.26198686,0.04616594
q_1051,q_915,327,0.20140637,0.05330197,0.1931082,0.05348385
q_1051,q_917,470,0.01504328,0.04626401,0.0208493,0.04625437
q_1055,q_1063,916,0.2226019,0.03145525,0.22268526,0.03145402
q_1055,q_1099,577,-0.000368,0.04173919,0.01747504,0.04172645
q_1055,q_1150,564,-0.03139955,0.04217841,-0.02647631,0.04219044
q_1055,q_1185,617,0.05422717,0.04023804,0.05464606,0.0402362
q_1055,q_1196,589,-0.09402565,0.04094441,-0.07620051,0.04106975
q_1055,q_1254,629,-0.1245246,0.03934828,-0.11999729,0.03939252
q_1055,q_1301,610,0.03617742,0.04053563,0.05184468,0.04047965
q_1055,q_1310,646,0.02154534,0.03941784,0.03960698,0.03937429
q_1055,q_1321,893,0.14161081,0.03284788,0.16604322,0.03259592
q_1055,q_1350,580,0.183666,0.04022621,0.1878987,0.04016074
q_1055,q_1385,839,0.15218857,0.03378467,0.15040155,0.03380337
q_1055,q_1392,879,0.25532721,0.03158424,0.2819534,0.03110089
q_1055,q_1422,581,0.17025282,0.04038886,0.18942167,0.04010208
q_1055,q_1441,607,0.12896914,0.04001263,0.13401012,0.03995869
q_1055,q_145,545,-0.07021135,0.04274193,-0.0392733,0.04288743
q_1055,q_1457,590,0.25497241,0.03859113,0.26523655,0.03837074
q_1055,q_146,809,-0.03684166,0.03517569,-0.06207679,0.03508776
q_1055,q_1483,584,-0.05824823,0.04134623,-0.04937952,0.04138583
q_1055,q_1488,606,0.04611297,0.04063655,0.04659211,0.04063475
q_1055,q_1507,892,0.12591032,0.03300722,0.18379582,0.03240595
q_1055,q_1511,950,-0.11075934,0.03209699,-0.1395282,0.031863
q_1055,q_1555,735,0.0916959,0.03665029,0.07008351,0.03677952
q_1055,q_1578,595,0.08515698,0.0408017,0.06969946,0.04090008
q_1055,q_1588,589,0.04960016,0.04120799,0.02243155,0.04128883
q_1055,q_1606,615,0.28957784,0.03703295,0.2912789,0.03699301
q_1055,q_1609,588,0.17951846,0.04001249,0.16649644,0.04019879
q_1055,q_1616,574,0.24302455,0.03937707,0.22950001,0.03964452
q_1055,q_1624,866,-0.03932446,0.03398776,-0.00989652,0.03403706
q_1055,q_1635,596,-0.16586152,0.03993538,-0.15539744,0.04007342
q_1055,q_1662,594,0.27664619,0.03798635,0.27268187,0.03807593
q_1055,q_1671,594,-0.19261909,0.03960833,-0.18612381,0.03970952
q_1055,q_1676,587,-0.06540697,0.04120327,-0.07653998,0.04113787
q_1055,q_1681,713,0.00486127,0.03752844,-0.01646239,0.03751916
q_1055,q_1685,614,-0.04143499,0.04038621,-0.08385553,0.0401712
q_1055,q_1694,646,0.29420353,0.03602273,0.28315887,0.0362742
q_1055,q_1706,767,-0.08146639,0.03593862,-0.08892125,0.03589267
q_1055,q_1742,612,0.33817963,0.03588772,0.35024282,0.0355512
q_1055,q_1757,607,-0.00839626,0.04068655,-0.0096485,0.04068564
q_1055,q_1758,596,0.00029955,0.04106507,0.02710618,0.04103491
q_1055,q_1763,869,0.03516393,0.03393937,0.03428486,0.03394144
q_1055,q_1764,587,0.00821732,0.0413775,0.03309536,0.04133497
q_1055,q_1765,600,0.03848279,0.04086667,0.00446547,0.04092646
q_1055,q_1768,775,0.50868641,0.02667774,0.49712694,0.0270962
q_1055,q_1769,638,0.46619005,0.03105919,0.45678697,0.03140359
q_1055,q_1780,1185,0.12353147,0.02864263,0.11649425,0.02869176
q_1055,q_1781,577,0.36331544,0.0362297,0.35662862,0.03643064
q_1055,q_1803,652,0.29083025,0.03593329,0.28793857,0.03599899
q_1055,q_1830,608,0.33932494,0.03597462,0.34282204,0.03587763
q_1055,q_1835,655,0.19782323,0.03763042,0.20558736,0.03750775
q_1055,q_1854,617,-0.05747163,0.04022342,-0.05253279,0.04024534
q_1055,q_1869,570,0.0755187,0.04175655,0.11619801,0.04142902
q_1055,q_1871,770,-0.01075036,0.03610373,0.0094721,0.03610467
q_1055,q_1880,610,0.07528399,0.0403587,0.1211849,0.03999267
q_1055,q_1883,626,0.3784654,0.03432552,0.38169092,0.03422729
q_1055,q_1896,752,0.03045729,0.03650531,-0.01599292,0.03652986
q_1055,q_1910,599,-0.05848675,0.04082148,-0.03354368,0.04091551
q_1055,q_1915,928,0.16092649,0.0320283,0.18294633,0.03177933
q_1055,q_1989,604,-0.11407274,0.04026006,-0.08093607,0.04052364
q_1055,q_2011,629,0.12244512,0.03936881,0.13359819,0.03925467
q_1055,q_2020,595,-0.07925352,0.04084159,-0.06999092,0.04089841
q_1055,q_2161,751,-0.44667777,0.02926841,-0.45971165,0.02883646
q_1055,q_219,620,0.25610715,0.03761789,0.25686362,0.03760227
q_1055,q_22,590,0.06784425,0.04108444,0.07957548,0.04101306
q_1055,q_228,624,0.13878556,0.03935568,0.17082608,0.0389576
q_1055,q_238,561,0.27152125,0.0392124,0.28979608,0.03877814
q_1055,q_239,595,0.00544206,0.04109853,0.00186226,0.0410996
q_1055,q_248,598,0.09427007,0.04063168,0.09529058,0.04062375
q_1055,q_251,714,0.01448445,0.03749506,-0.00471115,0.0375021
q_1055,q_258,597,0.38544426,0.03493471,0.3803602,0.03509446
q_1055,q_2745,586,0.35054583,0.0363265,0.36085162,0.03602286
q_1055,q_2754,618,0.29606061,0.03678943,0.32848859,0.03597275
q_1055,q_2775,664,-0.08204627,0.03863366,-0.13749964,0.03816013
q_1055,q_278,526,-0.10619811,0.04323379,-0.08846057,0.04338477
q_1055,q_292,705,0.33114543,0.03360382,0.34314368,0.03329847
q_1055,q_2951,610,0.40137182,0.03404993,0.39659637,0.0342046
q_1055,q_312,608,-0.20410276,0.03896215,-0.20047977,0.03902174
q_1055,q_343,632,0.03793738,0.03981522,0.05218391,0.03976403
q_1055,q_345,595,0.04194001,0.04102745,0.02591671,0.04107214
q_1055,q_348,616,0.07953118,0.04013415,0.12244396,0.03978408
q_1055,q_35,580,0.07538384,0.04139397,0.07036766,0.04142441
q_1055,q_364,756,0.02869669,0.03641202,0.0157941,0.03643294
q_1055,q_377,629,0.00879283,0.03996495,-0.0005356,0.03996803
q_1055,q_38,622,0.25294144,0.03762185,0.27558696,0.03714078
q_1055,q_381,619,0.00646143,0.04028947,0.00995022,0.04028716
q_1055,q_4229,603,0.02517344,0.04079896,0.04613862,0.04073792
q_1055,q_4231,613,0.09155999,0.04014939,0.16124998,0.03943604
q_1055,q_4236,613,-0.03310682,0.04044444,-0.00170636,0.0404887
q_1055,q_4244,632,0.13619899,0.03913297,0.14090931,0.03908092
q_1055,q_4249,609,-0.12423266,0.03999527,-0.10594555,0.04016626
q_1055,q_4251,630,0.1621117,0.03888662,0.16342953,0.03886949
q_1055,q_4256,634,-0.06602948,0.03963581,-0.03902503,0.03974874
q_1055,q_4257,640,0.37613685,0.03401584,0.38256331,0.03382266
q_1055,q_4261,613,0.10684109,0.04002664,0.13256608,0.03977728
q_1055,q_4265,612,0.25470046,0.03789329,0.27825406,0.03738461
q_1055,q_4276,649,0.14855421,0.03847621,0.15880771,0.03835221
q_1055,q_4291,637,-0.09963932,0.03932078,-0.12225228,0.03912151
q_1055,q_463,709,0.03150492,0.03759814,0.00877517,0.0376326
q_1055,q_491,599,0.31413061,0.03691959,0.3082194,0.03707028
q_1055,q_497,561,0.00845132,0.04233035,0.02840045,0.04229923
q_1055,q_516,945,0.2550337,0.03046257,0.3016919,0.02961623
q_1055,q_52,564,-0.06258153,0.04205468,-0.04770896,0.04212393
q_1055,q_530,891,0.10763392,0.03316903,0.13129817,0.03297929
q_1055,q_566,615,-0.11705392,0.03986875,-0.11634551,0.03987543
q_1055,q_594,582,0.10472618,0.04110278,0.12882829,0.04086885
q_1055,q_6,566,0.08559475,0.0418362,0.09602029,0.0417564
q_1055,q_610,587,-0.03690045,0.04132395,-0.08211194,0.04110129
q_1055,q_619,898,0.12541426,0.03290056,0.14498339,0.03272369
q_1055,q_630,637,0.07060518,0.03951709,0.04691404,0.03962766
q_1055,q_636,572,0.03229712,0.04187845,0.02500397,0.04189597
q_1055,q_660,657,-0.03174089,0.0390637,-0.01993807,0.03908755
q_1055,q_793,606,0.09292823,0.04037148,0.14516491,0.039865
q_1055,q_808,615,-0.15216023,0.03948671,-0.13428515,0.03969368
q_1055,q_811,566,-0.26662038,0.03914904,-0.25670436,0.03936774
q_1055,q_819,610,0.30077152,0.03691695,0.32577953,0.03628097
q_1055,q_82,593,-0.09002356,0.0408357,-0.09340086,0.0408102
q_1055,q_820,567,0.29071342,0.0385489,0.26446013,0.03916263
q_1055,q_844,838,0.10248789,0.03424293,0.09818653,0.0342728
q_1055,q_848,567,-0.1301106,0.04139477,-0.12282738,0.04147234
q_1055,q_85,621,0.19274943,0.03873141,0.20659172,0.03850905
q_1055,q_880,616,-0.07438429,0.04016614,-0.08472553,0.04009969
q_1055,q_901,580,-0.3310274,0.03706871,-0.33909076,0.03684376
q_1055,q_905,612,-0.24058003,0.03817668,-0.2607384,0.03776717
q_1055,q_915,539,0.12510043,0.04251744,0.10604014,0.04270773
q_1055,q_917,745,-0.04762318,0.0366279,-0.04860387,0.03662443
q_1063,q_1099,557,-0.06316266,0.04231643,-0.05641573,0.04235071
q_1063,q_1150,543,0.01096433,0.04302797,-0.00227081,0.04303293
q_1063,q_1185,567,0.07098984,0.04189539,0.07878874,0.04184621
q_1063,q_1196,602,0.07661137,0.04061908,0.0771523,0.04061568
q_1063,q_1254,628,-0.26249884,0.03724377,-0.24002794,0.03769546
q_1063,q_1301,615,0.18311458,0.0390672,0.17904816,0.03912673
q_1063,q_1310,626,-0.01179995,0.04005858,-0.00542092,0.04006298
q_1063,q_1321,751,0.19250708,0.03520861,0.20069386,0.03509091
q_1063,q_1350,636,0.08705702,0.0394452,0.11393873,0.03923044
q_1063,q_1385,826,0.12129555,0.03434496,0.14712538,0.03410328
q_1063,q_1392,929,0.18527911,0.03173394,0.21789019,0.03130188
q_1063,q_1422,558,0.23027173,0.04019685,0.21312433,0.04051958
q_1063,q_1441,603,0.07004551,0.04062453,0.11400433,0.04029423
q_1063,q_145,585,0.04816024,0.04135519,0.06439211,0.04127946
q_1063,q_1457,599,0.14042033,0.04015392,0.15068482,0.04003153
q_1063,q_146,825,0.00221809,0.03487883,-0.03605754,0.03483366
q_1063,q_1483,569,-0.18280391,0.0406285,-0.1746143,0.04075154
q_1063,q_1488,610,-0.09457482,0.04022571,-0.05838995,0.04045037
q_1063,q_1507,751,0.70601679,0.01833813,0.70562443,0.01835838
q_1063,q_1511,722,-0.54623862,0.02616614,-0.56191247,0.02551838
q_1063,q_1555,764,-0.04331509,0.03618196,-0.0654435,0.03609472
q_1063,q_1578,578,-0.02120165,0.04168414,-0.01171871,0.04169716
q_1063,q_1588,564,0.10396066,0.04176373,0.11597995,0.04165212
q_1063,q_1606,634,0.1856976,0.0384366,0.22370892,0.03781708
q_1063,q_1609,590,-0.02552509,0.04124753,-0.01496639,0.04126517
q_1063,q_1616,552,0.19627181,0.04103485,0.22562887,0.04050624
q_1063,q_1624,852,0.06563145,0.03417208,0.10117358,0.03396861
q_1063,q_1635,641,0.08700232,0.0392907,0.06395898,0.03942842
q_1063,q_1662,628,0.0635872,0.03983827,0.08691423,0.03969784
q_1063,q_1671,575,-0.07325512,0.04158772,-0.05323053,0.04169363
q_1063,q_1676,603,-0.00744721,0.04082256,-0.05319963,0.04070929
q_1063,q_1681,727,0.05753186,0.0370417,0.04843351,0.03707753
q_1063,q_1685,585,0.00611624,0.04144978,-0.02168119,0.04143185
q_1063,q_1694,643,0.25523779,0.03695334,0.27933827,0.03644407
q_1063,q_1706,713,-0.04065317,0.03746731,-0.03506535,0.03748319
q_1063,q_1742,552,0.0282232,0.04264496,0.03730733,0.04261956
q_1063,q_1757,621,0.01698147,0.0402143,0.01700351,0.04021427
q_1063,q_1758,641,0.03913248,0.03952975,0.0443486,0.03951251
q_1063,q_1763,856,0.10153187,0.03388638,0.13275052,0.03363596
q_1063,q_1764,604,0.00653759,0.04078911,0.02164143,0.04077175
q_1063,q_1765,572,-0.12356791,0.04128207,-0.12515148,0.04126556
q_1063,q_1768,916,0.23114641,0.03132694,0.26061213,0.03084739
q_1063,q_1769,629,0.2165893,0.0380931,0.22591634,0.03792814
q_1063,q_1780,1183,-0.03560508,0.02907422,-0.02391575,0.02909447
q_1063,q_1781,599,0.09964883,0.04055485,0.1237398,0.04033441
q_1063,q_1803,631,0.04857104,0.0398102,0.05483978,0.03978434
q_1063,q_1830,623,0.16874856,0.03901734,0.18779602,0.0387446
q_1063,q_1835,636,0.07278725,0.03953586,0.08939394,0.03942881
q_1063,q_1854,597,-0.01653032,0.04101929,0.00327222,0.04103006
q_1063,q_1869,579,0.09730823,0.04127213,0.09694302,0.04127509
q_1063,q_1871,744,0.05459613,0.03662642,0.06536831,0.03657894
q_1063,q_1880,583,0.05196425,0.04141062,0.07805072,0.04126979
q_1063,q_1883,635,0.21678317,0.03790851,0.24357776,0.03741784
q_1063,q_1896,751,-0.04630039,0.03648524,-0.07180031,0.03637513
q_1063,q_1910,621,0.0708476,0.04002399,0.08713369,0.03992049
q_1063,q_1915,783,0.46473622,0.02807243,0.46133681,0.02818515
q_1063,q_1989,629,0.02805354,0.03993658,0.01832564,0.03995462
q_1063,q_2011,613,0.04984271,0.04038823,0.12834701,0.03982185
q_1063,q_2020,602,0.0032406,0.04085846,-0.01212236,0.04085289
q_1063,q_2161,889,-0.14344554,0.03290437,-0.16338922,0.03269879
q_1063,q_219,632,0.07597067,0.03964248,0.10056314,0.03946938
q_1063,q_22,608,-0.03365874,0.04060972,-0.01411462,0.04064768
q_1063,q_228,622,0.10511244,0.03974931,0.15789999,0.03919128
q_1063,q_238,573,0.18320779,0.0404795,0.1841298,0.04046532
q_1063,q_239,570,0.01182512,0.04199018,6.33e-06,0.04199605
q_1063,q_248,597,0.00456727,0.04102964,0.00659606,0.04102871
q_1063,q_251,708,0.01589527,0.03765266,-0.01365006,0.03765516
q_1063,q_258,608,0.16324096,0.0395724,0.22358884,0.03862332
q_1063,q_2745,607,0.26967564,0.03773029,0.30136462,0.03699398
q_1063,q_2754,618,0.21608454,0.03844107,0.24260113,0.03795062
q_1063,q_2775,601,-0.05324919,0.04077709,-0.09608946,0.04051547
q_1063,q_278,578,0.13481535,0.04094493,0.1321062,0.04097508
q_1063,q_292,757,0.04600899,0.03634076,0.07312226,0.03622313
q_1063,q_2951,572,0.1137312,0.04137993,0.12356535,0.0412821
q_1063,q_312,658,-0.03324102,0.03903006,-0.03578908,0.03902319
q_1063,q_343,620,-0.00161699,0.04025838,0.03803294,0.04020025
q_1063,q_345,591,-0.01210596,0.04123326,-0.01481238,0.04123026
q_1063,q_348,635,0.13018165,0.03910374,0.15796504,0.03878529
q_1063,q_35,608,-0.22115873,0.03866726,-0.22364198,0.03862235
q_1063,q_364,746,0.06190841,0.03654584,0.05787574,0.03656356
q_1063,q_377,615,0.01013162,0.04041845,0.03817103,0.04036371
q_1063,q_38,616,0.15129866,0.03946505,0.20297095,0.03872568
q_1063,q_381,598,0.03907506,0.04093341,0.0210893,0.04097777
q_1063,q_4229,607,0.08702669,0.04038126,0.09599936,0.04031443
q_1063,q_4231,647,0.13635625,0.03867285,0.12281846,0.03881111
q_1063,q_4236,628,0.17074267,0.03883388,0.18851737,0.03857845
q_1063,q_4244,600,-0.04048729,0.04086019,-0.01119075,0.04092215
q_1063,q_4249,638,-0.0648168,0.03951707,-0.06790735,0.03950079
q_1063,q_4251,619,-0.0448562,0.04021008,-0.07141361,0.04008567
q_1063,q_4256,653,-0.01214817,0.03921744,-0.01071754,0.03921872
q_1063,q_4257,636,0.06044236,0.03960123,0.07142781,0.03954365
q_1063,q_4261,632,-0.04080402,0.03980622,-0.05708723,0.03974267
q_1063,q_4265,608,0.05186427,0.04054642,0.0701459,0.04045574
q_1063,q_4276,619,-0.0878858,0.03997994,-0.06765954,0.0401067
q_1063,q_4291,599,-0.03726189,0.04090472,-0.04702973,0.040871
q_1063,q_463,704,-0.08234764,0.03751336,-0.08994005,0.03746395
q_1063,q_491,546,0.36044096,0.03733881,0.36922827,0.03706365
q_1063,q_497,558,-0.1414669,0.04159814,-0.14129701,0.04160018
q_1063,q_516,918,0.14927469,0.03232233,0.20702238,0.03164213
q_1063,q_52,536,-0.02163491,0.04329453,-0.00683592,0.04331278
q_1063,q_530,757,0.35372044,0.03186132,0.36602992,0.03153866
q_1063,q_566,646,0.00986126,0.03943232,0.00254046,0.0394359
q_1063,q_594,585,0.04722583,0.04135889,0.04177681,0.04137899
q_1063,q_6,578,0.06559257,0.04152346,0.10158577,0.04127252
q_1063,q_610,605,-0.10345768,0.04032072,-0.14530363,0.03989645
q_1063,q_619,759,0.25718114,0.03396408,0.24684639,0.03415353
q_1063,q_630,646,-0.03181279,0.03939624,-0.05053245,0.03933545
q_1063,q_636,617,-0.14942933,0.03945559,-0.16807791,0.03921663
q_1063,q_660,630,-0.08075471,0.03967572,-0.0930351,0.03959048
q_1063,q_793,621,0.07425781,0.04000408,0.11662184,0.0396788
q_1063,q_808,592,-0.04348824,0.04112636,-0.0572116,0.04106941
q_1063,q_811,613,-0.04132572,0.04041967,-0.06905788,0.04029573
q_1063,q_819,547,0.15514339,0.04184268,0.20238149,0.04111858
q_1063,q_82,584,0.09295343,0.04112853,0.0518481,0.04137546
q_1063,q_820,591,0.0578847,0.04110113,0.06934162,0.04104102
q_1063,q_844,877,0.12357157,0.03330899,0.13817368,0.03317971
q_1063,q_848,554,-0.07208455,0.04238007,-0.09517965,0.0422155
q_1063,q_85,626,0.13731053,0.03930878,0.14789676,0.03918781
q_1063,q_880,639,-0.06445775,0.03948783,-0.07847571,0.03940838
q_1063,q_901,602,-0.03684688,0.04080342,-0.04491362,0.04077647
q_1063,q_905,614,-0.07944247,0.04020035,-0.09313891,0.04010472
q_1063,q_915,584,0.17594689,0.04020267,0.13673549,0.04071133
q_1063,q_917,760,-0.01771555,0.03633421,-0.01259512,0.03633985
q_1099,q_1150,361,0.24398271,0.04970551,0.24030257,0.04979971
q_1099,q_1185,337,-0.50093637,0.04098689,-0.49890803,0.04109786
q_1099,q_1196,409,0.2225065,0.04717207,0.21238065,0.04739062
q_1099,q_1254,428,0.0582219,0.0483427,0.06951242,0.04827274
q_1099,q_1301,428,-0.06238084,0.04831837,-0.06466365,0.0483043
q_1099,q_1310,444,0.14085277,0.04667431,0.14008702,0.04668455
q_1099,q_1321,567,-0.05446588,0.04198268,-0.0402857,0.04203926
q_1099,q_1350,435,-0.33375251,0.04275323,-0.34168626,0.04249541
q_1099,q_1385,555,-0.06399176,0.04238853,-0.05891275,0.0424151
q_1099,q_1392,607,-0.03237818,0.04064677,-0.03515564,0.04063913
q_1099,q_1422,417,-0.16927108,0.04773912,-0.16947969,0.04773564
q_1099,q_1441,408,0.19356008,0.04782872,0.18927597,0.04791022
q_1099,q_145,390,-0.05470547,0.05068073,-0.06794167,0.05059821
q_1099,q_1457,417,-0.30194016,0.04466666,-0.28276344,0.04521774
q_1099,q_146,537,0.06115056,0.04311241,0.07759351,0.04301369
q_1099,q_1483,408,0.17304251,0.04820248,0.17169847,0.04822551
q_1099,q_1488,432,0.10576357,0.04774039,0.10936958,0.04770294
q_1099,q_1507,583,-0.05486531,0.04139775,-0.05790325,0.04138352
q_1099,q_1511,577,0.15989189,0.04067211,0.15267105,0.04076632
q_1099,q_1555,479,0.14637212,0.04485292,0.1428106,0.04490013
q_1099,q_1578,358,-0.5116527,0.0391802,-0.51017217,0.03926049
q_1099,q_1588,350,-0.33686016,0.04759117,-0.33275461,0.04773875
q_1099,q_1606,444,-0.34560481,0.0419313,-0.35550875,0.04160064
q_1099,q_1609,400,0.19352798,0.04830885,0.19124858,0.04835286
q_1099,q_1616,336,-0.43774241,0.04429904,-0.44028346,0.04417677
q_1099,q_1624,547,-0.01532929,0.04286457,-0.01024786,0.04287014
q_1099,q_1635,407,0.09733157,0.04928054,0.1026579,0.04922754
q_1099,q_1662,449,0.01686505,0.0473379,0.01727744,0.04733724
q_1099,q_1671,412,0.10320903,0.04892011,0.10528303,0.04889872
q_1099,q_1676,384,0.05882754,0.05105426,0.07513803,0.05094231
q_1099,q_1681,505,-0.23815078,0.04210083,-0.24165458,0.0420258
q_1099,q_1685,407,0.02820085,0.04971229,0.02271957,0.04972618
q_1099,q_1694,458,-0.00236723,0.04688046,0.01861159,0.04686448
q_1099,q_1706,465,0.24425665,0.04374852,0.23628546,0.04392673
q_1099,q_1742,388,-0.06605477,0.05074235,-0.05786708,0.05079406
q_1099,q_1757,440,0.16484607,0.04653657,0.17044714,0.04644673
q_1099,q_1758,449,0.26529581,0.04401869,0.25651381,0.04423568
q_1099,q_1763,525,-0.00346934,0.04376828,0.01998833,0.04375132
q_1099,q_1764,444,0.08941046,0.04723837,0.07879087,0.04732343
q_1099,q_1765,377,0.19025046,0.04983716,0.20150946,0.04960908
q_1099,q_1768,536,-0.08644825,0.0429911,-0.08276258,0.04301812
q_1099,q_1769,438,-0.05320246,0.04781062,-0.02939512,0.0479049
q_1099,q_1780,764,0.07734826,0.0360331,0.0647292,0.03609809
q_1099,q_1781,414,-0.16382226,0.04800255,-0.16964126,0.04790684
q_1099,q_1803,444,-0.1399297,0.04668665,-0.14295938,0.04664584
q_1099,q_1830,428,-0.220514,0.0461484,-0.20608758,0.04644693
q_1099,q_1835,451,-0.21859769,0.04498793,-0.21248739,0.04511238
q_1099,q_1854,436,-0.17907578,0.04651584,-0.17628084,0.04656357
q_1099,q_1869,395,-0.14419424,0.04945747,-0.1353178,0.04958279
q_1099,q_1871,464,0.13628141,0.04570963,0.14624708,0.0455785
q_1099,q_1880,452,0.08862888,0.04682221,0.07758696,0.04690883
q_1099,q_1883,464,-0.20537315,0.04461021,-0.19660454,0.04477438
q_1099,q_1896,469,0.08801583,0.04596524,0.10651463,0.04579854
q_1099,q_1910,441,0.00501526,0.04778065,-0.01482682,0.04777134
q_1099,q_1915,599,0.06846995,0.04076956,0.05495097,0.04083791
q_1099,q_1989,335,0.28324553,0.05047904,0.32447991,0.04910374
q_1099,q_2011,407,0.03232896,0.04969986,0.03046748,0.04970568
q_1099,q_2020,429,0.09706249,0.0479937,0.10041217,0.04796165
q_1099,q_2161,562,0.06926205,0.04209259,0.06998942,0.04208831
q_1099,q_219,446,0.01833892,0.04749545,0.02679314,0.04747733
q_1099,q_22,397,0.46405854,0.03953008,0.45746674,0.03983611
q_1099,q_228,445,0.02828779,0.04752709,0.02955797,0.04752359
q_1099,q_238,395,0.16519321,0.04912933,0.16595079,0.04911666
q_1099,q_239,376,0.16464049,0.05037452,0.15543027,0.05052715
q_1099,q_248,345,-0.40504007,0.0452026,-0.40532336,0.04519018
q_1099,q_251,454,0.17200532,0.04569502,0.17041612,0.04572064
q_1099,q_258,462,-0.3233136,0.04179688,-0.29885257,0.04250724
q_1099,q_2745,436,-0.01576568,0.04804499,0.00046236,0.04805692
q_1099,q_2754,461,-0.07390543,0.04647171,-0.06607502,0.04652293
q_1099,q_2775,408,0.101514,0.04917834,0.06785598,0.0494616
q_1099,q_278,381,-0.40255777,0.04309936,-0.39461342,0.04342509
q_1099,q_292,478,-0.11006595,0.04532729,-0.11534206,0.04527273
q_1099,q_2951,411,0.1675269,0.04811794,0.16761675,0.04811645
q_1099,q_312,426,0.19941904,0.04668808,0.19708116,0.04673315
q_1099,q_343,441,-0.07876331,0.04748543,-0.11231519,0.04717909
q_1099,q_345,447,0.02753744,0.04742191,0.03032894,0.04741425
q_1099,q_348,410,0.02875539,0.04952717,0.05777463,0.04940271
q_1099,q_35,437,0.28155336,0.04419634,0.26474348,0.04463715
q_1099,q_364,508,0.01688979,0.04448672,0.01414973,0.04449051
q_1099,q_377,438,-0.17557657,0.04646828,-0.16116344,0.04670099
q_1099,q_38,438,-0.24243362,0.04512833,-0.25614029,0.04480067
q_1099,q_381,480,0.19607717,0.04402652,0.19738002,0.04400305
q_1099,q_4229,418,-0.08001195,0.04877381,-0.08596234,0.04872533
q_1099,q_4231,451,0.11094285,0.04666405,0.08643681,0.04689257
q_1099,q_4236,451,-0.04235511,0.0471608,-0.03944523,0.04717205
q_1099,q_4244,434,0.13290934,0.04731742,0.12521659,0.04741306
q_1099,q_4249,424,0.36403842,0.04227819,0.36096341,0.04238685
q_1099,q_4251,446,0.07936003,0.04721221,0.08003093,0.04720713
q_1099,q_4256,461,0.43069602,0.03805913,0.43822975,0.03775324
q_1099,q_4257,468,-0.07336847,0.04612426,-0.07248519,0.04613024
q_1099,q_4261,459,0.02532949,0.04679925,0.0266877,0.04679594
q_1099,q_4265,409,0.01508997,0.04961787,0.00419986,0.04962829
q_1099,q_4276,428,0.09513367,0.04806812,0.09843764,0.04803709
q_1099,q_4291,437,0.01098685,0.04799574,0.00595769,0.04799983
q_1099,q_463,467,0.10724016,0.04588994,0.09953433,0.04596391
q_1099,q_491,394,-0.29892477,0.04605325,-0.27727671,0.04668407
q_1099,q_497,318,0.81686611,0.0187472,0.81583069,0.01884245
q_1099,q_516,576,-0.0055213,0.04177433,-0.01184973,0.04176973
q_1099,q_52,359,0.77507012,0.02116107,0.77402378,0.02124698
q_1099,q_530,557,-0.013568,0.04247811,-0.00786371,0.0424833
q_1099,q_566,465,0.20895661,0.04449283,0.20307155,0.04460564
q_1099,q_594,397,0.29454728,0.04600846,0.28554082,0.04627167
q_1099,q_6,349,-0.12579112,0.05290966,-0.13212231,0.05282188
q_1099,q_610,416,-0.07941011,0.04889649,-0.10930843,0.04861884
q_1099,q_619,590,-0.11605584,0.04071849,-0.12234948,0.04065656
q_1099,q_630,429,0.26502113,0.0450472,0.25483738,0.0453037
q_1099,q_636,398,0.21610083,0.04796575,0.19950841,0.04831272
q_1099,q_660,472,0.05382034,0.04604196,0.04837638,0.04606765
q_1099,q_793,412,0.42175376,0.0406514,0.44021338,0.03986463
q_1099,q_808,452,0.37558026,0.04053586,0.37490937,0.04055962
q_1099,q_811,356,0.46155716,0.04188592,0.46648072,0.04164272
q_1099,q_819,409,-0.27904812,0.04576465,-0.28705488,0.0455397
q_1099,q_82,425,0.09683218,0.0482228,0.09303743,0.04825787
q_1099,q_820,340,-0.3783933,0.04667388,-0.37664363,0.04674584
q_1099,q_844,537,0.01246554,0.04326751,0.02902154,0.04323778
q_1099,q_848,445,0.24187346,0.04478246,0.22858273,0.04507987
q_1099,q_85,426,-0.32924175,0.04335107,-0.31908036,0.04367138
q_1099,q_880,441,0.40319756,0.04001404,0.39745031,0.0402339
q_1099,q_901,384,0.26886863,0.04752801,0.27138359,0.0474584
q_1099,q_905,427,0.04315282,0.04847386,0.04343613,0.04847267
q_1099,q_915,420,0.18761904,0.04724641,0.18007067,0.04738233
q_1099,q_917,511,0.10967756,0.04383412,0.10781678,0.04385207
q_1150,q_1185,384,-0.27037823,0.0474863,-0.26446059,0.04764845
q_1150,q_1196,365,0.15502197,0.05129575,0.14839579,0.05140142
q_1150,q_1254,393,0.10436577,0.05008542,0.11024799,0.0500215
q_1150,q_1301,392,0.06897311,0.05046081,0.0725265,0.05043532
q_1150,q_1310,413,-0.06400001,0.04918419,-0.06696635,0.04916501
q_1150,q_1321,515,0.09011523,0.04383528,0.10804495,0.04367826
q_1150,q_1350,424,-0.28890096,0.04466924,-0.27712161,0.04499419
q_1150,q_1385,516,-0.17514173,0.04279676,-0.17408242,0.04281309
q_1150,q_1392,562,-0.18585843,0.04083447,-0.19410878,0.04070187
q_1150,q_1422,360,-0.06286478,0.05271645,-0.04983805,0.05279415
q_1150,q_1441,401,-0.01160671,0.05011872,-0.00897342,0.05012143
q_1150,q_145,324,-0.46331514,0.04383335,-0.47456643,0.04324438
q_1150,q_1457,417,-0.21492544,0.04687706,-0.21730457,0.04682652
q_1150,q_146,494,0.22292016,0.04288674,0.23993822,0.04253125
q_1150,q_1483,399,0.12014407,0.04952652,0.11677615,0.04956662
q_1150,q_1488,375,0.02213135,0.05182219,0.03557646,0.05178196
q_1150,q_1507,541,-0.00998906,0.04310876,0.00743458,0.04311068
q_1150,q_1511,544,0.06700615,0.04280033,0.07149939,0.04277357
q_1150,q_1555,419,0.10318668,0.048507,0.10480501,0.04849049
q_1150,q_1578,383,-0.24092241,0.04832134,-0.23488094,0.0484688
q_1150,q_1588,353,-0.23824575,0.05041824,-0.23371794,0.05053247
q_1150,q_1606,414,-0.21405958,0.04706615,-0.21425866,0.04706195
q_1150,q_1609,361,0.01567,0.05283866,0.01869024,0.05283318
q_1150,q_1616,336,-0.20309546,0.0525393,-0.21820661,0.05219042
q_1150,q_1624,513,-0.02318215,0.04425695,-0.01257365,0.04427374
q_1150,q_1635,354,0.10777957,0.05275601,0.10310987,0.05280858
q_1150,q_1662,409,-0.07245834,0.0493686,-0.06358259,0.04942853
q_1150,q_1671,379,0.22471745,0.04896683,0.21781131,0.04912444
q_1150,q_1676,365,0.09800327,0.05205402,0.10165473,0.05201571
q_1150,q_1681,419,-0.10610184,0.04847708,-0.10232408,0.04851569
q_1150,q_1685,397,0.1096716,0.04977332,0.10567801,0.04981664
q_1150,q_1694,438,0.06960864,0.04771401,0.06298877,0.0477561
q_1150,q_1706,443,0.11910444,0.04699684,0.11881322,0.04700015
q_1150,q_1742,384,-0.09416925,0.05077724,-0.08412816,0.05086896
q_1150,q_1757,419,0.03020295,0.04898431,0.02968175,0.04898584
q_1150,q_1758,405,0.36452013,0.04324827,0.36386351,0.04327212
q_1150,q_1763,528,-0.09855456,0.04321967,-0.09608051,0.04324068
q_1150,q_1764,390,-0.11958979,0.05010586,-0.11638234,0.05014433
q_1150,q_1765,331,0.27122285,0.05115399,0.27882592,0.05092307
q_1150,q_1768,532,0.04553863,0.0433881,0.04505852,0.04338999
q_1150,q_1769,404,0.01904734,0.0499195,0.0367381,0.04987022
q_1150,q_1780,743,0.04898777,0.03667251,0.04672775,0.03668046
q_1150,q_1781,405,-0.07810753,0.04957119,-0.0841729,0.0495221
q_1150,q_1803,410,-0.0830172,0.04922654,-0.08753164,0.04918838
q_1150,q_1830,413,-0.08133093,0.0490598,-0.08291923,0.04904692
q_1150,q_1835,410,-0.22151397,0.04713593,-0.21587257,0.04725824
q_1150,q_1854,424,-0.25067969,0.04567437,-0.23258844,0.04610047
q_1150,q_1869,296,-0.53822804,0.04149679,-0.52156811,0.04252827
q_1150,q_1871,464,0.1391586,0.04567272,0.13186642,0.04576477
q_1150,q_1880,411,-0.07313687,0.04924256,-0.06536251,0.04929587
q_1150,q_1883,398,-0.13746699,0.04936464,-0.13588476,0.0493864
q_1150,q_1896,463,0.26787562,0.04327954,0.26659373,0.04331148
q_1150,q_1910,392,-0.04527074,0.0505981,-0.0258915,0.05066802
q_1150,q_1915,536,0.12556137,0.04263192,0.10644754,0.042824
q_1150,q_1989,386,0.3290848,0.0455639,0.32633449,0.04565601
q_1150,q_2011,384,-0.0620435,0.05103434,-0.04588593,0.05112368
q_1150,q_2020,394,0.07322233,0.05030103,0.083885,0.05021631
q_1150,q_2161,530,-0.01214656,0.04355426,-0.00652253,0.04355883
q_1150,q_219,415,-0.08295706,0.04892742,-0.08638395,0.04889883
q_1150,q_22,388,0.16827805,0.04952153,0.16797476,0.04952672
q_1150,q_228,405,-0.16733681,0.04847887,-0.16821847,0.04846412
q_1150,q_238,327,0.08007687,0.05519932,0.07041646,0.05528008
q_1150,q_239,314,0.37236849,0.04884221,0.36691418,0.04907086
q_1150,q_248,365,-0.27924438,0.04846043,-0.28437514,0.04830844
q_1150,q_251,422,0.10493354,0.04831527,0.12433039,0.04809802
q_1150,q_258,433,-0.17688636,0.0467154,-0.16817793,0.04686032
q_1150,q_2745,406,-0.14631076,0.0487472,-0.15991798,0.04853963
q_1150,q_2754,422,-0.12120113,0.04813556,-0.10557533,0.04830867
q_1150,q_2775,392,0.12052762,0.04996547,0.10042499,0.05019067
q_1150,q_278,328,-0.29992246,0.0504803,-0.30868363,0.05018453
q_1150,q_292,422,-0.11322586,0.04822689,-0.12670342,0.04806892
q_1150,q_2951,383,0.08217287,0.05095253,0.06815013,0.05106066
q_1150,q_312,400,0.20348603,0.04811043,0.19181812,0.04834191
q_1150,q_343,448,-0.17127253,0.04601397,-0.15179684,0.04631224
q_1150,q_345,408,-0.01120242,0.04968416,-0.00076119,0.04969037
q_1150,q_348,384,-0.15991623,0.0499214,-0.16712795,0.04980056
q_1150,q_35,390,0.10714444,0.0502493,0.10051998,0.05031923
q_1150,q_364,477,0.15072885,0.04488799,0.14448465,0.04497266
q_1150,q_377,415,-0.31094259,0.04450312,-0.32430229,0.04408501
q_1150,q_38,383,-0.25557509,0.04794814,-0.26139801,0.04779372
q_1150,q_381,417,0.25839557,0.04586584,0.22962854,0.04655582
q_1150,q_4229,408,-0.07059091,0.04944279,-0.07844095,0.04938466
q_1150,q_4231,409,-0.02892689,0.04958764,-0.04306433,0.04953713
q_1150,q_4236,393,0.06182328,0.05044343,0.03725271,0.0505667
q_1150,q_4244,427,-0.07537979,0.04828835,-0.07862222,0.0482641
q_1150,q_4249,416,0.2105651,0.04702507,0.21773607,0.04687394
q_1150,q_4251,403,0.19029617,0.04818937,0.19197053,0.04815737
q_1150,q_4256,454,0.27834605,0.04343993,0.27059582,0.04364027
q_1150,q_4257,406,-0.16918689,0.04838768,-0.17032473,0.04836843
q_1150,q_4261,419,-0.2040091,0.04698846,-0.20253282,0.04701789
q_1150,q_4265,415,-0.07767664,0.04896921,-0.0702549,0.0490233
q_1150,q_4276,411,-0.00857658,0.04950374,-0.00474853,0.04950626
q_1150,q_4291,406,0.08383844,0.04946341,0.0900735,0.0494094
q_1150,q_463,432,0.00890081,0.04827663,0.01111535,0.04827449
q_1150,q_491,354,0.02348081,0.05334662,0.00327709,0.05337548
q_1150,q_497,353,0.30674684,0.04842273,0.2983789,0.0486934
q_1150,q_516,538,-0.12197963,0.04259049,-0.10813251,0.04272825
q_1150,q_52,328,0.31790556,0.049864,0.31316709,0.05002987
q_1150,q_530,518,0.03050813,0.04402425,0.02112928,0.04404559
q_1150,q_566,439,0.17399317,0.04644147,0.18186085,0.04630739
q_1150,q_594,326,0.2166777,0.05302916,0.20823733,0.05322872
q_1150,q_6,298,-0.37647787,0.04997009,-0.34990678,0.05109382
q_1150,q_610,373,0.0563629,0.05182237,0.08494718,0.05161238
q_1150,q_619,546,0.0082571,0.04291118,-0.00042588,0.0429141
q_1150,q_630,424,0.55573786,0.03368485,0.53717016,0.03467386
q_1150,q_636,356,0.04016862,0.05313875,0.04018548,0.05313868
q_1150,q_660,441,0.05893965,0.04761586,0.05024753,0.04766121
q_1150,q_793,388,0.10243611,0.05042994,0.08380813,0.05060675
q_1150,q_808,404,0.25989423,0.04656458,0.26105271,0.04653444
q_1150,q_811,376,0.18466731,0.0500123,0.19589591,0.04979104
q_1150,q_819,381,-0.20662313,0.04923855,-0.20589037,0.0492541
q_1150,q_82,424,0.10824294,0.04816599,0.10435037,0.04820632
q_1150,q_820,381,-0.25054759,0.0482057,-0.24515862,0.0483431
q_1150,q_844,544,-0.07008945,0.04278215,-0.04697069,0.0428985
q_1150,q_848,388,0.18594961,0.0492025,0.18825868,0.04915846
q_1150,q_85,424,-0.14398345,0.04772664,-0.13867852,0.04779972
q_1150,q_880,410,0.34336254,0.04372418,0.33682204,0.0439447
q_1150,q_901,388,0.06670909,0.05073792,0.06261982,0.05076487
q_1150,q_905,407,-0.10616495,0.04919111,-0.10427236,0.04921092
q_1150,q_915,309,0.59826898,0.03670494,0.59367775,0.03701778
q_1150,q_917,439,0.17556264,0.0464152,0.17345988,0.04645034
q_1185,q_1196,390,0.06985371,0.05058482,0.0869919,0.05044817
q_1185,q_1254,425,-0.098412,0.04820778,-0.10004128,0.04819204
q_1185,q_1301,396,0.01851032,0.05042604,-0.00557,0.05044176
q_1185,q_1310,430,-0.14186192,0.04741948,-0.10151624,0.04789467
q_1185,q_1321,568,0.16586572,0.0409129,0.16281929,0.04095503
q_1185,q_1350,418,0.24205184,0.04621204,0.23074547,0.04647445
q_1185,q_1385,520,-0.01933288,0.04396351,-0.02320578,0.04395627
q_1185,q_1392,568,0.07789886,0.04181502,0.10295341,0.0416244
q_1185,q_1422,397,0.10982674,0.0497716,0.09837724,0.0498917
q_1185,q_1441,402,-0.05157918,0.04992943,-0.04979169,0.0499385
q_1185,q_145,383,0.06889906,0.0510554,0.06322001,0.05109389
q_1185,q_1457,430,0.27565872,0.04471609,0.27181417,0.04481795
q_1185,q_146,541,0.1311574,0.04237142,0.14953905,0.04214897
q_1185,q_1483,433,-0.11691643,0.04756508,-0.10923256,0.04764888
q_1185,q_1488,457,-0.15320266,0.04583077,-0.13481492,0.04607933
q_1185,q_1507,573,0.18759483,0.04041137,0.17138882,0.04065504
q_1185,q_1511,596,-0.13681741,0.04029638,-0.12049505,0.04046885
q_1185,q_1555,521,0.00213369,0.04393728,-0.0169438,0.04392486
q_1185,q_1578,320,0.28233295,0.05168853,0.26873023,0.05210954
q_1185,q_1588,344,0.51374967,0.03985995,0.52916813,0.03898916
q_1185,q_1606,418,0.38048272,0.04198173,0.37747755,0.04209354
q_1185,q_1609,400,-0.10128528,0.04967369,-0.09461085,0.04973931
q_1185,q_1616,336,0.45943551,0.0432325,0.45797336,0.043306
q_1185,q_1624,564,0.14484066,0.04133431,0.17123787,0.04098204
q_1185,q_1635,389,0.19859097,0.0488913,0.20591246,0.04874056
q_1185,q_1662,427,-0.05042465,0.04844081,-0.04228542,0.04847746
q_1185,q_1671,393,-0.06687089,0.05041053,-0.04806691,0.05051998
q_1185,q_1676,421,-0.05452733,0.04876617,-0.05411042,0.04876839
q_1185,q_1681,469,0.56094657,0.03174771,0.55377289,0.03211815
q_1185,q_1685,410,0.06412272,0.04936435,0.05542404,0.0494159
q_1185,q_1694,427,0.08835145,0.0481852,0.0606164,0.04838585
q_1185,q_1706,484,-0.37316211,0.03924682,-0.37382307,0.03922431
q_1185,q_1742,409,0.053674,0.04948619,0.04217252,0.0495409
q_1185,q_1757,412,-0.15890796,0.0481982,-0.15193463,0.04830538
q_1185,q_1758,427,-0.09851557,0.04809296,-0.0751064,0.04829034
q_1185,q_1763,561,-0.04730724,0.04223863,-0.04180108,0.04225941
q_1185,q_1764,460,-0.0841579,0.04644672,-0.06212427,0.04659749
q_1185,q_1765,373,-0.03836634,0.051911,-0.03254831,0.05193245
q_1185,q_1768,530,0.05538283,0.04342707,0.05897307,0.04340919
q_1185,q_1769,450,0.13362543,0.04645383,0.16112165,0.0460705
q_1185,q_1780,747,-0.08763868,0.0363802,-0.09181667,0.03635271
q_1185,q_1781,441,0.04093096,0.0477018,0.02308268,0.04775639
q_1185,q_1803,431,0.05703781,0.04817957,0.03884172,0.0482639
q_1185,q_1830,426,0.21825402,0.04630558,0.1920495,0.04682835
q_1185,q_1835,445,0.1935692,0.04578293,0.15992395,0.04634864
q_1185,q_1854,407,-0.01467043,0.04974115,-0.02150948,0.04972884
q_1185,q_1869,367,0.25643694,0.04896749,0.23665066,0.04947886
q_1185,q_1871,506,-0.10853956,0.04406251,-0.10901293,0.04405792
q_1185,q_1880,409,0.08841198,0.04924123,0.06876274,0.0493945
q_1185,q_1883,442,0.17034453,0.04634248,0.17449455,0.04627418
q_1185,q_1896,483,-0.00864958,0.04564013,-0.03292991,0.04559405
q_1185,q_1910,419,-0.02259898,0.04900399,0.01871275,0.04901187
q_1185,q_1915,591,0.0493379,0.04113892,0.06519189,0.04106404
q_1185,q_1989,355,-0.23967683,0.05023835,-0.2496855,0.04997729
q_1185,q_2011,388,0.08572626,0.05059018,0.0824502,0.05061826
q_1185,q_2020,425,-0.06363515,0.04848212,-0.04214622,0.04859277
q_1185,q_2161,556,-0.04374673,0.04244294,-0.02934125,0.04248772
q_1185,q_219,444,-0.11320467,0.0470088,-0.1240021,0.04688683
q_1185,q_22,398,-0.28216711,0.04630943,-0.28413849,0.04625326
q_1185,q_228,441,-0.01452653,0.04777177,-0.02053402,0.0477617
q_1185,q_238,368,0.04449627,0.05223876,0.0447227,0.0522377
q_1185,q_239,362,-0.10668542,0.05217727,-0.09637185,0.0522878
q_1185,q_248,335,0.32699178,0.04901393,0.30714778,0.04970456
q_1185,q_251,461,0.066618,0.04651956,0.03278922,0.04667669
q_1185,q_258,424,0.22037844,0.04637002,0.24206181,0.04588132
q_1185,q_2745,430,0.15819393,0.04718233,0.15918394,0.04716713
q_1185,q_2754,424,0.13997259,0.04778215,0.13357929,0.04786738
q_1185,q_2775,410,-0.07020927,0.04932382,-0.0686033,0.04933487
q_1185,q_278,371,0.3262642,0.0465796,0.32576178,0.04659668
q_1185,q_292,447,0.11485318,0.04683187,0.11363297,0.0468451
q_1185,q_2951,432,-0.1210025,0.04757355,-0.09836266,0.04781333
q_1185,q_312,410,-0.09962482,0.04907619,-0.06721109,0.04934424
q_1185,q_343,409,-0.02618235,0.04959515,-0.01775381,0.04961352
q_1185,q_345,434,-0.00059568,0.04816829,-0.02800798,0.04813052
q_1185,q_348,397,-0.00874346,0.05037542,-0.03514563,0.05031704
q_1185,q_35,411,-0.28223957,0.04556366,-0.27843951,0.04566914
q_1185,q_364,475,0.10834311,0.04548844,0.0890039,0.04566411
q_1185,q_377,415,0.10518736,0.04872136,0.10722632,0.04870002
q_1185,q_38,440,0.23679698,0.04515416,0.2622322,0.04454698
q_1185,q_381,405,-0.0883599,0.04948607,-0.08216861,0.04953872
q_1185,q_4229,432,0.002078,0.04828025,-0.00350538,0.04827986
q_1185,q_4231,435,-0.09510435,0.04767735,-0.05974414,0.04794079
q_1185,q_4236,410,0.05897592,0.04939575,0.05758226,0.04940381
q_1185,q_4244,439,-0.07192746,0.04764355,-0.06813819,0.04766896
q_1185,q_4249,415,-0.20834933,0.04712783,-0.2050113,0.04719581
q_1185,q_4251,442,-0.08385322,0.04739181,-0.06366562,0.04753394
q_1185,q_4256,442,-0.19633561,0.04588762,-0.18866475,0.04602857
q_1185,q_4257,425,0.10300866,0.04816271,0.09858154,0.04820616
q_1185,q_4261,420,0.02170849,0.04894713,0.0345113,0.04891189
q_1185,q_4265,426,-0.02110924,0.0486,0.00021743,0.04862166
q_1185,q_4276,444,-0.13914239,0.04669711,-0.13173834,0.04679262
q_1185,q_4291,441,0.08898122,0.04740353,0.0717312,0.04753599
q_1185,q_463,467,-0.16075364,0.04522416,-0.18134894,0.04489707
q_1185,q_491,407,0.29655165,0.04537654,0.25929483,0.04640685
q_1185,q_497,309,-0.49735445,0.04302548,-0.48470817,0.04373545
q_1185,q_516,558,0.12800348,0.04175214,0.13785087,0.04164101
q_1185,q_52,322,-0.39636879,0.04719288,-0.39501557,0.04725284
q_1185,q_530,577,0.14867359,0.0408166,0.15287207,0.04076375
q_1185,q_566,432,-0.13616411,0.0473853,-0.14736503,0.04723197
q_1185,q_594,413,-0.08615598,0.04901989,-0.05904872,0.04921428
q_1185,q_6,356,0.19213035,0.05125989,0.17605226,0.05157496
q_1185,q_610,412,0.00778471,0.04944382,-0.01310005,0.04943833
q_1185,q_619,580,0.13382813,0.04088494,0.13345052,0.04088914
q_1185,q_630,415,-0.21845985,0.04691524,-0.220849,0.04686353
q_1185,q_636,401,-0.33003058,0.0446658,-0.31758844,0.04506969
q_1185,q_660,437,-0.05250342,0.04786921,-0.03321097,0.04794859
q_1185,q_793,439,-0.39740259,0.0403279,-0.36522931,0.04150297
q_1185,q_808,411,-0.32454183,0.04429289,-0.30015002,0.04504726
q_1185,q_811,350,-0.23896389,0.05061732,-0.22969413,0.05085054
q_1185,q_819,399,0.1493755,0.04913062,0.14440504,0.049204
q_1185,q_82,455,0.01467788,0.04702591,-0.0038451,0.04703535
q_1185,q_820,331,0.25642207,0.0515852,0.24283067,0.05195987
q_1185,q_844,576,-0.0669346,0.04158843,-0.03486163,0.04172483
q_1185,q_848,401,-0.20901818,0.04793556,-0.19656016,0.04818883
q_1185,q_85,457,0.43629155,0.03799874,0.40769167,0.03913159
q_1185,q_880,443,-0.18988855,0.04595415,-0.17376218,0.04623372
q_1185,q_901,389,-0.16488714,0.04951484,-0.16034468,0.04959003
q_1185,q_905,426,-0.14484895,0.04760152,-0.14333734,0.0476227
q_1185,q_915,360,-0.15053071,0.05172634,-0.15018531,0.05173184
q_1185,q_917,492,-0.00404695,0.04522082,-0.00623979,0.0452198
q_1196,q_1254,438,0.10527733,0.04741493,0.1030764,0.04743691
q_1196,q_1301,382,0.05374877,0.05121816,0.05445899,0.05121421
q_1196,q_1310,438,0.16663351,0.04661502,0.16245575,0.04668094
q_1196,q_1321,606,-0.06031592,0.040575,-0.03671617,0.04066825
q_1196,q_1350,422,-0.32111656,0.04381566,-0.32885263,0.04357001
q_1196,q_1385,555,-0.34492892,0.03749887,-0.35330407,0.03724997
q_1196,q_1392,598,-0.09719343,0.04060873,-0.09102184,0.04065635
q_1196,q_1422,399,-0.08041288,0.04992695,-0.09719731,0.04977715
q_1196,q_1441,391,0.0834649,0.05041364,0.06588527,0.05054693
q_1196,q_145,413,-0.22767942,0.04682639,-0.2150726,0.04710205
q_1196,q_1457,450,-0.24300101,0.04450543,-0.24662571,0.04442149
q_1196,q_146,544,0.28249781,0.03956227,0.27584595,0.03972195
q_1196,q_1483,395,0.09495158,0.05005226,0.09823058,0.05002027
q_1196,q_1488,452,0.01854392,0.04717669,0.02417891,0.04716533
q_1196,q_1507,619,-0.04829406,0.04019718,-0.02552851,0.04026489
q_1196,q_1511,561,0.04642569,0.04224213,0.04451335,0.04224949
q_1196,q_1555,532,-0.08072493,0.04319493,-0.08199484,0.04318595
q_1196,q_1578,393,-0.26026486,0.04720693,-0.26867591,0.04698165
q_1196,q_1588,385,-0.09897177,0.05066327,-0.09699295,0.05068311
q_1196,q_1606,441,-0.1588011,0.0465769,-0.1726981,0.04635677
q_1196,q_1609,384,0.08846763,0.05083059,0.08401696,0.05086992
q_1196,q_1616,427,0.02209203,0.04854059,0.03765567,0.04849543
q_1196,q_1624,574,-0.13974167,0.04103149,-0.13580785,0.04107685
q_1196,q_1635,375,0.56409818,0.03534933,0.56156341,0.03549727
q_1196,q_1662,442,-0.18342121,0.04612169,-0.18553058,0.04608454
q_1196,q_1671,334,0.51816831,0.04020696,0.51397417,0.04044491
q_1196,q_1676,395,0.02834088,0.05046706,0.02685365,0.05047121
q_1196,q_1681,512,0.2038403,0.04248251,0.1966552,0.04261006
q_1196,q_1685,376,0.15091749,0.05059874,0.13622207,0.05081722
q_1196,q_1694,454,0.019262,0.04707069,0.02926095,0.04704784
q_1196,q_1706,475,-0.1393183,0.04513533,-0.13952369,0.0451327
q_1196,q_1742,369,-0.43799245,0.04224334,-0.4435205,0.04198862
q_1196,q_1757,472,-0.14067579,0.04526191,-0.13912126,0.04528199
q_1196,q_1758,456,0.41124039,0.03903821,0.41296998,0.03897123
q_1196,q_1763,545,-0.27289548,0.03975483,-0.2465668,0.0403423
q_1196,q_1764,431,-0.1399018,0.04739075,-0.13144437,0.04750168
q_1196,q_1765,364,0.22980978,0.04985197,0.22120419,0.05005625
q_1196,q_1768,594,-0.2267584,0.03901939,-0.22271141,0.03909422
q_1196,q_1769,454,-0.13065306,0.04628436,-0.10134678,0.04660451
q_1196,q_1780,781,0.07878386,0.03562921,0.07193599,0.03566621
q_1196,q_1781,450,-0.12546332,0.04655385,-0.12601132,0.04654733
q_1196,q_1803,353,-0.47372164,0.04145691,-0.46537602,0.04187584
q_1196,q_1830,439,-0.139373,0.04696103,-0.12500508,0.04714295
q_1196,q_1835,457,-0.23983339,0.04423278,-0.23605697,0.04431712
q_1196,q_1854,439,-0.46917951,0.03734903,-0.46711947,0.0374414
q_1196,q_1869,400,-0.22216727,0.04771134,-0.18092914,0.04854562
q_1196,q_1871,474,-0.02477114,0.04604929,-0.01221476,0.04607069
q_1196,q_1880,412,0.0177824,0.04943118,0.05027798,0.04932182
q_1196,q_1883,427,-0.18697902,0.04686643,-0.17313471,0.04710855
q_1196,q_1896,500,0.19278938,0.04318893,0.16942285,0.04356858
q_1196,q_1910,431,-0.06333179,0.04814295,-0.05866078,0.04817049
q_1196,q_1915,610,0.0017583,0.04058862,0.02505978,0.04056326
q_1196,q_1989,432,0.13932381,0.04734328,0.14083164,0.04732288
q_1196,q_2011,419,-0.02202153,0.04900526,-0.005288,0.04902766
q_1196,q_2020,436,0.02081303,0.04803612,0.03607182,0.0479944
q_1196,q_2161,595,0.19435879,0.03954719,0.18895135,0.03963238
q_1196,q_219,473,-0.48523844,0.03526577,-0.47062581,0.03591005
q_1196,q_22,381,0.16345044,0.05006032,0.15745993,0.0501592
q_1196,q_228,438,-0.22649545,0.04548667,-0.2134344,0.04576217
q_1196,q_238,376,0.06098457,0.05158547,0.07704873,0.05147066
q_1196,q_239,389,0.13577772,0.04996031,0.14347332,0.04985093
q_1196,q_248,445,-0.12518321,0.04681976,-0.13521275,0.04669554
q_1196,q_251,489,0.08488645,0.04503406,0.08080162,0.04506476
q_1196,q_258,432,-0.21386466,0.0460722,-0.21122763,0.04612632
q_1196,q_2745,442,-0.05434771,0.04758642,-0.01546855,0.04771598
q_1196,q_2754,431,0.02448816,0.04830784,0.03286299,0.04828462
q_1196,q_2775,435,0.08685969,0.04774953,0.09074078,0.04771637
q_1196,q_278,383,-0.02795473,0.05125883,-0.02669094,0.05126237
q_1196,q_292,473,-0.11784277,0.045486,-0.11895555,0.04547385
q_1196,q_2951,397,-0.1100022,0.04976966,-0.10358851,0.04983867
q_1196,q_312,425,0.57476953,0.03259756,0.57762785,0.03243722
q_1196,q_343,454,-0.23257435,0.04454112,-0.22834143,0.04463299
q_1196,q_345,433,-0.11809341,0.04755174,-0.12847742,0.04742827
q_1196,q_348,421,-0.00013887,0.0489116,-0.02272897,0.04888633
q_1196,q_35,435,-0.02803208,0.04807472,-0.03415634,0.04805639
q_1196,q_364,469,0.16174026,0.04511227,0.15372356,0.04522942
q_1196,q_377,446,-0.32516838,0.04248784,-0.30226629,0.04317056
q_1196,q_38,424,-0.23797947,0.04597683,-0.22912199,0.04617848
q_1196,q_381,441,0.25360331,0.04470878,0.2543927,0.04468961
q_1196,q_4229,465,-0.1984768,0.04469148,-0.19971124,0.04466861
q_1196,q_4231,427,-0.18460339,0.0469093,-0.17564216,0.04706608
q_1196,q_4236,469,-0.06725892,0.04611455,-0.07057649,0.04609336
q_1196,q_4244,446,0.13590082,0.04663394,0.13834383,0.04660211
q_1196,q_4249,421,0.1676766,0.04753643,0.16729653,0.04754265
q_1196,q_4251,479,0.11407248,0.0452385,0.10653027,0.04531476
q_1196,q_4256,430,0.21588064,0.04613804,0.21187605,0.04622094
q_1196,q_4257,463,-0.37306813,0.04013595,-0.37529089,0.04005839
q_1196,q_4261,423,0.0152807,0.04878361,0.02693316,0.04875961
q_1196,q_4265,427,-0.24583315,0.04562936,-0.24283602,0.04570049
q_1196,q_4276,456,-0.07268948,0.04673585,-0.06237226,0.04680132
q_1196,q_4291,424,-0.06616718,0.04852364,-0.06081987,0.04855674
q_1196,q_463,464,-0.18283077,0.04501779,-0.1972977,0.04476166
q_1196,q_491,404,-0.08121237,0.04960826,-0.08681022,0.04956129
q_1196,q_497,391,0.16166192,0.04944053,0.16719501,0.04934815
q_1196,q_516,589,-0.08169191,0.04103394,-0.06328555,0.04114417
q_1196,q_52,370,0.17492586,0.05060232,0.17481744,0.0506043
q_1196,q_530,578,0.01358227,0.04169519,0.03163542,0.04166115
q_1196,q_566,447,0.1308587,0.04664523,0.12882551,0.04667029
q_1196,q_594,402,0.4705632,0.03897727,0.46310437,0.03932591
q_1196,q_6,366,-0.1348415,0.05153207,-0.11002662,0.051851
q_1196,q_610,422,0.02703963,0.04881748,0.00501772,0.04885197
q_1196,q_619,597,-0.02097261,0.04101245,-0.02362144,0.0410076
q_1196,q_630,467,0.20539139,0.04446542,0.19757367,0.04461166
q_1196,q_636,388,0.06978582,0.05071652,0.05560767,0.05080713
q_1196,q_660,454,0.11245655,0.04649266,0.12238885,0.04638283
q_1196,q_793,444,0.00464872,0.04761802,0.04969623,0.04750144
q_1196,q_808,446,0.24144556,0.04474171,0.2366963,0.0448496
q_1196,q_811,393,0.29461131,0.04624189,0.29401759,0.04625959
q_1196,q_819,363,-0.55812522,0.03628694,-0.55066193,0.03672308
q_1196,q_82,454,0.06829857,0.04686851,0.06888378,0.04686473
q_1196,q_820,378,-0.28690243,0.04738915,-0.27507394,0.04773242
q_1196,q_844,589,-0.19984799,0.03965975,-0.15550815,0.04031064
q_1196,q_848,381,0.19355141,0.04950761,0.19819539,0.04941403
q_1196,q_85,459,-0.01322642,0.0468211,-0.01658064,0.04681642
q_1196,q_880,472,0.34693236,0.04061791,0.33549391,0.04097835
q_1196,q_901,329,0.46146016,0.04359092,0.45213541,0.04406274
q_1196,q_905,450,-0.03782956,0.04723069,-0.03677583,0.04723441
q_1196,q_915,388,0.24527263,0.04789875,0.23489308,0.04815275
q_1196,q_917,509,0.01628294,0.04444364,0.0202268,0.04443723
q_1254,q_1301,479,-0.19908714,0.04401823,-0.20569456,0.04389564
q_1254,q_1310,459,0.21432165,0.04467824,0.20051128,0.04494653
q_1254,q_1321,617,-0.22533576,0.03830755,-0.2154873,0.03848276
q_1254,q_1350,462,-0.09018824,0.04629634,-0.07798454,0.04639214
q_1254,q_1385,608,-0.08392258,0.04036944,-0.08413832,0.04036797
q_1254,q_1392,652,-0.02919137,0.03921998,-0.01563581,0.03924384
q_1254,q_1422,361,-0.27696832,0.04879732,-0.28100985,0.04867813
q_1254,q_1441,431,0.08842397,0.04795889,0.11379792,0.04771086
q_1254,q_145,442,-0.04166914,0.04764453,-0.03010457,0.04768414
q_1254,q_1457,473,-0.21022315,0.04408805,-0.17980049,0.04463537
q_1254,q_146,559,-0.0320205,0.04236596,-0.0182423,0.04239533
q_1254,q_1483,393,0.62001264,0.03117132,0.62278508,0.03099685
q_1254,q_1488,500,0.22352388,0.04261499,0.23226623,0.04243625
q_1254,q_1507,639,-0.27333218,0.03669012,-0.271505,0.03672959
q_1254,q_1511,600,0.27160266,0.03790815,0.29316362,0.03740978
q_1254,q_1555,505,0.13072838,0.04386942,0.12617361,0.04392165
q_1254,q_1578,396,-0.12044899,0.0497115,-0.13169989,0.04956839
q_1254,q_1588,423,-0.09315661,0.04837155,-0.08549868,0.04843831
q_1254,q_1606,458,-0.09945043,0.04641705,-0.09890873,0.04642209
q_1254,q_1609,430,0.07729395,0.04810427,0.09238856,0.04798032
q_1254,q_1616,431,-0.15072209,0.04723875,-0.13486565,0.04745764
q_1254,q_1624,612,-0.18988432,0.03906098,-0.19783866,0.03893601
q_1254,q_1635,465,0.00746399,0.04652162,0.01697903,0.0465108
q_1254,q_1662,470,0.05538287,0.04613255,0.05758941,0.04612101
q_1254,q_1671,406,0.05143003,0.04968179,0.04516981,0.04971191
q_1254,q_1676,420,-0.05005308,0.04884753,-0.04146729,0.048886
q_1254,q_1681,521,-0.03866455,0.04387179,-0.05247714,0.04381648
q_1254,q_1685,445,-0.03837661,0.0474951,-0.06468431,0.04736613
q_1254,q_1694,487,-0.18775793,0.04385213,-0.17765227,0.04401999
q_1254,q_1706,489,0.052241,0.04523713,0.0532393,0.04523235
q_1254,q_1742,445,-0.09382505,0.04714643,-0.08175353,0.04724724
q_1254,q_1757,476,0.01758011,0.04596584,0.01658584,0.0459674
q_1254,q_1758,460,0.10922736,0.04621994,0.11041126,0.04620777
q_1254,q_1763,581,-0.03616082,0.04154013,-0.0363127,0.04153967
q_1254,q_1764,487,0.0390519,0.04538522,0.02843636,0.04541779
q_1254,q_1765,409,0.06807228,0.04939919,0.07013112,0.04938507
q_1254,q_1768,608,-0.13647612,0.03989854,-0.12789431,0.03999078
q_1254,q_1769,475,-0.22225919,0.04375495,-0.21301879,0.04394008
q_1254,q_1780,805,0.14790936,0.03453872,0.13791474,0.03463959
q_1254,q_1781,482,0.03605598,0.04563177,0.02161161,0.04566983
q_1254,q_1803,438,-0.04966059,0.04782809,-0.04526206,0.0478481
q_1254,q_1830,460,-0.23915508,0.04410255,-0.22625289,0.04438344
q_1254,q_1835,472,-0.10903791,0.04562671,-0.09053799,0.0457972
q_1254,q_1854,449,-0.03946739,0.04727761,-0.02149041,0.0473295
q_1254,q_1869,441,-0.05593945,0.04763233,-0.01717973,0.04776775
q_1254,q_1871,507,0.16295422,0.04336073,0.16028348,0.04339918
q_1254,q_1880,459,-0.00658786,0.04682726,0.01694407,0.04681585
q_1254,q_1883,479,-0.21531096,0.04371007,-0.21763624,0.04366393
q_1254,q_1896,518,0.07544851,0.04381442,0.09771396,0.04364453
q_1254,q_1910,443,0.02510277,0.04764309,-0.00845396,0.04766972
q_1254,q_1915,584,-0.22855043,0.03931991,-0.20562123,0.03973292
q_1254,q_1989,426,0.08035847,0.04830769,0.09609845,0.04817265
q_1254,q_2011,436,0.01601647,0.04804461,0.01590018,0.04804478
q_1254,q_2020,468,-0.0378475,0.04630746,-0.01255868,0.04636658
q_1254,q_2161,586,0.09313995,0.04105648,0.08223591,0.04113568
q_1254,q_219,508,-0.04456021,0.04441106,-0.03654048,0.04444
q_1254,q_22,428,0.30834675,0.04389518,0.29816806,0.04419464
q_1254,q_228,473,-0.05126081,0.04600535,-0.02513916,0.04609741
q_1254,q_238,398,0.06583505,0.05009738,0.07484623,0.0500336
q_1254,q_239,428,0.07323377,0.04824697,0.07864572,0.0482071
q_1254,q_248,407,0.0025438,0.04975154,0.01159499,0.04974517
q_1254,q_251,529,0.00656494,0.04360019,0.00897035,0.04359856
q_1254,q_258,453,-0.15770155,0.04596808,-0.14153285,0.04619616
q_1254,q_2745,473,0.01706129,0.04611313,0.02067906,0.04610684
q_1254,q_2754,449,-0.05809784,0.04719154,-0.04448828,0.04725765
q_1254,q_2775,461,-0.02803841,0.0466902,-0.07638081,0.04645433
q_1254,q_278,371,-0.04228238,0.05203541,-0.05318263,0.05198116
q_1254,q_292,467,0.10439883,0.04591786,0.11986387,0.04575685
q_1254,q_2951,453,0.05364933,0.04700477,0.06922741,0.04691453
q_1254,q_312,461,0.14309985,0.04577008,0.14187269,0.04578642
q_1254,q_343,476,-0.06652852,0.04577654,-0.05185388,0.04585642
q_1254,q_345,469,-0.09336371,0.04592031,-0.10181041,0.04584394
q_1254,q_348,436,0.02028937,0.04803715,0.05355254,0.04791911
q_1254,q_35,469,0.25948793,0.04320492,0.24766839,0.0434826
q_1254,q_364,530,-0.00031193,0.04356068,-0.00016581,0.04356068
q_1254,q_377,476,-0.0002836,0.04598005,-0.00015503,0.04598005
q_1254,q_38,474,-0.1281829,0.04532047,-0.12859589,0.04531559
q_1254,q_381,447,0.04059018,0.04737971,0.04596785,0.04735762
q_1254,q_4229,486,-0.02037817,0.04548268,-0.01402665,0.04549262
q_1254,q_4231,473,-0.02971731,0.04608583,-0.0520286,0.0460017
q_1254,q_4236,481,-0.20878752,0.04374507,-0.17830104,0.04428484
q_1254,q_4244,475,0.10115115,0.04555779,0.10345095,0.04553613
q_1254,q_4249,449,0.09789128,0.04689762,0.09939735,0.04688355
q_1254,q_4251,487,0.11363894,0.04486755,0.08880096,0.04509611
q_1254,q_4256,491,0.09002897,0.04490097,0.09186099,0.04488588
q_1254,q_4257,477,-0.04689074,0.04583053,-0.03872725,0.04586263
q_1254,q_4261,490,-0.02363654,0.04528901,-0.01442948,0.04530489
q_1254,q_4265,484,0.1199345,0.04494021,0.15429309,0.0445106
q_1254,q_4276,478,0.13667179,0.04502609,0.1460354,0.04490463
q_1254,q_4291,478,-0.12278256,0.04519143,-0.10867832,0.04534122
q_1254,q_463,471,0.11624234,0.04560041,0.1169691,0.04559258
q_1254,q_491,373,-0.30589116,0.04712308,-0.29605762,0.04743081
q_1254,q_497,419,0.1503886,0.04792016,0.15769228,0.04780984
q_1254,q_516,615,0.05103268,0.04031733,0.06559384,0.04024868
q_1254,q_52,405,0.16828145,0.04846306,0.18455833,0.04817662
q_1254,q_530,602,-0.2838259,0.03756742,-0.26800213,0.0379242
q_1254,q_566,473,0.11819152,0.04548221,0.12330027,0.0454253
q_1254,q_594,431,-0.02235429,0.04831267,-0.02830822,0.04829809
q_1254,q_6,393,-0.00348576,0.05063635,0.00493085,0.05063574
q_1254,q_610,423,0.00318669,0.04879451,-0.00806361,0.04879183
q_1254,q_619,645,-0.29306901,0.03607707,-0.29569,0.03601616
q_1254,q_630,488,0.08659277,0.04506718,0.08602729,0.04507161
q_1254,q_636,397,0.18218653,0.04870709,0.16588569,0.04899293
q_1254,q_660,480,0.0674878,0.04557831,0.0710901,0.04555546
q_1254,q_793,471,0.14747113,0.04521973,0.16645478,0.04494425
q_1254,q_808,445,0.12814898,0.04678403,0.12161089,0.0468617
q_1254,q_811,409,0.23586531,0.04686817,0.2374905,0.04683
q_1254,q_819,468,-0.14181722,0.04544121,-0.13209679,0.04556469
q_1254,q_82,492,-0.0395618,0.04515079,-0.04035621,0.04514791
q_1254,q_820,409,-0.15802451,0.04838984,-0.16000646,0.04835856
q_1254,q_844,588,-0.02205424,0.0413248,0.01286549,0.04133807
q_1254,q_848,451,0.21604474,0.04504036,0.20040667,0.04534804
q_1254,q_85,490,-0.12469032,0.04460979,-0.11804609,0.04468288
q_1254,q_880,503,0.14687111,0.04375667,0.14123282,0.04382932
q_1254,q_901,432,0.15776092,0.04707883,0.15409388,0.04713404
q_1254,q_905,452,-0.01208871,0.04718602,0.00077104,0.04719289
q_1254,q_915,435,-0.03471487,0.04805454,-0.03503205,0.04805348
q_1254,q_917,515,0.03285162,0.04414648,0.02202793,0.04417273
q_1301,q_1310,463,-0.18371003,0.04505167,-0.18951256,0.04495069
q_1301,q_1321,587,0.27529825,0.03824412,0.27520654,0.03824621
q_1301,q_1350,453,0.03795816,0.04707253,0.03817767,0.04707174
q_1301,q_1385,583,0.1263224,0.04086015,0.14468582,0.0406535
q_1301,q_1392,607,-0.10723869,0.04022149,-0.07939447,0.04043294
q_1301,q_1422,403,0.19767541,0.04804622,0.18845955,0.04822415
q_1301,q_1441,390,-0.2333438,0.04806504,-0.24047652,0.04789325
q_1301,q_145,403,-0.00063635,0.04999998,-0.00163174,0.04999987
q_1301,q_1457,429,0.12039423,0.04774788,0.12116647,0.04773885
q_1301,q_146,556,0.02436505,0.04249908,0.02718984,0.04249289
q_1301,q_1483,427,-0.15004189,0.04747099,-0.14967359,0.04747635
q_1301,q_1488,463,-0.13630863,0.04575894,-0.13970419,0.04571524
q_1301,q_1507,599,0.12750611,0.04029565,0.14723459,0.04007363
q_1301,q_1511,595,-0.1246645,0.04046101,-0.1167505,0.04053953
q_1301,q_1555,524,-0.02517642,0.04378303,-0.02676752,0.0437794
q_1301,q_1578,398,0.09904331,0.04982189,0.09579683,0.04985371
q_1301,q_1588,411,0.06378258,0.04930597,0.06460569,0.04930074
q_1301,q_1606,462,0.02486216,0.04664715,0.03286167,0.0466256
q_1301,q_1609,367,-0.36892439,0.04528039,-0.36928402,0.04526648
q_1301,q_1616,433,0.07382083,0.04796148,0.07517474,0.04795176
q_1301,q_1624,577,0.50101301,0.03126207,0.50009966,0.03130024
q_1301,q_1635,461,0.06917831,0.04650331,0.07199211,0.04648475
q_1301,q_1662,452,-0.04354054,0.04710345,-0.02278377,0.04716842
q_1301,q_1671,406,-0.03326367,0.04975843,-0.03283228,0.04975985
q_1301,q_1676,387,0.19751735,0.04904016,0.19949688,0.04900005
q_1301,q_1681,496,0.12430058,0.04434187,0.12043645,0.04438447
q_1301,q_1685,454,0.23909204,0.04439637,0.23887496,0.04440125
q_1301,q_1694,472,0.18401978,0.04461205,0.20145231,0.04430176
q_1301,q_1706,489,-0.0076854,0.04535824,-0.01672387,0.04534823
q_1301,q_1742,440,-0.08603895,0.04748237,-0.07259007,0.04758442
q_1301,q_1757,445,-0.05002192,0.04744613,-0.04324286,0.04747621
q_1301,q_1758,459,0.06871625,0.04660817,0.06593462,0.04662571
q_1301,q_1763,576,0.07568477,0.0415363,0.04333568,0.04169715
q_1301,q_1764,446,-0.04037849,0.04743397,-0.01831466,0.0474955
q_1301,q_1765,386,-0.01808285,0.0510809,-0.02023322,0.05107669
q_1301,q_1768,548,0.17945188,0.04145587,0.18107182,0.04143085
q_1301,q_1769,442,0.11704144,0.04707359,0.11955098,0.04704526
q_1301,q_1780,751,-0.13830701,0.0358642,-0.12687821,0.03597502
q_1301,q_1781,466,-0.08084431,0.0461702,-0.07453427,0.04621576
q_1301,q_1803,414,0.02759787,0.04928879,0.02337174,0.04929942
q_1301,q_1830,450,0.13563872,0.04642819,0.13225784,0.04647103
q_1301,q_1835,455,0.12437824,0.0463084,0.11117353,0.0464547
q_1301,q_1854,428,0.05967476,0.04833439,0.0794382,0.04820102
q_1301,q_1869,397,-0.03804907,0.05030634,-0.01341609,0.0503702
q_1301,q_1871,504,0.14927968,0.04368111,0.14496467,0.04373784
q_1301,q_1880,415,-0.07911928,0.04895806,-0.09454096,0.04882612
q_1301,q_1883,439,0.09384064,0.04746958,0.11219371,0.04728849
q_1301,q_1896,485,0.03329103,0.04549827,0.0231339,0.04552438
q_1301,q_1910,449,0.0072274,0.0473489,0.00815521,0.04734822
q_1301,q_1915,613,0.30879568,0.03662801,0.30355845,0.03675786
q_1301,q_1989,452,0.07269582,0.04694352,0.07355816,0.04693757
q_1301,q_2011,372,-0.02853688,0.05201553,-0.05068317,0.0519242
q_1301,q_2020,424,0.06361629,0.04853978,0.06645728,0.04852177
q_1301,q_2161,605,-0.04516322,0.04067382,-0.04302302,0.04068152
q_1301,q_219,439,-0.05533697,0.04774466,-0.06010777,0.04771829
q_1301,q_22,391,-0.12943288,0.04991681,-0.13471753,0.04984594
q_1301,q_228,435,-0.06402756,0.04791528,-0.07449522,0.04784552
q_1301,q_238,399,0.0853001,0.04988625,0.08574021,0.04988247
q_1301,q_239,375,0.05050223,0.05171535,0.06406382,0.05163479
q_1301,q_248,416,0.05131595,0.04907721,0.04182491,0.0491207
q_1301,q_251,485,0.16949841,0.04424015,0.16672915,0.04428256
q_1301,q_258,436,0.18711577,0.04637435,0.19732889,0.04618566
q_1301,q_2745,447,-0.06309357,0.04726898,-0.07504824,0.04719061
q_1301,q_2754,465,-0.11712802,0.04588595,-0.10550339,0.04600635
q_1301,q_2775,386,0.19768367,0.04910078,0.18946897,0.04926329
q_1301,q_278,377,0.07140166,0.05144515,0.06483467,0.05149141
q_1301,q_292,478,-0.07716986,0.0456099,-0.0636528,0.04569724
q_1301,q_2951,436,-0.10802035,0.04749619,-0.10442537,0.04753289
q_1301,q_312,461,-0.06635597,0.04652119,-0.07531181,0.0464619
q_1301,q_343,437,0.08878469,0.04762315,0.10557609,0.0474665
q_1301,q_345,472,0.26082092,0.04303449,0.26499158,0.04293323
q_1301,q_348,377,-0.2342858,0.04887048,-0.24910856,0.04849998
q_1301,q_35,450,-0.08723683,0.04693842,-0.0823586,0.04697755
q_1301,q_364,503,0.06468559,0.04453424,0.06217854,0.04454846
q_1301,q_377,473,0.08163966,0.04581913,0.08069006,0.04582624
q_1301,q_38,458,-0.00873414,0.04687715,-0.00353349,0.04688014
q_1301,q_381,446,0.09872047,0.0470484,0.07329203,0.04725622
q_1301,q_4229,424,0.03279728,0.04868459,0.03308569,0.04868367
q_1301,q_4231,417,0.02205916,0.0491234,0.0161354,0.04913452
q_1301,q_4236,465,0.3280807,0.04151649,0.32146744,0.04171634
q_1301,q_4244,464,-0.40231588,0.03903616,-0.39441878,0.0393292
q_1301,q_4249,444,0.04332185,0.04752968,0.04675523,0.04751495
q_1301,q_4251,493,0.04194268,0.04509592,0.04149587,0.04509761
q_1301,q_4256,453,0.10595021,0.04661128,0.11449047,0.04652253
q_1301,q_4257,471,0.01209341,0.04621826,0.01263641,0.04621764
q_1301,q_4261,462,-0.0733199,0.04642508,-0.07796509,0.04639228
q_1301,q_4265,420,0.00491625,0.04896903,-0.0020143,0.04897001
q_1301,q_4276,476,-0.1828651,0.04444249,-0.18102001,0.04447336
q_1301,q_4291,450,0.38170649,0.04040701,0.37801559,0.04053964
q_1301,q_463,485,-0.02726469,0.04551489,-0.02569166,0.04551869
q_1301,q_491,410,0.23301703,0.04687676,0.21283924,0.0473227
q_1301,q_497,384,0.01633249,0.05121789,0.02275977,0.05120501
q_1301,q_516,619,-0.15501291,0.03932299,-0.12071391,0.03970403
q_1301,q_52,382,-0.04002935,0.05128424,-0.03645976,0.05129827
q_1301,q_530,584,0.235484,0.03918642,0.22366586,0.03941155
q_1301,q_566,469,0.17694903,0.04487365,0.17655559,0.0448801
q_1301,q_594,400,0.09217506,0.04976215,0.09391267,0.04974592
q_1301,q_6,411,0.11536986,0.04884842,0.08256801,0.04916986
q_1301,q_610,375,0.20220648,0.04972767,0.18965909,0.0499826
q_1301,q_619,554,0.29695607,0.03884471,0.29410626,0.03891647
q_1301,q_630,456,-0.03362946,0.04693096,-0.0250938,0.04695451
q_1301,q_636,407,-0.21834886,0.04737988,-0.21332245,0.04748783
q_1301,q_660,476,-0.24931911,0.04312193,-0.2475701,0.04316189
q_1301,q_793,439,-0.13149476,0.04706323,-0.12333715,0.04716279
q_1301,q_808,462,0.09919525,0.04621673,0.10415194,0.04616968
q_1301,q_811,400,-0.13145945,0.04932122,-0.12337364,0.04942464
q_1301,q_819,412,0.09518336,0.04899884,0.09105946,0.04903681
q_1301,q_82,448,0.55840472,0.03262306,0.55351496,0.0328808
q_1301,q_820,370,0.04615675,0.05208837,0.05364787,0.05204934
q_1301,q_844,575,-0.0149898,0.04180271,-0.03539352,0.04175972
q_1301,q_848,411,0.09758649,0.04903591,0.10225479,0.04898973
q_1301,q_85,476,0.10096355,0.04551135,0.10044549,0.04551614
q_1301,q_880,449,-0.06820882,0.04713107,-0.05903743,0.04718633
q_1301,q_901,431,-0.02778883,0.0482995,-0.02438982,0.04830807
q_1301,q_905,460,0.02450727,0.04674993,0.02025324,0.04675884
q_1301,q_915,412,0.06676706,0.04922639,0.06263232,0.04925285
q_1301,q_917,544,0.2137223,0.04102954,0.21091891,0.04108072
q_1310,q_1321,587,-0.02282946,0.04135873,0.01989252,0.04136392
q_1310,q_1350,548,-0.17034695,0.0415923,-0.16327026,0.04169343
q_1310,q_1385,586,-0.06336707,0.04124947,-0.04026259,0.04134863
q_1310,q_1392,623,0.12789317,0.03950407,0.15541028,0.03919098
q_1310,q_1422,480,-0.11982625,0.04512943,-0.0643349,0.04559734
q_1310,q_1441,460,0.28899365,0.04287125,0.30876766,0.04231833
q_1310,q_145,445,0.05717888,0.04740964,0.07755791,0.04727903
q_1310,q_1457,540,-0.07649332,0.04290069,-0.08393548,0.04284916
q_1310,q_146,554,0.03354449,0.0425535,0.0146307,0.04259231
q_1310,q_1483,439,0.1407343,0.04694277,0.12644107,0.04712566
q_1310,q_1488,533,0.08603278,0.04311572,0.05687867,0.0432967
q_1310,q_1507,607,-0.05479324,0.04056726,-0.02366748,0.04066663
q_1310,q_1511,652,0.03167297,0.03921406,0.02609911,0.0392267
q_1310,q_1555,525,0.05096152,0.04365514,0.02130263,0.04374895
q_1310,q_1578,439,-0.13041028,0.04707683,-0.1634526,0.04661181
q_1310,q_1588,455,0.0080234,0.04703302,0.00518091,0.04703478
q_1310,q_1606,554,-0.08451543,0.04229714,-0.06955867,0.04239531
q_1310,q_1609,435,0.16033354,0.0468757,0.1875432,0.04642029
q_1310,q_1616,445,-0.07877778,0.04726996,-0.04818314,0.04745472
q_1310,q_1624,585,-0.17441008,0.04019043,-0.15400534,0.04046821
q_1310,q_1635,477,0.08980013,0.04556113,0.1001951,0.04547041
q_1310,q_1662,526,-0.05514961,0.04359395,-0.01011927,0.04372247
q_1310,q_1671,430,0.23083352,0.04581479,0.23708163,0.04567331
q_1310,q_1676,449,-0.14107012,0.04640904,-0.17725933,0.04586355
q_1310,q_1681,505,-0.0384913,0.04456606,-0.06753472,0.04442862
q_1310,q_1685,453,-0.02991547,0.04709826,-0.00949303,0.0471362
q_1310,q_1694,559,0.05450738,0.04228345,0.07403976,0.04217696
q_1310,q_1706,563,-0.00994862,0.04225353,-0.02221301,0.04223686
q_1310,q_1742,456,-0.08413445,0.04665152,-0.07315578,0.04673265
q_1310,q_1757,546,0.12204405,0.04227491,0.13905027,0.04208436
q_1310,q_1758,526,0.1431024,0.04283149,0.1605499,0.04259983
q_1310,q_1763,601,-0.00284155,0.04089271,0.04254927,0.04081901
q_1310,q_1764,558,0.02109182,0.04242875,0.05478318,0.04232024
q_1310,q_1765,456,0.01389413,0.04697503,-0.00444343,0.04698317
q_1310,q_1768,613,-0.18783079,0.03906035,-0.16870281,0.03933648
q_1310,q_1769,519,-0.17830988,0.04262287,-0.14728734,0.04306754
q_1310,q_1780,790,0.10502806,0.03525294,0.08992432,0.0353579
q_1310,q_1781,520,-0.04455021,0.04389266,-0.08644605,0.04365129
q_1310,q_1803,489,-0.08853073,0.0450054,-0.10124006,0.04489599
q_1310,q_1830,522,-0.1854704,0.04238517,-0.17779822,0.04250751
q_1310,q_1835,537,-0.13089979,0.04253274,-0.1452795,0.04236088
q_1310,q_1854,519,-0.19862665,0.04228574,-0.15598773,0.04295138
q_1310,q_1869,431,-0.09640309,0.0478876,-0.06922651,0.04810518
q_1310,q_1871,532,0.03494537,0.04342517,0.04073677,0.04340611
q_1310,q_1880,527,0.23286641,0.0413163,0.28541301,0.04012658
q_1310,q_1883,538,-0.16464793,0.04206175,-0.11533976,0.04265862
q_1310,q_1896,535,0.03273648,0.04330904,-0.0158528,0.0433446
q_1310,q_1910,524,0.10843252,0.04329569,0.1259922,0.04311534
q_1310,q_1915,652,-0.01748756,0.03924143,0.01991691,0.03923786
q_1310,q_1989,440,0.13866624,0.04691667,0.15219122,0.04672849
q_1310,q_2011,441,0.07003909,0.04754746,0.11120762,0.04719092
q_1310,q_2020,543,-0.06200076,0.04286772,-0.05169034,0.04291817
q_1310,q_2161,611,0.17772098,0.03927442,0.18063065,0.03923214
q_1310,q_219,551,-0.13432805,0.04194708,-0.12018583,0.04210084
q_1310,q_22,480,0.05337284,0.04565642,0.06483765,0.04559437
q_1310,q_228,537,0.12244777,0.0426254,0.14094761,0.04241454
q_1310,q_238,431,0.05689202,0.04818037,0.0786853,0.04803755
q_1310,q_239,439,0.03430981,0.04783494,0.0390089,0.04781844
q_1310,q_248,431,0.00405278,0.04833603,0.02398101,0.04830903
q_1310,q_251,526,-0.07401657,0.04348739,-0.07059485,0.04350903
q_1310,q_258,544,-0.08012857,0.04271732,-0.05847505,0.04284635
q_1310,q_2745,539,0.12114545,0.04255951,0.2015284,0.04143918
q_1310,q_2754,551,0.14161542,0.04186118,0.1616633,0.04160145
q_1310,q_2775,500,-0.18021252,0.04339936,-0.19002248,0.04323644
q_1310,q_278,459,-0.04090885,0.04675092,-0.00408406,0.04682851
q_1310,q_292,524,-5.018e-05,0.0438108,0.03156581,0.04376714
q_1310,q_2951,467,0.06885141,0.04620376,0.11320427,0.0458289
q_1310,q_312,535,0.24699985,0.04071043,0.23236451,0.04101459
q_1310,q_343,560,-0.03148724,0.04232935,-0.01195785,0.0423653
q_1310,q_345,516,-0.12675916,0.04344166,-0.12081309,0.04350666
q_1310,q_348,462,0.21394134,0.0445396,0.21784088,0.04446101
q_1310,q_35,531,0.10151161,0.04307096,0.08971066,0.04316917
q_1310,q_364,540,-0.00865432,0.04314995,-0.00420029,0.04315242
q_1310,q_377,569,-0.01339168,0.0420256,-0.00458544,0.04203225
q_1310,q_38,561,-0.08830181,0.04200329,-0.05298516,0.04221453
q_1310,q_381,553,0.08685049,0.04231851,0.07558119,0.04239656
q_1310,q_4229,568,-0.03217901,0.04202675,-0.00598768,0.04206881
q_1310,q_4231,532,-0.00840156,0.04347519,-0.02136302,0.04345842
q_1310,q_4236,541,-0.12477741,0.04244182,-0.10432576,0.04264382
q_1310,q_4244,521,0.23584898,0.04149347,0.24238954,0.04135603
q_1310,q_4249,515,0.23294461,0.04179606,0.21485743,0.04215401
q_1310,q_4251,548,-0.09355969,0.04246034,-0.1059574,0.04235438
q_1310,q_4256,555,0.17616742,0.04124189,0.17451928,0.04126649
q_1310,q_4257,574,-0.0897972,0.04151125,-0.08027617,0.04157901
q_1310,q_4261,545,0.02949091,0.04291632,0.03669758,0.04289583
q_1310,q_4265,538,0.06481249,0.04305216,0.09028159,0.04288138
q_1310,q_4276,556,0.02223534,0.0425033,0.01222332,0.04251797
q_1310,q_4291,552,-0.24582803,0.04009981,-0.26938383,0.03958185
q_1310,q_463,516,-0.0975205,0.04373119,-0.13883567,0.04330005
q_1310,q_491,438,-0.15385817,0.04681133,-0.15071578,0.04685722
q_1310,q_497,425,0.14923328,0.04759512,0.14927854,0.04759447
q_1310,q_516,620,0.10737008,0.03979437,0.11441295,0.03973149
q_1310,q_52,434,0.17350797,0.0467182,0.17066865,0.04676527
q_1310,q_530,581,-0.07414814,0.04136583,-0.03988385,0.04152835
q_1310,q_566,580,-0.00492639,0.04162953,-0.00433399,0.04162976
q_1310,q_594,477,0.08845169,0.04557217,0.09287041,0.04553537
q_1310,q_6,428,0.00934497,0.04850289,0.00612512,0.04850531
q_1310,q_610,458,-0.22632538,0.04447934,-0.23425037,0.04430823
q_1310,q_619,596,-0.13327527,0.04033567,-0.12909746,0.04038068
q_1310,q_630,533,0.0289805,0.04340074,0.00089606,0.04343719
q_1310,q_636,440,0.05767901,0.04767734,0.01061436,0.0478311
q_1310,q_660,595,0.06267464,0.0409383,0.05568159,0.04097232
q_1310,q_793,557,0.26231862,0.03956243,0.29099847,0.03888822
q_1310,q_808,528,0.17484609,0.04230934,0.17861379,0.04225122
q_1310,q_811,447,0.16330693,0.04619224,0.14900073,0.04640428
q_1310,q_819,475,-0.16950938,0.04470617,-0.17129226,0.0446782
q_1310,q_82,522,-0.10957427,0.0433681,-0.09745891,0.0434782
q_1310,q_820,460,-0.12761839,0.04601618,-0.09899275,0.04631962
q_1310,q_844,577,0.00078789,0.04173917,0.04144463,0.0416675
q_1310,q_848,515,0.06453091,0.04401014,0.068307,0.04398797
q_1310,q_85,557,-0.04820319,0.04238721,-0.0169553,0.04247371
q_1310,q_880,579,0.06816173,0.04147308,0.07910445,0.04140594
q_1310,q_901,463,0.23947801,0.0439513,0.23765162,0.04399193
q_1310,q_905,543,-0.00466104,0.04303221,-0.02268085,0.04301101
q_1310,q_915,433,0.07567132,0.04794814,0.06111988,0.04804413
q_1310,q_917,522,-0.06313142,0.04372018,-0.07143703,0.04367112
q_1321,q_1350,565,0.10848755,0.04168599,0.12771354,0.04149443
q_1321,q_1385,808,0.1420607,0.03453407,0.16283355,0.03431085
q_1321,q_1392,896,0.10927567,0.03306413,0.13243112,0.03287684
q_1321,q_1422,595,0.53953521,0.02913568,0.50299366,0.0307014
q_1321,q_1441,593,0.01712631,0.04115727,-0.00817375,0.0411666
q_1321,q_145,591,-0.05267749,0.04112487,-0.01781697,0.04122621
q_1321,q_1457,576,0.22145381,0.03972685,0.23933089,0.03938272
q_1321,q_146,833,-0.06965921,0.03454208,-0.09908833,0.0343697
q_1321,q_1483,551,-0.2836242,0.03928154,-0.29873411,0.03890565
q_1321,q_1488,612,-0.39518989,0.03419351,-0.37755686,0.03474566
q_1321,q_1507,774,0.30673359,0.03262571,0.32143386,0.03229315
q_1321,q_1511,755,-0.24981127,0.03419055,-0.25871677,0.0340254
q_1321,q_1555,716,-0.116335,0.03694345,-0.11896104,0.03692031
q_1321,q_1578,575,0.03743216,0.04175351,0.0390168,0.04174845
q_1321,q_1588,615,0.073808,0.0402024,0.06498688,0.04025189
q_1321,q_1606,615,0.16293061,0.03934953,0.19719685,0.03885071
q_1321,q_1609,620,-0.13271379,0.03954941,-0.14038026,0.03946513
q_1321,q_1616,566,0.08990611,0.04180431,0.12364038,0.04150071
q_1321,q_1624,827,0.22714151,0.03303931,0.24751238,0.03270247
q_1321,q_1635,614,0.00799673,0.04045308,0.020688,0.04043835
q_1321,q_1662,567,0.04441119,0.04202454,0.03426568,0.04205816
q_1321,q_1671,591,0.0326866,0.04119524,0.04667648,0.04114946
q_1321,q_1676,575,0.06220489,0.04165031,0.05229782,0.04169774
q_1321,q_1681,726,0.05255597,0.03708768,0.05203279,0.03708971
q_1321,q_1685,564,0.08191557,0.04193673,0.05155797,0.0421078
q_1321,q_1694,611,0.28797255,0.03719217,0.3079524,0.0367093
q_1321,q_1706,709,-0.00351494,0.03763503,-0.00091754,0.03763546
q_1321,q_1742,582,0.09825694,0.04115736,0.11451991,0.04101355
q_1321,q_1757,635,0.02328637,0.03975629,0.02150194,0.03975947
q_1321,q_1758,570,0.05363839,0.04187523,0.06528832,0.04181704
q_1321,q_1763,814,0.08257578,0.03487531,0.12259904,0.03458696
q_1321,q_1764,569,0.03638273,0.0419775,0.06308957,0.04186583
q_1321,q_1765,559,-0.10189428,0.04196913,-0.12875276,0.04170641
q_1321,q_1768,867,0.21065707,0.03251098,0.23891387,0.0320788
q_1321,q_1769,595,0.28608751,0.03773589,0.32982399,0.03662876
q_1321,q_1780,1212,-0.24039957,0.02709778,-0.23302156,0.02719823
q_1321,q_1781,592,-0.07633161,0.0409642,-0.07512583,0.04097173
q_1321,q_1803,617,0.0119252,0.04035098,0.02577983,0.04032989
q_1321,q_1830,575,0.12308952,0.0411786,0.13010592,0.04110432
q_1321,q_1835,596,-0.01042908,0.04106061,0.02113053,0.04104674
q_1321,q_1854,583,0.04841208,0.04142542,0.05600114,0.04139252
q_1321,q_1869,578,0.07798973,0.04144923,0.06947264,0.04150161
q_1321,q_1871,735,0.0683393,0.03678845,0.06791839,0.03679057
q_1321,q_1880,602,0.12960005,0.04017262,0.11469242,0.04032142
q_1321,q_1883,595,0.3714967,0.03542758,0.38056929,0.03514715
q_1321,q_1896,722,-0.07555392,0.03708082,-0.08617263,0.03701677
q_1321,q_1910,573,0.0382176,0.04182421,0.05511224,0.04175817
q_1321,q_1915,751,0.42399694,0.02999045,0.44982827,0.02916514
q_1321,q_1989,557,0.18642178,0.04100941,0.17762857,0.04114542
q_1321,q_2011,585,0.0097728,0.04144737,0.02624642,0.04142278
q_1321,q_2020,591,0.07442199,0.0410109,0.09224283,0.04088841
q_1321,q_2161,871,-0.09267323,0.0336507,-0.09502846,0.0336357
q_1321,q_219,600,0.03628462,0.04087339,0.04609536,0.04084031
q_1321,q_22,600,-0.16021758,0.03987669,-0.15187509,0.03998325
q_1321,q_228,599,0.05434679,0.04084061,0.08668291,0.04065381
q_1321,q_238,566,0.05318442,0.04202576,0.04753766,0.04204973
q_1321,q_239,563,0.05066018,0.04214926,0.07580301,0.0420149
q_1321,q_248,540,-0.07219616,0.04292826,-0.09671783,0.04274952
q_1321,q_251,712,0.06244739,0.03740933,0.04107967,0.03749241
q_1321,q_258,610,0.13879991,0.03980679,0.16949785,0.03942265
q_1321,q_2745,577,0.00372254,0.04173862,0.05278794,0.04162288
q_1321,q_2754,589,0.04750914,0.04121638,0.0785432,0.04105478
q_1321,q_2775,616,-0.02208404,0.04036992,-0.02522862,0.04036391
q_1321,q_278,548,0.04620689,0.04274384,0.01776808,0.04282177
q_1321,q_292,697,0.00423175,0.0379588,0.02077317,0.0379431
q_1321,q_2951,561,0.02579335,0.04230521,0.03357753,0.04228565
q_1321,q_312,614,-0.05273463,0.04034316,-0.05518711,0.04033246
q_1321,q_343,606,0.06949563,0.04052647,0.09124063,0.04038413
q_1321,q_345,593,0.05511167,0.0410443,0.01766513,0.0411565
q_1321,q_348,604,-0.08748025,0.04047869,-0.06707942,0.04060731
q_1321,q_35,612,-0.23369416,0.03830902,-0.25595981,0.03786723
q_1321,q_364,741,0.06886709,0.03663593,0.05694842,0.03669113
q_1321,q_377,586,0.09404906,0.04104944,0.12311073,0.04078806
q_1321,q_38,618,-0.04271462,0.04025032,-0.02373004,0.04030118
q_1321,q_381,595,-0.04737737,0.04100749,-0.05307856,0.04098396
q_1321,q_4229,613,0.07633838,0.04025287,0.08652248,0.04018571
q_1321,q_4231,587,0.09918408,0.04097322,0.15268061,0.04041566
q_1321,q_4236,596,0.31110064,0.03709065,0.30210066,0.03731728
q_1321,q_4244,608,-0.17801592,0.03936741,-0.16898141,0.03949487
q_1321,q_4249,626,0.05947342,0.03992244,0.05421064,0.03994641
q_1321,q_4251,627,-0.11540345,0.03949889,-0.15844484,0.03902704
q_1321,q_4256,585,0.13222793,0.04072659,0.11601106,0.04089346
q_1321,q_4257,582,0.05242278,0.04144437,0.04436651,0.04147678
q_1321,q_4261,613,-0.07515521,0.04026012,-0.07878191,0.04023752
q_1321,q_4265,633,0.04947511,0.03974343,0.05356276,0.03972665
q_1321,q_4276,641,-0.25064529,0.03710319,-0.26004062,0.03691323
q_1321,q_4291,558,0.14988715,0.041494,0.13108617,0.04171823
q_1321,q_463,718,-0.05311407,0.03729238,-0.06829583,0.03722344
q_1321,q_491,554,0.31076837,0.03848711,0.34999863,0.0373828
q_1321,q_497,538,0.03429062,0.04318293,0.05616061,0.04309741
q_1321,q_516,888,0.08257672,0.03338542,0.09173814,0.03333174
q_1321,q_52,564,0.05309779,0.042101,0.04256912,0.04214352
q_1321,q_530,710,0.34210494,0.03320729,0.35115527,0.03297132
q_1321,q_566,612,0.15609668,0.03953468,0.13623409,0.03976997
q_1321,q_594,577,-0.01573372,0.04172886,-0.01534017,0.04172937
q_1321,q_6,541,0.04172399,0.04303801,0.07752648,0.04285394
q_1321,q_610,600,0.02923461,0.0408923,0.03858309,0.04086635
q_1321,q_619,715,0.60055727,0.02395994,0.59794196,0.02407741
q_1321,q_630,577,-0.12000293,0.04113812,-0.09826365,0.04133617
q_1321,q_636,600,-0.32083308,0.03671447,-0.30607457,0.03709314
q_1321,q_660,602,-0.04168922,0.04078788,-0.04015663,0.04079301
q_1321,q_793,578,0.02645955,0.04167369,0.04073763,0.04163367
q_1321,q_808,585,0.16080621,0.04037946,0.16462369,0.04032796
q_1321,q_811,536,-0.05493448,0.04318409,-0.0554073,0.04318183
q_1321,q_819,587,-0.0,0.04138029,0.00675477,0.04137841
q_1321,q_82,579,0.16382672,0.04054837,0.16793469,0.04049158
q_1321,q_820,557,0.07751411,0.04223065,0.09177156,0.04212811
q_1321,q_844,834,0.14896764,0.03391981,0.14608064,0.03394935
q_1321,q_848,578,-0.05771811,0.04156395,-0.07632587,0.04145994
q_1321,q_85,619,0.10399382,0.03985541,0.10406621,0.0398548
q_1321,q_880,612,0.00816829,0.04051934,-0.00458594,0.04052119
q_1321,q_901,582,-0.04228817,0.04148426,-0.03355371,0.04151179
q_1321,q_905,569,0.03449638,0.04198312,0.03317566,0.04198687
q_1321,q_915,554,0.10427755,0.04213819,0.10277463,0.04215145
q_1321,q_917,763,0.09686437,0.03593347,0.07317164,0.0360796
q_1350,q_1385,532,0.35307573,0.03805815,0.35399833,0.03802979
q_1350,q_1392,578,0.23443314,0.03941094,0.24742272,0.03914992
q_1350,q_1422,448,0.20744609,0.04536454,0.20273537,0.04545614
q_1350,q_1441,466,0.08029822,0.04617429,0.06128031,0.04629942
q_1350,q_145,430,0.25491043,0.04524882,0.27146065,0.04482724
q_1350,q_1457,535,0.62711641,0.02630487,0.62247275,0.02655644
q_1350,q_146,547,-0.18784773,0.04136174,-0.19555005,0.04123513
q_1350,q_1483,437,-0.1677685,0.04665047,-0.15525438,0.04684451
q_1350,q_1488,551,0.04012796,0.0426491,0.04889786,0.04261574
q_1350,q_1507,590,-0.02630087,0.04124587,-0.00540697,0.04127321
q_1350,q_1511,650,-0.04598891,0.03923091,-0.07679381,0.03908221
q_1350,q_1555,530,0.04807255,0.04346002,0.02503339,0.04353339
q_1350,q_1578,465,0.44901037,0.03714445,0.43223428,0.03783226
q_1350,q_1588,443,0.1634609,0.04639933,0.16318607,0.04640361
q_1350,q_1606,518,0.36639681,0.03814965,0.38455022,0.03754894
q_1350,q_1609,446,-0.14123691,0.04656368,-0.11360196,0.04689828
q_1350,q_1616,429,0.29718003,0.04417124,0.29836399,0.04413707
q_1350,q_1624,614,0.18782104,0.03902853,0.20829094,0.0387005
q_1350,q_1635,457,-0.14991769,0.04587751,-0.15109144,0.04586093
q_1350,q_1662,495,0.29507891,0.04115799,0.31086504,0.04072675
q_1350,q_1671,431,-0.38561847,0.04114906,-0.38834897,0.04104691
q_1350,q_1676,458,-0.09848915,0.04642597,-0.06910537,0.04665684
q_1350,q_1681,507,0.08535093,0.04421905,0.09519948,0.04413984
q_1350,q_1685,458,-0.07517644,0.04661578,-0.11688463,0.04624024
q_1350,q_1694,562,0.0635462,0.0421247,0.03586981,0.04224107
q_1350,q_1706,538,-0.08075051,0.04295186,-0.09680522,0.04282862
q_1350,q_1742,407,0.32945617,0.04435172,0.33706929,0.04409927
q_1350,q_1757,552,0.04300459,0.04260003,0.03319867,0.04263192
q_1350,q_1758,547,-0.26037984,0.03996785,-0.24415006,0.04031892
q_1350,q_1763,566,0.27068769,0.03905694,0.26913647,0.03909223
q_1350,q_1764,517,0.05938047,0.04395258,0.0453189,0.04401752
q_1350,q_1765,410,-0.14989118,0.04845449,-0.1640551,0.04823408
q_1350,q_1768,577,0.26500192,0.03880802,0.27937389,0.03848146
q_1350,q_1769,555,0.15432007,0.04154921,0.17333878,0.04128397
q_1350,q_1780,750,-0.02463726,0.03656588,-0.02086923,0.03657215
q_1350,q_1781,518,0.34743476,0.03874611,0.34222597,0.0389044
q_1350,q_1803,441,0.33453961,0.04243426,0.34145637,0.04221085
q_1350,q_1830,525,0.3240819,0.03917181,0.32953633,0.03901577
q_1350,q_1835,543,0.66826485,0.02381549,0.64207116,0.0252925
q_1350,q_1854,519,0.37512532,0.03782774,0.36137096,0.03827369
q_1350,q_1869,440,0.31431482,0.04311054,0.33178534,0.04257057
q_1350,q_1871,510,0.02901037,0.04437418,0.00284703,0.0444112
q_1350,q_1880,517,0.07465149,0.0438623,0.08530622,0.04378713
q_1350,q_1883,540,0.38770338,0.03666666,0.38121952,0.03688181
q_1350,q_1896,529,-0.17413063,0.04227999,-0.1828061,0.04214497
q_1350,q_1910,512,0.13517593,0.0435143,0.14544017,0.04338664
q_1350,q_1915,596,-0.05232766,0.04095263,-0.01061297,0.04106045
q_1350,q_1989,439,-0.3140255,0.04316866,-0.31843978,0.04303495
q_1350,q_2011,442,0.18984219,0.0460073,0.19572577,0.04589903
q_1350,q_2020,552,-0.11103214,0.04215281,-0.1024955,0.0422306
q_1350,q_2161,574,-0.14572852,0.04095997,-0.17061913,0.04063044
q_1350,q_219,541,0.23714291,0.04068852,0.22657859,0.04089973
q_1350,q_22,423,-0.17740806,0.04725925,-0.17376083,0.04732174
q_1350,q_228,560,0.28040584,0.03903981,0.27522951,0.03916167
q_1350,q_238,411,-0.06007447,0.04932871,-0.05928413,0.04933338
q_1350,q_239,419,-0.25483719,0.04584499,-0.23626936,0.04629208
q_1350,q_248,444,0.44411431,0.03822678,0.42926144,0.03884451
q_1350,q_251,538,-0.08482462,0.04292269,-0.1029363,0.04277567
q_1350,q_258,531,0.42547517,0.03564113,0.42784275,0.03555321
q_1350,q_2745,550,0.19317492,0.04116137,0.21157243,0.04084299
q_1350,q_2754,518,0.15509481,0.0430053,0.17818739,0.04266616
q_1350,q_2775,449,-0.11897042,0.04668116,-0.12183304,0.04664852
q_1350,q_278,422,0.25363275,0.04571049,0.26966441,0.04530065
q_1350,q_292,512,0.30035839,0.0403255,0.30562969,0.04018392
q_1350,q_2951,517,0.17342509,0.0427815,0.16478935,0.04291033
q_1350,q_312,555,-0.36316148,0.03694937,-0.36266908,0.03696459
q_1350,q_343,538,0.34532526,0.03807816,0.34872447,0.03797617
q_1350,q_345,516,0.11786174,0.04353776,0.13841081,0.04330525
q_1350,q_348,425,0.06218128,0.04849102,0.03097247,0.04863254
q_1350,q_35,521,0.00551265,0.04393614,0.01550768,0.04392691
q_1350,q_364,520,-0.11341854,0.0434142,-0.12259724,0.04331893
q_1350,q_377,548,0.38001814,0.03664929,0.37759075,0.03672806
q_1350,q_38,524,0.45231331,0.03484766,0.44015947,0.03532288
q_1350,q_381,547,-0.29311893,0.03919091,-0.28051609,0.03950087
q_1350,q_4229,551,0.20182701,0.04097781,0.21055023,0.04082414
q_1350,q_4231,524,0.07697712,0.0435512,0.13752293,0.04298222
q_1350,q_4236,525,0.10657868,0.04327164,0.12912252,0.04303907
q_1350,q_4244,512,-0.1133213,0.04375502,-0.09569532,0.04391832
q_1350,q_4249,540,-0.40435837,0.03609739,-0.3967003,0.03636212
q_1350,q_4251,556,-0.02476062,0.04249825,-0.0411505,0.04245232
q_1350,q_4256,545,-0.27749018,0.03964621,-0.28337118,0.03950453
q_1350,q_4257,564,0.33004782,0.03762094,0.34802489,0.03710629
q_1350,q_4261,558,0.12611719,0.04177248,0.11435659,0.04189253
q_1350,q_4265,553,0.23438738,0.0402976,0.23188051,0.04034744
q_1350,q_4276,565,0.12444958,0.04152914,0.12588429,0.04151399
q_1350,q_4291,537,0.06843364,0.04307157,0.04529982,0.04318543
q_1350,q_463,480,0.11431712,0.04518849,0.10248651,0.04530593
q_1350,q_491,461,0.27890606,0.04309211,0.26855591,0.04335688
q_1350,q_497,437,-0.33087906,0.04274628,-0.32935188,0.04279468
q_1350,q_516,658,0.2633828,0.0363627,0.27497335,0.03611889
q_1350,q_52,412,-0.30134802,0.04495652,-0.30290462,0.04491001
q_1350,q_530,607,0.03662493,0.04063484,0.04719261,0.0405988
q_1350,q_566,573,-0.21027711,0.04003337,-0.23468382,0.03957849
q_1350,q_594,454,-0.28301954,0.0433164,-0.24520787,0.0442569
q_1350,q_6,417,0.26521546,0.04569033,0.26956468,0.04557602
q_1350,q_610,434,-0.11741135,0.04750428,-0.08943644,0.04778301
q_1350,q_619,595,0.14780334,0.04020189,0.13604858,0.04033902
q_1350,q_630,542,-0.19202225,0.04148484,-0.1825668,0.0416374
q_1350,q_636,426,-0.02145104,0.04859929,-0.04405137,0.04852731
q_1350,q_660,587,-0.14001089,0.04056911,-0.15557414,0.04037875
q_1350,q_793,492,-0.07095163,0.04499391,-0.0741466,0.04497295
q_1350,q_808,513,-0.40281896,0.03709561,-0.40377636,0.03706142
q_1350,q_811,459,-0.50719244,0.03478273,-0.49324059,0.03543637
q_1350,q_819,430,0.45122713,0.03854021,0.42835922,0.03951361
q_1350,q_82,529,0.04012052,0.04353189,0.03092952,0.04356036
q_1350,q_820,449,0.4760169,0.03662193,0.45853505,0.03739554
q_1350,q_844,609,0.16963294,0.03945331,0.17785816,0.0393372
q_1350,q_848,504,-0.43473959,0.03623287,-0.43710407,0.03614078
q_1350,q_85,547,0.23313231,0.04054438,0.22726568,0.04066018
q_1350,q_880,539,-0.36399309,0.03747068,-0.36383948,0.03747551
q_1350,q_901,412,-0.2715786,0.04579987,-0.28544726,0.04541788
q_1350,q_905,532,0.06479121,0.04329574,0.05530469,0.04334528
q_1350,q_915,420,-0.33465912,0.04348571,-0.32945005,0.04365511
q_1350,q_917,515,0.04765175,0.04409382,0.03966232,0.04412465
q_1385,q_1392,829,0.15172829,0.03399343,0.18333024,0.03362501
q_1385,q_1422,581,0.17204153,0.04036339,0.16373161,0.04047945
q_1385,q_1441,565,0.07362262,0.04195381,0.07255111,0.04196042
q_1385,q_145,554,0.35788808,0.03714488,0.35350727,0.03727764
q_1385,q_1457,555,0.365575,0.03687451,0.40038874,0.03573953
q_1385,q_146,638,-0.35236983,0.03475647,-0.36216827,0.03447863
q_1385,q_1483,579,-0.00450145,0.04166582,-0.01991738,0.04165014
q_1385,q_1488,581,0.04406679,0.04151374,0.04086506,0.04152506
q_1385,q_1507,817,0.1039081,0.03467155,0.14802032,0.03428204
q_1385,q_1511,857,-0.12577087,0.033678,-0.13167726,0.03362597
q_1385,q_1555,709,-0.05735435,0.03751169,-0.10200728,0.03724388
q_1385,q_1578,510,0.10366158,0.04393432,0.12200237,0.04375051
q_1385,q_1588,538,0.04396969,0.04315018,0.06950773,0.04302489
q_1385,q_1606,569,0.15429304,0.04103248,0.17603878,0.04073054
q_1385,q_1609,556,-0.16382027,0.0413831,-0.17473953,0.04122589
q_1385,q_1616,537,0.12901662,0.04255392,0.1527012,0.04226518
q_1385,q_1624,679,0.23002799,0.03642643,0.25082751,0.03604175
q_1385,q_1635,580,-0.1282847,0.04094543,-0.10195074,0.04119784
q_1385,q_1662,578,0.17011305,0.04049607,0.18392605,0.04029212
q_1385,q_1671,554,-0.32189748,0.03818716,-0.34913786,0.03740844
q_1385,q_1676,551,0.01453358,0.04270886,0.00047188,0.04271787
q_1385,q_1681,683,-0.12195694,0.03777788,-0.11940056,0.03780154
q_1385,q_1685,576,0.00712304,0.04177348,0.03986496,0.04170921
q_1385,q_1694,602,0.01109357,0.04085386,0.04629201,0.04077133
q_1385,q_1706,677,0.11663902,0.03799453,0.09417656,0.03817693
q_1385,q_1742,552,0.32940002,0.03804811,0.337912,0.03780568
q_1385,q_1757,567,0.29998074,0.0383184,0.29996946,0.03831868
q_1385,q_1758,572,-0.14970364,0.04098266,-0.15109847,0.04096507
q_1385,q_1763,639,0.50573679,0.02951065,0.51513157,0.02913035
q_1385,q_1764,564,0.33965946,0.03734917,0.33956096,0.03735199
q_1385,q_1765,518,-0.34386246,0.03885493,-0.3741332,0.0378972
q_1385,q_1768,809,0.15560331,0.03437065,0.19724539,0.0338531
q_1385,q_1769,561,0.17537507,0.04103135,0.17260357,0.04107218
q_1385,q_1780,1092,-0.03390465,0.0302682,-0.05827547,0.03020012
q_1385,q_1781,600,0.15892537,0.03989356,0.13508133,0.04018048
q_1385,q_1803,553,0.28180895,0.03925382,0.29802867,0.0388528
q_1385,q_1830,566,0.00264278,0.04214468,0.0074074,0.04214266
q_1385,q_1835,568,0.25061593,0.03942795,0.25030164,0.03943457
q_1385,q_1854,574,0.28262912,0.03850586,0.29400086,0.03823144
q_1385,q_1869,551,0.34332374,0.03768268,0.32705901,0.03814845
q_1385,q_1871,710,-0.01087345,0.03760442,-0.0131078,0.03760241
q_1385,q_1880,567,0.0518103,0.04199457,0.07109132,0.04189479
q_1385,q_1883,574,0.28919379,0.03834876,0.24724683,0.03929044
q_1385,q_1896,703,-0.2475862,0.03547957,-0.22671229,0.03585377
q_1385,q_1910,596,0.28407001,0.0377513,0.25335941,0.03842907
q_1385,q_1915,803,0.09706543,0.03502223,0.11989979,0.03484707
q_1385,q_1989,557,0.03916041,0.04242078,0.07621359,0.04223915
q_1385,q_2011,576,0.07994474,0.0415086,0.12900774,0.04108033
q_1385,q_2020,578,-0.01893215,0.04168794,-0.02198868,0.04168272
q_1385,q_2161,837,-0.08203813,0.03439412,-0.08202222,0.03439421
q_1385,q_219,593,0.27221476,0.03811866,0.27978446,0.03794664
q_1385,q_22,583,-0.03326134,0.0414768,-0.04262812,0.04144729
q_1385,q_228,570,0.29597062,0.03831726,0.32346918,0.03760191
q_1385,q_238,542,-0.02325359,0.04304976,-0.01029607,0.04306848
q_1385,q_239,542,-0.23206861,0.04075331,-0.20945163,0.04118344
q_1385,q_248,557,0.11820851,0.04189226,0.07498537,0.04224704
q_1385,q_251,658,-0.29299634,0.03571892,-0.3214354,0.03503616
q_1385,q_258,567,0.16430802,0.04097081,0.20015074,0.04042075
q_1385,q_2745,605,0.15607133,0.03976419,0.16769079,0.03961086
q_1385,q_2754,604,0.03781048,0.04073253,0.08812695,0.04047405
q_1385,q_2775,580,-0.06780678,0.04143914,-0.12488016,0.04098131
q_1385,q_278,528,0.26661912,0.04054114,0.26533203,0.04057102
q_1385,q_292,639,0.14139782,0.03885979,0.14036375,0.03887134
q_1385,q_2951,547,0.107585,0.04237839,0.12148064,0.04224192
q_1385,q_312,563,-0.3128787,0.03812098,-0.32752426,0.03772464
q_1385,q_343,551,0.38479818,0.03639266,0.39939715,0.03590361
q_1385,q_345,562,0.24436543,0.03976984,0.23539564,0.03995185
q_1385,q_348,592,0.19226848,0.03968108,0.16098363,0.04013644
q_1385,q_35,555,-0.07782771,0.04230502,-0.07161348,0.04234454
q_1385,q_364,710,-0.29387007,0.03436098,-0.29204215,0.03440126
q_1385,q_377,586,0.35824931,0.03610036,0.37954607,0.03544961
q_1385,q_38,574,0.20089374,0.04015976,0.19344835,0.04028262
q_1385,q_381,600,-0.21967382,0.03895226,-0.22224141,0.03890583
q_1385,q_4229,558,0.27864178,0.03915195,0.26976481,0.03935859
q_1385,q_4231,565,0.32745536,0.03765936,0.29168978,0.03859345
q_1385,q_4236,592,0.19275464,0.03967336,0.24320633,0.03876708
q_1385,q_4244,582,-0.17514025,0.04028381,-0.1462331,0.04066989
q_1385,q_4249,572,-0.06084348,0.04176699,-0.07472201,0.04168811
q_1385,q_4251,617,-0.12255456,0.03975057,-0.15460001,0.03939214
q_1385,q_4256,556,-0.0080122,0.0425216,0.02924495,0.04248796
q_1385,q_4257,532,0.2813775,0.04003594,0.29166318,0.03977968
q_1385,q_4261,554,-0.05554334,0.04247,-0.0291865,0.04256514
q_1385,q_4265,573,0.24071409,0.03945841,0.24566373,0.03935758
q_1385,q_4276,577,0.05444718,0.04161546,0.05430844,0.04161609
q_1385,q_4291,568,0.11136374,0.04154857,0.11037011,0.04155783
q_1385,q_463,653,0.10091097,0.03882382,0.08616849,0.03893199
q_1385,q_491,552,0.24091748,0.04020182,0.26891525,0.03959261
q_1385,q_497,516,-0.03121879,0.04410805,-0.02358807,0.04412651
q_1385,q_516,796,0.10772053,0.03509898,0.14001829,0.03481484
q_1385,q_52,500,-0.06979272,0.04463764,-0.07667086,0.04459245
q_1385,q_530,837,0.14801931,0.0338685,0.16400221,0.03369581
q_1385,q_566,592,-0.06449085,0.04103291,-0.06858297,0.04101047
q_1385,q_594,564,-0.20897408,0.04037628,-0.18921768,0.04070842
q_1385,q_6,492,0.3852678,0.03850927,0.37310724,0.03892631
q_1385,q_610,559,-0.10854006,0.04190982,-0.15195573,0.04143019
q_1385,q_619,849,0.12232715,0.03386624,0.11543262,0.0339226
q_1385,q_630,578,-0.14697576,0.04080202,-0.15926248,0.04064511
q_1385,q_636,596,-0.06286854,0.04090277,-0.07757086,0.04081798
q_1385,q_660,595,-0.19897716,0.03947253,-0.21436692,0.03921108
q_1385,q_793,511,0.15433066,0.04331107,0.17462842,0.04301482
q_1385,q_808,543,-0.07779124,0.04277273,-0.06894139,0.04282862
q_1385,q_811,539,-0.12801831,0.04248554,-0.13225637,0.04243789
q_1385,q_819,559,0.25289759,0.03969706,0.26318433,0.03947191
q_1385,q_82,558,0.09956943,0.04202681,0.08632799,0.04213129
q_1385,q_820,526,0.15421554,0.04268701,0.1713163,0.04244359
q_1385,q_844,642,0.45692665,0.0313001,0.40843328,0.03296018
q_1385,q_848,524,-0.19142724,0.04220538,-0.17013992,0.04254258
q_1385,q_85,568,0.04147804,0.04199794,0.07054931,0.04186092
q_1385,q_880,601,-0.15827261,0.03986866,-0.16772544,0.03974265
q_1385,q_901,595,-0.12417769,0.04046598,-0.14235204,0.0402669
q_1385,q_905,540,0.13115547,0.04241087,0.14076108,0.04229816
q_1385,q_915,493,-0.19246311,0.04350201,-0.20121129,0.04334642
q_1385,q_917,697,0.11433771,0.03746323,0.10665221,0.0375277
q_1392,q_1422,617,0.04599873,0.04027133,0.0894885,0.04003353
q_1392,q_1441,605,0.36701819,0.0352669,0.40096802,0.03420424
q_1392,q_145,564,0.15010423,0.04126876,0.14030851,0.04138887
q_1392,q_1457,602,0.14261024,0.04002792,0.14092558,0.04004743
q_1392,q_146,807,-0.02755744,0.0352405,-0.05569589,0.03515788
q_1392,q_1483,575,0.04956396,0.04170939,0.04100027,0.04174181
q_1392,q_1488,604,0.09336342,0.04043529,0.10582349,0.04033405
q_1392,q_1507,890,0.19386826,0.03231474,0.22095271,0.0319375
q_1392,q_1511,904,-0.05330206,0.03322018,-0.09344211,0.03302394
q_1392,q_1555,730,-0.03916797,0.03703105,-0.0565892,0.03696918
q_1392,q_1578,566,0.07100179,0.04193251,0.06641196,0.04195909
q_1392,q_1588,592,0.02956333,0.04116827,0.05551813,0.04107728
q_1392,q_1606,626,0.25344905,0.03749058,0.26029839,0.0373496
q_1392,q_1609,597,0.1541452,0.04005558,0.14512452,0.04016635
q_1392,q_1616,600,0.26894307,0.03796699,0.27361678,0.03786321
q_1392,q_1624,848,-0.08549931,0.03414957,-0.03530539,0.03435817
q_1392,q_1635,615,0.01492065,0.04041361,0.0313989,0.04038275
q_1392,q_1662,654,0.24730247,0.0367961,0.26733775,0.03639198
q_1392,q_1671,592,-0.09219182,0.04085407,-0.09575332,0.04082649
q_1392,q_1676,556,-0.12379649,0.04187262,-0.15977906,0.04143871
q_1392,q_1681,716,0.06742038,0.03728006,0.08028426,0.03720891
q_1392,q_1685,555,-0.01066625,0.04255798,-0.02842351,0.04252844
q_1392,q_1694,587,0.14494715,0.04051091,0.19927954,0.03973699
q_1392,q_1706,759,-0.04641155,0.03629131,-0.04700531,0.03628929
q_1392,q_1742,618,0.22830816,0.03822202,0.23238316,0.03814632
q_1392,q_1757,604,0.01217422,0.04078481,0.00730353,0.04078867
q_1392,q_1758,594,0.01110557,0.04112943,0.02588523,0.04110694
q_1392,q_1763,867,0.06250812,0.03388776,0.10752048,0.03362739
q_1392,q_1764,598,0.00405226,0.04099533,0.04460994,0.04091442
q_1392,q_1765,561,-0.02867643,0.04229856,-0.05431296,0.0422085
q_1392,q_1768,904,0.27155164,0.03085818,0.26623474,0.03095344
q_1392,q_1769,632,0.29577258,0.0363845,0.30472993,0.03617003
q_1392,q_1780,1180,0.06031242,0.02904217,0.05180667,0.02906997
q_1392,q_1781,610,0.21590627,0.03869668,0.22215381,0.0385856
q_1392,q_1803,612,0.20785777,0.0387713,0.20245285,0.03886116
q_1392,q_1830,589,0.21379066,0.0394215,0.23280095,0.03907079
q_1392,q_1835,630,0.13319591,0.03922764,0.16781017,0.03881154
q_1392,q_1854,564,-0.0188623,0.04220501,0.00859308,0.04221692
q_1392,q_1869,591,0.14592142,0.04036119,0.16223787,0.04015384
q_1392,q_1871,724,0.0133813,0.03723528,0.03701784,0.03719091
q_1392,q_1880,582,0.29425818,0.03796011,0.31169963,0.03752089
q_1392,q_1883,593,0.16978473,0.03998257,0.23067301,0.03897873
q_1392,q_1896,759,-0.02251994,0.0363512,-0.06768935,0.03620301
q_1392,q_1910,642,-0.02918152,0.0395257,-0.00329726,0.03955896
q_1392,q_1915,886,0.0933825,0.03335922,0.12540085,0.03312348
q_1392,q_1989,590,-0.11865932,0.04069327,-0.0766994,0.04103161
q_1392,q_2011,597,0.15906775,0.03999232,0.21677142,0.03910248
q_1392,q_2020,575,-0.1139863,0.04126884,-0.11602881,0.0412492
q_1392,q_2161,878,-0.14429733,0.03310227,-0.18576795,0.03263953
q_1392,q_219,633,0.10245466,0.03942274,0.09737984,0.03946315
q_1392,q_22,627,-0.00088794,0.04003201,0.00524366,0.04003094
q_1392,q_228,613,0.20986095,0.03870562,0.20698371,0.03875418
q_1392,q_238,558,0.10535644,0.04197647,0.12356629,0.04179952
q_1392,q_239,566,-0.15540668,0.04112712,-0.14522914,0.04125607
q_1392,q_248,567,0.10627283,0.04163204,0.09345917,0.0417398
q_1392,q_251,704,-0.01926455,0.03775546,-0.04608445,0.03768926
q_1392,q_258,586,0.23698042,0.03908987,0.26821848,0.03843627
q_1392,q_2745,577,0.59498005,0.02696347,0.62430375,0.02547113
q_1392,q_2754,608,0.49227187,0.0308036,0.50952747,0.0301008
q_1392,q_2775,682,-0.26478776,0.0356858,-0.34813454,0.03372534
q_1392,q_278,574,0.0633799,0.04168059,0.07818426,0.04159289
q_1392,q_292,694,0.2532973,0.03560105,0.25543275,0.03555972
q_1392,q_2951,600,0.22045895,0.03893812,0.24265774,0.03851736
q_1392,q_312,604,-0.10233171,0.0403637,-0.10398519,0.04034978
q_1392,q_343,607,0.09618887,0.04031295,0.10246122,0.04026225
q_1392,q_345,587,-0.04653159,0.0412907,-0.06144585,0.04122406
q_1392,q_348,613,0.2708843,0.03751782,0.2774446,0.03737217
q_1392,q_35,631,-0.0531685,0.03979154,-0.0757006,0.03967567
q_1392,q_364,726,0.04659754,0.03710965,0.02929007,0.03715849
q_1392,q_377,608,0.06167838,0.04050112,0.07422841,0.04043177
q_1392,q_38,623,0.3271278,0.03586324,0.35611368,0.03506787
q_1392,q_381,628,-0.05568191,0.03987598,-0.06548879,0.03982845
q_1392,q_4229,628,0.14867773,0.0391158,0.15573641,0.03902985
q_1392,q_4231,646,0.11790072,0.03888796,0.1166009,0.03889999
q_1392,q_4236,612,-0.06063192,0.04037308,-0.020967,0.04050423
q_1392,q_4244,642,0.28049718,0.03644691,0.29157069,0.03619631
q_1392,q_4249,617,-0.11360255,0.03983589,-0.10862659,0.03988052
q_1392,q_4251,630,-0.05247611,0.03982618,-0.05850991,0.03979944
q_1392,q_4256,644,-0.11261459,0.03899671,-0.09528699,0.039139
q_1392,q_4257,625,0.12487451,0.0394711,0.11533581,0.03956297
q_1392,q_4261,607,0.15664996,0.03969094,0.15667306,0.03969064
q_1392,q_4265,612,0.15964593,0.03948927,0.17767655,0.03924281
q_1392,q_4276,629,0.13293583,0.03926173,0.12832697,0.03930985
q_1392,q_4291,604,-0.19131544,0.03929784,-0.22392578,0.03874549
q_1392,q_463,682,0.03613934,0.03832636,0.01660285,0.0383659
q_1392,q_491,608,0.13043767,0.03996406,0.13798441,0.03988171
q_1392,q_497,558,-0.05966764,0.04229651,-0.0682271,0.04225004
q_1392,q_516,767,0.62018955,0.02226312,0.63108617,0.02176984
q_1392,q_52,549,-0.04635713,0.04270408,-0.05689221,0.04265753
q_1392,q_530,889,0.11465326,0.03315403,0.14389926,0.03289999
q_1392,q_566,617,-0.26008183,0.03762688,-0.25985794,0.03763158
q_1392,q_594,596,-0.0155364,0.04105517,-0.02197708,0.04104524
q_1392,q_6,542,0.06142264,0.04291055,0.1068958,0.04258087
q_1392,q_610,590,-0.25349424,0.03862215,-0.24634349,0.03876967
q_1392,q_619,895,0.0288349,0.03345464,0.06128328,0.03335673
q_1392,q_630,634,-0.04066998,0.03974352,-0.07332472,0.03959534
q_1392,q_636,601,0.05495863,0.04076953,0.00623482,0.04089145
q_1392,q_660,659,0.0406758,0.03897884,0.04206835,0.03897434
q_1392,q_793,640,0.06981693,0.03942831,0.04882947,0.03952697
q_1392,q_808,623,-0.12907602,0.03949186,-0.11596814,0.03962086
q_1392,q_811,591,-0.07392925,0.04101391,-0.08655375,0.04093036
q_1392,q_819,592,0.13044084,0.0405032,0.15282908,0.04024188
q_1392,q_82,608,-0.29525198,0.03711167,-0.28924398,0.03725443
q_1392,q_820,556,0.16485476,0.04136864,0.18166823,0.04112088
q_1392,q_844,832,0.02998575,0.03470021,0.06729936,0.03457413
q_1392,q_848,562,-0.08425259,0.04199526,-0.09010714,0.04195208
q_1392,q_85,620,0.19167074,0.03877948,0.2025621,0.03860662
q_1392,q_880,614,-0.11283072,0.03994064,-0.13018012,0.03977007
q_1392,q_901,606,-0.09977779,0.04031772,-0.0970363,0.0403397
q_1392,q_905,628,-0.08502287,0.03971084,-0.10621952,0.0395487
q_1392,q_915,546,-0.09635555,0.04251568,-0.0891974,0.04257268
q_1392,q_917,759,-0.13079607,0.03574745,-0.13933431,0.03566357
q_1422,q_1441,391,-0.03917004,0.05068942,-0.06738935,0.05053676
q_1422,q_145,439,-0.05443371,0.04774941,-0.03686429,0.04782623
q_1422,q_1457,411,0.22179561,0.04707195,0.20416842,0.04744367
q_1422,q_146,560,-0.01620651,0.04236023,-0.02501196,0.04234485
q_1422,q_1483,362,-0.35382438,0.04617062,-0.33371986,0.04690015
q_1422,q_1488,411,-0.35886749,0.04313153,-0.33923938,0.0438099
q_1422,q_1507,585,0.27136673,0.03839886,0.27292479,0.03836371
q_1422,q_1511,593,-0.27831136,0.03798049,-0.29298252,0.03763542
q_1422,q_1555,532,-0.13694592,0.04266286,-0.15188791,0.04247522
q_1422,q_1578,383,0.23576312,0.04844751,0.24118246,0.04831491
q_1422,q_1588,406,0.07966456,0.04949741,0.0846246,0.04945682
q_1422,q_1606,446,0.2647663,0.04418083,0.27864821,0.04382242
q_1422,q_1609,399,-0.2072674,0.04809308,-0.19420393,0.04835663
q_1422,q_1616,403,0.20924628,0.0478108,0.20839836,0.04782851
q_1422,q_1624,567,0.29751411,0.03838046,0.2641491,0.03916955
q_1422,q_1635,419,0.0366705,0.0489631,0.03738705,0.0489605
q_1422,q_1662,410,-0.02495572,0.04953729,-0.00975858,0.04956344
q_1422,q_1671,434,-0.11977672,0.04747726,-0.11108828,0.04757388
q_1422,q_1676,388,0.01582835,0.05095195,0.01629889,0.05095118
q_1422,q_1681,481,0.08351248,0.04541994,0.08362775,0.04541906
q_1422,q_1685,412,0.08193606,0.04911486,0.0657438,0.0492331
q_1422,q_1694,434,0.23150302,0.04558679,0.26683645,0.04473864
q_1422,q_1706,495,-0.05435924,0.04495026,-0.0586277,0.04492852
q_1422,q_1742,402,0.19909594,0.04807818,0.21531333,0.04774172
q_1422,q_1757,444,-0.01453113,0.04760899,-0.03430682,0.047563
q_1422,q_1758,455,-0.03981955,0.04696146,-0.03420941,0.046981
q_1422,q_1763,568,0.15889436,0.04100815,0.14714939,0.04115937
q_1422,q_1764,429,-0.03592824,0.04838762,-0.0464278,0.04834572
q_1422,q_1765,365,-0.05369093,0.05240732,-0.0854406,0.05217515
q_1422,q_1768,586,0.2954308,0.03780103,0.28713676,0.03800114
q_1422,q_1769,430,0.34551607,0.04261612,0.3383586,0.042853
q_1422,q_1780,761,-0.15621967,0.03543522,-0.1695941,0.03527695
q_1422,q_1781,423,-0.04139837,0.04871138,-0.0459922,0.04869179
q_1422,q_1803,438,0.14027024,0.04700295,0.14195296,0.04698018
q_1422,q_1830,467,0.0772143,0.04614705,0.08581158,0.04608199
q_1422,q_1835,448,0.12702512,0.04663966,0.10385291,0.04689327
q_1422,q_1854,436,0.18534863,0.04640598,0.17879187,0.04652072
q_1422,q_1869,392,0.10012498,0.05019372,0.10197714,0.05017475
q_1422,q_1871,495,-0.07025772,0.04486094,-0.05570494,0.04494359
q_1422,q_1880,418,0.01276214,0.04908007,0.04226125,0.0490004
q_1422,q_1883,463,0.53153776,0.0334521,0.51781165,0.03412367
q_1422,q_1896,495,-0.14843432,0.04409017,-0.12094412,0.04442402
q_1422,q_1910,406,0.00788599,0.04981045,0.0212978,0.04979095
q_1422,q_1915,617,0.28607406,0.03705399,0.30115727,0.03669654
q_1422,q_1989,408,0.09928607,0.04920057,0.06036667,0.04950932
q_1422,q_2011,405,0.07079744,0.04962548,0.05438613,0.04972794
q_1422,q_2020,443,0.12937013,0.04687524,0.11245356,0.04707026
q_1422,q_2161,581,-0.12485806,0.04094608,-0.12907789,0.04090151
q_1422,q_219,439,0.06008153,0.04771844,0.06675958,0.04767787
q_1422,q_22,361,-0.25696999,0.04936166,-0.27633477,0.04881584
q_1422,q_228,432,0.12553412,0.04751961,0.12037781,0.04758083
q_1422,q_238,376,-0.00075785,0.05177801,0.032578,0.05172308
q_1422,q_239,378,0.03134203,0.05158905,0.04728021,0.05152434
q_1422,q_248,377,0.05899974,0.05152877,0.05509271,0.05155182
q_1422,q_251,493,-0.04441171,0.04508629,-0.0441481,0.04508735
q_1422,q_258,450,0.27432249,0.04373904,0.27255286,0.04378481
q_1422,q_2745,439,-0.01832735,0.04787523,0.01052331,0.04788601
q_1422,q_2754,451,0.03162205,0.04719832,0.04517596,0.04714914
q_1422,q_2775,382,-0.04974916,0.05123942,-0.04614462,0.05125717
q_1422,q_278,388,0.15589557,0.0497261,0.12956657,0.05010915
q_1422,q_292,469,0.04289201,0.04623888,0.07926787,0.04603303
q_1422,q_2951,425,0.05105549,0.04855235,0.04734352,0.04857013
q_1422,q_312,462,-0.16935729,0.04533725,-0.16931027,0.04533799
q_1422,q_343,429,0.10902027,0.04787431,0.10241381,0.04794198
q_1422,q_345,441,0.06004769,0.04760956,0.05710639,0.04762602
q_1422,q_348,399,-0.07028009,0.05000368,-0.03518924,0.05018966
q_1422,q_35,442,-0.21845768,0.04544967,-0.2129419,0.04556323
q_1422,q_364,483,-0.07976888,0.04535311,-0.04522242,0.0455502
q_1422,q_377,440,0.0507015,0.04771352,0.05087716,0.04771266
q_1422,q_38,445,0.11133954,0.04697551,0.12388644,0.04683513
q_1422,q_381,460,-0.07014672,0.04654785,-0.07743455,0.04649754
q_1422,q_4229,430,0.07979983,0.04808522,0.07052101,0.04815272
q_1422,q_4231,452,0.15691736,0.04603088,0.19153513,0.04546161
q_1422,q_4236,444,0.27185199,0.04409983,0.24906699,0.04466503
q_1422,q_4244,448,-0.16786124,0.04606881,-0.17055584,0.04602558
q_1422,q_4249,452,-0.10575075,0.04666515,-0.10325972,0.04668972
q_1422,q_4251,472,-0.15605348,0.04505121,-0.15831989,0.04501831
q_1422,q_4256,471,0.04249545,0.04614154,0.01799052,0.04621006
q_1422,q_4257,442,0.1508636,0.04664113,0.14430043,0.04673359
q_1422,q_4261,470,-0.14414397,0.04531301,-0.11744923,0.04563616
q_1422,q_4265,448,0.10503395,0.04688157,0.06456249,0.04720695
q_1422,q_4276,453,-0.15808319,0.0459624,-0.16275291,0.04589177
q_1422,q_4291,453,0.23430537,0.04455249,0.22879292,0.04467283
q_1422,q_463,466,-0.06070928,0.04630266,-0.0567077,0.04632449
q_1422,q_491,340,0.5993562,0.03490508,0.62112149,0.03345805
q_1422,q_497,398,-0.1054307,0.04975617,-0.11356159,0.04966658
q_1422,q_516,563,0.01995396,0.04224089,0.03046286,0.0422185
q_1422,q_52,372,-0.19248594,0.05012913,-0.20453473,0.04988011
q_1422,q_530,596,0.3333006,0.03650319,0.31752045,0.03692493
q_1422,q_566,467,0.07166461,0.04618541,0.06442868,0.04623113
q_1422,q_594,391,0.01481487,0.05075617,0.01872006,0.05074952
q_1422,q_6,389,0.06571205,0.05067888,0.08242624,0.05055285
q_1422,q_610,426,0.0586137,0.04845462,0.05693931,0.04846403
q_1422,q_619,584,0.60407919,0.0263479,0.59205818,0.02694444
q_1422,q_630,459,-0.16609969,0.04553731,-0.17873217,0.04533332
q_1422,q_636,340,-0.32571745,0.04869428,-0.33076172,0.04851389
q_1422,q_660,444,-0.13832026,0.04670798,-0.11901813,0.04694451
q_1422,q_793,432,-0.13505682,0.0473998,-0.13211226,0.04743778
q_1422,q_808,460,-0.00098217,0.04677798,-0.01223494,0.04677102
q_1422,q_811,407,-0.21608538,0.0474288,-0.22694506,0.04718944
q_1422,q_819,430,0.24674132,0.04544714,0.24433575,0.04550431
q_1422,q_82,446,0.25335698,0.04446169,0.23173352,0.04496005
q_1422,q_820,382,0.19360522,0.04944118,0.23395932,0.0485549
q_1422,q_844,549,0.07416265,0.04256067,0.05843521,0.04264991
q_1422,q_848,402,-0.14708446,0.04897957,-0.15062171,0.04892685
q_1422,q_85,463,0.07096102,0.04639046,0.07950466,0.04633052
q_1422,q_880,461,-0.09366489,0.04631699,-0.10160858,0.04624451
q_1422,q_901,413,-0.17602035,0.04785633,-0.15952286,0.04812972
q_1422,q_905,425,-0.02562569,0.04864727,-0.03991356,0.04860169
q_1422,q_915,393,0.01145635,0.05063032,0.01314235,0.05062822
q_1422,q_917,504,0.1107573,0.04412865,0.09901502,0.0442387
q_1441,q_145,412,0.05344997,0.04930555,0.06591484,0.04923198
q_1441,q_1457,431,0.13888318,0.04740448,0.13619652,0.0474402
q_1441,q_146,531,-0.16751665,0.04229818,-0.19396575,0.0418821
q_1441,q_1483,403,0.07679189,0.04970515,0.1038262,0.04946101
q_1441,q_1488,422,0.17069324,0.0474298,0.19904851,0.04691762
q_1441,q_1507,624,0.08896395,0.03981102,0.13111157,0.0394388
q_1441,q_1511,618,-0.00845624,0.04032101,-0.0312245,0.04028458
q_1441,q_1555,523,0.1275943,0.04313896,0.10419835,0.04337678
q_1441,q_1578,417,-0.16438223,0.04781928,-0.16667282,0.04778201
q_1441,q_1588,409,-0.1222464,0.0488875,-0.10891535,0.04904044
q_1441,q_1606,459,0.06112862,0.0466543,0.09034075,0.0464471
q_1441,q_1609,367,0.25145874,0.04910001,0.24715884,0.04921239
q_1441,q_1616,390,-0.03703268,0.05076314,-0.02698326,0.05079585
q_1441,q_1624,614,-0.1483558,0.03956526,-0.1426985,0.03963188
q_1441,q_1635,417,0.00393184,0.04914656,0.01661973,0.04913374
q_1441,q_1662,445,0.12219737,0.0468549,0.14799503,0.04652335
q_1441,q_1671,437,-0.00132159,0.04800145,0.00029177,0.04800153
q_1441,q_1676,364,-0.17780072,0.05096773,-0.23760202,0.04966028
q_1441,q_1681,490,-0.13274025,0.04451589,-0.16318042,0.0441077
q_1441,q_1685,433,-0.07904322,0.04792299,-0.12721977,0.04744378
q_1441,q_1694,458,0.0764779,0.04660652,0.07695458,0.0466031
q_1441,q_1706,525,0.11720155,0.04316759,0.11788112,0.0431606
q_1441,q_1742,412,-0.05535398,0.04929531,-0.04645717,0.0493401
q_1441,q_1757,453,0.12669577,0.04638376,0.1572435,0.04597488
q_1441,q_1758,467,0.08375929,0.04609814,0.10118292,0.04594855
q_1441,q_1763,580,0.06854102,0.04143497,0.11956965,0.04103536
q_1441,q_1764,442,0.22420397,0.04532826,0.22197583,0.04537571
q_1441,q_1765,383,-0.02310693,0.05127153,-0.02821548,0.05125808
q_1441,q_1768,583,-0.05409531,0.04140123,-0.03931676,0.04145855
q_1441,q_1769,452,0.00541683,0.04719153,0.0290457,0.0471531
q_1441,q_1780,750,0.09284404,0.0362727,0.10285753,0.036201
q_1441,q_1781,467,0.10942549,0.04586796,0.1203652,0.04575126
q_1441,q_1803,438,0.00589685,0.04794466,0.0086165,0.04794277
q_1441,q_1830,445,0.09481015,0.04713759,0.13075539,0.04675193
q_1441,q_1835,450,-0.03242288,0.04724865,-0.02895459,0.04725872
q_1441,q_1854,439,0.05441323,0.04774952,0.04605447,0.04778974
q_1441,q_1869,427,0.0808381,0.04824694,0.06658768,0.04834896
q_1441,q_1871,521,0.11237608,0.04338262,0.11720335,0.04333392
q_1441,q_1880,428,0.14600442,0.04747308,0.22113477,0.0461351
q_1441,q_1883,443,-0.02398457,0.04764571,-0.01531591,0.04766195
q_1441,q_1896,516,-0.0188366,0.04413541,-0.04190939,0.04407353
q_1441,q_1910,451,0.12892055,0.04646031,0.1628043,0.0459933
q_1441,q_1915,603,-0.07405493,0.04060094,-0.06181669,0.04066883
q_1441,q_1989,411,-0.03854707,0.04943382,0.00206799,0.04950717
q_1441,q_2011,384,0.17834812,0.04960198,0.19829222,0.04921714
q_1441,q_2020,450,0.04090579,0.04721923,0.05116775,0.04717454
q_1441,q_2161,591,-0.01473994,0.04123035,-0.03418531,0.04119111
q_1441,q_219,487,0.10361561,0.04496654,0.11838296,0.04481752
q_1441,q_22,405,0.14386893,0.04884313,0.15813369,0.04862827
q_1441,q_228,455,0.08218861,0.04671832,0.13948427,0.04612092
q_1441,q_238,395,0.07722416,0.05020642,0.08784868,0.05011784
q_1441,q_239,411,-0.05322086,0.04936715,-0.0558896,0.04935273
q_1441,q_248,397,0.01469361,0.0503684,0.01507618,0.05036782
q_1441,q_251,474,-0.11178483,0.04550179,-0.15613831,0.04495423
q_1441,q_258,461,-0.05261666,0.04659757,-0.04932898,0.04661323
q_1441,q_2745,479,0.3404669,0.04052185,0.37762888,0.0392987
q_1441,q_2754,438,0.20334937,0.0459637,0.25999504,0.04470528
q_1441,q_2775,374,-0.21510564,0.04951517,-0.29319901,0.0474543
q_1441,q_278,417,-0.01713047,0.0491329,0.00089665,0.04914728
q_1441,q_292,469,0.16831636,0.04501173,0.21342469,0.04421404
q_1441,q_2951,445,0.32818801,0.04244203,0.3367294,0.04217189
q_1441,q_312,455,0.03212731,0.04698749,0.03609834,0.04697475
q_1441,q_343,443,0.05236676,0.0475424,0.08518173,0.04732722
q_1441,q_345,456,-0.08731152,0.04662592,-0.07206943,0.04674006
q_1441,q_348,372,0.460954,0.04099673,0.47899945,0.04011373
q_1441,q_35,463,0.07622087,0.04635437,0.09706715,0.04618594
q_1441,q_364,483,-0.00983077,0.04563914,-0.04258206,0.04556078
q_1441,q_377,462,0.03161282,0.04662936,0.02626796,0.0466438
q_1441,q_38,451,0.06904933,0.0470203,0.07924978,0.04694883
q_1441,q_381,442,-0.02492563,0.04769774,-0.06474167,0.04752735
q_1441,q_4229,466,0.07745655,0.04619512,0.07744217,0.04619522
q_1441,q_4231,449,0.09088323,0.04696026,0.07897049,0.04705607
q_1441,q_4236,461,-0.07754088,0.04644598,-0.10789213,0.046183
q_1441,q_4244,486,0.2184878,0.04332947,0.24366894,0.04279994
q_1441,q_4249,454,0.02212425,0.04706511,0.01128526,0.04708216
q_1441,q_4251,462,-0.02255879,0.04665225,-0.06552773,0.04647558
q_1441,q_4256,453,-0.00119117,0.04714039,-0.02018541,0.04712124
q_1441,q_4257,447,0.09681025,0.04701311,0.10989232,0.04688478
q_1441,q_4261,454,-0.06966716,0.04685962,-0.05538699,0.04694371
q_1441,q_4265,471,0.09420842,0.04581476,0.11831347,0.04557796
q_1441,q_4276,468,0.11195021,0.04579269,0.13208282,0.04556486
q_1441,q_4291,435,-0.2223648,0.04573355,-0.26164953,0.04481872
q_1441,q_463,469,0.06563974,0.04612451,0.0385031,0.04625543
q_1441,q_491,389,-0.09234163,0.05046465,-0.08669438,0.05051611
q_1441,q_497,405,0.02205141,0.04985121,0.02483062,0.04984472
q_1441,q_516,638,0.42910343,0.03237682,0.44260272,0.03190985
q_1441,q_52,358,0.06746671,0.05283291,0.06505547,0.05284987
q_1441,q_530,628,0.0687833,0.03981075,0.0876506,0.03969269
q_1441,q_566,467,-0.03381409,0.04637075,-0.04947425,0.0463102
q_1441,q_594,424,-0.00309076,0.04873655,0.00014332,0.04873702
q_1441,q_6,382,0.12810883,0.05052353,0.15513592,0.0501303
q_1441,q_610,360,-0.41868232,0.04364802,-0.45692762,0.04187565
q_1441,q_619,617,-0.10063564,0.039948,-0.07745894,0.04011458
q_1441,q_630,449,-0.00560619,0.04734988,-0.00517012,0.04735011
q_1441,q_636,432,0.15284204,0.04715259,0.12981393,0.04746685
q_1441,q_660,466,0.02092453,0.04645359,0.03760219,0.04640823
q_1441,q_793,442,0.20302191,0.04576017,0.22450957,0.04532172
q_1441,q_808,440,-0.05472778,0.04769321,-0.03866357,0.04776498
q_1441,q_811,414,0.06133209,0.04914082,0.0410161,0.04924338
q_1441,q_819,415,0.05483116,0.04911835,0.06910737,0.04903118
q_1441,q_82,443,-0.18992549,0.04595348,-0.21395849,0.04549074
q_1441,q_820,394,-0.06890028,0.0503321,-0.03352566,0.05051533
q_1441,q_844,595,0.24453039,0.03864218,0.25879166,0.03834717
q_1441,q_848,415,0.01040481,0.04926113,-0.00295612,0.04926603
q_1441,q_85,468,-0.01146312,0.0463678,0.00581663,0.04637232
q_1441,q_880,478,0.10012208,0.04542319,0.06622905,0.04568189
q_1441,q_901,431,0.0083399,0.04833346,8.212e-05,0.04833682
q_1441,q_905,448,-0.01213862,0.04739756,-0.04559462,0.047306
q_1441,q_915,397,-0.04045944,0.0502968,-0.03798308,0.05030659
q_1441,q_917,501,-0.07725146,0.04454365,-0.09773149,0.04438306
q_145,q_1457,434,0.17221866,0.04673967,0.21908082,0.0458564
q_145,q_146,532,-0.3476117,0.03822461,-0.35553391,0.03798242
q_145,q_1483,405,-0.03918951,0.04979887,-0.01817685,0.04985899
q_145,q_1488,431,0.0613592,0.04815484,0.08090241,0.04802045
q_145,q_1507,535,0.05991714,0.04319985,0.04383071,0.04327221
q_145,q_1511,565,-0.01700945,0.04217025,-0.03389758,0.04213398
q_145,q_1555,490,-0.15182126,0.04426984,-0.18417238,0.04377729
q_145,q_1578,395,0.16335164,0.04915989,0.13109245,0.04963964
q_145,q_1588,394,0.16557334,0.04918576,0.18663769,0.04881056
q_145,q_1606,449,0.15534175,0.04620873,0.18106907,0.04579891
q_145,q_1609,410,-0.04770781,0.04945534,-0.041072,0.04948454
q_145,q_1616,374,0.01682809,0.05190271,0.03940663,0.05183679
q_145,q_1624,521,0.13456096,0.04314192,0.15953411,0.04281922
q_145,q_1635,417,-0.11420091,0.04850635,-0.09627447,0.04869178
q_145,q_1662,430,0.04481079,0.04829622,0.06256393,0.04820397
q_145,q_1671,388,-0.23377603,0.04817943,-0.23174986,0.04822751
q_145,q_1676,402,-0.09106212,0.04964748,-0.11131261,0.04944232
q_145,q_1681,460,-0.0283931,0.04674032,-0.04569654,0.04668035
q_145,q_1685,413,-0.06814484,0.04915714,-0.0876728,0.04900687
q_145,q_1694,447,-0.05145853,0.04733223,0.00304388,0.04745746
q_145,q_1706,491,0.12921971,0.044512,0.12196226,0.04459452
q_145,q_1742,396,0.03273969,0.05038926,0.05953662,0.05026453
q_145,q_1757,414,0.15396009,0.04815714,0.15721229,0.04810723
q_145,q_1758,444,-0.25861282,0.04443426,-0.24537729,0.0447519
q_145,q_1763,525,0.36610982,0.0379022,0.40423528,0.03661672
q_145,q_1764,477,0.28030803,0.04232256,0.26956805,0.04259382
q_145,q_1765,336,-0.26973342,0.05081265,-0.27009407,0.05080198
q_145,q_1768,557,0.05876609,0.04233921,0.04178429,0.04241175
q_145,q_1769,450,-0.16199416,0.04605717,-0.16170181,0.04606164
q_145,q_1780,716,-0.09915393,0.0370821,-0.11508775,0.03695426
q_145,q_1781,440,0.04284582,0.04774867,0.03463575,0.0477791
q_145,q_1803,414,0.03586605,0.04926291,0.0412294,0.04924251
q_145,q_1830,420,-0.09984722,0.048482,-0.10902729,0.0483881
q_145,q_1835,458,0.24899098,0.04397428,0.25451048,0.043844
q_145,q_1854,442,0.33732631,0.04229654,0.33823206,0.04226734
q_145,q_1869,310,0.59381258,0.03694831,0.59025547,0.03718869
q_145,q_1871,493,-0.00426699,0.04517457,-0.01103866,0.04516989
q_145,q_1880,407,0.07977948,0.0494352,0.1118027,0.04912997
q_145,q_1883,452,0.04973514,0.04707618,0.06069251,0.04701908
q_145,q_1896,456,-0.28946357,0.04304734,-0.30921907,0.04249165
q_145,q_1910,434,0.23825928,0.04543391,0.26320926,0.04483125
q_145,q_1915,604,-0.01526959,0.04078134,-0.00495547,0.04078985
q_145,q_1989,399,-0.03540636,0.05018889,-0.03699721,0.05018311
q_145,q_2011,383,0.08675481,0.05091282,0.12410849,0.05050876
q_145,q_2020,451,-0.00610348,0.0472438,-0.00204359,0.04724536
q_145,q_2161,577,0.06638062,0.04155527,0.05738002,0.04160177
q_145,q_219,454,0.12930331,0.04630088,0.07991245,0.04678746
q_145,q_22,402,-0.13396384,0.04916418,-0.12097375,0.04932997
q_145,q_228,430,0.17962951,0.04683189,0.22049153,0.04604067
q_145,q_238,351,-0.20080216,0.05144417,-0.18185758,0.05183277
q_145,q_239,365,-0.27589274,0.04855822,-0.2656774,0.048849
q_145,q_248,366,0.20071145,0.05037197,0.20301042,0.05032325
q_145,q_251,442,-0.08632323,0.04737175,-0.12968062,0.04692476
q_145,q_258,443,-0.07301012,0.04741901,-0.04601855,0.04757217
q_145,q_2745,437,0.02346895,0.0479751,0.03557568,0.04794078
q_145,q_2754,477,0.10741315,0.04540158,0.10090436,0.04546386
q_145,q_2775,418,-0.02081088,0.04906681,-0.0693358,0.04885208
q_145,q_278,344,0.24615439,0.0508718,0.25462151,0.05064218
q_145,q_292,468,0.02745925,0.04633892,0.03197587,0.04632647
q_145,q_2951,394,0.10267215,0.05003906,0.1335207,0.04967058
q_145,q_312,434,-0.21316281,0.04597962,-0.19007587,0.04642804
q_145,q_343,455,0.29082035,0.0430579,0.32832682,0.04196563
q_145,q_345,424,0.07038434,0.04849558,0.06448032,0.04853438
q_145,q_348,419,0.02608418,0.04899568,0.04613591,0.04892467
q_145,q_35,445,-0.06645071,0.04735512,-0.06655317,0.04735447
q_145,q_364,485,-0.23099053,0.04311842,-0.22653515,0.04321127
q_145,q_377,436,0.34934056,0.04219212,0.34390244,0.04237329
q_145,q_38,412,0.06945026,0.04920832,0.10618037,0.04888934
q_145,q_381,461,-0.25860061,0.0436021,-0.2699987,0.04332057
q_145,q_4229,443,0.18316671,0.04607369,0.22029516,0.04535955
q_145,q_4231,413,0.20343952,0.04734249,0.20263863,0.04735855
q_145,q_4236,422,0.2159702,0.04657453,0.23970282,0.04604622
q_145,q_4244,416,-0.08002286,0.04889168,-0.06719066,0.04898463
q_145,q_4249,451,-0.08741308,0.04688455,-0.09976354,0.04677534
q_145,q_4251,453,-0.12446667,0.04641015,-0.15189462,0.04605283
q_145,q_4256,430,-0.10663901,0.04784307,-0.0963012,0.0479446
q_145,q_4257,440,0.17023155,0.04645024,0.18597812,0.04618193
q_145,q_4261,460,0.12821884,0.04600899,0.14196353,0.04583528
q_145,q_4265,414,0.09445987,0.04888624,0.11764197,0.0486437
q_145,q_4276,470,0.03633095,0.0462134,0.05057012,0.04615614
q_145,q_4291,448,0.05795078,0.04724535,0.03585915,0.04734359
q_145,q_463,464,0.1972802,0.04476198,0.16691755,0.04527701
q_145,q_491,396,-0.01510921,0.05043181,0.03012066,0.05039756
q_145,q_497,376,-0.12363061,0.05098663,-0.11655968,0.05107457
q_145,q_516,586,0.05587667,0.04128646,0.05804911,0.04127621
q_145,q_52,349,-0.13755085,0.05274317,-0.16849457,0.05223405
q_145,q_530,552,0.04303615,0.04259991,0.08919035,0.04233945
q_145,q_566,449,-0.09035738,0.04696477,-0.08577774,0.04700297
q_145,q_594,347,-0.1965798,0.05183286,-0.15655296,0.05259496
q_145,q_6,320,0.3047322,0.05094996,0.34666802,0.04941569
q_145,q_610,393,-0.19149947,0.04878001,-0.17875538,0.04901894
q_145,q_619,548,-0.03882582,0.04277072,-0.00950888,0.04283142
q_145,q_630,441,-0.28622792,0.04386725,-0.29079127,0.04374144
q_145,q_636,395,-0.01109991,0.0505014,-0.0391963,0.05043003
q_145,q_660,441,-0.21039365,0.04566676,-0.23055156,0.04524205
q_145,q_793,453,0.09449439,0.04671953,0.13565879,0.04627291
q_145,q_808,438,-0.15778331,0.04675268,-0.15873226,0.04673828
q_145,q_811,397,-0.01500449,0.05036793,-0.01304884,0.05037069
q_145,q_819,404,0.21229614,0.04768695,0.18694302,0.04819241
q_145,q_82,416,-0.02123885,0.04918459,-0.02645479,0.04917235
q_145,q_820,386,0.18002582,0.04944158,0.15979195,0.04979291
q_145,q_844,521,0.19603527,0.04224897,0.22805192,0.04165239
q_145,q_848,402,-0.09356177,0.04962438,-0.11859987,0.04935844
q_145,q_85,448,0.01286923,0.0473967,0.03328622,0.04735202
q_145,q_880,446,-0.18977168,0.04580039,-0.20427344,0.04552889
q_145,q_901,374,0.04695514,0.05180295,0.03508579,0.0518535
q_145,q_905,446,0.05736576,0.04735508,0.07535655,0.04724163
q_145,q_915,321,-0.6048954,0.03555865,-0.60695535,0.03541866
q_145,q_917,471,0.00460025,0.04622404,0.0134598,0.04621664
q_1457,q_146,560,-0.18226063,0.04096383,-0.19150621,0.04081741
q_1457,q_1483,435,-0.19635637,0.0462575,-0.19023319,0.04637139
q_1457,q_1488,511,0.01293652,0.0443604,0.02116308,0.04434795
q_1457,q_1507,590,0.19690965,0.03967407,0.19051234,0.03977636
q_1457,q_1511,626,-0.11615037,0.03952365,-0.14627573,0.03920692
q_1457,q_1555,513,-0.0457917,0.04418789,-0.08584408,0.04395443
q_1457,q_1578,403,0.38123185,0.04273311,0.37535633,0.04295538
q_1457,q_1588,433,0.17422476,0.04676047,0.20080984,0.04627966
q_1457,q_1606,514,0.41657961,0.0365605,0.41472968,0.03662853
q_1457,q_1609,476,-0.0517946,0.0458567,-0.04576393,0.04588375
q_1457,q_1616,396,0.32606401,0.04508031,0.33895112,0.044648
q_1457,q_1624,565,0.21315264,0.04026593,0.22860869,0.03997792
q_1457,q_1635,467,-0.13481662,0.04558006,-0.13441468,0.04558508
q_1457,q_1662,497,0.22025101,0.04280954,0.22592903,0.04269555
q_1457,q_1671,388,-0.28155507,0.04692458,-0.25940097,0.04753536
q_1457,q_1676,435,-0.0824644,0.04778534,-0.08612751,0.04775563
q_1457,q_1681,503,0.1351897,0.04390402,0.12423424,0.04403112
q_1457,q_1685,395,0.06007442,0.05032535,-0.00301099,0.05050717
q_1457,q_1694,519,0.13004391,0.04327806,0.11805103,0.04340905
q_1457,q_1706,506,-0.04103553,0.04451271,-0.04092361,0.04451312
q_1457,q_1742,450,0.30641667,0.04285748,0.32442255,0.04232022
q_1457,q_1757,542,-0.06802311,0.04287374,-0.06521104,0.04288988
q_1457,q_1758,533,-0.17057995,0.04217331,-0.14441013,0.04253137
q_1457,q_1763,571,0.23972283,0.0395478,0.27287173,0.03883484
q_1457,q_1764,528,0.12420421,0.0429703,0.14719149,0.04269803
q_1457,q_1765,405,-0.16098812,0.04858284,-0.18781861,0.04811607
q_1457,q_1768,583,0.32342629,0.03717927,0.34007176,0.03672068
q_1457,q_1769,542,0.27041913,0.03992327,0.28906781,0.03947386
q_1457,q_1780,744,-0.04390181,0.03666511,-0.04326955,0.03666714
q_1457,q_1781,531,0.29989284,0.03960546,0.30636317,0.03943475
q_1457,q_1803,482,0.16389975,0.04446376,0.1675814,0.044408
q_1457,q_1830,540,0.24920455,0.04047325,0.26151446,0.04020195
q_1457,q_1835,521,0.5986467,0.02819126,0.59096914,0.02859255
q_1457,q_1854,503,0.26636352,0.0415484,0.2609991,0.04167492
q_1457,q_1869,437,0.26822205,0.04454816,0.26720251,0.04457436
q_1457,q_1871,520,-0.03026978,0.04393965,-0.03663845,0.04392091
q_1457,q_1880,502,0.1000086,0.04431841,0.11685745,0.04415484
q_1457,q_1883,521,0.34280253,0.03877423,0.35213777,0.03848919
q_1457,q_1896,515,-0.17335091,0.04286612,-0.1891223,0.04261347
q_1457,q_1910,517,0.13180492,0.04334184,0.11698943,0.04350442
q_1457,q_1915,579,0.0882789,0.04134195,0.10539837,0.0412038
q_1457,q_1989,429,-0.202701,0.04645945,-0.19554573,0.04659751
q_1457,q_2011,429,0.16954005,0.04705752,0.19017268,0.04669793
q_1457,q_2020,520,-0.04527845,0.04388978,-0.02748287,0.04394673
q_1457,q_2161,597,-0.22210893,0.03900637,-0.22082994,0.03902961
q_1457,q_219,541,0.19359536,0.04149722,0.2183951,0.04105672
q_1457,q_22,446,-0.17582755,0.0460426,-0.1754967,0.04604812
q_1457,q_228,544,0.25074914,0.04029015,0.25821205,0.04012684
q_1457,q_238,434,-0.045683,0.04806778,-0.03197032,0.04811907
q_1457,q_239,424,-0.18000954,0.04715777,-0.17802221,0.04719245
q_1457,q_248,416,0.3108061,0.04445339,0.30290121,0.0446921
q_1457,q_251,485,-0.01596711,0.04553714,-0.04080672,0.0454729
q_1457,q_258,484,0.38635251,0.03879003,0.39495691,0.0384835
q_1457,q_2745,518,0.24020782,0.04152271,0.23412193,0.04164991
q_1457,q_2754,516,0.20295599,0.04233245,0.1934514,0.04249879
q_1457,q_2775,426,-0.0216801,0.04859881,-0.06959414,0.04838617
q_1457,q_278,454,0.26204912,0.04385463,0.27493698,0.04352875
q_1457,q_292,499,0.29455027,0.04100569,0.29749585,0.04092739
q_1457,q_2951,472,0.18188595,0.0446481,0.19302447,0.04445527
q_1457,q_312,505,-0.3382701,0.03952507,-0.33768816,0.03954263
q_1457,q_343,525,0.34828338,0.0384596,0.37268217,0.03768967
q_1457,q_345,526,0.23711624,0.04126844,0.22518163,0.04150969
q_1457,q_348,440,0.06914576,0.04760777,0.09769316,0.04737994
q_1457,q_35,510,-0.09217114,0.04403426,-0.09452041,0.04401478
q_1457,q_364,514,-0.12182469,0.04358086,-0.14482374,0.04330956
q_1457,q_377,542,0.27426676,0.039833,0.28650678,0.03953735
q_1457,q_38,488,0.35349171,0.03973368,0.36395316,0.03939288
q_1457,q_381,534,-0.1580189,0.0423127,-0.1810222,0.04197425
q_1457,q_4229,517,0.19405368,0.04244714,0.1952138,0.04242722
q_1457,q_4231,504,0.10398658,0.04419361,0.14449116,0.04374396
q_1457,q_4236,511,0.18296601,0.04288254,0.1857503,0.04283699
q_1457,q_4244,530,-0.08931821,0.04321317,-0.06575424,0.04337234
q_1457,q_4249,511,-0.34234429,0.03916793,-0.34035722,0.03922812
q_1457,q_4251,516,-0.04936232,0.0440435,-0.0390774,0.04408366
q_1457,q_4256,528,-0.21193746,0.04168322,-0.22997863,0.04133526
q_1457,q_4257,533,0.28143969,0.03999664,0.29778141,0.03958548
q_1457,q_4261,519,0.01914128,0.04400642,0.03674927,0.04396309
q_1457,q_4265,499,0.16260983,0.04371405,0.17471942,0.04353063
q_1457,q_4276,523,0.05304432,0.04372951,0.06850573,0.0436471
q_1457,q_4291,525,0.03908038,0.04370196,0.0262949,0.04373855
q_1457,q_463,476,0.0027009,0.04597971,-0.00408355,0.04597928
q_1457,q_491,448,0.35376724,0.04147181,0.36563198,0.04106719
q_1457,q_497,399,-0.23498958,0.04747698,-0.23383342,0.04750421
q_1457,q_516,591,0.22959211,0.03906548,0.25479156,0.0385621
q_1457,q_52,409,-0.30881744,0.04489612,-0.30570995,0.0449909
q_1457,q_530,600,0.21315612,0.03906772,0.20703216,0.03917304
q_1457,q_566,537,-0.17219043,0.04199117,-0.16921175,0.04203518
q_1457,q_594,453,-0.23018541,0.0446427,-0.22165045,0.04482449
q_1457,q_6,417,0.24606711,0.0461715,0.27984265,0.0452985
q_1457,q_610,433,-0.10877704,0.04765367,-0.10537229,0.04768883
q_1457,q_619,606,0.21048556,0.03891894,0.18548079,0.03932214
q_1457,q_630,547,-0.1488403,0.04192483,-0.16241184,0.04174372
q_1457,q_636,427,-0.08550013,0.04820927,-0.10698467,0.04800844
q_1457,q_660,548,-0.27133741,0.03968159,-0.26013751,0.03993656
q_1457,q_793,525,-0.02302298,0.04374561,-0.0009494,0.04376877
q_1457,q_808,511,-0.30719066,0.04018101,-0.30270195,0.04030247
q_1457,q_811,413,-0.45892341,0.03898516,-0.43470311,0.04005408
q_1457,q_819,459,0.32968542,0.0417393,0.34938961,0.04111269
q_1457,q_82,515,0.03001422,0.04415436,0.02216195,0.04417247
q_1457,q_820,441,0.34291917,0.04216301,0.35367773,0.04180492
q_1457,q_844,570,0.19395831,0.04041617,0.21139471,0.04011934
q_1457,q_848,519,-0.28971294,0.04032758,-0.27205797,0.04076419
q_1457,q_85,529,0.33392961,0.03874005,0.34076412,0.03853899
q_1457,q_880,520,-0.2244196,0.04176494,-0.25147514,0.04119867
q_1457,q_901,434,-0.26850922,0.04469551,-0.28002711,0.04439118
q_1457,q_905,498,-0.03885699,0.04487879,-0.03477836,0.04489229
q_1457,q_915,420,-0.1951738,0.0471048,-0.20555787,0.04690102
q_1457,q_917,535,-0.0171346,0.04334277,-0.04514784,0.04326713
q_146,q_1483,532,0.09292941,0.04310279,0.10494394,0.04299942
q_146,q_1488,579,0.07921805,0.04140519,0.07571121,0.04142783
q_146,q_1507,862,-0.05876081,0.03400175,-0.10175156,0.03376631
q_146,q_1511,786,0.18095733,0.03456685,0.19657856,0.03435609
q_146,q_1555,695,0.10339763,0.03760788,0.11138801,0.03754264
q_146,q_1578,514,-0.039836,0.04416719,-0.04731565,0.04413836
q_146,q_1588,523,0.05398545,0.04372509,0.03722493,0.04379213
q_146,q_1606,533,-0.01172827,0.04343125,-0.05371922,0.04331188
q_146,q_1609,552,0.17372648,0.04139087,0.14730924,0.04175283
q_146,q_1616,513,0.02191455,0.04425948,-0.00641864,0.04427892
q_146,q_1624,657,-0.15097637,0.03821178,-0.15572013,0.03815489
q_146,q_1635,577,0.24463015,0.03924136,0.2155436,0.03980003
q_146,q_1662,575,0.02986938,0.0417748,0.02400872,0.041788
q_146,q_1671,557,0.25800707,0.03965774,0.26675495,0.03946271
q_146,q_1676,488,0.1407264,0.04450841,0.16712515,0.04413939
q_146,q_1681,721,0.32306393,0.0334246,0.31695986,0.0335704
q_146,q_1685,526,0.1373806,0.04290167,0.18242169,0.04227182
q_146,q_1694,574,-0.03748564,0.04178989,-0.06437408,0.04167528
q_146,q_1706,669,-0.18401041,0.03743717,-0.18957691,0.03735659
q_146,q_1742,550,-0.22689098,0.04055581,-0.22926974,0.04050941
q_146,q_1757,585,-0.37560709,0.03560335,-0.39166587,0.03509261
q_146,q_1758,578,0.28903896,0.03821888,0.29456699,0.03808434
q_146,q_1763,634,-0.56332582,0.02717643,-0.60454243,0.02526018
q_146,q_1764,583,-0.36204933,0.03607995,-0.37372465,0.03572325
q_146,q_1765,504,0.44721044,0.03574149,0.43972989,0.03603791
q_146,q_1768,808,-0.004632,0.03524461,-0.01757884,0.03523448
q_146,q_1769,580,0.01054173,0.04162592,-0.03384908,0.04158285
q_146,q_1780,1043,0.16129008,0.03020201,0.17261748,0.03008472
q_146,q_1781,558,0.0202919,0.04243016,0.00824334,0.04244475
q_146,q_1803,540,-0.16247102,0.04201408,-0.17968137,0.04175997
q_146,q_1830,548,0.1552227,0.04180322,0.13711926,0.04202992
q_146,q_1835,572,-0.12186046,0.04129964,-0.12688,0.0412473
q_146,q_1854,568,-0.26171078,0.03918881,-0.26671776,0.0390775
q_146,q_1869,525,-0.27433862,0.0404747,-0.26227763,0.04075797
q_146,q_1871,673,-0.01935517,0.0386189,-0.01088919,0.03862879
q_146,q_1880,538,-0.02256508,0.04321176,-0.06489617,0.04305169
q_146,q_1883,610,-0.10764181,0.04011846,-0.12533491,0.03995115
q_146,q_1896,667,0.36936033,0.03351313,0.35805606,0.03383224
q_146,q_1910,555,-0.21992243,0.04050424,-0.24431034,0.04002236
q_146,q_1915,818,0.01218996,0.03502327,-0.01819308,0.03501688
q_146,q_1989,524,0.00289747,0.04381043,-0.02703707,0.04377877
q_146,q_2011,546,0.04319857,0.04283402,0.00573146,0.0429127
q_146,q_2020,582,-0.03625069,0.04150397,-0.05297481,0.04144195
q_146,q_2161,770,0.0577511,0.03598748,0.05991252,0.0359783
q_146,q_219,551,-0.26448278,0.03972972,-0.28177957,0.03932609
q_146,q_22,533,0.07618989,0.04318508,0.09334926,0.04305871
q_146,q_228,569,-0.18405388,0.04060923,-0.23714115,0.03966936
q_146,q_238,505,0.20978056,0.04266802,0.19239012,0.04298017
q_146,q_239,534,0.23190161,0.04106252,0.23886673,0.04092023
q_146,q_248,516,0.0728092,0.04391703,0.06651859,0.04395572
q_146,q_251,601,0.35969964,0.03560214,0.38267206,0.03490475
q_146,q_258,571,-0.06771327,0.04176668,-0.08303551,0.04166976
q_146,q_2745,543,-0.08932492,0.04268979,-0.12303841,0.04238169
q_146,q_2754,557,-0.10337843,0.04203188,-0.11430016,0.04193087
q_146,q_2775,570,0.14222952,0.0411465,0.12793275,0.04130871
q_146,q_278,514,-0.1653334,0.04302816,-0.18809403,0.0426723
q_146,q_292,629,0.02255567,0.0399477,0.01265481,0.03996164
q_146,q_2951,526,-0.05450912,0.04359702,-0.04865412,0.04362344
q_146,q_312,582,0.2376009,0.03921243,0.22327719,0.03948677
q_146,q_343,587,-0.22541661,0.03927765,-0.20914027,0.03957033
q_146,q_345,540,-0.05311052,0.04303146,-0.04683941,0.04305851
q_146,q_348,523,-0.07864703,0.04358166,-0.09792189,0.04343241
q_146,q_35,562,0.10143682,0.0418603,0.11006723,0.04178309
q_146,q_364,665,0.2959368,0.03546227,0.29428984,0.03550005
q_146,q_377,543,-0.25617556,0.04020906,-0.25049064,0.04033301
q_146,q_38,577,-0.01892939,0.04172424,-0.03418555,0.04169041
q_146,q_381,609,0.39104466,0.03441044,0.38668663,0.03454812
q_146,q_4229,577,-0.28319675,0.03839169,-0.27982186,0.038471
q_146,q_4231,551,-0.2844942,0.03926043,-0.31139348,0.03857571
q_146,q_4236,573,-0.16015859,0.040811,-0.18310227,0.04048112
q_146,q_4244,566,0.17512757,0.0408524,0.15927884,0.04107577
q_146,q_4249,562,0.09871192,0.04188336,0.10018485,0.04187097
q_146,q_4251,599,0.28508284,0.03763256,0.31000702,0.03702501
q_146,q_4256,571,-0.03867868,0.0418963,-0.05285289,0.04184186
q_146,q_4257,575,-0.17327956,0.04055666,-0.19191541,0.0402721
q_146,q_4261,595,0.14435038,0.04024335,0.12162414,0.04049178
q_146,q_4265,549,-0.09202626,0.04243362,-0.11313016,0.04224833
q_146,q_4276,589,0.04144716,0.04123865,0.04329396,0.04123219
q_146,q_4291,548,-0.10899323,0.04232643,-0.10699074,0.04234496
q_146,q_463,641,-0.11848665,0.03903457,-0.10195769,0.03917882
q_146,q_491,537,-0.08930999,0.04292907,-0.11027115,0.04274803
q_146,q_497,525,0.06027047,0.04360982,0.05606778,0.04363122
q_146,q_516,818,-0.10259923,0.03465974,-0.1030125,0.03465676
q_146,q_52,500,-0.01458075,0.04484659,-0.01397639,0.04484737
q_146,q_530,813,0.00924911,0.03513341,-0.00193033,0.03513629
q_146,q_566,566,0.02197783,0.04212462,0.03887365,0.04208129
q_146,q_594,526,0.26697434,0.0406103,0.27513147,0.04041693
q_146,q_6,499,-0.1690943,0.04361747,-0.18968352,0.04328578
q_146,q_610,567,0.16339246,0.04098345,0.18013894,0.0407412
q_146,q_619,809,0.02006304,0.03520932,-0.01098749,0.03521925
q_146,q_630,593,0.27544216,0.0380459,0.29389988,0.03761326
q_146,q_636,547,0.13362623,0.04210908,0.15020055,0.04190739
q_146,q_660,603,0.10088571,0.04040932,0.09573652,0.04045065
q_146,q_793,590,-0.22851033,0.03911919,-0.24266119,0.038844
q_146,q_808,559,0.10090874,0.04197761,0.09183643,0.04205177
q_146,q_811,500,0.16065596,0.04369838,0.16825643,0.04358624
q_146,q_819,557,-0.1189676,0.04188461,-0.12635415,0.04180763
q_146,q_82,566,0.01077057,0.04214009,0.03146717,0.04210324
q_146,q_820,492,0.05008083,0.04510814,0.01102385,0.04521607
q_146,q_844,633,-0.45587216,0.03156123,-0.49466363,0.03009219
q_146,q_848,549,0.20300439,0.04103239,0.21522888,0.04081359
q_146,q_85,569,0.08744676,0.04171171,0.08649774,0.04171865
q_146,q_880,548,0.26983784,0.03971635,0.2743939,0.03961014
q_146,q_901,535,0.06625512,0.04316518,0.06041862,0.04319723
q_146,q_905,566,-0.15501427,0.04113226,-0.14527553,0.04125551
q_146,q_915,548,0.24252626,0.04031577,0.25038247,0.04014989
q_146,q_917,706,0.05600504,0.03759742,0.0575118,0.03759097
q_1483,q_1488,463,0.2810471,0.04294243,0.27822898,0.04301592
q_1483,q_1507,601,-0.26755685,0.03796564,-0.28026649,0.03768092
q_1483,q_1511,589,0.31850165,0.03711904,0.31354904,0.03724835
q_1483,q_1555,497,0.03934837,0.04492247,0.05005752,0.04487939
q_1483,q_1578,391,-0.07490757,0.05048245,-0.0773537,0.05046354
q_1483,q_1588,362,-0.07816562,0.05245552,-0.09074952,0.05234333
q_1483,q_1606,428,-0.13172599,0.04766544,-0.15345056,0.04736492
q_1483,q_1609,418,0.16348855,0.04777602,0.16385499,0.04777013
q_1483,q_1616,394,-0.16578035,0.04918229,-0.17858881,0.04895923
q_1483,q_1624,551,-0.21549583,0.04073413,-0.20814703,0.04086712
q_1483,q_1635,398,0.00857943,0.05031176,0.00694063,0.05031304
q_1483,q_1662,447,0.06218009,0.04727441,0.052305,0.04732806
q_1483,q_1671,435,0.08918296,0.04772985,0.08447412,0.0477692
q_1483,q_1676,409,-0.03084503,0.04958195,-0.02930988,0.04958653
q_1483,q_1681,474,-0.11108989,0.04550893,-0.11532008,0.0454648
q_1483,q_1685,435,-0.06601336,0.04790286,-0.0821436,0.04778788
q_1483,q_1694,457,-0.13422979,0.04608672,-0.13113648,0.04612524
q_1483,q_1706,472,-0.04831538,0.04606792,-0.04323467,0.0460894
q_1483,q_1742,403,0.01671632,0.04998603,0.0236728,0.04997198
q_1483,q_1757,465,-0.00374594,0.04652356,-0.00498725,0.04652305
q_1483,q_1758,439,0.01995446,0.04787224,0.00710055,0.0478889
q_1483,q_1763,576,-0.01840983,0.04176144,-0.03501363,0.04172438
q_1483,q_1764,445,-0.02387471,0.04753804,-0.00797029,0.04756213
q_1483,q_1765,411,0.15036858,0.04838798,0.14489006,0.04846806
q_1483,q_1768,614,-0.13721263,0.039694,-0.13267869,0.0397435
q_1483,q_1769,433,-0.19553947,0.04638039,-0.19536987,0.04638359
q_1483,q_1780,759,0.13402566,0.03571634,0.13099972,0.03574551
q_1483,q_1781,452,0.01393943,0.04718375,0.01738142,0.04717866
q_1483,q_1803,412,-0.00537039,0.04944539,-0.00893856,0.04944287
q_1483,q_1830,449,-0.1491466,0.04629805,-0.15099287,0.04627182
q_1483,q_1835,441,-0.09880328,0.0473154,-0.08990015,0.04739567
q_1483,q_1854,466,-0.05278935,0.04634443,-0.058845,0.04631301
q_1483,q_1869,395,0.0866332,0.05012855,0.03780031,0.05043546
q_1483,q_1871,487,-0.01951289,0.04543724,-0.02030731,0.0454358
q_1483,q_1880,426,0.07977388,0.04831224,0.06633078,0.04840774
q_1483,q_1883,452,-0.15109203,0.04611556,-0.16429583,0.04591903
q_1483,q_1896,485,0.11937886,0.04489962,0.12754733,0.04480775
q_1483,q_1910,414,-0.05863923,0.04915675,-0.06247095,0.04913386
q_1483,q_1915,591,-0.20735047,0.03946625,-0.21550205,0.0393241
q_1483,q_1989,422,-0.05738716,0.04869231,-0.07214688,0.04859891
q_1483,q_2011,357,-0.04441182,0.05304457,-0.03321103,0.05309078
q_1483,q_2020,423,-0.00372174,0.04879433,-5.8e-07,0.048795
q_1483,q_2161,570,0.11550171,0.0414358,0.11487092,0.0414419
q_1483,q_219,471,-0.01907157,0.0462082,-0.01088237,0.04621954
q_1483,q_22,377,0.16357297,0.05032524,0.16014619,0.0503826
q_1483,q_228,451,-0.01381028,0.04723655,-0.00555368,0.0472441
q_1483,q_238,383,0.03634494,0.05123115,0.02505771,0.05126671
q_1483,q_239,383,-0.01555395,0.05128651,-0.01258275,0.0512908
q_1483,q_248,398,0.00060547,0.05031544,0.00826468,0.05031202
q_1483,q_251,476,0.01182796,0.04597362,-0.00273166,0.04597971
q_1483,q_258,456,-0.16983399,0.04562891,-0.17453952,0.04555277
q_1483,q_2745,437,0.02878845,0.04796175,0.03782998,0.04793284
q_1483,q_2754,444,0.07864652,0.04732451,0.04504275,0.04752244
q_1483,q_2775,418,-0.03653753,0.04902254,-0.02106576,0.04906629
q_1483,q_278,397,-0.07393282,0.0501039,-0.06676469,0.05015471
q_1483,q_292,503,0.05081112,0.0446059,0.0514313,0.04460306
q_1483,q_2951,440,0.0344991,0.04777955,0.04341777,0.04774631
q_1483,q_312,428,0.1365755,0.04760233,0.12813404,0.04771072
q_1483,q_343,457,-0.20949209,0.04487261,-0.18480533,0.04532945
q_1483,q_345,434,-0.05271015,0.04803448,-0.05175257,0.04803929
q_1483,q_348,430,0.03386424,0.04833789,0.02528405,0.04836245
q_1483,q_35,467,0.23336751,0.04389557,0.2270994,0.04402957
q_1483,q_364,480,-0.04160491,0.0457076,-0.03515587,0.04573027
q_1483,q_377,520,-0.08313302,0.043676,-0.06874307,0.04377212
q_1483,q_38,450,-0.0887345,0.04692596,-0.08482558,0.04695805
q_1483,q_381,426,-0.00049737,0.04862165,0.00707333,0.04861923
q_1483,q_4229,439,-0.04999014,0.04777163,-0.04687396,0.04778609
q_1483,q_4231,441,-0.05647621,0.04762945,-0.05128192,0.04765619
q_1483,q_4236,423,-0.23466722,0.04610793,-0.21806157,0.04647476
q_1483,q_4244,436,0.14834855,0.04699933,0.14905187,0.04698928
q_1483,q_4249,454,0.17978568,0.04556614,0.17999709,0.04556255
q_1483,q_4251,450,0.1695217,0.04593913,0.17068406,0.04592043
q_1483,q_4256,473,0.05747472,0.04597419,0.05483224,0.04598788
q_1483,q_4257,458,-0.00232852,0.04688047,-0.00723185,0.04687827
q_1483,q_4261,468,0.16859184,0.04505579,0.16731688,0.04507566
q_1483,q_4265,452,0.01168924,0.04718647,0.03452688,0.04713666
q_1483,q_4276,462,0.23281163,0.0441461,0.23372789,0.04412615
q_1483,q_4291,461,-0.10902978,0.04617147,-0.10808042,0.0461811
q_1483,q_463,480,0.04945958,0.04567485,0.05019168,0.04567151
q_1483,q_491,367,-0.27928004,0.04832607,-0.28475309,0.04816427
q_1483,q_497,408,0.11916755,0.04898475,0.11653726,0.04901556
q_1483,q_516,615,0.00161735,0.0404225,-0.00727737,0.04042046
q_1483,q_52,365,0.13681373,0.05157504,0.14185297,0.05150123
q_1483,q_530,604,-0.27949482,0.03760438,-0.27561242,0.03769229
q_1483,q_566,472,0.02938993,0.04613582,0.0334874,0.04612393
q_1483,q_594,374,0.03088006,0.05186791,0.02192298,0.05189246
q_1483,q_6,389,0.05168864,0.05076267,0.04368376,0.05080153
q_1483,q_610,427,-0.04995006,0.04844312,-0.03611066,0.04850097
q_1483,q_619,557,-0.31581341,0.03824846,-0.3184443,0.03817757
q_1483,q_630,462,0.18018522,0.04516059,0.18924042,0.04500444
q_1483,q_636,360,0.2463215,0.04971439,0.26341632,0.0492532
q_1483,q_660,493,0.07138375,0.0449452,0.0761518,0.04491342
q_1483,q_793,441,-0.03855564,0.04771082,-0.03646341,0.04771832
q_1483,q_808,469,0.05126304,0.04620237,0.06358464,0.04613682
q_1483,q_811,435,0.19463673,0.04628985,0.19932434,0.046201
q_1483,q_819,411,-0.10923382,0.04891665,-0.09958866,0.04901637
q_1483,q_82,460,-0.12759833,0.04601642,-0.1144238,0.04616557
q_1483,q_820,355,-0.03559479,0.05323265,-0.03183126,0.05324617
q_1483,q_844,570,-0.10037377,0.04157295,-0.07910514,0.04173326
q_1483,q_848,416,0.20418693,0.04715524,0.20461966,0.04714653
q_1483,q_85,463,-0.08137901,0.04631646,-0.07627905,0.04635395
q_1483,q_880,482,0.11763047,0.04505894,0.12776627,0.04494529
q_1483,q_901,391,0.12435078,0.04998229,0.12347013,0.04999337
q_1483,q_905,467,-0.00102005,0.04642379,0.00059266,0.04642382
q_1483,q_915,368,-0.01279175,0.05233383,-0.01280548,0.05233381
q_1483,q_917,478,-0.03857553,0.04581487,-0.04212093,0.04580174
q_1488,q_1507,636,-0.14014009,0.03896584,-0.12283678,0.0391467
q_1488,q_1511,605,0.1900349,0.03928509,0.18104647,0.03942103
q_1488,q_1555,533,0.11401847,0.04287253,0.10009379,0.04300204
q_1488,q_1578,446,-0.1136584,0.04689767,-0.1211785,0.04681377
q_1488,q_1588,437,-0.04218049,0.04791613,-0.03729087,0.04793478
q_1488,q_1606,539,-0.00033469,0.04319342,0.02093382,0.04317449
q_1488,q_1609,452,0.24488794,0.04436275,0.23662638,0.04455049
q_1488,q_1616,425,-0.04652634,0.04857386,-0.04230374,0.04859212
q_1488,q_1624,576,-0.23196336,0.03952778,-0.22335653,0.03969149
q_1488,q_1635,482,-0.0897778,0.04532289,-0.08480077,0.04536259
q_1488,q_1662,527,0.2633386,0.04065576,0.2674797,0.04055973
q_1488,q_1671,450,-0.12744853,0.0465301,-0.12909685,0.0465101
q_1488,q_1676,428,-0.07494076,0.0482347,-0.06501149,0.04830211
q_1488,q_1681,519,-0.04193702,0.04394512,-0.04094866,0.04394873
q_1488,q_1685,480,-0.12100535,0.04511643,-0.13935682,0.04489766
q_1488,q_1694,550,-0.12745528,0.04206233,-0.11269698,0.04221387
q_1488,q_1706,506,0.04880898,0.04448157,0.04859369,0.04448251
q_1488,q_1742,478,0.12164504,0.04520419,0.11073571,0.04532051
q_1488,q_1757,557,0.02407401,0.04246131,0.02189201,0.04246557
q_1488,q_1758,516,0.07344033,0.04391295,0.0756129,0.04389865
q_1488,q_1763,602,0.03589022,0.04080626,0.04691098,0.04076898
q_1488,q_1764,533,0.01150805,0.04343147,0.02444643,0.04341126
q_1488,q_1765,429,0.06313794,0.04825702,0.0718706,0.04819989
q_1488,q_1768,610,-0.01834342,0.04057509,-0.01846134,0.04057491
q_1488,q_1769,558,0.00034955,0.04244763,0.00608249,0.04244607
q_1488,q_1780,753,0.28498366,0.03354926,0.27624462,0.03372835
q_1488,q_1781,549,0.31782053,0.03847322,0.31188171,0.03863327
q_1488,q_1803,462,0.09031283,0.04629529,0.08588602,0.0463317
q_1488,q_1830,519,0.04531839,0.04393213,0.05327401,0.0438976
q_1488,q_1835,552,0.10209134,0.04223413,0.10503909,0.04220807
q_1488,q_1854,558,0.04240579,0.0423713,0.06195603,0.0422847
q_1488,q_1869,462,0.0909558,0.04628985,0.05871132,0.04651511
q_1488,q_1871,535,0.13876082,0.04252071,0.13577221,0.04255628
q_1488,q_1880,536,0.04912572,0.04321028,0.06668006,0.04312222
q_1488,q_1883,554,-0.06056578,0.04244516,-0.04381553,0.04251965
q_1488,q_1896,498,0.11838365,0.04431674,0.10794109,0.04442297
q_1488,q_1910,517,0.03389686,0.04405743,0.05746817,0.04396244
q_1488,q_1915,618,-0.20730481,0.03859096,-0.15754979,0.03932297
q_1488,q_1989,440,0.00874793,0.04783283,0.01685459,0.0478229
q_1488,q_2011,462,0.15361509,0.04557456,0.17974696,0.04516795
q_1488,q_2020,531,-0.1378687,0.04269221,-0.1226492,0.04286476
q_1488,q_2161,595,0.02693602,0.04106993,0.01879335,0.04108523
q_1488,q_219,575,0.10285101,0.0413698,0.1031498,0.04136722
q_1488,q_22,477,0.22857735,0.04353171,0.23797069,0.04333042
q_1488,q_228,560,0.02695738,0.04234057,0.04276099,0.04229388
q_1488,q_238,424,0.00600224,0.04873526,0.01185329,0.04873017
q_1488,q_239,427,-0.0313164,0.04851667,-0.02878341,0.04852406
q_1488,q_248,433,0.06205892,0.04803856,0.07267239,0.0479696
q_1488,q_251,525,-0.00799022,0.04376602,-0.00555962,0.04376746
q_1488,q_258,520,-0.02080967,0.0439609,-0.01328484,0.04397219
q_1488,q_2745,554,0.14501966,0.04170549,0.15128313,0.04162643
q_1488,q_2754,533,0.06225385,0.04326888,0.06202474,0.04327012
q_1488,q_2775,465,-0.06914624,0.04630177,-0.12700137,0.04577381
q_1488,q_278,438,-0.04294042,0.04785792,-0.05878933,0.04778062
q_1488,q_292,488,0.14114616,0.04450304,0.14915081,0.04439752
q_1488,q_2951,516,0.18652428,0.042615,0.18822079,0.04258694
q_1488,q_312,552,-0.08938039,0.042338,-0.06804645,0.04248134
q_1488,q_343,542,0.09159581,0.04271168,0.0835826,0.04277214
q_1488,q_345,535,0.05069754,0.04324406,0.03665371,0.04329725
q_1488,q_348,452,0.12603252,0.0464433,0.11745338,0.04654188
q_1488,q_35,528,0.37002961,0.03766782,0.37147253,0.03762112
q_1488,q_364,522,-0.04131808,0.04382019,-0.04268622,0.04381515
q_1488,q_377,554,0.0180827,0.0425875,0.01632824,0.04259007
q_1488,q_38,543,0.1935097,0.04142173,0.20019381,0.04130848
q_1488,q_381,546,-0.00339199,0.04291361,0.02130063,0.04289464
q_1488,q_4229,567,-0.00782463,0.04210502,-0.00452224,0.04210673
q_1488,q_4231,554,0.05098314,0.0424907,0.02411057,0.04257667
q_1488,q_4236,567,-0.19332512,0.04053384,-0.17992211,0.04074449
q_1488,q_4244,535,0.21469989,0.04135698,0.20923707,0.04145739
q_1488,q_4249,527,0.01367566,0.04367703,0.0163568,0.04367352
q_1488,q_4251,547,0.15185089,0.04188601,0.13178397,0.04213004
q_1488,q_4256,554,-0.00547193,0.04260016,0.00920916,0.04259782
q_1488,q_4257,567,0.07849392,0.04184816,0.0762245,0.04186294
q_1488,q_4261,530,0.27710251,0.04021584,0.26513597,0.0404985
q_1488,q_4265,561,0.2237422,0.04021414,0.20139243,0.04061638
q_1488,q_4276,548,0.59001295,0.02792367,0.59288572,0.02777811
q_1488,q_4291,530,-0.23661491,0.04112187,-0.23542953,0.04114624
q_1488,q_463,500,0.07258834,0.04461978,0.0628634,0.04467887
q_1488,q_491,461,-0.1624061,0.04549447,-0.16564356,0.04544485
q_1488,q_497,416,0.13716521,0.04828099,0.15026465,0.04809572
q_1488,q_516,628,0.08567971,0.03970636,0.08155161,0.03973397
q_1488,q_52,412,0.11872425,0.04874984,0.10851238,0.04886458
q_1488,q_530,599,-0.16154848,0.03989258,-0.13804799,0.04018098
q_1488,q_566,546,-0.22460614,0.04074918,-0.22132041,0.04081206
q_1488,q_594,449,0.01672585,0.04733813,0.02173736,0.047329
q_1488,q_6,427,0.10977512,0.04797907,0.09910979,0.04808726
q_1488,q_610,439,-0.12558612,0.04713598,-0.11249921,0.0472852
q_1488,q_619,607,-0.34522957,0.03583992,-0.34495156,0.03584772
q_1488,q_630,554,0.15225952,0.0416138,0.17058449,0.04136177
q_1488,q_636,416,0.36113487,0.04278931,0.35991198,0.0428327
q_1488,q_660,561,-0.00446878,0.04233253,-0.00455149,0.0423325
q_1488,q_793,529,0.09974321,0.04316829,0.11105166,0.04306435
q_1488,q_808,519,-0.08953703,0.04366962,-0.08209462,0.04372585
q_1488,q_811,411,0.08862887,0.04911849,0.07036241,0.04926227
q_1488,q_819,470,0.08876458,0.04590988,0.0940039,0.04586557
q_1488,q_82,517,-0.16592539,0.04289376,-0.1605433,0.04297126
q_1488,q_820,448,0.02649844,0.04737126,0.0454115,0.04730679
q_1488,q_844,594,0.09592795,0.04075598,0.10524009,0.04067892
q_1488,q_848,522,0.10387566,0.04342149,0.11261711,0.04333842
q_1488,q_85,554,0.0033795,0.04260095,0.01570805,0.04259092
q_1488,q_880,577,0.04213489,0.04166509,0.0346777,0.041689
q_1488,q_901,434,-0.04038102,0.04808976,-0.03857426,0.04809663
q_1488,q_905,529,-0.05526112,0.04346892,-0.04935563,0.04349586
q_1488,q_915,452,-0.06804656,0.0469744,-0.06762354,0.04697711
q_1488,q_917,530,-0.01857598,0.04354565,-0.0265098,0.04353007
q_1507,q_1511,763,-0.58565115,0.02383236,-0.62162004,0.0222572
q_1507,q_1555,747,-0.12474027,0.03609132,-0.12443765,0.03609408
q_1507,q_1578,564,-0.02245442,0.04219875,-0.01946655,0.04220403
q_1507,q_1588,573,0.18575847,0.04044008,0.16313839,0.04077065
q_1507,q_1606,588,0.24278446,0.03890786,0.26756673,0.03838495
q_1507,q_1609,575,-0.15885622,0.04075696,-0.14772968,0.04089959
q_1507,q_1616,565,0.23760024,0.03980109,0.25394563,0.03946218
q_1507,q_1624,875,0.2077008,0.03240338,0.23564008,0.03198392
q_1507,q_1635,582,-0.02204145,0.04153839,-0.01917581,0.0415433
q_1507,q_1662,586,0.07281884,0.04119616,0.10163544,0.04098795
q_1507,q_1671,585,-0.02056273,0.04143381,-0.02102236,0.04143301
q_1507,q_1676,556,-0.04707026,0.04243011,-0.05561584,0.04239279
q_1507,q_1681,692,-0.02767527,0.03806779,-0.02936975,0.0380641
q_1507,q_1685,604,-0.01605345,0.04078034,-0.0339631,0.0407438
q_1507,q_1694,597,0.29679856,0.03741615,0.32465825,0.03670576
q_1507,q_1706,685,-0.01091997,0.03828741,-0.00169514,0.03829187
q_1507,q_1742,609,0.12125875,0.04002493,0.13865264,0.03984128
q_1507,q_1757,653,0.00511301,0.0392222,0.00080284,0.0392232
q_1507,q_1758,615,0.08338051,0.04014157,0.07217973,0.04021201
q_1507,q_1763,855,0.06966864,0.03409315,0.08313466,0.03402266
q_1507,q_1764,609,0.04756338,0.04053032,0.07432839,0.0403978
q_1507,q_1765,548,-0.11925315,0.04222612,-0.15073119,0.04186208
q_1507,q_1768,849,0.2353716,0.03247602,0.25868845,0.03207996
q_1507,q_1769,644,0.21838276,0.03761394,0.25381113,0.03695318
q_1507,q_1780,1201,-0.14704725,0.02826688,-0.14127898,0.02831493
q_1507,q_1781,589,-0.07508477,0.04107673,-0.05266094,0.04119506
q_1507,q_1803,582,0.02620932,0.04153003,0.0295482,0.0415223
q_1507,q_1830,598,0.19630196,0.03941624,0.21438931,0.03911171
q_1507,q_1835,601,-0.00504175,0.040892,-0.00354482,0.04089253
q_1507,q_1854,603,0.03062946,0.04078653,0.01379726,0.04081706
q_1507,q_1869,572,0.00468347,0.04192126,0.0306076,0.04188291
q_1507,q_1871,739,-0.04138016,0.03679737,-0.01237653,0.03685484
q_1507,q_1880,593,0.06410165,0.04100018,0.11665691,0.04060908
q_1507,q_1883,606,0.28554289,0.0374028,0.29462938,0.03718812
q_1507,q_1896,766,-0.08020476,0.03596955,-0.09227957,0.03589415
q_1507,q_1910,581,0.02897285,0.0415596,0.05295634,0.04147787
q_1507,q_1915,762,0.46689569,0.02838511,0.47417529,0.02813645
q_1507,q_1989,571,0.05462953,0.04183385,0.05830668,0.04181642
q_1507,q_2011,601,0.09885976,0.04049338,0.13922552,0.04010038
q_1507,q_2020,605,0.03206045,0.04071506,0.00912094,0.04075357
q_1507,q_2161,891,-0.1323394,0.03297008,-0.1453452,0.03284889
q_1507,q_219,599,0.02286481,0.04094018,0.02563532,0.04093468
q_1507,q_22,600,-0.23050547,0.0387527,-0.20345597,0.03923312
q_1507,q_228,615,0.13693006,0.03966469,0.18190964,0.03908498
q_1507,q_238,568,0.07859491,0.04181044,0.09377518,0.04170036
q_1507,q_239,555,0.00442976,0.04256199,0.00195519,0.04256266
q_1507,q_248,572,0.03878201,0.04185913,0.02249834,0.04190096
q_1507,q_251,702,-0.00349082,0.03782301,-0.02377338,0.0378021
q_1507,q_258,602,0.24081235,0.03848946,0.27682793,0.03772772
q_1507,q_2745,605,0.21889008,0.03880417,0.25376836,0.03813228
q_1507,q_2754,641,0.21099192,0.03782791,0.23106421,0.03747662
q_1507,q_2775,609,-0.04638076,0.04053484,-0.07301793,0.04040564
q_1507,q_278,572,0.18318256,0.04051545,0.16466903,0.04078542
q_1507,q_292,685,0.03936041,0.03823266,0.08899578,0.0379887
q_1507,q_2951,572,0.06363387,0.04175243,0.07805987,0.04166673
q_1507,q_312,584,-0.0718204,0.04127299,-0.06991374,0.04128421
q_1507,q_343,617,0.13343949,0.03963812,0.17223275,0.03915957
q_1507,q_345,582,0.05935398,0.04141218,0.04755565,0.0414646
q_1507,q_348,586,0.09535446,0.0410392,0.1040963,0.04096699
q_1507,q_35,587,-0.20789378,0.03959185,-0.21008649,0.03955392
q_1507,q_364,729,-0.04363645,0.03704281,-0.03691061,0.03706292
q_1507,q_377,624,-0.0010356,0.04012857,0.00848808,0.04012573
q_1507,q_38,618,0.05986511,0.04017938,0.12691795,0.03967435
q_1507,q_381,597,0.03333912,0.04098489,0.02154307,0.04101145
q_1507,q_4229,588,0.03295904,0.0413,0.02802412,0.04131244
q_1507,q_4231,612,0.09178941,0.04018063,0.09587439,0.04014957
q_1507,q_4236,601,0.20257493,0.03921493,0.21107771,0.0390711
q_1507,q_4244,630,-0.09916748,0.03954341,-0.07469086,0.03971336
q_1507,q_4249,585,-0.10077383,0.04103038,-0.09284802,0.04109399
q_1507,q_4251,666,-0.1086736,0.03837812,-0.1160934,0.03831335
q_1507,q_4256,609,0.06057624,0.04047316,0.0507757,0.04051749
q_1507,q_4257,610,0.0454692,0.04050483,0.05452964,0.04046806
q_1507,q_4261,632,-0.11894816,0.03930847,-0.13019983,0.03919669
q_1507,q_4265,610,0.04210958,0.04051678,0.06250892,0.04043015
q_1507,q_4276,637,-0.14662493,0.03886124,-0.13457807,0.03899578
q_1507,q_4291,625,0.06617305,0.03992077,0.06894186,0.03990577
q_1507,q_463,666,-0.12949936,0.03818549,-0.11537136,0.03831984
q_1507,q_491,591,0.29344396,0.03768821,0.32623744,0.03685017
q_1507,q_497,576,-0.04506874,0.04169075,-0.0324024,0.04173174
q_1507,q_516,884,0.12069874,0.03320004,0.17229641,0.03269071
q_1507,q_52,548,-0.0842844,0.042531,-0.07540299,0.04259175
q_1507,q_530,779,0.34282125,0.03167896,0.37100229,0.03095682
q_1507,q_566,644,0.02296172,0.0394768,0.00276157,0.03949732
q_1507,q_594,588,0.08369099,0.04105532,0.09101015,0.04100246
q_1507,q_6,566,0.01658052,0.04213339,0.04634556,0.04205445
q_1507,q_610,610,-0.03318428,0.04054405,-0.05904403,0.04044725
q_1507,q_619,763,0.26525869,0.03372151,0.27858347,0.03345865
q_1507,q_630,647,-0.1312172,0.03872704,-0.14516006,0.03857519
q_1507,q_636,614,-0.22118428,0.03847648,-0.24518985,0.03802355
q_1507,q_660,631,-0.06525034,0.03973445,-0.05684656,0.03977539
q_1507,q_793,582,0.01066437,0.04155386,0.0468667,0.0414673
q_1507,q_808,600,0.00457208,0.04092642,-8.333e-05,0.04092728
q_1507,q_811,567,-0.11724136,0.0415288,-0.13081836,0.04138699
q_1507,q_819,606,0.05679971,0.04059177,0.08508764,0.04042832
q_1507,q_82,629,0.06738279,0.03978657,0.0717209,0.03976245
q_1507,q_820,575,0.15539246,0.04080247,0.18083793,0.04044475
q_1507,q_844,834,0.10310621,0.03432083,0.14813164,0.03392842
q_1507,q_848,571,-0.13008957,0.04124898,-0.12301873,0.04132408
q_1507,q_85,595,0.12971116,0.04040824,0.16170441,0.04002506
q_1507,q_880,587,-0.04268271,0.04130491,-0.04989868,0.04127726
q_1507,q_901,591,-0.04458744,0.04115732,-0.06379318,0.04107148
q_1507,q_905,585,-0.0465869,0.04136137,-0.04737438,0.0413583
q_1507,q_915,592,0.00463,0.0412034,0.00014748,0.04120428
q_1507,q_917,736,0.05282629,0.03683277,0.02528575,0.03691223
q_1511,q_1555,755,0.16957894,0.03541759,0.18369808,0.03523569
q_1511,q_1578,574,-0.05775799,0.04170909,-0.05207262,0.04173522
q_1511,q_1588,585,-0.17110581,0.04023775,-0.18510925,0.04003099
q_1511,q_1606,612,-0.15344613,0.03956792,-0.1925846,0.03901913
q_1511,q_1609,597,0.16646299,0.03989354,0.18181831,0.03967412
q_1511,q_1616,596,-0.17410958,0.03982023,-0.1870253,0.03962868
q_1511,q_1624,866,-0.11911955,0.03355738,-0.15159816,0.03325808
q_1511,q_1635,646,-0.00687008,0.03943429,0.00126675,0.03943609
q_1511,q_1662,628,0.06700119,0.03982043,0.05055167,0.03989778
q_1511,q_1671,598,0.01023133,0.04099171,0.0016337,0.04099589
q_1511,q_1676,587,0.11008737,0.0408788,0.13659855,0.04060817
q_1511,q_1681,688,-0.04680232,0.03812434,-0.04180511,0.03814126
q_1511,q_1685,603,0.04279626,0.04075006,0.05034314,0.04072136
q_1511,q_1694,650,-0.22770524,0.03727564,-0.22251749,0.03736746
q_1511,q_1706,742,0.01476244,0.03677758,0.01206925,0.03678024
q_1511,q_1742,603,-0.0538686,0.04070636,-0.06734136,0.04063969
q_1511,q_1757,654,-0.0139721,0.03918544,-0.02933123,0.03915937
q_1511,q_1758,606,-0.04779646,0.04063012,-0.05413717,0.0406038
q_1511,q_1763,830,-0.07474341,0.03457914,-0.10150336,0.03441514
q_1511,q_1764,635,-0.031127,0.03973932,-0.04287494,0.03970474
q_1511,q_1765,548,0.07541293,0.04259168,0.14240823,0.04196659
q_1511,q_1768,908,-0.14635776,0.03252908,-0.15639983,0.03242802
q_1511,q_1769,653,-0.20872103,0.03751449,-0.21791617,0.03736062
q_1511,q_1780,1176,0.16372649,0.02841517,0.16788944,0.02837486
q_1511,q_1781,641,0.01828608,0.03957714,0.0022303,0.03959018
q_1511,q_1803,634,0.00498351,0.03980838,0.00599252,0.03980794
q_1511,q_1830,624,-0.0931685,0.03978029,-0.10990991,0.03964386
q_1511,q_1835,644,-0.01187186,0.03949206,-0.00532251,0.03949651
q_1511,q_1854,648,0.0420121,0.03930546,0.03034043,0.03933872
q_1511,q_1869,552,0.05056843,0.04256982,0.04683365,0.04258535
q_1511,q_1871,684,0.0658121,0.03815411,0.05754349,0.0381932
q_1511,q_1880,591,-0.0329541,0.04119452,-0.09573783,0.04086132
q_1511,q_1883,629,-0.22221574,0.03799442,-0.21250375,0.03816317
q_1511,q_1896,769,0.11185828,0.03567938,0.14734231,0.03534706
q_1511,q_1910,587,-0.0185046,0.04136612,-0.02324066,0.04135794
q_1511,q_1915,746,-0.32724276,0.03275777,-0.36915209,0.03168706
q_1511,q_1989,577,0.02192191,0.04171913,0.01104826,0.0417341
q_1511,q_2011,621,-0.04519258,0.04014374,-0.03973009,0.0401624
q_1511,q_2020,633,-0.00192788,0.03984081,-0.01575283,0.03983107
q_1511,q_2161,919,0.14032059,0.03239036,0.14406855,0.03235514
q_1511,q_219,611,-0.03974469,0.04049129,-0.04957387,0.04045569
q_1511,q_22,610,0.21039135,0.03879211,0.21674157,0.03868201
q_1511,q_228,634,-0.06896397,0.03962004,-0.10720941,0.03935181
q_1511,q_238,558,-0.05984686,0.0422956,-0.07566672,0.0422046
q_1511,q_239,563,0.02498507,0.04223133,0.01485349,0.04224839
q_1511,q_248,562,-0.05055223,0.04218741,-0.03379731,0.04224718
q_1511,q_251,731,0.11976584,0.03653085,0.12616588,0.03647251
q_1511,q_258,663,-0.12008051,0.03836368,-0.15123978,0.0380346
q_1511,q_2745,604,-0.18735799,0.03935897,-0.21510422,0.03890347
q_1511,q_2754,621,-0.12794339,0.03956742,-0.1662944,0.0391135
q_1511,q_2775,602,0.12932499,0.04017553,0.14626072,0.03998483
q_1511,q_278,593,-0.17185462,0.03995345,-0.17966431,0.03984043
q_1511,q_292,715,-0.0482236,0.03738943,-0.07350283,0.03727411
q_1511,q_2951,595,-0.00643008,0.04109805,-0.03048117,0.04106156
q_1511,q_312,590,0.06615565,0.04109378,0.06893961,0.04107825
q_1511,q_343,645,-0.00027997,0.03946685,-0.03371254,0.039422
q_1511,q_345,635,-0.05765767,0.03964563,-0.09544316,0.03941551
q_1511,q_348,623,-0.03437839,0.0401135,-0.06838535,0.03997315
q_1511,q_35,616,0.33514677,0.03585292,0.33754147,0.03578786
q_1511,q_364,743,0.07460506,0.03655612,0.08874392,0.03647122
q_1511,q_377,615,-0.03418645,0.04037536,-0.07321027,0.04020595
q_1511,q_38,611,0.02095661,0.04053754,-0.02238971,0.04053502
q_1511,q_381,609,0.00581612,0.04062085,0.03976913,0.04055798
q_1511,q_4229,645,-0.10351784,0.03904393,-0.10261029,0.03905131
q_1511,q_4231,640,-0.0109739,0.03961667,-0.05843728,0.03948614
q_1511,q_4236,624,-0.10277852,0.03970472,-0.09947048,0.03973157
q_1511,q_4244,615,0.12672147,0.03977348,0.11002078,0.03993331
q_1511,q_4249,597,0.17165849,0.03982147,0.17137977,0.03982539
q_1511,q_4251,624,0.06904806,0.0399373,0.0639487,0.03996451
q_1511,q_4256,624,0.07528672,0.03990117,0.05910528,0.03998843
q_1511,q_4257,625,-0.00966214,0.0400926,-0.00488575,0.04009539
q_1511,q_4261,636,0.11430468,0.03922712,0.10672507,0.03929371
q_1511,q_4265,608,-0.02725924,0.04062557,-0.05725304,0.04052252
q_1511,q_4276,620,0.25179613,0.03770604,0.23969881,0.03794541
q_1511,q_4291,624,-0.12238693,0.03952755,-0.11217364,0.03962368
q_1511,q_463,697,0.12694975,0.03734772,0.13773363,0.03723937
q_1511,q_491,620,-0.23397144,0.03805463,-0.22875868,0.03815174
q_1511,q_497,536,0.19395937,0.04168529,0.1885028,0.04177569
q_1511,q_516,883,-0.12610317,0.03317394,-0.14502173,0.03300103
q_1511,q_52,533,0.12372089,0.04277234,0.09953369,0.04300689
q_1511,q_530,753,-0.2925996,0.03338864,-0.32295546,0.03270633
q_1511,q_566,651,-0.04394808,0.03920784,-0.05002669,0.0391854
q_1511,q_594,609,-0.05487257,0.04049991,-0.07366176,0.0404018
q_1511,q_6,561,-0.06518844,0.04215348,-0.07434211,0.04209941
q_1511,q_610,627,0.02855212,0.0399994,0.01752242,0.04001975
q_1511,q_619,783,-0.26625676,0.03326738,-0.28110292,0.03297641
q_1511,q_630,648,0.13794349,0.03862572,0.16323859,0.03832574
q_1511,q_636,630,0.27819764,0.03684534,0.26981528,0.03702879
q_1511,q_660,668,0.07409433,0.03856544,0.07524119,0.0385588
q_1511,q_793,635,0.12890577,0.03911689,0.08442897,0.03949432
q_1511,q_808,586,0.05608134,0.04128551,0.04839853,0.04131876
q_1511,q_811,581,0.15127924,0.04064261,0.16487903,0.04046377
q_1511,q_819,630,-0.09291021,0.03959141,-0.10076208,0.03953068
q_1511,q_82,612,-0.13514803,0.03978191,-0.13802878,0.03975002
q_1511,q_820,547,-0.02489343,0.04284808,-0.05490145,0.04274541
q_1511,q_844,856,-0.13518741,0.0336136,-0.17738991,0.03316193
q_1511,q_848,590,0.11093595,0.04076646,0.10142453,0.04084983
q_1511,q_85,609,-0.14596427,0.03975674,-0.16250391,0.03954949
q_1511,q_880,639,0.12633183,0.03901973,0.12409808,0.03904192
q_1511,q_901,615,0.12490273,0.03979198,0.11710972,0.03986822
q_1511,q_905,615,-0.02468692,0.04039797,-0.02573365,0.04039584
q_1511,q_915,584,0.00943511,0.0414833,0.03659977,0.04143142
q_1511,q_917,757,0.03097,0.03638292,0.03298994,0.03637822
q_1555,q_1578,491,-0.07392574,0.04502048,-0.06073059,0.04510092
q_1555,q_1588,521,-0.10146409,0.04348514,-0.11598069,0.04334645
q_1555,q_1606,509,-0.07257253,0.04422129,-0.0939695,0.04406287
q_1555,q_1609,535,0.17583246,0.04201507,0.1753163,0.04202293
q_1555,q_1616,497,-0.13557538,0.04416514,-0.14981332,0.04398232
q_1555,q_1624,702,-0.15917601,0.03686514,-0.19514636,0.03638308
q_1555,q_1635,510,-0.08052888,0.04412355,-0.07946691,0.0441311
q_1555,q_1662,571,0.12760083,0.04127589,0.11724034,0.04138233
q_1555,q_1671,542,-0.05374705,0.04294862,-0.04478752,0.04298665
q_1555,q_1676,484,-0.02486221,0.04556789,0.00069529,0.04559605
q_1555,q_1681,597,-0.03207948,0.04098827,-0.03047068,0.0409924
q_1555,q_1685,511,-0.12540351,0.0436701,-0.10196505,0.04390654
q_1555,q_1694,543,0.02215321,0.04301203,-0.00143124,0.04303306
q_1555,q_1706,604,-0.01293661,0.04078402,-0.00211989,0.04079067
q_1555,q_1742,531,0.12805397,0.04280579,0.10803328,0.04301149
q_1555,q_1757,539,0.01921962,0.04317747,0.01130366,0.0431879
q_1555,q_1758,513,0.0703117,0.04406183,0.04712783,0.0441824
q_1555,q_1763,728,-0.05902533,0.03700968,-0.08677774,0.0368594
q_1555,q_1764,534,-0.11969063,0.04277461,-0.13886374,0.04255949
q_1555,q_1765,485,0.32868008,0.04062809,0.37133069,0.03926819
q_1555,q_1768,718,0.0422607,0.03733109,0.02090286,0.03738154
q_1555,q_1769,555,0.09770605,0.0421565,0.07521875,0.04232201
q_1555,q_1780,992,0.21015767,0.03039375,0.2178735,0.03028873
q_1555,q_1781,549,0.12782922,0.04209675,0.10708378,0.04230531
q_1555,q_1803,541,0.17013857,0.04186506,0.17704863,0.04176163
q_1555,q_1830,511,0.18149954,0.04290626,0.17307749,0.04303875
q_1555,q_1835,535,-0.01957682,0.04333888,-0.03627675,0.04329844
q_1555,q_1854,522,0.01699032,0.04388246,0.01649033,0.04388319
q_1555,q_1869,441,-0.07474419,0.04751491,-0.095023,0.04735041
q_1555,q_1871,529,0.56217589,0.029822,0.55796584,0.03002762
q_1555,q_1880,511,-0.02973588,0.04432859,-0.0602774,0.04420662
q_1555,q_1883,522,-0.00803164,0.0438923,-0.03604018,0.04383811
q_1555,q_1896,549,0.33813026,0.03790309,0.3601239,0.03724586
q_1555,q_1910,505,-0.15043898,0.04362207,-0.19970352,0.04285219
q_1555,q_1915,785,-0.03574303,0.03571424,-0.05235277,0.03566192
q_1555,q_1989,509,0.00679817,0.04445337,-0.00608265,0.04445378
q_1555,q_2011,544,0.03497364,0.04294077,-0.00464179,0.04299243
q_1555,q_2020,533,-0.16421914,0.04226581,-0.17590269,0.0420932
q_1555,q_2161,780,-0.04789672,0.0357925,-0.04485849,0.03580261
q_1555,q_219,511,0.01752785,0.04435419,0.01304475,0.04436028
q_1555,q_22,492,0.27049925,0.04191271,0.25081726,0.04237671
q_1555,q_228,565,0.0643544,0.04200776,0.04558298,0.04209481
q_1555,q_238,475,0.16316079,0.04480338,0.14680673,0.04503671
q_1555,q_239,478,0.20122908,0.04402519,0.19021509,0.04422301
q_1555,q_248,477,-0.03347073,0.04588006,-0.04102404,0.04585422
q_1555,q_251,590,0.09056295,0.0409359,0.1136033,0.04074174
q_1555,q_258,536,-0.10683703,0.04282041,-0.12161105,0.04267421
q_1555,q_2745,515,-0.04872734,0.04408924,-0.05878827,0.04404144
q_1555,q_2754,523,-0.07880542,0.04358056,-0.09959472,0.04341792
q_1555,q_2775,521,0.0155188,0.0439269,0.03820382,0.04387335
q_1555,q_278,500,-0.17095568,0.04354517,-0.17469063,0.04348726
q_1555,q_292,586,0.04213297,0.04134225,0.02361585,0.04139267
q_1555,q_2951,499,0.12041947,0.04425022,0.10542902,0.04440223
q_1555,q_312,559,-0.11796451,0.04181929,-0.10569016,0.04193572
q_1555,q_343,559,-0.05000659,0.04230339,-0.06745116,0.0422165
q_1555,q_345,525,0.01194396,0.04376257,0.01991509,0.04375145
q_1555,q_348,506,0.03747273,0.04452519,0.0012779,0.04458772
q_1555,q_35,536,0.28795848,0.03972314,0.30133856,0.03938161
q_1555,q_364,520,0.32366193,0.03937274,0.34039088,0.03888417
q_1555,q_377,533,-0.10647165,0.04294481,-0.11087339,0.04290325
q_1555,q_38,526,0.04033809,0.0436558,0.01166642,0.043721
q_1555,q_381,553,0.04894115,0.04253801,0.07026879,0.0424296
q_1555,q_4229,542,-0.05465512,0.04294438,-0.05877839,0.04292424
q_1555,q_4231,514,-0.12136782,0.04358577,-0.12747959,0.04351849
q_1555,q_4236,566,-0.18504775,0.04070182,-0.192083,0.04059
q_1555,q_4244,546,0.1844643,0.04145387,0.17378003,0.04161812
q_1555,q_4249,531,0.03159816,0.04347596,0.04375684,0.04343609
q_1555,q_4251,532,0.18792626,0.04194277,0.19958938,0.04174626
q_1555,q_4256,518,0.04292744,0.04398406,0.03750675,0.04400328
q_1555,q_4257,567,0.17536748,0.04081263,0.16241228,0.04099689
q_1555,q_4261,546,0.14638922,0.04199447,0.14372672,0.04202761
q_1555,q_4265,549,0.16696159,0.04160306,0.1653055,0.04162661
q_1555,q_4276,550,0.16203553,0.04163431,0.14633448,0.04184133
q_1555,q_4291,549,-0.01709095,0.04278355,-0.00046425,0.04279604
q_1555,q_463,572,0.32216933,0.03757095,0.32041617,0.03761818
q_1555,q_491,531,-0.04302762,0.04343884,-0.07981095,0.0432422
q_1555,q_497,481,0.15175185,0.04468563,0.14539742,0.044772
q_1555,q_516,750,0.10889415,0.03615423,0.0764404,0.0363743
q_1555,q_52,506,0.17917816,0.04315631,0.18426294,0.04307391
q_1555,q_530,762,-0.06889637,0.03612541,-0.06910792,0.03612435
q_1555,q_566,573,0.06467409,0.0417102,0.07335741,0.04165999
q_1555,q_594,491,0.01682055,0.04525507,0.01117495,0.04526222
q_1555,q_6,487,-0.15524853,0.044359,-0.15725472,0.0443305
q_1555,q_610,519,0.02726692,0.04398982,0.05293997,0.04389917
q_1555,q_619,712,-0.0982481,0.03719327,-0.11504118,0.03705876
q_1555,q_630,523,0.26687806,0.04072953,0.28802018,0.04021506
q_1555,q_636,519,0.24364708,0.0414092,0.25246081,0.0412167
q_1555,q_660,556,0.05399323,0.04240036,0.05268257,0.0424063
q_1555,q_793,502,0.01374998,0.04475768,0.01072104,0.044761
q_1555,q_808,530,0.05365843,0.04343526,0.05535252,0.04342722
q_1555,q_811,495,0.0653916,0.0448907,0.06346621,0.04490189
q_1555,q_819,531,0.07381021,0.04328232,0.06239957,0.04334996
q_1555,q_82,520,0.04815471,0.04387797,0.05874939,0.04382815
q_1555,q_820,487,-0.08318903,0.04513998,-0.08594189,0.04511882
q_1555,q_844,765,-0.01366297,0.03621942,-0.04846684,0.03614108
q_1555,q_848,503,0.09671073,0.04430308,0.09457112,0.04432139
q_1555,q_85,538,-0.05621705,0.04309714,-0.06029064,0.04307662
q_1555,q_880,560,0.20616538,0.0405704,0.22938274,0.04014193
q_1555,q_901,476,0.00812086,0.04597702,0.00707857,0.04597775
q_1555,q_905,526,-0.25529602,0.040877,-0.2467101,0.04106547
q_1555,q_915,501,0.13617022,0.04398017,0.13534845,0.04399017
q_1555,q_917,540,0.26297959,0.04016879,0.25315287,0.04038765
q_1578,q_1588,355,0.36987584,0.04600828,0.36592544,0.04616321
q_1578,q_1606,444,0.32934171,0.042454,0.34368061,0.04199446
q_1578,q_1609,384,-0.1687763,0.0497722,-0.18049281,0.04956255
q_1578,q_1616,341,0.30336492,0.04938704,0.29985618,0.04950217
q_1578,q_1624,548,0.15098898,0.04185875,0.17167242,0.04157288
q_1578,q_1635,376,-0.09095516,0.05134969,-0.08735592,0.05138292
q_1578,q_1662,438,0.07776398,0.04765639,0.07631765,0.04766707
q_1578,q_1671,383,-0.28951112,0.04699921,-0.29261845,0.04690642
q_1578,q_1676,381,-0.01460123,0.05142348,0.01435003,0.05142386
q_1578,q_1681,444,0.30854136,0.04308582,0.30532525,0.04317983
q_1578,q_1685,400,-0.03505605,0.05012688,-0.03921978,0.05011136
q_1578,q_1694,443,0.04756823,0.04756526,0.01022431,0.04766815
q_1578,q_1706,445,-0.15904434,0.04636198,-0.13967664,0.04663717
q_1578,q_1742,385,0.18180802,0.04947325,0.18452789,0.04942227
q_1578,q_1757,449,-0.1919915,0.04560597,-0.19621744,0.04552828
q_1578,q_1758,447,-0.30106984,0.04315617,-0.32201519,0.04253681
q_1578,q_1763,576,-0.0590936,0.04162972,-0.04325553,0.04169744
q_1578,q_1764,417,-0.05724797,0.04898625,-0.04754112,0.04903624
q_1578,q_1765,370,-0.10571482,0.05161621,-0.11394299,0.05152187
q_1578,q_1768,582,0.19524121,0.0399744,0.19479328,0.03998167
q_1578,q_1769,449,0.14866129,0.0463049,0.146223,0.04633894
q_1578,q_1780,710,-0.11467029,0.03711434,-0.11937383,0.03707294
q_1578,q_1781,410,0.12695319,0.04876926,0.14486279,0.04852796
q_1578,q_1803,400,0.28520312,0.04610618,0.27808195,0.0463075
q_1578,q_1830,422,0.36028866,0.04251167,0.34712631,0.04296655
q_1578,q_1835,432,0.39367946,0.04079778,0.39099835,0.04089935
q_1578,q_1854,424,0.250884,0.04566937,0.2307753,0.04614142
q_1578,q_1869,384,0.23228194,0.04846736,0.23710529,0.04835137
q_1578,q_1871,483,-0.17165446,0.04429865,-0.16772123,0.04435957
q_1578,q_1880,410,-0.0156016,0.04955609,-0.00263218,0.04956782
q_1578,q_1883,430,0.21992186,0.04605282,0.19959477,0.04646549
q_1578,q_1896,491,0.0242795,0.04524119,0.02313353,0.04524365
q_1578,q_1910,430,-0.04099436,0.04831206,-0.0264224,0.04835961
q_1578,q_1915,589,-0.0108384,0.04130477,-0.00244108,0.04130937
q_1578,q_1989,337,-0.3278628,0.04883575,-0.35740359,0.04772809
q_1578,q_2011,410,0.03799499,0.0494966,0.00172764,0.04956801
q_1578,q_2020,440,0.04165717,0.04775348,0.03240536,0.04778625
q_1578,q_2161,567,-0.15372806,0.0411125,-0.15291568,0.04112299
q_1578,q_219,457,0.07077159,0.04669726,0.06383404,0.04674109
q_1578,q_22,365,-0.21326732,0.0501683,-0.2211714,0.04998782
q_1578,q_228,446,0.0918543,0.04711057,0.08579901,0.04716168
q_1578,q_238,362,-0.02886605,0.052734,-0.01513035,0.0527659
q_1578,q_239,389,-0.06156626,0.05070573,-0.0695393,0.05065253
q_1578,q_248,352,0.35802462,0.04666737,0.35243504,0.04687994
q_1578,q_251,448,-0.01305279,0.04739647,-0.01112768,0.04739868
q_1578,q_258,445,0.30147406,0.04324211,0.27770079,0.04389703
q_1578,q_2745,419,0.13084779,0.0481896,0.10470823,0.04849149
q_1578,q_2754,454,0.03072946,0.0470437,0.01595899,0.04707617
q_1578,q_2775,393,-0.06320666,0.05043467,-0.06307402,0.05043552
q_1578,q_278,382,0.14074553,0.05034901,0.15557513,0.05012329
q_1578,q_292,461,0.1299646,0.04593768,0.14434504,0.04575335
q_1578,q_2951,428,-0.04233245,0.0484202,-0.05820689,0.04834278
q_1578,q_312,438,-0.30114805,0.04359807,-0.30510686,0.043483
q_1578,q_343,421,0.12463596,0.0481518,0.11890442,0.04822007
q_1578,q_345,410,0.16311709,0.04824929,0.15606737,0.04836083
q_1578,q_348,412,-0.09781873,0.04897369,-0.11531556,0.04878929
q_1578,q_35,441,-0.14073802,0.04683542,-0.13684438,0.04688707
q_1578,q_364,484,-0.01772567,0.04558175,-0.0086689,0.04559265
q_1578,q_377,451,0.10477588,0.0467269,0.10162103,0.04675766
q_1578,q_38,423,0.23563764,0.04608566,0.23339564,0.04613697
q_1578,q_381,403,-0.13566707,0.04907972,-0.14518566,0.04894606
q_1578,q_4229,421,0.03160573,0.04886274,0.03424367,0.04885424
q_1578,q_4231,439,-0.00331167,0.04789079,0.01598539,0.04787908
q_1578,q_4236,436,0.05940887,0.04788732,0.04937235,0.04793979
q_1578,q_4244,433,-0.07871434,0.04792549,-0.08502004,0.0478757
q_1578,q_4249,449,-0.43889462,0.03823015,-0.43898992,0.03822619
q_1578,q_4251,447,0.06567133,0.04725323,0.04735615,0.04735147
q_1578,q_4256,434,-0.40415627,0.04030038,-0.41436002,0.03989809
q_1578,q_4257,449,0.1893523,0.04565362,0.19744917,0.04550532
q_1578,q_4261,437,0.02339477,0.04797526,0.02917126,0.04796069
q_1578,q_4265,432,0.09454147,0.04784892,0.11396641,0.04765337
q_1578,q_4276,412,0.01814686,0.04943053,0.00989494,0.04944198
q_1578,q_4291,454,0.0983342,0.04663284,0.10680864,0.04655098
q_1578,q_463,457,-0.01094848,0.0469267,-0.01049969,0.04692715
q_1578,q_491,374,0.27894071,0.04787783,0.27083004,0.04810933
q_1578,q_497,320,-0.37778745,0.04814945,-0.37991254,0.04805902
q_1578,q_516,554,0.0920373,0.04224056,0.07530886,0.04235982
q_1578,q_52,324,-0.4500501,0.04450959,-0.44504867,0.04475946
q_1578,q_530,547,0.06440238,0.04269682,0.05530194,0.04274352
q_1578,q_566,445,-0.18144058,0.04599927,-0.17917711,0.0460381
q_1578,q_594,395,-0.23424983,0.04773612,-0.22965236,0.04784384
q_1578,q_6,346,0.21705977,0.05145096,0.16857327,0.05246055
q_1578,q_610,377,0.10022014,0.0511894,0.1350346,0.05076589
q_1578,q_619,543,0.07386986,0.04279833,0.09068441,0.04267926
q_1578,q_630,471,-0.15469467,0.04511883,-0.1456189,0.04524482
q_1578,q_636,376,-0.09550446,0.05130576,-0.09390779,0.05132142
q_1578,q_660,451,-0.07474983,0.04698157,-0.07402614,0.04698666
q_1578,q_793,418,-0.28261826,0.04516725,-0.29686972,0.04476186
q_1578,q_808,420,-0.37382188,0.04212698,-0.37882926,0.04194242
q_1578,q_811,337,-0.61516427,0.03401096,-0.60932146,0.03440243
q_1578,q_819,400,0.24671048,0.04713378,0.24688229,0.04712953
q_1578,q_82,417,0.04061956,0.04906623,0.03993638,0.04906893
q_1578,q_820,353,0.4711829,0.04158514,0.45987636,0.04214783
q_1578,q_844,548,0.03212083,0.0427911,-0.00944155,0.04283148
q_1578,q_848,409,-0.34159676,0.04383802,-0.33979062,0.0438991
q_1578,q_85,442,0.18392586,0.04611284,0.15979735,0.04650867
q_1578,q_880,440,-0.33108486,0.04259279,-0.33589915,0.04243918
q_1578,q_901,410,-0.17743638,0.04800757,-0.18325681,0.04790351
q_1578,q_905,458,-0.01121621,0.04687483,-0.00175711,0.04688058
q_1578,q_915,396,-0.29272351,0.04612099,-0.28641657,0.04630524
q_1578,q_917,500,-0.04324811,0.04477223,-0.03626745,0.04479713
q_1588,q_1606,430,0.29612345,0.04414982,0.29639255,0.0441421
q_1588,q_1609,388,-0.05018363,0.05083637,-0.03728395,0.05089387
q_1588,q_1616,345,0.48537715,0.04133451,0.51110825,0.03994802
q_1588,q_1624,537,-0.00277401,0.0432739,0.02762912,0.0432412
q_1588,q_1635,420,0.08938872,0.04857892,0.10081232,0.04847252
q_1588,q_1662,425,0.08871905,0.04829608,0.07922586,0.04837369
q_1588,q_1671,396,0.06628054,0.05022172,0.06698385,0.050217
q_1588,q_1676,388,-0.01815321,0.05094792,-0.0479335,0.05084762
q_1588,q_1681,486,0.34099071,0.0402109,0.34412747,0.04011311
q_1588,q_1685,409,0.00946558,0.04962472,0.0007257,0.04962914
q_1588,q_1694,427,0.00994807,0.04855949,0.03001791,0.04852053
q_1588,q_1706,451,-0.30891629,0.04273695,-0.31127246,0.04266791
q_1588,q_1742,398,0.04207972,0.05022637,0.06714987,0.05008858
q_1588,q_1757,436,-0.1112109,0.04746257,-0.11066576,0.04746838
q_1588,q_1758,432,-0.1369193,0.04737535,-0.11575112,0.04763358
q_1588,q_1763,533,-0.01125434,0.04343172,0.01420058,0.04342846
q_1588,q_1764,438,-0.06702595,0.04773093,-0.04954007,0.04782866
q_1588,q_1765,353,-0.06556405,0.05322248,-0.07488743,0.05315248
q_1588,q_1768,578,0.04187156,0.04162977,0.04510998,0.04161802
q_1588,q_1769,434,-0.0051318,0.04816704,0.0114376,0.048162
q_1588,q_1780,751,-0.08930519,0.03627201,-0.09242747,0.03625126
q_1588,q_1781,434,0.14795518,0.04711387,0.14252066,0.0471899
q_1588,q_1803,371,0.02610815,0.05209307,0.0316683,0.05207632
q_1588,q_1830,454,0.15266355,0.04599072,0.17408712,0.04566109
q_1588,q_1835,464,0.19177244,0.04486178,0.20859268,0.04454814
q_1588,q_1854,447,0.10595609,0.0469251,0.12096374,0.04676349
q_1588,q_1869,391,0.09771888,0.05028253,0.13367201,0.04986019
q_1588,q_1871,475,-0.02999565,0.04598732,-0.01919712,0.04601177
q_1588,q_1880,431,0.07596423,0.04805789,0.13809501,0.04741503
q_1588,q_1883,420,0.17424208,0.04748346,0.18332027,0.0473245
q_1588,q_1896,476,-0.01141439,0.04597406,-0.04177969,0.04589979
q_1588,q_1910,420,0.04596933,0.04886673,0.06547787,0.04876026
q_1588,q_1915,585,0.11396813,0.04091293,0.12217135,0.04083264
q_1588,q_1989,347,-0.22877363,0.05109454,-0.23150668,0.05102672
q_1588,q_2011,403,0.10098997,0.04949005,0.06763446,0.04977128
q_1588,q_2020,430,-0.00409217,0.04839258,-0.01245536,0.04838588
q_1588,q_2161,578,-0.02674186,0.04167306,-0.02480937,0.04167721
q_1588,q_219,425,-0.06780298,0.04845545,-0.06201627,0.04849202
q_1588,q_22,424,-0.34567674,0.04291331,-0.33478675,0.04327447
q_1588,q_228,440,0.08383322,0.04750029,0.07289575,0.04758229
q_1588,q_238,401,-0.08176823,0.04979033,-0.08021033,0.04980298
q_1588,q_239,374,-0.16545341,0.05049618,-0.13253216,0.0510055
q_1588,q_248,338,0.27393802,0.05053585,0.2659385,0.05077181
q_1588,q_251,470,0.06178524,0.04609783,0.02878647,0.04623614
q_1588,q_258,407,0.32220233,0.0445869,0.3241106,0.04452554
q_1588,q_2745,403,0.11509513,0.04933766,0.13049657,0.04914853
q_1588,q_2754,435,0.11949858,0.04742548,0.13000451,0.04729936
q_1588,q_2775,438,-0.04467612,0.04785063,-0.0434715,0.04785572
q_1588,q_278,367,0.40293535,0.04390443,0.38289823,0.04472973
q_1588,q_292,459,0.12218032,0.04613022,0.12842148,0.04605698
q_1588,q_2951,411,-0.14204087,0.04850854,-0.1147685,0.04885528
q_1588,q_312,454,-0.10205756,0.0465977,-0.10417836,0.04657711
q_1588,q_343,452,0.11366671,0.04658318,0.1299864,0.04639552
q_1588,q_345,441,-0.03138637,0.04773478,-0.05015092,0.04766167
q_1588,q_348,396,-0.01093088,0.0504373,-0.00995675,0.05043833
q_1588,q_35,444,-0.29074321,0.04359373,-0.29451921,0.0434885
q_1588,q_364,501,0.02821111,0.04477541,0.03015028,0.04477034
q_1588,q_377,430,0.05401743,0.04825219,0.04868852,0.04827867
q_1588,q_38,434,0.25442153,0.04505036,0.26309268,0.0448342
q_1588,q_381,434,-0.08951027,0.04778238,-0.10020416,0.04768465
q_1588,q_4229,431,0.0172204,0.04832249,0.03026029,0.04829256
q_1588,q_4231,420,-0.01484153,0.04895942,0.02962049,0.04892725
q_1588,q_4236,427,-0.0106107,0.04855883,-0.00841281,0.04856086
q_1588,q_4244,454,-0.02764585,0.04705217,-0.02851102,0.04704988
q_1588,q_4249,442,-0.38656888,0.04059523,-0.37403389,0.04105027
q_1588,q_4251,449,0.01920218,0.04733391,0.02612932,0.04731904
q_1588,q_4256,479,-0.19385406,0.04411248,-0.19453234,0.0441004
q_1588,q_4257,454,0.05496735,0.04694589,0.05609742,0.04693998
q_1588,q_4261,434,0.0994338,0.04769206,0.11423945,0.04753968
q_1588,q_4265,419,-0.00515259,0.04902773,0.00596648,0.04902729
q_1588,q_4276,457,-0.0662525,0.04672632,-0.06893673,0.04670929
q_1588,q_4291,435,0.1227399,0.0473877,0.11166068,0.04751265
q_1588,q_463,454,-0.14738686,0.04606527,-0.16648236,0.04578305
q_1588,q_491,419,0.18898324,0.04727798,0.16258913,0.04773294
q_1588,q_497,333,-0.39050204,0.04665379,-0.39475386,0.04647
q_1588,q_516,553,0.04778569,0.04254278,0.06066812,0.0424832
q_1588,q_52,322,-0.43555239,0.04536776,-0.42891375,0.04568908
q_1588,q_530,560,0.0080449,0.04236862,0.02357863,0.0423478
q_1588,q_566,450,-0.1439044,0.0463189,-0.13291141,0.04646283
q_1588,q_594,396,-0.11565568,0.04976859,-0.10028636,0.049936
q_1588,q_6,379,0.21360565,0.04921801,0.21167357,0.04926038
q_1588,q_610,371,0.02931635,0.0520838,0.03247193,0.05207364
q_1588,q_619,601,0.10263319,0.04046229,0.12858166,0.04021695
q_1588,q_630,463,-0.12430346,0.04590482,-0.13426786,0.04578469
q_1588,q_636,402,-0.21920362,0.0476571,-0.21936133,0.04765363
q_1588,q_660,470,-0.05098982,0.04615417,-0.03210114,0.0462268
q_1588,q_793,438,-0.18703584,0.04626905,-0.16636762,0.04661926
q_1588,q_808,440,-0.19261273,0.04606177,-0.2118936,0.04568868
q_1588,q_811,344,-0.1154672,0.05343103,-0.13500267,0.05316606
q_1588,q_819,430,0.09685176,0.04793945,0.0975429,0.04793295
q_1588,q_82,415,0.02508882,0.04923545,0.01807564,0.04925037
q_1588,q_820,363,0.21596247,0.05024649,0.2244199,0.0500502
q_1588,q_844,547,-0.04307355,0.0427951,-0.01237497,0.04286808
q_1588,q_848,385,-0.21140267,0.04887786,-0.19371232,0.04924453
q_1588,q_85,460,0.48612336,0.03572363,0.48910815,0.03558747
q_1588,q_880,448,-0.22490442,0.04500673,-0.23857531,0.04470637
q_1588,q_901,378,-0.06816255,0.05139985,-0.07640365,0.05133833
q_1588,q_905,415,-0.08151477,0.04893911,-0.08850393,0.04888056
q_1588,q_915,354,-0.13400473,0.05241756,-0.1520579,0.05214191
q_1588,q_917,493,0.00231792,0.04517515,-0.00011399,0.04517539
q_1606,q_1609,426,0.10877389,0.04804638,0.11397583,0.04799004
q_1606,q_1616,431,0.40877121,0.04026004,0.42134037,0.0397557
q_1606,q_1624,597,0.02300613,0.04100878,0.04805731,0.04093574
q_1606,q_1635,460,-0.03569515,0.04671843,-0.03480615,0.04672136
q_1606,q_1662,508,0.24778928,0.04176717,0.2430439,0.04187082
q_1606,q_1671,449,-0.20338655,0.04539263,-0.19988311,0.04545953
q_1606,q_1676,432,-0.11054446,0.04769046,-0.12581302,0.04751623
q_1606,q_1681,514,0.19745544,0.04251264,0.1949141,0.04255675
q_1606,q_1685,443,-0.02980605,0.04763078,-0.06577945,0.04746685
q_1606,q_1694,534,0.24058754,0.04088442,0.22576443,0.04118441
q_1606,q_1706,491,-0.16105166,0.04409373,-0.16334712,0.04406002
q_1606,q_1742,429,0.27042106,0.04490712,0.28789059,0.04443456
q_1606,q_1757,523,-0.0519419,0.04373459,-0.04318964,0.0437711
q_1606,q_1758,525,-0.06731197,0.0435705,-0.05366462,0.04364276
q_1606,q_1763,587,0.03695816,0.04132377,0.07761781,0.041131
q_1606,q_1764,540,0.01263829,0.04314629,0.05057714,0.0430428
q_1606,q_1765,429,-0.08320471,0.04811474,-0.07892056,0.04814839
q_1606,q_1768,558,0.32711539,0.03790555,0.3461115,0.0373627
q_1606,q_1769,533,0.31569718,0.03910807,0.33123508,0.03867144
q_1606,q_1780,757,0.00385962,0.03641731,-0.00899128,0.03641491
q_1606,q_1781,539,0.27494975,0.03992811,0.24878249,0.04052006
q_1606,q_1803,455,0.18232489,0.04547245,0.18950314,0.04534691
q_1606,q_1830,548,0.35313472,0.03749356,0.36679165,0.0370724
q_1606,q_1835,531,0.36699738,0.03765791,0.35749872,0.0379574
q_1606,q_1854,510,0.09486145,0.04401191,0.09476762,0.0440127
q_1606,q_1869,433,0.24045954,0.04543592,0.22627338,0.04575522
q_1606,q_1871,538,-0.11240305,0.04268754,-0.08717704,0.0429052
q_1606,q_1880,554,0.15198728,0.04161733,0.15663835,0.04155618
q_1606,q_1883,551,0.39639324,0.03600572,0.41726863,0.03528014
q_1606,q_1896,485,0.02710318,0.04551529,0.003116,0.04554831
q_1606,q_1910,505,-0.05711616,0.04448658,-0.00696633,0.04463002
q_1606,q_1915,622,0.05731778,0.04006135,0.10252052,0.03977094
q_1606,q_1989,457,-0.19870376,0.04507929,-0.2008072,0.04503985
q_1606,q_2011,436,0.17979402,0.04650345,0.17233529,0.04662967
q_1606,q_2020,506,-0.088804,0.04423617,-0.08415399,0.04427203
q_1606,q_2161,582,-0.23223285,0.03931724,-0.24912814,0.03897926
q_1606,q_219,540,0.10953888,0.0426354,0.1173487,0.04255893
q_1606,q_22,446,-0.06197445,0.04732895,-0.05782101,0.04735259
q_1606,q_228,541,0.12571414,0.0424317,0.13944847,0.04227469
q_1606,q_238,430,-0.04952914,0.04827468,-0.03707313,0.04832688
q_1606,q_239,427,-0.11792225,0.04788897,-0.10243262,0.04805474
q_1606,q_248,408,0.32903048,0.04431086,0.33901749,0.04397934
q_1606,q_251,538,-0.00839151,0.04323073,-0.0541683,0.04310691
q_1606,q_258,514,0.44615644,0.0354317,0.45561881,0.03505422
q_1606,q_2745,541,0.33408799,0.03830101,0.34286374,0.03804488
q_1606,q_2754,536,0.24145245,0.04078959,0.26687826,0.04022975
q_1606,q_2775,487,-0.05457584,0.04531916,-0.10597912,0.04494402
q_1606,q_278,431,0.18345596,0.04671,0.22437614,0.04590332
q_1606,q_292,496,0.32639983,0.04023956,0.32447823,0.04029589
q_1606,q_2951,514,0.14677138,0.04328444,0.16201455,0.04307622
q_1606,q_312,534,-0.23926465,0.04091197,-0.23926784,0.0409119
q_1606,q_343,536,0.11934153,0.0426979,0.1478133,0.04236843
q_1606,q_345,512,0.04831502,0.04422075,0.05289797,0.04420019
q_1606,q_348,453,-0.02059077,0.04712047,-0.01758971,0.04712587
q_1606,q_35,512,-0.13955838,0.04346094,-0.12506785,0.0436309
q_1606,q_364,516,0.01470652,0.04414153,-0.00242059,0.04415082
q_1606,q_377,581,0.15403483,0.04060761,0.17170085,0.04036826
q_1606,q_38,538,0.45434618,0.034309,0.45619249,0.03423632
q_1606,q_381,511,-0.09287383,0.04398513,-0.0737317,0.04412663
q_1606,q_4229,536,0.09693479,0.04290781,0.11903774,0.04270104
q_1606,q_4231,508,0.06328328,0.04432121,0.11485297,0.04391242
q_1606,q_4236,519,0.10032443,0.04357946,0.11912956,0.04339778
q_1606,q_4244,534,0.01096746,0.04339108,0.01804747,0.04338217
q_1606,q_4249,525,-0.31833367,0.03933344,-0.32866342,0.03904092
q_1606,q_4251,543,-0.01159927,0.04302736,-0.03207816,0.04298887
q_1606,q_4256,569,-0.16265648,0.04092106,-0.16730899,0.04085653
q_1606,q_4257,548,0.27398088,0.03961984,0.28357797,0.03939063
q_1606,q_4261,533,0.122671,0.04278357,0.10926765,0.04291861
q_1606,q_4265,536,0.16265406,0.04216886,0.16932594,0.04207292
q_1606,q_4276,528,0.01972406,0.0436266,0.03407283,0.04359291
q_1606,q_4291,535,-0.00360919,0.04335493,-0.01206254,0.04334919
q_1606,q_463,529,-0.08684766,0.0432732,-0.10014923,0.04316475
q_1606,q_491,428,0.41703053,0.04007103,0.43930921,0.03914561
q_1606,q_497,403,-0.25008942,0.04687276,-0.27636974,0.04618099
q_1606,q_516,594,0.28608852,0.03776778,0.33262989,0.03658327
q_1606,q_52,400,-0.30827745,0.04541889,-0.31512985,0.04520449
q_1606,q_530,612,0.14822345,0.03963177,0.13821024,0.03974799
q_1606,q_566,533,-0.18857071,0.04189264,-0.17508622,0.04210565
q_1606,q_594,416,-0.02535218,0.04917516,-0.02549047,0.04917481
q_1606,q_6,434,0.26391173,0.04481341,0.25927739,0.0449302
q_1606,q_610,465,0.05034058,0.04640631,0.03256248,0.04647488
q_1606,q_619,599,0.21100727,0.03913782,0.21563854,0.03905688
q_1606,q_630,532,-0.12948133,0.04274933,-0.17166675,0.04219698
q_1606,q_636,452,-0.13586396,0.04632178,-0.16325065,0.04593519
q_1606,q_660,587,-0.11945866,0.04078978,-0.11358181,0.04084645
q_1606,q_793,547,-0.06896069,0.04267075,-0.05349962,0.04275193
q_1606,q_808,523,-0.28661006,0.04025059,-0.28932262,0.04018208
q_1606,q_811,458,-0.3621708,0.04073149,-0.36652393,0.04058278
q_1606,q_819,469,0.3359185,0.04109684,0.34549847,0.04079443
q_1606,q_82,518,-0.05329106,0.04394012,-0.05808494,0.04391659
q_1606,q_820,445,0.3839777,0.0405522,0.40014408,0.03994924
q_1606,q_844,583,0.15139077,0.04057107,0.15533514,0.04052084
q_1606,q_848,517,-0.26563114,0.04099585,-0.24648304,0.04142837
q_1606,q_85,552,0.36477007,0.03700022,0.37793993,0.03658276
q_1606,q_880,547,-0.27426177,0.03964964,-0.2843589,0.0394078
q_1606,q_901,439,-0.28032181,0.044128,-0.29958822,0.04359292
q_1606,q_905,516,-0.09694872,0.0437361,-0.10923693,0.04362424
q_1606,q_915,430,-0.10373446,0.04787264,-0.11535438,0.04774944
q_1606,q_917,528,0.0053194,0.04364234,0.01761237,0.04363004
q_1609,q_1616,403,0.00453734,0.04999897,0.02321455,0.04997305
q_1609,q_1624,594,-0.6063151,0.02601272,-0.5871433,0.02695391
q_1609,q_1635,404,0.00763513,0.04993471,0.01415772,0.04992761
q_1609,q_1662,442,0.15000628,0.04665344,0.15192201,0.04662583
q_1609,q_1671,390,0.23569825,0.04800891,0.2258441,0.0482401
q_1609,q_1676,347,-0.19647562,0.05183507,-0.23697835,0.05088851
q_1609,q_1681,516,0.0713036,0.04392661,0.06415801,0.04396934
q_1609,q_1685,409,-0.09029697,0.04922451,-0.07342559,0.0493616
q_1609,q_1694,432,0.00276833,0.04828008,-0.01047267,0.04827516
q_1609,q_1706,491,0.02770048,0.04523314,0.02926394,0.04522911
q_1609,q_1742,414,0.04595564,0.04922219,0.05377039,0.04918375
q_1609,q_1757,448,-0.01300016,0.04739653,-0.01367967,0.04739568
q_1609,q_1758,476,0.2203699,0.04374712,0.22164731,0.04372116
q_1609,q_1763,561,-0.12633332,0.04165773,-0.12799761,0.04163981
q_1609,q_1764,452,-0.06066024,0.04701926,-0.04136942,0.04711215
q_1609,q_1765,369,0.25286264,0.04892867,0.27405939,0.04834485
q_1609,q_1768,594,0.05294191,0.04101921,0.04615055,0.04104689
q_1609,q_1769,464,0.17765417,0.0451047,0.18778599,0.04493225
q_1609,q_1780,742,0.3514269,0.03224254,0.34698034,0.03235678
q_1609,q_1781,482,0.3010194,0.04155097,0.30849068,0.0413429
q_1609,q_1803,412,0.1863829,0.04772911,0.18033118,0.04783884
q_1609,q_1830,419,0.06854896,0.04879865,0.05578751,0.04887644
q_1609,q_1835,461,-0.07402047,0.04647091,-0.04060915,0.04664987
q_1609,q_1854,449,-0.23587852,0.0447168,-0.21081315,0.04524697
q_1609,q_1869,403,-0.07516654,0.0497175,-0.08670573,0.04962411
q_1609,q_1871,497,0.0215683,0.0449712,0.01522821,0.04498169
q_1609,q_1880,429,0.15424512,0.04729745,0.15523918,0.04728255
q_1609,q_1883,447,-0.05659775,0.04730588,-0.05161036,0.04733149
q_1609,q_1896,502,0.20387005,0.04290553,0.1982607,0.04300651
q_1609,q_1910,417,-0.07130515,0.04889743,-0.05181569,0.04901536
q_1609,q_1915,588,-0.13977196,0.04053719,-0.13752337,0.04056297
q_1609,q_1989,406,-0.10626726,0.04925102,-0.09889824,0.04932633
q_1609,q_2011,372,0.17315418,0.0504971,0.15478396,0.05081071
q_1609,q_2020,434,-0.12387768,0.04742913,-0.11731094,0.04750542
q_1609,q_2161,585,-0.11028002,0.04094722,-0.11058375,0.04094443
q_1609,q_219,438,0.0137989,0.0479372,0.00675166,0.04794414
q_1609,q_22,420,0.23017415,0.04637576,0.23787194,0.04619933
q_1609,q_228,438,0.06956631,0.0477143,0.08439949,0.0476048
q_1609,q_238,383,0.20231064,0.04919927,0.19298852,0.04938831
q_1609,q_239,390,0.09934328,0.05033118,0.09617782,0.05036264
q_1609,q_248,409,-0.05216589,0.04949411,-0.04194009,0.04954187
q_1609,q_251,511,0.06925064,0.04415505,0.07192035,0.04413833
q_1609,q_258,438,-0.03627489,0.04788324,-0.00129914,0.04794625
q_1609,q_2745,444,0.21887414,0.04533781,0.21977668,0.04531896
q_1609,q_2754,442,0.15853829,0.0465278,0.1929375,0.04595075
q_1609,q_2775,361,-0.10646039,0.05225263,-0.14928611,0.05167377
q_1609,q_278,413,-0.18757815,0.04764879,-0.18002581,0.0477859
q_1609,q_292,492,0.19886371,0.0434332,0.21198358,0.04318944
q_1609,q_2951,426,0.12668132,0.04784138,0.12355468,0.04787942
q_1609,q_312,416,0.08785044,0.04882702,0.08500575,0.04885122
q_1609,q_343,447,-0.08850779,0.04708613,-0.09212737,0.0470551
q_1609,q_345,439,-0.19757793,0.04602178,-0.21044747,0.0457703
q_1609,q_348,352,0.22160572,0.05090002,0.22644006,0.05078408
q_1609,q_35,453,0.28251991,0.04337782,0.26046525,0.04394234
q_1609,q_364,510,0.20859368,0.04247915,0.20221592,0.04259551
q_1609,q_377,461,-0.15119807,0.04565871,-0.13621391,0.04585995
q_1609,q_38,434,0.07124325,0.04792382,0.07217736,0.04791737
q_1609,q_381,454,0.19060777,0.04537739,0.18514635,0.04547402
q_1609,q_4229,451,-0.04039025,0.04716848,-0.02507204,0.04721586
q_1609,q_4231,451,-0.07654494,0.04696874,-0.09918231,0.0467808
q_1609,q_4236,420,-0.41846635,0.04039484,-0.4061453,0.04089238
q_1609,q_4244,437,0.6619078,0.02697101,0.6599608,0.02709455
q_1609,q_4249,443,-0.06751802,0.0474558,-0.06436,0.04747566
q_1609,q_4251,433,0.0873039,0.04785672,0.0918365,0.04781756
q_1609,q_4256,425,0.00652359,0.04867717,0.01133235,0.04867299
q_1609,q_4257,440,0.00530198,0.04783514,-0.00122161,0.04783642
q_1609,q_4261,424,0.17386064,0.04726382,0.1786582,0.04718139
q_1609,q_4265,455,0.13168277,0.04622042,0.15429799,0.04591622
q_1609,q_4276,454,0.19707642,0.0452593,0.19971119,0.04521007
q_1609,q_4291,452,-0.48960235,0.03588028,-0.48789238,0.03595916
q_1609,q_463,471,-0.00490565,0.0462239,-0.01348112,0.04621662
q_1609,q_491,410,-0.08430478,0.04921586,-0.08770424,0.04918688
q_1609,q_497,389,0.11231715,0.05025657,0.10421733,0.05034584
q_1609,q_516,596,0.26883832,0.03809714,0.27712887,0.03791126
q_1609,q_52,400,0.14527941,0.04912928,0.13616755,0.04925799
q_1609,q_530,586,-0.08563189,0.04111207,-0.07692364,0.0411707
q_1609,q_566,459,-0.17232356,0.04543868,-0.17691448,0.04536359
q_1609,q_594,388,0.22087259,0.04847842,0.22015248,0.04849461
q_1609,q_6,393,-0.07467336,0.05035461,-0.07256489,0.05037033
q_1609,q_610,375,-0.15953865,0.05052793,-0.18587541,0.05005627
q_1609,q_619,555,-0.2700804,0.03945815,-0.27175926,0.03941943
q_1609,q_630,481,0.24160229,0.04306908,0.22722516,0.04337738
q_1609,q_636,387,0.38502462,0.04346599,0.36443307,0.04425353
q_1609,q_660,486,0.20247837,0.04363613,0.20232147,0.04363902
q_1609,q_793,455,0.13594939,0.04616671,0.14649406,0.04602663
q_1609,q_808,436,0.04709076,0.04795036,0.03427681,0.04800047
q_1609,q_811,350,0.07221528,0.05340285,0.07165315,0.0534072
q_1609,q_819,427,-0.13723729,0.04764963,-0.14385721,0.04755926
q_1609,q_82,444,-0.23271914,0.04504009,-0.24088324,0.04485597
q_1609,q_820,396,0.0915884,0.05002019,0.08276334,0.0500978
q_1609,q_844,571,-0.09083424,0.04161287,-0.0628743,0.0417932
q_1609,q_848,388,0.13803458,0.04999366,0.14309597,0.04992114
q_1609,q_85,430,0.09260139,0.04797842,0.0990876,0.04791825
q_1609,q_880,471,0.25249845,0.04327792,0.24787252,0.04338491
q_1609,q_901,416,-0.0319212,0.04915664,-0.0340956,0.04914958
q_1609,q_905,453,-0.22588706,0.04473511,-0.22843932,0.04468045
q_1609,q_915,406,0.00909572,0.04980943,0.00843515,0.04981
q_1609,q_917,517,-0.19235608,0.04247607,-0.19377395,0.04245192
q_1616,q_1624,534,-0.02903583,0.04335972,-0.02357524,0.04337218
q_1616,q_1635,363,-0.00855641,0.05270077,0.00991376,0.05269945
q_1616,q_1662,444,0.28185488,0.04383609,0.26409239,0.04429787
q_1616,q_1671,377,-0.12403509,0.05091324,-0.12376778,0.05091667
q_1616,q_1676,403,-0.04245123,0.04990989,-0.07563474,0.04971397
q_1616,q_1681,451,0.27901906,0.04356742,0.28905734,0.043298
q_1616,q_1685,397,0.0421936,0.05028958,0.02824633,0.05033908
q_1616,q_1694,417,0.12155172,0.04842118,0.12709134,0.04835348
q_1616,q_1706,493,-0.27010814,0.04187947,-0.28391522,0.0415339
q_1616,q_1742,398,0.19683916,0.04836596,0.19131506,0.04847384
q_1616,q_1757,426,-0.13072555,0.04779076,-0.12667475,0.04784146
q_1616,q_1758,429,-0.03125552,0.04840283,-0.01431527,0.04844023
q_1616,q_1763,549,0.00594648,0.04279454,0.03106596,0.04275475
q_1616,q_1764,429,-0.01346381,0.04844138,0.01191701,0.04844328
q_1616,q_1765,356,0.06239022,0.05301745,0.03846365,0.05314589
q_1616,q_1768,557,0.28965238,0.03892142,0.31493007,0.03827213
q_1616,q_1769,454,0.27175614,0.04361063,0.26362149,0.04381571
q_1616,q_1780,710,0.02815326,0.03757906,0.03495397,0.03756292
q_1616,q_1781,422,0.27434103,0.04517636,0.27613023,0.04512824
q_1616,q_1803,422,0.1928657,0.047036,0.18541846,0.04717362
q_1616,q_1830,426,0.29015667,0.04452816,0.30854818,0.04399279
q_1616,q_1835,441,0.27278486,0.04422633,0.30170106,0.04343258
q_1616,q_1854,426,0.04916364,0.04850414,0.06482977,0.04841731
q_1616,q_1869,370,0.13534332,0.05124339,0.16340182,0.05080584
q_1616,q_1871,510,-0.14489352,0.04347918,-0.13123549,0.04364667
q_1616,q_1880,428,0.07260995,0.04825139,0.07875892,0.04820624
q_1616,q_1883,442,0.28970422,0.04372171,0.28087464,0.04396215
q_1616,q_1896,471,0.09263713,0.04582833,0.06067759,0.04605483
q_1616,q_1910,447,0.02828818,0.04741992,0.06005341,0.04728675
q_1616,q_1915,546,0.11106922,0.0423847,0.15547812,0.04187673
q_1616,q_1989,351,-0.26396351,0.04987056,-0.26865789,0.04973653
q_1616,q_2011,381,0.19525742,0.04947349,0.19811864,0.0494156
q_1616,q_2020,424,-0.10881294,0.04815996,-0.11596953,0.04808156
q_1616,q_2161,576,-0.1982807,0.04013318,-0.17977382,0.04042547
q_1616,q_219,437,0.0151714,0.04799049,0.02296067,0.04797623
q_1616,q_22,406,-0.23503831,0.0470617,-0.21678114,0.04747261
q_1616,q_228,437,0.04874322,0.04788749,0.06497367,0.04779889
q_1616,q_238,397,0.12401895,0.0496044,0.14818346,0.04927303
q_1616,q_239,396,-0.05977971,0.05026306,-0.07333896,0.05017201
q_1616,q_248,321,0.48198803,0.04304978,0.4772111,0.04330673
q_1616,q_251,440,-0.01024717,0.04783146,-0.03895341,0.0477639
q_1616,q_258,429,0.39915565,0.04073083,0.4009271,0.04066216
q_1616,q_2745,420,0.24271279,0.0460854,0.25524779,0.04577973
q_1616,q_2754,406,0.23122715,0.04715022,0.23429828,0.047079
q_1616,q_2775,410,-0.09841705,0.04908805,-0.14819467,0.04847956
q_1616,q_278,377,0.20512973,0.04953296,0.23413554,0.04887412
q_1616,q_292,456,0.28755992,0.04309895,0.30003488,0.04275455
q_1616,q_2951,401,-0.01101806,0.05011939,0.00268149,0.05012511
q_1616,q_312,407,-0.11114975,0.04913721,-0.11643632,0.04907735
q_1616,q_343,431,0.01128588,0.04833067,0.01953953,0.04831837
q_1616,q_345,416,0.01227519,0.04919937,-0.0051273,0.04920549
q_1616,q_348,393,-0.00517565,0.05063561,0.01427338,0.05062665
q_1616,q_35,421,-0.19251757,0.04709879,-0.17593809,0.04739758
q_1616,q_364,519,0.14158406,0.04314007,0.13168582,0.04325914
q_1616,q_377,442,0.08153168,0.04741013,0.11281063,0.04712001
q_1616,q_38,427,0.42812912,0.03966272,0.4497717,0.03874
q_1616,q_381,429,-0.07374713,0.04818666,-0.05147631,0.04832177
q_1616,q_4229,438,0.03726902,0.04787973,0.04461253,0.0478509
q_1616,q_4231,400,0.05245043,0.05005049,0.08723692,0.04980661
q_1616,q_4236,419,-0.00160047,0.04902891,0.00202104,0.04902883
q_1616,q_4244,435,0.03992202,0.04803584,0.05062806,0.0479892
q_1616,q_4249,431,-0.41766581,0.03990472,-0.41887312,0.0398559
q_1616,q_4251,447,0.05316732,0.04732375,0.02912071,0.04741765
q_1616,q_4256,430,-0.32902053,0.04315459,-0.30769784,0.0438116
q_1616,q_4257,462,0.197256,0.04485984,0.19598407,0.04488319
q_1616,q_4261,448,0.16724603,0.04607858,0.16857109,0.04605749
q_1616,q_4265,440,-0.00532317,0.04783513,0.00109154,0.04783643
q_1616,q_4276,426,0.01169942,0.04861501,0.00601633,0.0486199
q_1616,q_4291,418,0.04320867,0.04899642,0.03102133,0.04904083
q_1616,q_463,447,-0.05246839,0.04732725,-0.06805432,0.0472381
q_1616,q_491,400,0.32752526,0.04480469,0.32428889,0.04491057
q_1616,q_497,316,-0.20248278,0.05420593,-0.20069903,0.05424658
q_1616,q_516,559,0.33543637,0.03763764,0.36359519,0.03680286
q_1616,q_52,340,-0.308108,0.04930228,-0.30944714,0.04925723
q_1616,q_530,590,0.04234643,0.0412004,0.05906519,0.04113042
q_1616,q_566,447,-0.23054105,0.04493555,-0.23213881,0.04490047
q_1616,q_594,389,-0.07917282,0.05057961,-0.06456425,0.05068649
q_1616,q_6,381,0.26523195,0.04781614,0.25869128,0.0479924
q_1616,q_610,388,-0.06328519,0.0507606,-0.07371385,0.05068779
q_1616,q_619,569,0.08852044,0.04170377,0.09468758,0.04165628
q_1616,q_630,437,-0.09555814,0.04756322,-0.1046734,0.04747561
q_1616,q_636,407,-0.13829754,0.0488003,-0.16376965,0.04841749
q_1616,q_660,453,-0.01825251,0.04712475,-0.01127708,0.04713446
q_1616,q_793,422,-0.19947785,0.04690926,-0.16147008,0.04757947
q_1616,q_808,433,-0.27478072,0.04458313,-0.26694175,0.04478792
q_1616,q_811,368,-0.24333865,0.04924301,-0.23132883,0.04954139
q_1616,q_819,409,0.24687721,0.04660435,0.26638695,0.04610738
q_1616,q_82,397,0.0070489,0.05037677,-0.01564273,0.05036694
q_1616,q_820,336,0.34509237,0.04827364,0.3585368,0.04775524
q_1616,q_844,526,-0.0324858,0.0436808,0.00868509,0.04372365
q_1616,q_848,371,-0.12524558,0.05131089,-0.1297755,0.05125067
q_1616,q_85,436,0.77273159,0.01936146,0.77422147,0.0192507
q_1616,q_880,441,-0.26596518,0.04440188,-0.27395676,0.04419571
q_1616,q_901,393,-0.20499723,0.04850901,-0.21271596,0.04834574
q_1616,q_905,424,-0.13253933,0.04788087,-0.14948151,0.047648
q_1616,q_915,389,-0.04735637,0.05078451,-0.07235666,0.05063218
q_1616,q_917,483,-0.03178255,0.04559744,-0.04565315,0.04554842
q_1624,q_1635,594,-0.09241096,0.04078322,-0.05957728,0.0409885
q_1624,q_1662,590,-0.01310441,0.04126733,-0.01142824,0.04126903
q_1624,q_1671,547,-0.10227217,0.04242619,-0.09529977,0.04248526
q_1624,q_1676,544,0.11005748,0.04247259,0.12903647,0.0422775
q_1624,q_1681,677,0.02585737,0.03849281,0.02632767,0.03849186
q_1624,q_1685,528,0.08749831,0.04330944,0.07232983,0.04341525
q_1624,q_1694,598,0.14421523,0.04014337,0.13706106,0.04022586
q_1624,q_1706,700,0.05044867,0.0377813,0.03472548,0.03783203
q_1624,q_1742,573,0.0359982,0.04183111,0.08181159,0.04160505
q_1624,q_1757,624,0.12736472,0.03947766,0.11141848,0.03963046
q_1624,q_1758,576,-0.08385195,0.04148187,-0.05727895,0.04163854
q_1624,q_1763,674,0.21004298,0.03690141,0.22622374,0.0366289
q_1624,q_1764,590,0.057893,0.04113608,0.08021688,0.04100883
q_1624,q_1765,540,-0.18971161,0.04160008,-0.24324502,0.04059989
q_1624,q_1768,829,0.0958676,0.03447467,0.11341355,0.0343469
q_1624,q_1769,596,0.07119501,0.04085693,0.10373724,0.04062316
q_1624,q_1780,1127,-0.20981721,0.0285144,-0.23441535,0.02818846
q_1624,q_1781,598,-0.09091463,0.04065715,-0.07637353,0.04075688
q_1624,q_1803,595,0.10494615,0.04064709,0.1053245,0.04064382
q_1624,q_1830,582,-0.01066362,0.04155386,-0.01337693,0.04155115
q_1624,q_1835,610,0.19267319,0.03908197,0.21498207,0.03871285
q_1624,q_1854,555,0.17828057,0.04121001,0.17534423,0.04125421
q_1624,q_1869,548,0.14873002,0.04188775,0.1635032,0.04169017
q_1624,q_1871,708,0.08348418,0.03739969,0.08679225,0.03737847
q_1624,q_1880,598,-0.12014891,0.04040419,-0.10060136,0.0405811
q_1624,q_1883,583,0.11430878,0.04098018,0.15512423,0.04052356
q_1624,q_1896,693,-0.20427201,0.03648083,-0.2131533,0.03633969
q_1624,q_1910,612,0.05298199,0.0404083,0.04953234,0.04042263
q_1624,q_1915,886,0.14230922,0.03297115,0.17203928,0.03265664
q_1624,q_1989,558,0.14037873,0.04161115,0.1142009,0.04189404
q_1624,q_2011,551,-0.03325472,0.04267064,-0.05815199,0.04257343
q_1624,q_2020,599,0.13823434,0.04017887,0.13506353,0.04021437
q_1624,q_2161,843,0.00676498,0.0345017,-0.01347687,0.03449701
q_1624,q_219,583,0.08213325,0.04124263,0.07037272,0.04131711
q_1624,q_22,560,-0.11898052,0.04177154,-0.1020943,0.04192971
q_1624,q_228,588,0.06216075,0.04118516,0.07179216,0.04113182
q_1624,q_238,522,-0.04449749,0.04380821,-0.07196362,0.04366781
q_1624,q_239,554,-0.07095815,0.04238693,-0.07786928,0.04234311
q_1624,q_248,562,-0.03484061,0.04224415,-0.01017174,0.04229112
q_1624,q_251,689,-0.01693362,0.03816923,-0.00483255,0.03817929
q_1624,q_258,563,0.018685,0.04224296,0.07786055,0.04200154
q_1624,q_2745,610,-0.09885347,0.04019211,-0.07781492,0.04034298
q_1624,q_2754,580,-0.09680235,0.04124044,-0.06217725,0.0414696
q_1624,q_2775,606,0.03313912,0.04067843,0.03134616,0.04068313
q_1624,q_278,551,0.12565385,0.04204341,0.13593785,0.04192849
q_1624,q_292,673,-0.06663508,0.03846183,-0.05618129,0.03851143
q_1624,q_2951,551,-0.09178863,0.04235798,-0.08853369,0.04238305
q_1624,q_312,596,-0.15210484,0.040115,-0.14830787,0.04016184
q_1624,q_343,625,0.22552416,0.038057,0.19403488,0.03858674
q_1624,q_345,568,0.2274712,0.03989347,0.2353278,0.0397405
q_1624,q_348,558,-0.1282914,0.041749,-0.13801277,0.04163911
q_1624,q_35,583,-0.19672889,0.03991572,-0.19234339,0.03998657
q_1624,q_364,692,-0.14423943,0.03730436,-0.17230738,0.03696587
q_1624,q_377,563,0.24172608,0.03978853,0.22161185,0.04018236
q_1624,q_38,575,-0.00354388,0.04181158,0.01308382,0.04180494
q_1624,q_381,594,-0.13362506,0.04040002,-0.13585501,0.0403753
q_1624,q_4229,598,0.14038113,0.0401881,0.14896467,0.04008628
q_1624,q_4231,587,0.16555521,0.04024612,0.20105311,0.03970761
q_1624,q_4236,578,0.58842157,0.02726368,0.54731992,0.02921041
q_1624,q_4244,589,-0.52027863,0.03012752,-0.5280689,0.02979015
q_1624,q_4249,573,0.08398392,0.04158996,0.09019972,0.04154461
q_1624,q_4251,643,-0.11929413,0.03896594,-0.1027352,0.03911127
q_1624,q_4256,599,0.04843587,0.0408655,0.03219546,0.04091914
q_1624,q_4257,614,0.10437021,0.04001498,0.11045301,0.03996212
q_1624,q_4261,600,-0.10319603,0.04049142,-0.0753133,0.04069513
q_1624,q_4265,601,0.0200747,0.04087656,0.05702254,0.04076007
q_1624,q_4276,593,-0.22166594,0.03914646,-0.21381571,0.0392872
q_1624,q_4291,601,0.43085687,0.03330175,0.39870706,0.03439238
q_1624,q_463,627,0.0724152,0.03982211,0.04483173,0.03995158
q_1624,q_491,562,0.16326717,0.04116806,0.22122932,0.04022545
q_1624,q_497,514,-0.00912491,0.04423371,-0.00159836,0.04423728
q_1624,q_516,855,-0.13302094,0.03365323,-0.08590347,0.03400662
q_1624,q_52,517,0.0190932,0.04409203,0.02061201,0.04408937
q_1624,q_530,852,0.22885902,0.03252236,0.24142581,0.03231953
q_1624,q_566,614,0.12995397,0.03977245,0.1039106,0.04001885
q_1624,q_594,550,-0.13686899,0.04195594,-0.12418192,0.04209755
q_1624,q_6,577,0.16347523,0.04062375,0.2018153,0.04003918
q_1624,q_610,583,0.08210939,0.0412428,0.05262283,0.04140776
q_1624,q_619,850,0.30484045,0.03116737,0.30422593,0.03118023
q_1624,q_630,612,-0.1863533,0.03911481,-0.19336785,0.03900688
q_1624,q_636,578,-0.25700528,0.03894834,-0.25766018,0.03893428
q_1624,q_660,632,-0.26048043,0.03716725,-0.27808584,0.03678919
q_1624,q_793,603,-0.06176125,0.0406691,-0.02215446,0.04080479
q_1624,q_808,606,0.00724014,0.04072101,-0.00950624,0.04071947
q_1624,q_811,548,-0.13438299,0.04206174,-0.15302497,0.04183223
q_1624,q_819,586,0.15171667,0.04046246,0.17402994,0.04016143
q_1624,q_82,599,0.31414751,0.03691915,0.288419,0.03755418
q_1624,q_820,558,0.03334039,0.04240045,0.04702631,0.04235376
q_1624,q_844,649,0.09597152,0.03898209,0.13299593,0.03864855
q_1624,q_848,560,-0.15686785,0.04132871,-0.16154414,0.04126562
q_1624,q_85,590,-0.0716023,0.04106281,-0.04611181,0.04118666
q_1624,q_880,584,-0.11267634,0.04096027,-0.1143903,0.04094413
q_1624,q_901,587,-0.07408988,0.04115315,-0.10038876,0.04096327
q_1624,q_905,584,0.09377302,0.04112218,0.0761705,0.04124629
q_1624,q_915,542,0.01713737,0.0430604,0.03422121,0.04302261
q_1624,q_917,696,0.25777687,0.03546267,0.23837295,0.03582838
q_1635,q_1662,442,-0.10811826,0.04716948,-0.08814997,0.04735653
q_1635,q_1671,355,0.40368951,0.0446141,0.41124324,0.044286
q_1635,q_1676,408,0.06589747,0.04947462,0.06487724,0.04948125
q_1635,q_1681,503,0.1943644,0.0430319,0.17991779,0.04327371
q_1635,q_1685,358,0.14080784,0.05202219,0.13286959,0.05213749
q_1635,q_1694,451,-0.04139864,0.04716459,-0.02185816,0.04722299
q_1635,q_1706,488,-0.24058725,0.04277936,-0.23955115,0.04280195
q_1635,q_1742,380,-0.22912794,0.04879875,-0.21650791,0.0490884
q_1635,q_1757,473,-0.07182102,0.04588863,-0.07124402,0.04589244
q_1635,q_1758,450,0.25771464,0.04415697,0.26665835,0.04393515
q_1635,q_1763,578,-0.19679715,0.04008777,-0.13872122,0.04090037
q_1635,q_1764,455,-0.12167511,0.04633968,-0.10326538,0.04653446
q_1635,q_1765,407,0.12833347,0.04893247,0.08638102,0.04938063
q_1635,q_1768,574,-0.0212062,0.04182988,-0.01787589,0.04183532
q_1635,q_1769,448,-0.06499006,0.04720432,-0.07140852,0.04716282
q_1635,q_1780,825,-0.02352443,0.0348597,-0.03515488,0.0348359
q_1635,q_1781,442,-0.12246144,0.04701164,-0.11484055,0.04709795
q_1635,q_1803,375,-0.31233673,0.04678963,-0.31016477,0.04685973
q_1635,q_1830,450,-0.1162355,0.04665934,-0.10491541,0.04677775
q_1635,q_1835,473,-0.11046235,0.04556373,-0.10629497,0.04560539
q_1635,q_1854,461,-0.32455795,0.04180482,-0.31006296,0.04223465
q_1635,q_1869,391,-0.12432032,0.04998267,-0.11558089,0.05008911
q_1635,q_1871,499,-0.13814346,0.04404445,-0.13615272,0.04406896
q_1635,q_1880,438,0.00374965,0.04794566,0.0185827,0.04792977
q_1635,q_1883,459,-0.04218536,0.04674595,-0.02441828,0.04680137
q_1635,q_1896,520,0.04866332,0.0438758,0.0230541,0.04395657
q_1635,q_1910,429,-0.07759182,0.04815846,-0.08222936,0.04812255
q_1635,q_1915,623,0.14577476,0.03930753,0.14422029,0.03932564
q_1635,q_1989,394,0.14810074,0.04946293,0.13052238,0.04971062
q_1635,q_2011,430,-0.09108678,0.04799188,-0.10000578,0.0479094
q_1635,q_2020,439,0.0602889,0.04771724,0.07408266,0.04762848
q_1635,q_2161,662,0.12443722,0.03835127,0.11979855,0.03839541
q_1635,q_219,465,-0.49227183,0.03524993,-0.48606701,0.03553235
q_1635,q_22,430,-0.00136779,0.0483933,-0.00019918,0.04839339
q_1635,q_228,470,-0.14558892,0.04529364,-0.14386803,0.04531669
q_1635,q_238,396,-0.0045804,0.05044227,0.00597698,0.05044153
q_1635,q_239,415,-0.0046789,0.04926539,-0.00201822,0.04926626
q_1635,q_248,413,-0.04208843,0.04929899,-0.04090861,0.04930383
q_1635,q_251,503,0.17050618,0.0434212,0.1538576,0.04366271
q_1635,q_258,437,-0.0558801,0.04785165,-0.02197098,0.04797836
q_1635,q_2745,442,-0.03151735,0.04767999,0.00091283,0.04772736
q_1635,q_2754,472,-0.04046985,0.04610008,-0.01395254,0.04616672
q_1635,q_2775,426,-0.01683522,0.04860788,-0.03665811,0.04855633
q_1635,q_278,397,0.10864503,0.04978461,0.12623666,0.04957644
q_1635,q_292,502,-0.06780153,0.04456036,-0.05204071,0.04464491
q_1635,q_2951,445,-0.22496297,0.04515796,-0.22687351,0.0451169
q_1635,q_312,457,0.2944085,0.0428644,0.28738378,0.04305621
q_1635,q_343,458,-0.14261367,0.04592723,-0.15247172,0.04579086
q_1635,q_345,459,-0.07857057,0.0465402,-0.08709808,0.04647404
q_1635,q_348,468,-0.00730742,0.04637141,0.01681748,0.04636077
q_1635,q_35,454,-0.05032379,0.04696891,-0.06234662,0.04690512
q_1635,q_364,467,0.05444476,0.04628622,0.05990137,0.04625726
q_1635,q_377,474,-0.31070811,0.04162926,-0.29594181,0.04204202
q_1635,q_38,462,-0.14160651,0.04574004,-0.13387814,0.04583941
q_1635,q_381,443,0.22465221,0.04526713,0.21787556,0.0454101
q_1635,q_4229,431,-0.12997978,0.04752019,-0.11780584,0.047666
q_1635,q_4231,435,-0.24885561,0.04513296,-0.1843011,0.04647829
q_1635,q_4236,470,0.02511414,0.0462453,0.00291665,0.04627409
q_1635,q_4244,482,0.18243352,0.04417047,0.182879,0.04416304
q_1635,q_4249,460,0.15536339,0.04564891,0.15284011,0.04568529
q_1635,q_4251,502,0.06880187,0.04455424,0.04789256,0.04466347
q_1635,q_4256,446,0.12463795,0.04677336,0.12786576,0.04673464
q_1635,q_4257,473,-0.28911975,0.04227083,-0.28044828,0.04249865
q_1635,q_4261,470,0.04348896,0.04618696,0.0424687,0.04619102
q_1635,q_4265,472,-0.20393381,0.04425531,-0.17910524,0.04469445
q_1635,q_4276,456,-0.06441746,0.04678913,-0.06264981,0.04679969
q_1635,q_4291,467,-0.13665863,0.04555684,-0.12974303,0.04564237
q_1635,q_463,454,-0.26564959,0.04376516,-0.27693127,0.04347693
q_1635,q_491,440,-0.0760422,0.04755988,-0.06013824,0.04766348
q_1635,q_497,399,0.1126409,0.0496143,0.11158894,0.04962615
q_1635,q_516,658,-0.04514002,0.03899362,-0.04920604,0.03897863
q_1635,q_52,363,0.06048506,0.05251181,0.06877713,0.05245532
q_1635,q_530,601,0.07144704,0.0406843,0.07532605,0.04066101
q_1635,q_566,508,0.12058015,0.04385241,0.12403994,0.04381475
q_1635,q_594,400,0.29272167,0.04588811,0.28828545,0.04601747
q_1635,q_6,406,0.01588629,0.04980098,0.00434825,0.04981261
q_1635,q_610,444,0.00620927,0.04761721,-0.02069597,0.04759865
q_1635,q_619,590,0.05873192,0.04113204,0.0512887,0.04116584
q_1635,q_630,483,0.15943868,0.04448326,0.15400596,0.04456098
q_1635,q_636,426,0.01107473,0.0486157,-0.00237914,0.04862139
q_1635,q_660,476,0.09349468,0.04557813,0.09792716,0.04553911
q_1635,q_793,459,-0.07288143,0.04658055,-0.04949419,0.04671457
q_1635,q_808,452,0.30768333,0.04272521,0.30259711,0.0428717
q_1635,q_811,420,0.15025625,0.04786461,0.14015146,0.04800832
q_1635,q_819,362,-0.30867867,0.04774916,-0.30407583,0.04789802
q_1635,q_82,450,-0.01137706,0.04729225,-0.00148406,0.04729827
q_1635,q_820,426,-0.03363736,0.04856665,-0.01456988,0.04861134
q_1635,q_844,570,-0.16299108,0.04088038,-0.15487798,0.04098869
q_1635,q_848,435,0.16093257,0.04686644,0.15608392,0.0469404
q_1635,q_85,447,0.03931914,0.04738453,0.05064135,0.04733619
q_1635,q_880,476,0.19520266,0.04422802,0.19320429,0.04426371
q_1635,q_901,336,0.26216719,0.05103319,0.25166201,0.05132899
q_1635,q_905,433,0.01180499,0.04821756,0.01161034,0.04821778
q_1635,q_915,388,0.23276632,0.04820344,0.23204931,0.04822043
q_1635,q_917,522,-0.03696467,0.04383515,-0.04003211,0.04382478
q_1662,q_1671,460,-0.19715215,0.04495981,-0.19074914,0.045076
q_1662,q_1676,456,0.01295554,0.04697621,0.0053335,0.04698276
q_1662,q_1681,522,0.08868149,0.04354992,0.08430969,0.04358312
q_1662,q_1685,433,-0.06969162,0.04799006,-0.11422519,0.04759508
q_1662,q_1694,516,0.07498022,0.04390286,0.09499898,0.04375262
q_1662,q_1706,523,-0.09087207,0.04349078,-0.09228574,0.04347942
q_1662,q_1742,396,0.33608936,0.04474545,0.31761869,0.04535452
q_1662,q_1757,538,0.00141145,0.04323368,-0.00622717,0.04323209
q_1662,q_1758,525,0.07177747,0.04354331,0.07910124,0.04349495
q_1662,q_1763,568,0.10338142,0.04162068,0.09137194,0.04171908
q_1662,q_1764,525,0.00555902,0.04376746,0.03796398,0.04370573
q_1662,q_1765,411,0.13360524,0.04862365,0.14125148,0.04851961
q_1662,q_1768,606,0.25844849,0.03800302,0.25523625,0.03807022
q_1662,q_1769,539,0.15751463,0.04212176,0.16041261,0.04208196
q_1662,q_1780,758,0.33008615,0.03242838,0.33213373,0.03237903
q_1662,q_1781,550,0.58861435,0.02794306,0.58752344,0.02799792
q_1662,q_1803,464,0.34014227,0.04118611,0.32983385,0.04150777
q_1662,q_1830,500,0.20100763,0.04304376,0.19311894,0.04318322
q_1662,q_1835,544,0.1745509,0.04168344,0.20344827,0.04121381
q_1662,q_1854,525,0.10652237,0.04327217,0.11430516,0.04319694
q_1662,q_1869,426,0.10551558,0.04808033,0.12542177,0.04785681
q_1662,q_1871,525,0.11178901,0.04322184,0.12822198,0.04304921
q_1662,q_1880,519,0.10979834,0.04349182,0.09772544,0.04360212
q_1662,q_1883,528,0.23301706,0.04127386,0.22537441,0.04142676
q_1662,q_1896,476,0.02968835,0.04593952,0.0123753,0.04597301
q_1662,q_1910,507,0.00201903,0.04454336,0.01654697,0.04453134
q_1662,q_1915,599,-0.03887522,0.04089969,-0.04309327,0.04088553
q_1662,q_1989,443,-0.15385903,0.04654458,-0.169426,0.04630466
q_1662,q_2011,455,0.59645318,0.03030267,0.57909427,0.0312625
q_1662,q_2020,529,-0.21941171,0.041503,-0.22055624,0.04148105
q_1662,q_2161,588,-0.16415275,0.04023083,-0.16018859,0.04028399
q_1662,q_219,539,0.15995197,0.04208833,0.1658407,0.04200547
q_1662,q_22,470,0.17210697,0.04490379,0.16260733,0.04505093
q_1662,q_228,526,0.24280305,0.0411491,0.24438336,0.04111543
q_1662,q_238,403,0.03287758,0.04994595,0.05143115,0.04986774
q_1662,q_239,452,-0.10273498,0.04669482,-0.08766133,0.04683026
q_1662,q_248,450,0.22309558,0.04494426,0.23027223,0.04479037
q_1662,q_251,509,0.07923636,0.04417631,0.05804872,0.04430562
q_1662,q_258,511,0.1267149,0.04365543,0.14897018,0.04338321
q_1662,q_2745,519,0.24715539,0.04133339,0.25830179,0.04108537
q_1662,q_2754,521,0.15037488,0.04294394,0.15759113,0.04284629
q_1662,q_2775,464,-0.11859886,0.04591954,-0.17531561,0.04514315
q_1662,q_278,420,-0.02734486,0.04893359,-0.0197975,0.04895102
q_1662,q_292,478,0.53650292,0.03267635,0.54320536,0.03234431
q_1662,q_2951,493,0.19565359,0.04344607,0.21699067,0.04304831
q_1662,q_312,517,-0.2596308,0.04113486,-0.25680088,0.04119933
q_1662,q_343,506,0.10637151,0.04408329,0.11454194,0.04400281
q_1662,q_345,514,-0.01258139,0.04423039,-0.01177846,0.04423126
q_1662,q_348,454,0.16984288,0.04572983,0.17963148,0.04556875
q_1662,q_35,523,0.16808823,0.0426139,0.17353427,0.04253231
q_1662,q_364,520,-0.0612144,0.04381515,-0.06648196,0.04378556
q_1662,q_377,523,0.05970175,0.0436966,0.06493029,0.04366802
q_1662,q_38,527,0.2908224,0.03999041,0.28175079,0.04021732
q_1662,q_381,531,-0.00429548,0.04351861,0.02505095,0.0434921
q_1662,q_4229,538,0.10078568,0.04279461,0.11480339,0.04266396
q_1662,q_4231,535,-0.05471801,0.04322569,-0.01869335,0.04334035
q_1662,q_4236,508,-0.14657488,0.04354338,-0.11807728,0.04387899
q_1662,q_4244,504,0.22239497,0.04246702,0.21596767,0.04259289
q_1662,q_4249,538,-0.16826152,0.04200974,-0.17577686,0.04189795
q_1662,q_4251,535,0.23531206,0.04095483,0.22435717,0.04117315
q_1662,q_4256,569,-0.07609643,0.04178974,-0.07666947,0.04178606
q_1662,q_4257,530,0.2805872,0.04013119,0.27863733,0.04017869
q_1662,q_4261,544,0.27731177,0.03968709,0.2741995,0.03976089
q_1662,q_4265,543,0.21041748,0.04112783,0.23513023,0.04065401
q_1662,q_4276,507,0.36319026,0.03866793,0.36671286,0.0385534
q_1662,q_4291,522,-0.14144641,0.04301691,-0.14769063,0.04293766
q_1662,q_463,479,0.05324439,0.04570498,0.02862746,0.04579736
q_1662,q_491,445,0.21675393,0.04533043,0.19740393,0.04571162
q_1662,q_497,424,0.06131887,0.04855377,0.06249793,0.04854665
q_1662,q_516,604,0.30515249,0.03699249,0.30637895,0.03696189
q_1662,q_52,395,0.08896915,0.05010783,0.07064229,0.05025558
q_1662,q_530,589,-0.01988346,0.04129329,-0.00044747,0.04130961
q_1662,q_566,532,-0.29364113,0.03972934,-0.28488849,0.0399495
q_1662,q_594,435,-0.03302011,0.04806006,-0.02823737,0.04807416
q_1662,q_6,452,0.12095835,0.04650244,0.16514579,0.04590582
q_1662,q_610,419,-0.07201621,0.04877475,-0.05227915,0.04889503
q_1662,q_619,606,-0.09674867,0.04034197,-0.0906583,0.04038845
q_1662,q_630,547,0.05227202,0.0427575,0.04296882,0.04279549
q_1662,q_636,468,0.22950901,0.04393117,0.22322125,0.04406318
q_1662,q_660,548,-0.07856807,0.04257087,-0.08984918,0.04248949
q_1662,q_793,518,0.04549249,0.04397407,0.04422775,0.04397907
q_1662,q_808,554,-0.14024646,0.0417635,-0.14169272,0.04174613
q_1662,q_811,429,-0.1131269,0.04783011,-0.12596563,0.04768138
q_1662,q_819,452,0.28821501,0.0432727,0.27253556,0.04368763
q_1662,q_82,533,-0.19665841,0.04175731,-0.20154858,0.04167272
q_1662,q_820,417,0.247264,0.04614248,0.25045432,0.04606444
q_1662,q_844,560,0.16813017,0.04117362,0.18180813,0.04097081
q_1662,q_848,507,-0.03077486,0.04450135,-0.02267013,0.04452065
q_1662,q_85,535,0.24323404,0.04079047,0.25504384,0.04053534
q_1662,q_880,535,-0.05824804,0.0432084,-0.05524137,0.04322319
q_1662,q_901,455,-0.15865176,0.04585213,-0.15855987,0.0458535
q_1662,q_905,512,-0.09689571,0.04390807,-0.09174138,0.04395117
q_1662,q_915,441,-0.0708668,0.04754188,-0.08689238,0.04742108
q_1662,q_917,584,-0.13041309,0.0407814,-0.12328384,0.04085643
q_1671,q_1676,384,0.00019496,0.05123155,0.00882969,0.05122756
q_1671,q_1681,497,0.1654713,0.04376021,0.15375674,0.04392846
q_1671,q_1685,349,0.07827116,0.05343098,0.10926444,0.0531185
q_1671,q_1694,439,0.09215305,0.04748461,0.1319631,0.04705732
q_1671,q_1706,497,-0.05814581,0.04484001,-0.06172742,0.04482069
q_1671,q_1742,337,-0.51861043,0.04000091,-0.50742945,0.04062863
q_1671,q_1757,439,-0.0759532,0.04761503,-0.0744037,0.04762619
q_1671,q_1758,464,0.25561147,0.04353159,0.25036082,0.04365532
q_1671,q_1763,562,-0.23337644,0.03999189,-0.24266962,0.03980477
q_1671,q_1764,434,-0.13038266,0.04734946,-0.12387182,0.0474292
q_1671,q_1765,364,0.27163089,0.04874825,0.24950263,0.04935518
q_1671,q_1768,592,-0.2633951,0.03834565,-0.2498216,0.03863269
q_1671,q_1769,441,-0.18768385,0.04609872,-0.15109809,0.04669096
q_1671,q_1780,772,-0.06067503,0.03592817,-0.05948486,0.03593332
q_1671,q_1781,466,-0.21359506,0.04435367,-0.2092022,0.04443998
q_1671,q_1803,385,-0.59176125,0.03324761,-0.58824301,0.03346002
q_1671,q_1830,433,-0.08956715,0.04783741,-0.0829926,0.04789212
q_1671,q_1835,450,-0.30635655,0.04285922,-0.29400153,0.04321005
q_1671,q_1854,433,-0.3163061,0.04339946,-0.3127839,0.04350632
q_1671,q_1869,385,-0.17958506,0.04951436,-0.14328628,0.050114
q_1671,q_1871,501,-0.06277479,0.04463449,-0.05839402,0.04465827
q_1671,q_1880,414,0.09019755,0.04892506,0.10042591,0.04882889
q_1671,q_1883,443,-0.21684413,0.04543147,-0.1889724,0.0459707
q_1671,q_1896,489,0.18264393,0.04384774,0.16325818,0.04415191
q_1671,q_1910,448,-0.08882292,0.04703055,-0.08565173,0.04705678
q_1671,q_1915,609,0.06336237,0.04045913,0.04295488,0.04054727
q_1671,q_1989,390,0.1026662,0.05029706,0.11926907,0.05010975
q_1671,q_2011,377,0.01028683,0.0517033,0.02320528,0.05168092
q_1671,q_2020,432,0.08314412,0.04794669,0.08365189,0.04794261
q_1671,q_2161,588,0.19737832,0.03973419,0.19738064,0.03973415
q_1671,q_219,437,-0.37569249,0.04122637,-0.37510233,0.04124764
q_1671,q_22,426,0.07079622,0.04837797,0.07275011,0.04836433
q_1671,q_228,453,-0.22027723,0.0448531,-0.21043647,0.04505291
q_1671,q_238,381,0.16546597,0.05002623,0.18474316,0.04967899
q_1671,q_239,417,0.20720303,0.04703727,0.20659155,0.04704971
q_1671,q_248,372,-0.16523408,0.05063662,-0.1594192,0.0507349
q_1671,q_251,502,0.12242891,0.04409516,0.12162829,0.0441039
q_1671,q_258,429,-0.08686803,0.04808455,-0.07960181,0.04814316
q_1671,q_2745,445,-0.12024287,0.04687744,-0.11756798,0.04690769
q_1671,q_2754,436,0.00298806,0.0480565,0.00114239,0.04805687
q_1671,q_2775,406,0.06060161,0.04963061,0.02807883,0.04977427
q_1671,q_278,375,-0.09639,0.05136587,-0.0855504,0.05146812
q_1671,q_292,470,-0.17889204,0.04479359,-0.1849652,0.04469133
q_1671,q_2951,412,-0.15591423,0.0482448,-0.1374762,0.04851229
q_1671,q_312,418,0.65448143,0.02806139,0.64846535,0.02844618
q_1671,q_343,440,-0.3334585,0.04251733,-0.34532795,0.04213192
q_1671,q_345,420,-0.21687131,0.04666699,-0.21950064,0.0466108
q_1671,q_348,414,-0.07507044,0.04904838,-0.07439418,0.04905337
q_1671,q_35,421,-0.11049089,0.04831447,-0.12095036,0.04819607
q_1671,q_364,495,0.16824614,0.04380731,0.1622485,0.04389668
q_1671,q_377,442,-0.33831485,0.04226466,-0.32438874,0.04270513
q_1671,q_38,437,-0.28897559,0.04399308,-0.28710702,0.04404475
q_1671,q_381,441,0.23626584,0.04511459,0.24445547,0.04492648
q_1671,q_4229,444,-0.22291481,0.04525281,-0.21007311,0.04551759
q_1671,q_4231,415,-0.16874655,0.04786358,-0.17730889,0.0477176
q_1671,q_4236,436,-0.10347893,0.04754234,-0.10911112,0.0474848
q_1671,q_4244,455,0.07754289,0.04675322,0.07135348,0.04679657
q_1671,q_4249,431,0.22539414,0.04588119,0.22206189,0.04595326
q_1671,q_4251,455,0.03106382,0.04699066,0.00941319,0.04703188
q_1671,q_4256,464,0.10297841,0.04608074,0.10391336,0.04607173
q_1671,q_4257,451,-0.56821625,0.0319914,-0.56362444,0.03223694
q_1671,q_4261,465,-0.08232933,0.04620886,-0.07336174,0.04627382
q_1671,q_4265,449,-0.26468369,0.04403406,-0.25742776,0.04421344
q_1671,q_4276,441,-0.19672262,0.0459327,-0.19009567,0.04605519
q_1671,q_4291,447,-0.07319105,0.04720367,-0.08203415,0.04713853
q_1671,q_463,466,-0.29187866,0.04251468,-0.29373954,0.04246403
q_1671,q_491,385,-0.1292679,0.05030948,-0.1206868,0.05041923
q_1671,q_497,383,0.13815499,0.05031979,0.1346883,0.05036831
q_1671,q_516,605,-0.11364777,0.04023055,-0.10987413,0.04026493
q_1671,q_52,360,0.1672278,0.05144554,0.16680181,0.05145307
q_1671,q_530,597,0.02892485,0.04099617,0.02782461,0.04099873
q_1671,q_566,454,0.21220103,0.04496782,0.21649274,0.04488118
q_1671,q_594,379,0.18347399,0.04983504,0.18780366,0.04975214
q_1671,q_6,376,-0.15840465,0.05047882,-0.16159764,0.05042592
q_1671,q_610,397,0.09483905,0.04992614,0.09239024,0.04994924
q_1671,q_619,619,-0.06962044,0.04009586,-0.06156455,0.04013844
q_1671,q_630,462,0.08648018,0.04632692,0.08197758,0.04636232
q_1671,q_636,366,-0.00715037,0.0524837,-0.01012737,0.052481
q_1671,q_660,456,0.2088509,0.04493471,0.21355831,0.04484129
q_1671,q_793,421,-0.10240226,0.0483987,-0.09372559,0.04848194
q_1671,q_808,417,0.22787519,0.04659524,0.23092028,0.04652658
q_1671,q_811,357,0.37312416,0.04574985,0.37052169,0.04585271
q_1671,q_819,390,-0.59609108,0.03277069,-0.60654952,0.03213133
q_1671,q_82,465,0.04671975,0.04642266,0.04696752,0.04642158
q_1671,q_820,377,-0.20235668,0.04959139,-0.203545,0.04956645
q_1671,q_844,568,-0.23299818,0.0397864,-0.21865874,0.04005887
q_1671,q_848,435,0.25009959,0.04510309,0.24237079,0.04528622
q_1671,q_85,451,0.01929937,0.04722796,0.02504031,0.04721594
q_1671,q_880,436,0.20948783,0.04594795,0.20467326,0.04604377
q_1671,q_901,347,0.41996874,0.04440695,0.42143347,0.0443405
q_1671,q_905,429,-0.01254998,0.04844253,-0.01289952,0.0484421
q_1671,q_915,415,0.15598901,0.04806768,0.15483704,0.04808532
q_1671,q_917,502,0.00188716,0.04476599,-0.0014783,0.04476605
q_1676,q_1681,469,0.06859772,0.04610612,0.08972087,0.0459512
q_1676,q_1685,408,0.28966214,0.04552117,0.24190634,0.04678258
q_1676,q_1694,448,-0.08321137,0.04707631,-0.11042702,0.04682649
q_1676,q_1706,527,-0.03727225,0.04362451,-0.04086476,0.04361225
q_1676,q_1742,396,-0.10139007,0.04992477,-0.10745587,0.04986087
q_1676,q_1757,425,-0.12194102,0.0479554,-0.14516861,0.04765338
q_1676,q_1758,442,0.02562203,0.04769606,0.02538213,0.04769665
q_1676,q_1763,553,-0.12031883,0.04202286,-0.14231334,0.04177655
q_1676,q_1764,456,-0.05774803,0.04682741,-0.10968928,0.0464188
q_1676,q_1765,384,-0.05032671,0.05110179,-0.0417685,0.05114217
q_1676,q_1768,586,-0.10391171,0.04096858,-0.10295724,0.04097675
q_1676,q_1769,447,-0.10432564,0.04694138,-0.11562824,0.04682339
q_1676,q_1780,753,0.0207927,0.03649905,0.01102343,0.0365104
q_1676,q_1781,441,-0.06266897,0.04759419,-0.05967516,0.04761169
q_1676,q_1803,407,-0.02215667,0.04972744,-0.02101056,0.0497299
q_1676,q_1830,455,-0.17087255,0.04566271,-0.20432506,0.04507235
q_1676,q_1835,459,-0.0978326,0.04638108,-0.11067922,0.04625564
q_1676,q_1854,428,0.07891636,0.04820503,0.08544058,0.04815302
q_1676,q_1869,372,-0.09387891,0.05159912,-0.13137353,0.05115945
q_1676,q_1871,505,-0.01760695,0.04461835,-0.01192367,0.04462584
q_1676,q_1880,423,-0.23443335,0.04611328,-0.26195795,0.04544659
q_1676,q_1883,448,-0.09128809,0.0470095,-0.09234949,0.04700026
q_1676,q_1896,489,0.10529288,0.04485802,0.1341695,0.04454436
q_1676,q_1910,418,-0.05256493,0.04895244,-0.06964973,0.04884994
q_1676,q_1915,576,0.05766769,0.04163667,0.03398946,0.04172734
q_1676,q_1989,381,0.07968099,0.05110789,0.07190169,0.05116854
q_1676,q_2011,359,-0.08254434,0.05263878,-0.10408485,0.05242571
q_1676,q_2020,435,0.01137564,0.0481063,-0.00323743,0.04811202
q_1676,q_2161,569,0.03076111,0.04199336,0.04211282,0.04195859
q_1676,q_219,444,-0.07780287,0.0473308,-0.09638152,0.0471767
q_1676,q_22,422,0.01956086,0.0488345,-0.0004727,0.04885319
q_1676,q_228,482,-0.11667562,0.04506916,-0.14148152,0.04477657
q_1676,q_238,382,0.06404668,0.05115585,0.03865106,0.05128981
q_1676,q_239,396,0.08428916,0.05008494,0.0844299,0.05008375
q_1676,q_248,378,0.08574235,0.05126014,0.06533047,0.05141938
q_1676,q_251,471,0.24061021,0.0435489,0.23933875,0.04357711
q_1676,q_258,418,-0.10110044,0.04858633,-0.1143882,0.04844577
q_1676,q_2745,412,-0.23255597,0.04677262,-0.2882256,0.04533907
q_1676,q_2754,441,-0.20068477,0.04585746,-0.22288958,0.04540806
q_1676,q_2775,348,0.28949573,0.04932613,0.30322345,0.04888807
q_1676,q_278,391,-0.00061837,0.05076729,-0.00968046,0.05076255
q_1676,q_292,532,-0.04739102,0.04338061,-0.05723074,0.04333585
q_1676,q_2951,423,-0.26757235,0.04530153,-0.27121438,0.04520578
q_1676,q_312,451,-0.05383153,0.04710865,-0.05876219,0.04708242
q_1676,q_343,419,0.06321616,0.0488331,0.06845014,0.04879931
q_1676,q_345,443,0.1900893,0.04595051,0.19655126,0.0458314
q_1676,q_348,361,-0.10213319,0.05230034,-0.14985348,0.0516648
q_1676,q_35,452,-0.03392692,0.0471386,-0.00048366,0.04719291
q_1676,q_364,466,-0.01065928,0.04646866,-0.03906207,0.04640303
q_1676,q_377,434,0.01436416,0.04815837,0.02972838,0.04812574
q_1676,q_38,446,-0.09009408,0.04712579,-0.12767194,0.04673699
q_1676,q_381,437,0.08650375,0.04764235,0.11536725,0.04736265
q_1676,q_4229,427,-0.16135105,0.04729996,-0.15206452,0.04744131
q_1676,q_4231,430,-0.11670929,0.04773422,-0.14834349,0.04732846
q_1676,q_4236,442,0.13262148,0.04688794,0.12716303,0.04695562
q_1676,q_4244,475,-0.17416456,0.04463253,-0.20333213,0.04412572
q_1676,q_4249,441,0.1585772,0.04658029,0.15630378,0.0466145
q_1676,q_4251,436,0.19940142,0.04614614,0.23183286,0.04547404
q_1676,q_4256,451,0.04715274,0.04714051,0.03428437,0.04719003
q_1676,q_4257,457,-0.06019329,0.04676228,-0.06036496,0.04676131
q_1676,q_4261,476,-0.01133533,0.04597414,-0.01701785,0.04596673
q_1676,q_4265,437,-0.07352135,0.04774207,-0.06260959,0.04781337
q_1676,q_4276,464,-0.02510868,0.04654528,-0.01698338,0.04656121
q_1676,q_4291,440,0.17110081,0.04643605,0.1952853,0.04601218
q_1676,q_463,489,0.07810594,0.0450842,0.10298948,0.04487979
q_1676,q_491,412,-0.07828539,0.04914378,-0.09471858,0.0490032
q_1676,q_497,415,0.02058586,0.04924559,0.00731623,0.04926383
q_1676,q_516,594,-0.24739883,0.03861682,-0.27975916,0.0379151
q_1676,q_52,385,0.01228253,0.05115673,0.01224155,0.05115678
q_1676,q_530,579,0.0492054,0.04156578,0.03915908,0.04160277
q_1676,q_566,457,0.09522868,0.04650672,0.10141417,0.04644963
q_1676,q_594,417,0.07321641,0.04888386,0.03991311,0.04906902
q_1676,q_6,343,-0.06761165,0.0539847,-0.08884715,0.05380451
q_1676,q_610,362,0.07232744,0.05250189,0.13157724,0.05186426
q_1676,q_619,569,0.10072588,0.04160668,0.10345576,0.04158325
q_1676,q_630,458,0.10836689,0.04633018,0.12979996,0.04609088
q_1676,q_636,417,0.00375299,0.04914663,0.01216513,0.04914005
q_1676,q_660,472,0.025812,0.04614494,0.02064921,0.04615602
q_1676,q_793,403,-0.08917313,0.04960241,-0.13567181,0.04907966
q_1676,q_808,442,0.12347096,0.04699979,0.10661694,0.04718487
q_1676,q_811,374,0.09160843,0.05148172,0.10452313,0.05135021
q_1676,q_819,399,0.05672331,0.0500902,0.03353621,0.05019537
q_1676,q_82,466,0.17928772,0.04498008,0.20806453,0.04446204
q_1676,q_820,390,-0.10944844,0.05022393,-0.12174349,0.05007944
q_1676,q_844,575,-0.15978418,0.0407446,-0.2095539,0.03997601
q_1676,q_848,391,0.08371597,0.05041151,0.09325728,0.05032579
q_1676,q_85,470,-0.00304927,0.04627405,-0.02881372,0.04623606
q_1676,q_880,468,0.10921552,0.04582074,0.10385268,0.04587373
q_1676,q_901,427,0.1001663,0.04807703,0.10778764,0.04800006
q_1676,q_905,446,0.15551055,0.04636244,0.16860318,0.04616082
q_1676,q_915,374,0.15053942,0.05074085,0.14033855,0.0508949
q_1676,q_917,507,0.01336897,0.04453558,0.0184806,0.04452833
q_1681,q_1685,489,0.15743082,0.04423668,0.14065508,0.04446351
q_1681,q_1694,524,0.02295745,0.04378771,0.02662829,0.04377973
q_1681,q_1706,488,-0.351807,0.03978764,-0.34572919,0.03998014
q_1681,q_1742,495,-0.00520151,0.04508226,-0.01561414,0.04507249
q_1681,q_1757,481,-0.2726952,0.04233767,-0.28983539,0.04189666
q_1681,q_1758,542,0.0748666,0.04283162,0.06944664,0.04286531
q_1681,q_1763,694,-0.25714811,0.03552627,-0.2512326,0.03564068
q_1681,q_1764,552,-0.18048434,0.04128871,-0.17370263,0.04139122
q_1681,q_1765,470,0.07220759,0.04603321,0.05920515,0.04611228
q_1681,q_1768,746,0.00736402,0.03668445,-0.00855574,0.03668376
q_1681,q_1769,524,0.03798764,0.04374757,0.04160975,0.04373494
q_1681,q_1780,926,0.01317756,0.03290969,0.01542744,0.03290757
q_1681,q_1781,534,0.00995702,0.043392,0.01016242,0.04339182
q_1681,q_1803,501,-0.09487668,0.0444077,-0.09354033,0.04441898
q_1681,q_1830,513,0.21263522,0.04227865,0.20201304,0.04247368
q_1681,q_1835,541,0.01436409,0.04310417,0.02416559,0.04308788
q_1681,q_1854,506,-0.08460169,0.04426866,-0.06823662,0.04438018
q_1681,q_1869,473,-0.03105188,0.04608208,-0.01691894,0.04611336
q_1681,q_1871,586,-0.06585726,0.04123614,-0.05396076,0.04129518
q_1681,q_1880,482,0.03175091,0.0456451,0.02803758,0.04565525
q_1681,q_1883,500,0.06706915,0.04465436,0.09386913,0.04446088
q_1681,q_1896,608,0.2169195,0.03874276,0.20782045,0.03889989
q_1681,q_1910,516,-0.05122491,0.04403523,-0.05637732,0.04401075
q_1681,q_1915,745,0.05422515,0.03660321,0.03340803,0.03667018
q_1681,q_1989,468,-0.12500205,0.04564927,-0.1447987,0.04540158
q_1681,q_2011,505,0.02722302,0.04459911,0.04334006,0.04454835
q_1681,q_2020,515,-0.13040614,0.04344262,-0.13521523,0.04338616
q_1681,q_2161,742,-0.06936732,0.03660859,-0.07061412,0.03660217
q_1681,q_219,495,-0.26544743,0.04190679,-0.25478904,0.04215678
q_1681,q_22,521,-0.16674604,0.04271583,-0.16409036,0.04275443
q_1681,q_228,529,-0.13373139,0.04282229,-0.15019255,0.04261851
q_1681,q_238,447,-0.00973791,0.0474534,0.00159197,0.04745778
q_1681,q_239,458,-0.0128432,0.04687299,-0.02638372,0.04684809
q_1681,q_248,473,0.22607753,0.04376898,0.22027108,0.04388853
q_1681,q_251,500,0.26679652,0.04166325,0.26406943,0.04172819
q_1681,q_258,500,0.12705099,0.04413206,0.11846316,0.04422664
q_1681,q_2745,512,0.02163536,0.04430347,0.00527395,0.04432299
q_1681,q_2754,513,0.09429523,0.04388702,0.08763971,0.04394064
q_1681,q_2775,488,-0.04697542,0.04530746,-0.04998829,0.04529419
q_1681,q_278,482,0.13989678,0.04479694,0.15035254,0.04465828
q_1681,q_292,505,0.06126608,0.04446466,0.04569843,0.04453898
q_1681,q_2951,487,-0.18855052,0.04383858,-0.174215,0.04407496
q_1681,q_312,513,0.05208281,0.04416063,0.04851072,0.04417654
q_1681,q_343,505,-0.10782418,0.04411329,-0.10214412,0.04416652
q_1681,q_345,513,-0.01440561,0.04427156,-0.02754165,0.04424716
q_1681,q_348,505,-0.07206742,0.04440038,-0.07651939,0.04437085
q_1681,q_35,535,-0.17079066,0.04209084,-0.16841503,0.04212578
q_1681,q_364,588,0.08731549,0.0410297,0.08126317,0.04107188
q_1681,q_377,543,-0.06056967,0.04287527,-0.06009016,0.04287776
q_1681,q_38,504,0.14460026,0.04374255,0.12486925,0.04398009
q_1681,q_381,520,0.1197147,0.04334965,0.13194227,0.04321431
q_1681,q_4229,521,-0.03920545,0.04386994,-0.04079568,0.04386435
q_1681,q_4231,526,-0.05914417,0.04357399,-0.07008423,0.04351217
q_1681,q_4236,515,-0.0518802,0.04407522,-0.0435086,0.04411051
q_1681,q_4244,506,0.03883302,0.04452056,0.01187694,0.04458151
q_1681,q_4249,544,-0.12618316,0.04230881,-0.13752567,0.04218021
q_1681,q_4251,519,0.09038352,0.04366292,0.10456838,0.04354118
q_1681,q_4256,557,-0.1800391,0.04110879,-0.18256847,0.04106982
q_1681,q_4257,534,-0.05918839,0.04324427,-0.05542676,0.04326298
q_1681,q_4261,484,0.10572893,0.04508637,0.09470321,0.04518714
q_1681,q_4265,512,-0.07822942,0.04405296,-0.04803825,0.04422193
q_1681,q_4276,559,-0.07738198,0.0421555,-0.07951673,0.0421413
q_1681,q_4291,498,0.03405057,0.04489454,0.04758859,0.04484487
q_1681,q_463,493,-0.12004202,0.04452441,-0.11611335,0.04456633
q_1681,q_491,480,0.06947033,0.04556588,0.07221234,0.04554809
q_1681,q_497,459,-0.32479708,0.04188912,-0.34343787,0.0413058
q_1681,q_516,707,0.02557453,0.03766427,0.03152468,0.03765146
q_1681,q_52,435,-0.33885744,0.04258803,-0.34764678,0.04229773
q_1681,q_530,729,0.08628195,0.03683719,0.07449498,0.03690752
q_1681,q_566,513,0.03284293,0.04423298,0.02274028,0.04425785
q_1681,q_594,472,0.00596407,0.04617407,-0.00230856,0.04617546
q_1681,q_6,470,0.04149974,0.04619479,0.02786542,0.04623855
q_1681,q_610,505,0.19037928,0.04301452,0.19334666,0.0429637
q_1681,q_619,690,0.02410537,0.03813021,0.02462062,0.03812925
q_1681,q_630,524,-0.0174852,0.0437974,-0.00741591,0.04380839
q_1681,q_636,472,-0.02273558,0.04615184,-0.02746239,0.04614088
q_1681,q_660,538,0.1140251,0.04267166,0.11893175,0.04262224
q_1681,q_793,503,-0.48466233,0.03421642,-0.49137753,0.0339233
q_1681,q_808,494,-0.04409722,0.04504161,-0.05060761,0.04501379
q_1681,q_811,481,-0.22131052,0.04349872,-0.23853037,0.04313654
q_1681,q_819,492,-0.04779666,0.04511825,-0.03986097,0.04514971
q_1681,q_82,505,-0.01466449,0.04462259,-0.02057897,0.04461328
q_1681,q_820,475,0.24639937,0.0432342,0.2544706,0.04304813
q_1681,q_844,690,-0.32050585,0.03423321,-0.30008675,0.03471668
q_1681,q_848,475,-0.09143987,0.04564387,-0.08425722,0.04570196
q_1681,q_85,530,0.23829373,0.04108714,0.23705294,0.04111283
q_1681,q_880,534,-0.07088939,0.04317822,-0.06151826,0.04323207
q_1681,q_901,517,0.09884572,0.04367715,0.10045433,0.04366301
q_1681,q_905,482,-0.00015799,0.04569117,0.00132042,0.04569109
q_1681,q_915,475,-0.02802025,0.04599259,-0.01717798,0.04601515
q_1681,q_917,601,-0.08915682,0.04056798,-0.08085384,0.04062571
q_1685,q_1694,421,0.02919626,0.04886991,0.03650072,0.04884643
q_1685,q_1706,484,0.01796822,0.04558135,0.03199273,0.04554941
q_1685,q_1742,375,-0.12462719,0.05104229,-0.19261105,0.04992409
q_1685,q_1757,472,-0.05441273,0.046039,-0.06826174,0.04596055
q_1685,q_1758,457,0.05760497,0.04677659,0.01656739,0.04691944
q_1685,q_1763,563,-0.07028469,0.04204896,-0.08455762,0.04195557
q_1685,q_1764,456,-0.05966601,0.04681683,-0.0750817,0.04671924
q_1685,q_1765,417,0.03426217,0.04908962,0.04672072,0.04904004
q_1685,q_1768,575,-0.05206608,0.04169875,-0.10163926,0.04138016
q_1685,q_1769,488,-0.02346171,0.04538267,-0.05166477,0.04528646
q_1685,q_1780,763,-0.17264165,0.03519267,-0.16909337,0.03523665
q_1685,q_1781,446,-0.09495596,0.04708304,-0.10480878,0.04698953
q_1685,q_1803,368,-0.17477894,0.05074345,-0.20915452,0.05005264
q_1685,q_1830,460,-0.05285851,0.04664733,-0.08267861,0.04645826
q_1685,q_1835,452,0.02839144,0.04715488,0.00158402,0.0471928
q_1685,q_1854,463,-0.00584527,0.04662365,0.00320774,0.04662476
q_1685,q_1869,396,-0.02929779,0.05040003,-0.02900934,0.05040088
q_1685,q_1871,481,-0.0870711,0.04539217,-0.10587116,0.04522626
q_1685,q_1880,449,-0.05718763,0.04719651,-0.09911326,0.04688622
q_1685,q_1883,431,-0.0461441,0.0482339,-0.08238316,0.04800876
q_1685,q_1896,472,0.08750785,0.04582211,0.09926894,0.04572068
q_1685,q_1910,447,0.08914813,0.04708073,0.07645891,0.04718046
q_1685,q_1915,598,-0.01108736,0.04099096,-0.01457214,0.0409873
q_1685,q_1989,386,0.01591415,0.05108467,-0.00491879,0.05109638
q_1685,q_2011,439,-0.1350733,0.04701755,-0.12561088,0.04713568
q_1685,q_2020,454,0.00455489,0.04708718,0.01546966,0.04707689
q_1685,q_2161,582,0.09752594,0.04116331,0.1010888,0.0411339
q_1685,q_219,478,-0.0488592,0.04577361,-0.0768096,0.04561245
q_1685,q_22,402,-0.03063403,0.05001564,-0.0529827,0.04992208
q_1685,q_228,435,0.00652161,0.04811048,-0.04132557,0.04803036
q_1685,q_238,396,0.08166869,0.05010688,0.0466107,0.05033374
q_1685,q_239,370,0.03754132,0.05212601,0.01555596,0.05218694
q_1685,q_248,392,0.0048821,0.0507008,-0.00249972,0.0507017
q_1685,q_251,473,0.17686165,0.04468372,0.18693041,0.04451476
q_1685,q_258,451,-0.00664379,0.04724347,-0.01196342,0.0472388
q_1685,q_2745,443,-0.06945901,0.04744313,-0.09736565,0.04722118
q_1685,q_2754,459,-0.00784322,0.04682641,-0.05273856,0.04669904
q_1685,q_2775,431,0.12640669,0.04756447,0.18657881,0.04665414
q_1685,q_278,373,0.1137298,0.05131509,0.14275673,0.05092805
q_1685,q_292,464,0.01468643,0.0465646,-0.04230929,0.04649127
q_1685,q_2951,406,-0.20560465,0.04770777,-0.23950423,0.04695613
q_1685,q_312,466,0.11991271,0.04580569,0.17237101,0.04509312
q_1685,q_343,447,-0.05932499,0.04729087,-0.05817268,0.0472973
q_1685,q_345,442,0.07479503,0.04746039,0.07296257,0.04747332
q_1685,q_348,426,-0.04147007,0.04853805,-0.04171842,0.04853704
q_1685,q_35,442,-0.10600113,0.04719112,-0.1361218,0.04684305
q_1685,q_364,495,-0.03480763,0.04502886,-0.00393018,0.04508279
q_1685,q_377,458,-0.02914358,0.04684091,-0.01734309,0.04686662
q_1685,q_38,443,-0.00393515,0.04767239,-0.06027573,0.04749993
q_1685,q_381,428,0.14266969,0.04751978,0.14448931,0.04749443
q_1685,q_4229,461,-0.06366193,0.04653755,-0.07659289,0.04645281
q_1685,q_4231,421,-0.08638624,0.04854659,-0.14890093,0.04782716
q_1685,q_4236,453,0.12082241,0.04645229,0.11452892,0.04652212
q_1685,q_4244,447,-0.0782182,0.04716755,-0.09582963,0.04702208
q_1685,q_4249,442,0.0729705,0.04747326,0.08009287,0.04742123
q_1685,q_4251,445,-0.0114403,0.04755892,-0.03147271,0.04751803
q_1685,q_4256,454,0.00793369,0.0470852,-0.00218694,0.04708794
q_1685,q_4257,423,-0.07159901,0.04854486,-0.12519267,0.04803023
q_1685,q_4261,443,0.01271459,0.04766542,-0.03550473,0.04761303
q_1685,q_4265,436,-0.37640207,0.0412483,-0.40744798,0.04007882
q_1685,q_4276,466,-0.141056,0.04554926,-0.16109111,0.04526793
q_1685,q_4291,453,0.11780525,0.04648623,0.1080071,0.04659053
q_1685,q_463,499,-0.07833925,0.04462576,-0.07582219,0.04464319
q_1685,q_491,416,-0.04894813,0.04908889,-0.05405975,0.04906298
q_1685,q_497,385,0.03633535,0.0510969,0.03956673,0.05108435
q_1685,q_516,578,-0.07975903,0.04143759,-0.09417699,0.04133301
q_1685,q_52,376,0.05345287,0.0516301,0.06195496,0.05157929
q_1685,q_530,589,0.13696785,0.04053464,0.13162027,0.04059398
q_1685,q_566,479,-0.02658844,0.04580252,-0.03081495,0.0457914
q_1685,q_594,410,0.05252495,0.04943141,0.04161912,0.0494823
q_1685,q_6,378,-0.00841323,0.05163612,-0.05311044,0.05149412
q_1685,q_610,406,0.03449408,0.04975428,0.07751567,0.04951423
q_1685,q_619,568,0.04942504,0.04196755,0.04749089,0.04197543
q_1685,q_630,466,0.06475385,0.04627907,0.03522582,0.04641627
q_1685,q_636,402,-0.08581003,0.04969399,-0.06478216,0.04985252
q_1685,q_660,487,-0.02569758,0.04542453,-0.04226602,0.04537334
q_1685,q_793,440,-0.03875382,0.04776464,-0.02310541,0.04781095
q_1685,q_808,452,0.05643953,0.04704259,0.04603859,0.04709289
q_1685,q_811,392,0.11876562,0.04998685,0.14431672,0.04964603
q_1685,q_819,395,-0.16280961,0.04916882,-0.17566727,0.04894901
q_1685,q_82,430,0.06612065,0.04818182,0.09209718,0.04798292
q_1685,q_820,422,0.01334052,0.0488445,-0.00980713,0.0488485
q_1685,q_844,606,-0.1202866,0.04013393,-0.16079688,0.03967023
q_1685,q_848,411,0.07334041,0.04924109,0.08027472,0.04918835
q_1685,q_85,437,0.08192865,0.04767934,0.06803833,0.04777933
q_1685,q_880,466,0.11421408,0.0458677,0.10800207,0.04593185
q_1685,q_901,355,0.10285657,0.05273629,0.13682168,0.05230239
q_1685,q_905,447,0.07380631,0.04719938,0.10202414,0.04696391
q_1685,q_915,406,0.03092872,0.0497659,0.04563189,0.04970982
q_1685,q_917,502,0.04196739,0.0446873,0.03451669,0.04471281
q_1694,q_1706,546,-0.06861949,0.04271204,-0.0592162,0.04276363
q_1694,q_1742,451,0.05167931,0.04711938,0.06823035,0.04702561
q_1694,q_1757,537,0.00562225,0.04327286,0.01405721,0.04326568
q_1694,q_1758,587,0.05855961,0.04123839,0.08908188,0.04105192
q_1694,q_1763,572,0.03174125,0.04187994,0.09681648,0.04152923
q_1694,q_1764,534,-0.02184889,0.04337559,0.01002549,0.04339194
q_1694,q_1765,407,-0.06879527,0.04951639,-0.07974191,0.0494355
q_1694,q_1768,617,0.27175267,0.03737639,0.29905534,0.03674745
q_1694,q_1769,572,0.33472356,0.03722523,0.36184582,0.03643321
q_1694,q_1780,775,-0.11143429,0.03554387,-0.10528601,0.03559182
q_1694,q_1781,538,0.02168618,0.04321344,-0.00319776,0.04323333
q_1694,q_1803,477,0.05003929,0.04581651,0.04093583,0.04585455
q_1694,q_1830,544,0.31248056,0.03879531,0.28380926,0.03953034
q_1694,q_1835,562,0.02278584,0.04227353,0.00534047,0.04229429
q_1694,q_1854,530,-0.1004652,0.04312101,-0.08377559,0.04325496
q_1694,q_1869,455,0.02285817,0.04701147,0.03586268,0.04697555
q_1694,q_1871,541,0.02414732,0.04308792,0.03119396,0.04307111
q_1694,q_1880,543,0.23355286,0.04068582,0.17870321,0.04165889
q_1694,q_1883,544,0.28179556,0.03957931,0.30966225,0.03887069
q_1694,q_1896,553,-0.02341126,0.04261677,-0.03470074,0.0425888
q_1694,q_1910,553,-0.07933166,0.04237179,-0.05988951,0.0424872
q_1694,q_1915,643,0.35249922,0.03461683,0.33720453,0.03503381
q_1694,q_1989,483,0.0629169,0.04546286,0.13498755,0.04481185
q_1694,q_2011,441,0.11655292,0.04713275,0.1017953,0.04728672
q_1694,q_2020,550,-0.00434488,0.04275611,-0.01185885,0.0427509
q_1694,q_2161,580,-0.19213538,0.04009371,-0.18289471,0.04023798
q_1694,q_219,552,0.03363891,0.04263067,0.00713822,0.04267679
q_1694,q_22,450,-0.04091172,0.04721921,-0.06052357,0.04712512
q_1694,q_228,536,0.1377652,0.04249273,0.16287083,0.0421658
q_1694,q_238,478,0.24872351,0.04304466,0.24892001,0.04304017
q_1694,q_239,423,0.08631516,0.04843147,0.07680856,0.04850713
q_1694,q_248,469,-0.05016032,0.04620755,-0.06247542,0.04614329
q_1694,q_251,496,-0.00884826,0.04503421,-0.03813171,0.04497225
q_1694,q_258,523,0.16252104,0.04269461,0.17599088,0.04249465
q_1694,q_2745,543,0.16688602,0.04183463,0.22317183,0.04088985
q_1694,q_2754,544,0.18913815,0.04145535,0.1964426,0.04133426
q_1694,q_2775,463,-0.10567538,0.04610456,-0.11441427,0.04601489
q_1694,q_278,443,0.01199606,0.04766627,0.01895932,0.04765599
q_1694,q_292,517,0.06315073,0.04393221,0.07464253,0.04386236
q_1694,q_2951,507,0.10486429,0.04405372,0.13226145,0.04376434
q_1694,q_312,526,-0.04246347,0.0436481,-0.04473164,0.04363945
q_1694,q_343,529,-0.04454319,0.04351556,-0.04239946,0.04352369
q_1694,q_345,536,0.00682395,0.04331279,0.01093546,0.04330963
q_1694,q_348,460,0.12603436,0.04603497,0.18801559,0.04512443
q_1694,q_35,543,-0.15292868,0.04202672,-0.18089284,0.04162501
q_1694,q_364,534,0.21014476,0.04147989,0.19928498,0.04167284
q_1694,q_377,549,0.02598601,0.04276715,0.01728741,0.04278326
q_1694,q_38,520,0.13367025,0.04319413,0.13232748,0.04320984
q_1694,q_381,536,0.01894906,0.04329926,0.02779987,0.04328133
q_1694,q_4229,541,0.04177769,0.04303781,0.04905509,0.04300931
q_1694,q_4231,537,-0.02917867,0.04323739,0.01904379,0.04325854
q_1694,q_4236,546,0.17749365,0.04156214,0.15720128,0.0418536
q_1694,q_4244,522,-0.09552671,0.04349457,-0.05332016,0.04377033
q_1694,q_4249,539,-0.01341914,0.04318564,0.00357292,0.04319287
q_1694,q_4251,533,-0.16196555,0.04229774,-0.17088509,0.04216878
q_1694,q_4256,559,0.09543248,0.04202321,0.13186197,0.04167205
q_1694,q_4257,551,0.05021812,0.04261015,0.04249652,0.04264074
q_1694,q_4261,559,-0.16202116,0.04129616,-0.17719248,0.04107791
q_1694,q_4265,565,0.01865192,0.04216778,0.02105286,0.04216376
q_1694,q_4276,540,-0.09464113,0.04276666,-0.09702128,0.04274698
q_1694,q_4291,544,0.07455363,0.04275439,0.03764625,0.04293243
q_1694,q_463,499,0.01779696,0.0448871,0.01126984,0.04489562
q_1694,q_491,435,0.33498656,0.04271353,0.33906967,0.04258111
q_1694,q_497,438,0.05479188,0.04780239,0.09835091,0.04748255
q_1694,q_516,635,0.14639495,0.03892537,0.2113597,0.03800087
q_1694,q_52,417,0.01088609,0.04914149,0.05815393,0.04898111
q_1694,q_530,620,0.4095908,0.03350453,0.39433827,0.03399818
q_1694,q_566,588,0.03543787,0.04129299,0.04946444,0.04124375
q_1694,q_594,425,0.07658164,0.04839375,0.10186554,0.04817411
q_1694,q_6,451,-0.05762325,0.04708868,0.00663386,0.04724348
q_1694,q_610,454,0.04392682,0.0469973,0.02472269,0.04705938
q_1694,q_619,592,0.17451375,0.0399494,0.18145834,0.03984754
q_1694,q_630,568,0.00252863,0.04207005,-0.01779029,0.042057
q_1694,q_636,458,-0.18490539,0.04527787,-0.20716196,0.04486879
q_1694,q_660,561,-0.06394409,0.04216028,-0.07203982,0.04211368
q_1694,q_793,532,0.09738975,0.04306588,0.13489463,0.04268711
q_1694,q_808,526,-0.09450357,0.04333642,-0.04568853,0.04363567
q_1694,q_811,444,-0.13720744,0.04672258,-0.11037538,0.04703892
q_1694,q_819,470,0.09265876,0.04587719,0.10763243,0.0457384
q_1694,q_82,535,0.08553954,0.04303827,0.06689656,0.04316148
q_1694,q_820,423,0.04751608,0.04868484,0.06744007,0.04857308
q_1694,q_844,583,0.10168297,0.04109342,0.12297423,0.04089481
q_1694,q_848,522,-0.0992691,0.04346257,-0.08597875,0.04357064
q_1694,q_85,588,0.14422844,0.04048486,0.1506544,0.04040652
q_1694,q_880,558,0.0061782,0.04244602,-0.00743318,0.04244529
q_1694,q_901,429,-0.0712145,0.04820444,-0.04769977,0.04833992
q_1694,q_905,508,-0.00096484,0.04449937,-0.06035655,0.04433731
q_1694,q_915,412,0.15575824,0.04824721,0.13128509,0.04859456
q_1694,q_917,525,-0.03319499,0.04372058,-0.04550974,0.04367816
q_1706,q_1742,469,0.1301401,0.04553954,0.1381187,0.04544039
q_1706,q_1757,503,0.19880562,0.04295381,0.18775779,0.0431448
q_1706,q_1758,527,0.05661493,0.04354518,0.05072655,0.04357279
q_1706,q_1763,687,0.1657643,0.03718532,0.15341583,0.03733602
q_1706,q_1764,504,0.09223855,0.0442966,0.07230334,0.04444315
q_1706,q_1765,433,-0.14441943,0.04721847,-0.13037918,0.04740453
q_1706,q_1768,723,-0.02068218,0.03725186,-0.01650606,0.03725765
q_1706,q_1769,546,-0.1100992,0.04239391,-0.11560642,0.04234057
q_1706,q_1780,957,-0.00945125,0.0323733,-0.0085876,0.03237381
q_1706,q_1781,520,-0.09484207,0.04358435,-0.09642005,0.04357108
q_1706,q_1803,519,0.05607754,0.04388411,0.05849154,0.04387193
q_1706,q_1830,523,-0.0384375,0.04378811,-0.02886391,0.04381637
q_1706,q_1835,523,0.0321603,0.04380754,0.02040569,0.04383464
q_1706,q_1854,513,0.13155432,0.0435144,0.13830034,0.04343379
q_1706,q_1869,437,0.08788179,0.04763081,0.10112065,0.0475107
q_1706,q_1871,609,0.11426594,0.04009183,0.10451447,0.0401785
q_1706,q_1880,512,0.12658309,0.043614,0.09562565,0.04391891
q_1706,q_1883,528,-0.07659863,0.04338751,-0.11031211,0.04311249
q_1706,q_1896,631,-0.10281726,0.0394825,-0.1093705,0.03942701
q_1706,q_1910,528,0.10441672,0.04316774,0.08116331,0.04335608
q_1706,q_1915,756,-0.06658406,0.03628046,-0.07754585,0.03622289
q_1706,q_1989,488,0.15054228,0.04437859,0.14419425,0.04446355
q_1706,q_2011,475,-0.1586335,0.04487044,-0.14573717,0.04505111
q_1706,q_2020,539,0.04765805,0.04309532,0.04887168,0.04309026
q_1706,q_2161,703,0.09348685,0.03746611,0.08793669,0.03750417
q_1706,q_219,508,0.43642312,0.03602383,0.42960475,0.03628659
q_1706,q_22,497,0.17105716,0.04367563,0.16297686,0.04379707
q_1706,q_228,542,0.07416254,0.04283614,0.06152639,0.04291
q_1706,q_238,463,0.06681066,0.04641712,0.07468387,0.04636518
q_1706,q_239,468,0.05653896,0.04622565,0.05980066,0.04620805
q_1706,q_248,506,-0.15679723,0.04349159,-0.15892721,0.0434616
q_1706,q_251,518,-0.13645866,0.04324473,-0.13680191,0.04324059
q_1706,q_258,489,-0.16301042,0.04415557,-0.14600728,0.04439391
q_1706,q_2745,513,-0.04289822,0.04419926,-0.0524942,0.04415872
q_1706,q_2754,522,-0.03177064,0.04385082,-0.03692073,0.04383529
q_1706,q_2775,506,0.05831968,0.04443614,0.06602197,0.04439344
q_1706,q_278,470,-0.03614869,0.04621401,-0.06240348,0.04609428
q_1706,q_292,483,-0.06874363,0.04542785,-0.07744585,0.04536978
q_1706,q_2951,461,0.18188724,0.04518107,0.18366712,0.04515066
q_1706,q_312,529,-0.06813825,0.04339964,-0.06602094,0.04341202
q_1706,q_343,536,0.05195258,0.0431979,0.04727088,0.04321802
q_1706,q_345,502,0.05853966,0.04461274,0.06242125,0.04459172
q_1706,q_348,498,0.04730607,0.04484607,0.05259416,0.04482233
q_1706,q_35,513,0.12697084,0.04356687,0.12611009,0.04357651
q_1706,q_364,620,-0.05191483,0.04014998,-0.0489565,0.040162
q_1706,q_377,540,0.18230446,0.04171899,0.17162028,0.04188217
q_1706,q_38,529,-0.16837313,0.04236597,-0.1534621,0.04257522
q_1706,q_381,536,-0.03188708,0.04327077,-0.02353066,0.04329083
q_1706,q_4229,550,0.03494163,0.04270471,0.01686948,0.04274474
q_1706,q_4231,508,0.17421777,0.04314878,0.16128562,0.04334185
q_1706,q_4236,525,0.09923557,0.04333779,0.1041387,0.04329414
q_1706,q_4244,526,-0.00747979,0.0437245,-0.0124259,0.0437202
q_1706,q_4249,508,0.18781754,0.04292968,0.18753169,0.04293445
q_1706,q_4251,517,-0.08155432,0.04381474,-0.08090982,0.04381936
q_1706,q_4256,513,0.17448006,0.04293269,0.17355301,0.04294698
q_1706,q_4257,526,0.04342402,0.04364449,0.04278121,0.04364692
q_1706,q_4261,564,-0.07073053,0.04200881,-0.06361153,0.04204919
q_1706,q_4265,534,0.05018207,0.04328702,0.043621,0.04331373
q_1706,q_4276,568,0.12017936,0.04146269,0.11629433,0.04150134
q_1706,q_4291,499,0.11086283,0.04434946,0.11195542,0.04433853
q_1706,q_463,515,0.12630728,0.04348912,0.12829654,0.04346674
q_1706,q_491,477,-0.06206373,0.0457546,-0.06930312,0.04571092
q_1706,q_497,450,0.15985344,0.04608976,0.15728983,0.04612821
q_1706,q_516,682,-0.03364068,0.03833305,-0.03650292,0.03832534
q_1706,q_52,430,0.235199,0.04571634,0.2287434,0.04586128
q_1706,q_530,726,0.00755392,0.03718828,-0.00874044,0.03718756
q_1706,q_566,551,0.05831496,0.04257261,0.05772972,0.04257552
q_1706,q_594,506,-0.05924559,0.04443129,-0.05247417,0.04446502
q_1706,q_6,462,-0.00911513,0.04667212,0.00011165,0.046676
q_1706,q_610,491,-0.05044784,0.04515267,-0.04330164,0.04518299
q_1706,q_619,716,-0.01526449,0.03744157,-0.01717862,0.03743924
q_1706,q_630,537,-0.05738954,0.04313171,-0.0634335,0.0431001
q_1706,q_636,463,0.03429446,0.0465704,0.04156569,0.04654469
q_1706,q_660,570,-0.02827268,0.04196248,-0.03256108,0.04195153
q_1706,q_793,549,0.36840578,0.03698765,0.35128544,0.03751495
q_1706,q_808,534,0.20773689,0.04152355,0.19902623,0.04167731
q_1706,q_811,487,0.16498606,0.04421725,0.17400232,0.04407833
q_1706,q_819,520,0.01481805,0.04397029,0.01856762,0.04396479
q_1706,q_82,483,0.05127924,0.04552352,0.04921492,0.04553299
q_1706,q_820,476,-0.04678571,0.0458794,-0.05896899,0.04582016
q_1706,q_844,698,0.18432105,0.03664345,0.16797578,0.03686187
q_1706,q_848,489,0.05837358,0.04520635,0.0514655,0.04524077
q_1706,q_85,550,-0.30826631,0.0386938,-0.30564749,0.03876255
q_1706,q_880,490,0.06793755,0.04510518,0.05738763,0.04516509
q_1706,q_901,503,-0.05345385,0.04459358,-0.05246507,0.04459826
q_1706,q_905,532,0.10630001,0.04298697,0.09988099,0.04304451
q_1706,q_915,457,0.0414462,0.04685171,0.04168092,0.04685079
q_1706,q_917,592,0.07702994,0.04095979,0.07411238,0.04097796
q_1742,q_1757,466,0.04115123,0.04639524,0.02708289,0.04643985
q_1742,q_1758,435,-0.21708439,0.04584519,-0.20993874,0.045992
q_1742,q_1763,536,0.22723159,0.04107828,0.23884959,0.04084374
q_1742,q_1764,455,0.17955644,0.04551958,0.20712848,0.04501809
q_1742,q_1765,414,-0.11903898,0.04862739,-0.14502856,0.04828887
q_1742,q_1768,610,0.42444541,0.03327653,0.42191415,0.03336348
q_1742,q_1769,473,0.35625539,0.04027227,0.33842143,0.04084373
q_1742,q_1780,771,0.05544308,0.03597347,0.05287116,0.03598352
q_1742,q_1781,434,0.31314236,0.04344501,0.29632572,0.0439387
q_1742,q_1803,364,0.63588605,0.03134994,0.6331329,0.03153383
q_1742,q_1830,451,0.20364669,0.04528619,0.20031629,0.04534975
q_1742,q_1835,428,0.32562104,0.04336396,0.3417984,0.04284022
q_1742,q_1854,402,0.12085496,0.04933141,0.12150228,0.04932355
q_1742,q_1869,396,0.18316338,0.04875101,0.19866856,0.04845237
q_1742,q_1871,501,0.02663705,0.04477928,0.03445148,0.04475789
q_1742,q_1880,419,0.03049119,0.04898345,0.03172679,0.04897968
q_1742,q_1883,480,0.35918186,0.03987982,0.37042935,0.03950408
q_1742,q_1896,534,-0.06825106,0.04319415,-0.06934535,0.04318762
q_1742,q_1910,442,0.03519661,0.04766827,0.05660901,0.04757445
q_1742,q_1915,605,0.02397542,0.04073353,0.04533583,0.04067319
q_1742,q_1989,438,-0.14245314,0.04697336,-0.13445287,0.04707958
q_1742,q_2011,407,0.12803867,0.04893623,0.17493688,0.04822931
q_1742,q_2020,420,-0.11968148,0.04826878,-0.10808591,0.04839811
q_1742,q_2161,593,-0.35754357,0.03590637,-0.36904224,0.03556241
q_1742,q_219,431,0.45167289,0.03847571,0.45093848,0.03850775
q_1742,q_22,449,-0.04223358,0.04726691,-0.04646525,0.04724914
q_1742,q_228,459,0.2454687,0.0440076,0.23094935,0.04433153
q_1742,q_238,389,-0.06476236,0.05068518,-0.05673674,0.05073481
q_1742,q_239,382,-0.10330899,0.05081833,-0.09804584,0.05087276
q_1742,q_248,400,0.19435663,0.04829271,0.17371507,0.04867402
q_1742,q_251,487,-0.15417965,0.04437403,-0.15173791,0.04440798
q_1742,q_258,469,0.22596741,0.04395874,0.219938,0.04408328
q_1742,q_2745,464,0.1787724,0.04508614,0.17514212,0.04514598
q_1742,q_2754,425,0.08473847,0.04832969,0.11055697,0.04808424
q_1742,q_2775,421,0.03328975,0.04885739,-0.01358642,0.04890257
q_1742,q_278,409,0.04746822,0.04951734,0.0767606,0.04933674
q_1742,q_292,453,0.25398893,0.0440994,0.26423881,0.043849
q_1742,q_2951,409,0.3455019,0.04370486,0.33405131,0.04409103
q_1742,q_312,444,-0.48166736,0.03657126,-0.46937711,0.03712786
q_1742,q_343,434,0.28569154,0.04423682,0.28456809,0.04426768
q_1742,q_345,427,0.11669824,0.04790292,0.10186206,0.0480604
q_1742,q_348,429,0.06480986,0.04824665,0.05374567,0.04831021
q_1742,q_35,452,0.08767285,0.04683017,0.09879915,0.04673225
q_1742,q_364,478,-0.06976818,0.04565981,-0.07651008,0.04561456
q_1742,q_377,460,0.11188166,0.04619248,0.11847417,0.04612144
q_1742,q_38,446,0.36262735,0.04126375,0.36354173,0.0412322
q_1742,q_381,467,-0.17449358,0.04501032,-0.16823829,0.04510985
q_1742,q_4229,466,0.16916939,0.04514394,0.18959439,0.04480339
q_1742,q_4231,444,0.08739361,0.04725535,0.14027928,0.04668199
q_1742,q_4236,424,0.02589365,0.04870434,0.03804416,0.04866648
q_1742,q_4244,486,-0.05227852,0.04537722,-0.05055942,0.04538526
q_1742,q_4249,442,-0.30529576,0.04327894,-0.30395065,0.04331805
q_1742,q_4251,458,-0.02091011,0.04686023,-0.03616821,0.0468194
q_1742,q_4256,445,-0.18855559,0.04587406,-0.18510974,0.0459353
q_1742,q_4257,457,0.6803077,0.02521117,0.67646667,0.02545576
q_1742,q_4261,459,0.16928481,0.04548729,0.16761826,0.04551358
q_1742,q_4265,465,0.31982797,0.04176525,0.35245406,0.04074479
q_1742,q_4276,446,0.15151209,0.04642077,0.15351894,0.04639168
q_1742,q_4291,433,-0.01123142,0.0482182,-0.02344436,0.04819778
q_1742,q_463,490,0.22464069,0.04302761,0.20768478,0.04335978
q_1742,q_491,421,0.22524995,0.04642994,0.23678508,0.04616926
q_1742,q_497,368,-0.08300312,0.05198178,-0.08384441,0.05197443
q_1742,q_516,590,0.25397109,0.03861216,0.28168244,0.0379995
q_1742,q_52,381,-0.091608,0.05100281,-0.10071046,0.05091277
q_1742,q_530,610,0.12897466,0.03991358,0.13342769,0.03986615
q_1742,q_566,458,-0.1712893,0.04550524,-0.17122093,0.04550634
q_1742,q_594,376,-0.18515907,0.05000289,-0.17232192,0.0502405
q_1742,q_6,352,0.16667509,0.05204171,0.16967314,0.05198773
q_1742,q_610,405,-0.11857277,0.04917424,-0.11558556,0.04920913
q_1742,q_619,606,0.11053737,0.04022557,0.11285715,0.04020447
q_1742,q_630,449,-0.07362403,0.0470947,-0.09843931,0.04689252
q_1742,q_636,418,0.0730647,0.04882602,0.05918368,0.04891613
q_1742,q_660,483,-0.15478302,0.04455003,-0.15624198,0.04452932
q_1742,q_793,421,0.15124251,0.04779278,0.14443128,0.04789128
q_1742,q_808,441,-0.24656336,0.04487702,-0.23002412,0.04525366
q_1742,q_811,386,-0.26009594,0.04764086,-0.24512983,0.04802723
q_1742,q_819,366,0.62248278,0.03214871,0.63430933,0.03136858
q_1742,q_82,437,0.00140458,0.04800144,-0.00208958,0.04800133
q_1742,q_820,423,0.25191637,0.04569838,0.26953222,0.04525016
q_1742,q_844,562,0.27127479,0.03918297,0.27023429,0.0392068
q_1742,q_848,391,-0.12332746,0.04999515,-0.13833327,0.04979582
q_1742,q_85,425,0.16223179,0.04739804,0.17365294,0.0472113
q_1742,q_880,449,-0.15192112,0.0462585,-0.15321214,0.04623985
q_1742,q_901,341,-0.62012302,0.03347593,-0.62003544,0.03348184
q_1742,q_905,435,-0.05645447,0.04795918,-0.06536678,0.04790695
q_1742,q_915,397,-0.21820156,0.04798062,-0.22453018,0.04783946
q_1742,q_917,517,0.05884299,0.04395538,0.06247204,0.04393597
q_1757,q_1758,543,-0.02452347,0.04300727,-0.02142457,0.0430134
q_1757,q_1763,575,0.49312464,0.03164457,0.48858375,0.03183096
q_1757,q_1764,530,0.40563166,0.03639334,0.39195666,0.03686846
q_1757,q_1765,418,-0.20697649,0.04698517,-0.20070367,0.04711071
q_1757,q_1768,582,-0.0172399,0.04154623,-0.01043712,0.04155405
q_1757,q_1769,548,-0.04961091,0.04272987,-0.03816621,0.0427729
q_1757,q_1780,738,-0.06523615,0.03672858,-0.06758133,0.03671709
q_1757,q_1781,529,-0.06058918,0.04344201,-0.05891709,0.04345072
q_1757,q_1803,453,0.01072347,0.04713503,0.00779093,0.04713759
q_1757,q_1830,549,-0.14421808,0.04190594,-0.15609042,0.04175336
q_1757,q_1835,537,-0.0109376,0.04326906,-0.01468904,0.0432649
q_1757,q_1854,517,0.17608294,0.04274053,0.16769938,0.04286765
q_1757,q_1869,452,0.21809825,0.0449481,0.21818358,0.04494634
q_1757,q_1871,487,0.06481384,0.0452636,0.054725,0.04531842
q_1757,q_1880,531,0.0518557,0.04340239,0.09114833,0.04315785
q_1757,q_1883,540,-0.05834444,0.04300629,-0.05763645,0.04300983
q_1757,q_1896,567,-0.15235353,0.04113021,-0.13916941,0.04129205
q_1757,q_1910,510,0.14960262,0.04341759,0.15991046,0.0432759
q_1757,q_1915,590,0.09043115,0.04093688,0.10218184,0.04084347
q_1757,q_1989,475,0.22877988,0.04361958,0.22512097,0.04369602
q_1757,q_2011,445,0.011593,0.04755876,-0.00561745,0.04756365
q_1757,q_2020,542,0.12714185,0.04237677,0.13627929,0.04227309
q_1757,q_2161,617,0.11499951,0.039823,0.10994594,0.03986888
q_1757,q_219,592,0.17931383,0.03987942,0.17078071,0.04000252
q_1757,q_22,461,0.06770246,0.04651275,0.05754274,0.04657221
q_1757,q_228,544,0.30907966,0.03888619,0.30043096,0.03911283
q_1757,q_238,418,-0.10125107,0.04858483,-0.10457737,0.04855122
q_1757,q_239,432,-0.15625004,0.04710173,-0.15437533,0.04712985
q_1757,q_248,450,-0.12749771,0.04652951,-0.12991052,0.04650013
q_1757,q_251,512,-0.2756702,0.04095584,-0.31765433,0.03985172
q_1757,q_258,530,-0.14769223,0.0426105,-0.13469336,0.04277039
q_1757,q_2745,528,0.02854557,0.04360802,0.03360272,0.0435943
q_1757,q_2754,528,0.06741392,0.04344523,0.08553777,0.04332425
q_1757,q_2775,454,-0.10289164,0.04658965,-0.07104134,0.04685051
q_1757,q_278,442,0.05878637,0.04756246,0.06033625,0.04755365
q_1757,q_292,501,-0.00854903,0.0448078,-0.01108415,0.04480557
q_1757,q_2951,494,0.13589868,0.0442959,0.12621968,0.04441039
q_1757,q_312,551,-0.05933454,0.04256749,-0.0534124,0.04259601
q_1757,q_343,547,0.18491596,0.04140859,0.15866005,0.04179536
q_1757,q_345,524,-0.00407643,0.04381007,-0.008294,0.04380778
q_1757,q_348,459,0.18884441,0.04515925,0.20997973,0.04476452
q_1757,q_35,514,0.0490355,0.04413103,0.04016399,0.04416603
q_1757,q_364,515,-0.17810171,0.04279233,-0.17852553,0.04278565
q_1757,q_377,564,0.17720328,0.04089428,0.17214642,0.04096887
q_1757,q_38,556,-0.03517579,0.04247171,-0.02582443,0.04249597
q_1757,q_381,553,-0.18667694,0.04115421,-0.1877834,0.04113654
q_1757,q_4229,547,0.26570227,0.03984779,0.25745413,0.0400328
q_1757,q_4231,515,0.24839919,0.0414673,0.24474294,0.04154698
q_1757,q_4236,524,0.01713318,0.04379793,0.01664293,0.04379866
q_1757,q_4244,524,0.00563506,0.0438094,0.00458536,0.04380987
q_1757,q_4249,535,0.17097575,0.0420881,0.1591809,0.04225693
q_1757,q_4251,532,-0.23702736,0.04103557,-0.24239264,0.04092373
q_1757,q_4256,543,0.22913734,0.04077374,0.22825432,0.04079112
q_1757,q_4257,550,0.07881864,0.04249129,0.07055738,0.04254405
q_1757,q_4261,553,-0.08411487,0.04233845,-0.08156715,0.04235645
q_1757,q_4265,566,0.1007978,0.04171677,0.08040481,0.04187251
q_1757,q_4276,516,-0.04199931,0.0440732,-0.03419759,0.04409944
q_1757,q_4291,549,0.00338775,0.04279556,-0.01626419,0.04278473
q_1757,q_463,524,0.0503856,0.04369957,0.04102125,0.04373707
q_1757,q_491,442,-0.06065094,0.04755183,-0.03544581,0.04766743
q_1757,q_497,431,0.13401961,0.04746863,0.1420531,0.04736143
q_1757,q_516,613,0.12446456,0.03986159,0.1288331,0.03981678
q_1757,q_52,436,0.17834442,0.0465284,0.16704839,0.0467159
q_1757,q_530,618,0.14041683,0.03952883,0.14221106,0.03950838
q_1757,q_566,557,-0.01585039,0.04247525,-0.0050375,0.04248485
q_1757,q_594,425,-0.06941291,0.04844469,-0.05982791,0.048505
q_1757,q_6,401,0.11505346,0.04946194,0.11686188,0.04944092
q_1757,q_610,457,-0.17669118,0.04546711,-0.18382776,0.04534636
q_1757,q_619,597,0.02602886,0.0410027,0.02229347,0.0410101
q_1757,q_630,529,-0.08779011,0.04326603,-0.0836034,0.04329731
q_1757,q_636,438,-0.03095509,0.04790039,-0.04618491,0.04784406
q_1757,q_660,564,-0.04391984,0.04213859,-0.04537898,0.04213309
q_1757,q_793,487,0.38242082,0.03880701,0.41175037,0.03774826
q_1757,q_808,556,0.18919629,0.04100216,0.183043,0.04109956
q_1757,q_811,441,0.11873326,0.04710824,0.11883898,0.04710704
q_1757,q_819,465,0.01060163,0.04651898,-0.0121131,0.04651738
q_1757,q_82,528,-0.0152771,0.04363339,-0.02063438,0.043625
q_1757,q_820,462,-0.09304278,0.04627193,-0.10699677,0.04614164
q_1757,q_844,583,0.47830453,0.03202337,0.47599451,0.0321149
q_1757,q_848,529,-0.00309198,0.04360166,0.00049088,0.04360206
q_1757,q_85,553,-0.11574327,0.04206891,-0.10131298,0.04220247
q_1757,q_880,547,-0.03031487,0.04283524,-0.03113063,0.0428331
q_1757,q_901,444,0.02943304,0.0475778,0.0337152,0.04756492
q_1757,q_905,555,0.08587287,0.04224896,0.07888291,0.04229798
q_1757,q_915,413,-0.11136116,0.04877402,-0.11173541,0.0487699
q_1757,q_917,548,0.11951219,0.04222347,0.11471039,0.04227165
q_1758,q_1763,579,-0.17230842,0.04042958,-0.1276101,0.04098815
q_1758,q_1764,521,-0.09992256,0.04349878,-0.0908344,0.04357495
q_1758,q_1765,426,0.23987444,0.04582399,0.20974194,0.04648272
q_1758,q_1768,588,-0.01200974,0.04133895,-0.00718917,0.04134277
q_1758,q_1769,563,0.02245144,0.04223641,0.02794429,0.04222471
q_1758,q_1780,726,0.29574604,0.03393751,0.28908664,0.03408236
q_1758,q_1781,525,0.03558624,0.04371338,0.04566317,0.04367755
q_1758,q_1803,462,-0.10927384,0.04611866,-0.11523137,0.04605623
q_1758,q_1830,530,-0.05065347,0.04344892,-0.04047944,0.04348931
q_1758,q_1835,552,-0.26788217,0.03961628,-0.25569695,0.03988857
q_1758,q_1854,535,-0.49416436,0.03276815,-0.47962112,0.03338215
q_1758,q_1869,427,-0.2490225,0.04555271,-0.22979278,0.04599987
q_1758,q_1871,533,0.10724619,0.04293762,0.10546811,0.04295405
q_1758,q_1880,495,0.11208391,0.04451711,0.12611922,0.04436638
q_1758,q_1883,566,-0.0765468,0.04189803,-0.04585775,0.04205635
q_1758,q_1896,534,0.27484359,0.04011819,0.24667513,0.0407557
q_1758,q_1910,527,-0.14445705,0.04277359,-0.10863746,0.04316963
q_1758,q_1915,620,0.10694538,0.03979804,0.11248603,0.03974909
q_1758,q_1989,449,0.20099509,0.04543842,0.24181084,0.04458262
q_1758,q_2011,415,0.03266375,0.0492139,0.07305613,0.04900352
q_1758,q_2020,546,-0.01487399,0.04290461,-0.01396579,0.04290574
q_1758,q_2161,604,0.01996199,0.0407746,0.01720081,0.04077878
q_1758,q_219,531,-0.22668944,0.04128303,-0.22428847,0.04133016
q_1758,q_22,461,0.1993766,0.04486949,0.21617277,0.04454335
q_1758,q_228,538,-0.09175298,0.0428698,-0.06245267,0.04306514
q_1758,q_238,436,0.25276529,0.04498656,0.25101132,0.04502903
q_1758,q_239,411,0.27567019,0.04574511,0.26958162,0.04590947
q_1758,q_248,410,-0.09506517,0.04912019,-0.10931264,0.04897586
q_1758,q_251,504,0.13768358,0.04382978,0.14186807,0.04377752
q_1758,q_258,538,-0.1278932,0.04252661,-0.10987334,0.04271185
q_1758,q_2745,524,0.07107298,0.04358949,0.07283367,0.04357839
q_1758,q_2754,533,0.08339941,0.0431351,0.11805768,0.04283181
q_1758,q_2775,474,0.09797349,0.04563528,0.04426001,0.0459873
q_1758,q_278,429,-0.10185123,0.04794755,-0.10763018,0.0478889
q_1758,q_292,489,0.13574191,0.04452511,0.14756669,0.04437315
q_1758,q_2951,501,0.0229871,0.04478739,0.03753721,0.04474793
q_1758,q_312,532,0.17435094,0.0421566,0.18045706,0.0420624
q_1758,q_343,550,-0.25225745,0.04003613,-0.24195904,0.04025374
q_1758,q_345,533,0.05395726,0.04331076,0.03889871,0.0433715
q_1758,q_348,439,-0.14979496,0.0468167,-0.08689517,0.0475297
q_1758,q_35,529,0.05428071,0.0434736,0.03896498,0.04353587
q_1758,q_364,529,0.18389571,0.04212755,0.17016478,0.04233953
q_1758,q_377,548,-0.44399344,0.03439116,-0.43005373,0.03491307
q_1758,q_38,534,-0.14676141,0.04246159,-0.11458973,0.04282648
q_1758,q_381,543,0.36849062,0.03718988,0.36950742,0.03715759
q_1758,q_4229,538,-0.10151128,0.04278827,-0.09551379,0.04283935
q_1758,q_4231,504,-0.0958502,0.04426625,-0.08324584,0.0443671
q_1758,q_4236,553,-0.12299362,0.04199511,-0.11116246,0.04211324
q_1758,q_4244,554,0.21289797,0.0406705,0.2222648,0.04049685
q_1758,q_4249,528,0.24275608,0.04107164,0.23838216,0.04116349
q_1758,q_4251,557,0.20916187,0.04062723,0.20519322,0.04069709
q_1758,q_4256,520,0.27754919,0.04059202,0.27806008,0.04057953
q_1758,q_4257,527,-0.14006316,0.0428282,-0.1431504,0.04279
q_1758,q_4261,567,0.01351895,0.0420999,0.01278074,0.04210072
q_1758,q_4265,530,-0.02861194,0.04352502,-0.01415519,0.04355196
q_1758,q_4276,563,0.04320343,0.04217884,0.06180638,0.04209629
q_1758,q_4291,521,-0.20901898,0.0420179,-0.20513446,0.04208858
q_1758,q_463,495,0.03606987,0.04502483,0.02314765,0.04505933
q_1758,q_491,423,-0.06381394,0.0485963,-0.06592882,0.04858291
q_1758,q_497,398,0.35875642,0.04383955,0.36002871,0.04379354
q_1758,q_516,612,0.06389821,0.04035659,0.09620523,0.040147
q_1758,q_52,421,0.30267121,0.04443081,0.30039478,0.04449796
q_1758,q_530,610,0.08159627,0.04031851,0.07254373,0.04037515
q_1758,q_566,523,0.11276317,0.04329529,0.10647787,0.04335572
q_1758,q_594,464,0.55330646,0.03231591,0.55201208,0.03238254
q_1758,q_6,397,-0.15543798,0.04916206,-0.13778126,0.04942289
q_1758,q_610,421,0.06067205,0.04873155,0.05727317,0.04875116
q_1758,q_619,597,-0.05049144,0.04092589,-0.05244209,0.04091766
q_1758,q_630,533,0.31186925,0.03921241,0.29323135,0.03970229
q_1758,q_636,459,0.13741173,0.04594506,0.12115439,0.04614191
q_1758,q_660,584,0.0837379,0.04119608,0.10613829,0.04101963
q_1758,q_793,535,0.07868619,0.04308706,0.11086498,0.04282261
q_1758,q_808,533,0.29567908,0.03963968,0.30932529,0.03928106
q_1758,q_811,464,0.17184801,0.04519921,0.16748337,0.04526819
q_1758,q_819,453,-0.19508143,0.04534644,-0.21165807,0.0450286
q_1758,q_82,521,0.06988261,0.04372291,0.05053496,0.04382527
q_1758,q_820,435,-0.13086818,0.04728852,-0.12868202,0.04731582
q_1758,q_844,582,-0.10153764,0.04113012,-0.06302811,0.04139349
q_1758,q_848,506,0.28757742,0.04090035,0.27082187,0.04131753
q_1758,q_85,534,-0.02889814,0.04336006,-0.00488871,0.04339527
q_1758,q_880,544,0.45416634,0.03412524,0.45227547,0.03419893
q_1758,q_901,426,0.14249175,0.04763445,0.14833092,0.04755189
q_1758,q_905,542,-0.19978529,0.04135382,-0.20400031,0.04128052
q_1758,q_915,431,0.34719437,0.04251011,0.34375383,0.04262502
q_1758,q_917,528,0.02437183,0.04361765,0.01814626,0.04362921
q_1763,q_1764,597,0.43733999,0.03318275,0.42996483,0.0334452
q_1763,q_1765,518,-0.34107709,0.03893899,-0.3265583,0.03936613
q_1763,q_1768,870,0.07091904,0.03379097,0.10401235,0.03359436
q_1763,q_1769,600,-0.0,0.04092728,0.07136331,0.04071884
q_1763,q_1780,1096,-0.12013218,0.02981101,-0.11257932,0.02986417
q_1763,q_1781,585,-0.03371198,0.04140422,-0.04048747,0.04138339
q_1763,q_1803,574,0.17441124,0.04057569,0.18344691,0.04044037
q_1763,q_1830,601,-0.08634058,0.0405882,-0.05304331,0.04077798
q_1763,q_1835,624,0.19781753,0.03855831,0.19948205,0.03853178
q_1763,q_1854,549,0.27199401,0.03962997,0.26178321,0.03986322
q_1763,q_1869,566,0.28002359,0.03884025,0.2981204,0.03839931
q_1763,q_1871,733,0.09751348,0.03665972,0.08190249,0.03676339
q_1763,q_1880,560,0.20681528,0.04055903,0.22298139,0.04026463
q_1763,q_1883,573,0.10068519,0.04146078,0.12053686,0.04127683
q_1763,q_1896,689,-0.34134464,0.03373157,-0.33864649,0.03380162
q_1763,q_1910,546,0.24700448,0.04029587,0.28546084,0.03941713
q_1763,q_1915,851,0.13308064,0.03373196,0.17418085,0.0332983
q_1763,q_1989,542,0.1117724,0.04253493,0.0946996,0.04268677
q_1763,q_2011,578,0.03137716,0.04166183,0.05034748,0.04159717
q_1763,q_2020,559,0.08709329,0.04208776,0.1013304,0.04197399
q_1763,q_2161,829,-0.04165898,0.03473407,-0.03089652,0.03476124
q_1763,q_219,600,0.28619014,0.03757514,0.26010906,0.03815827
q_1763,q_22,586,-0.05215136,0.04130313,-0.08497324,0.04111673
q_1763,q_228,595,0.25534453,0.03842001,0.30223125,0.03734554
q_1763,q_238,519,-0.22209692,0.04185104,-0.15164631,0.04301018
q_1763,q_239,525,-0.24175929,0.04121063,-0.24323214,0.04117937
q_1763,q_248,528,-0.02504983,0.04361619,-0.00810071,0.04364071
q_1763,q_251,662,-0.34255767,0.03438333,-0.3816421,0.03328072
q_1763,q_258,582,0.06150641,0.04140136,0.09553879,0.04117925
q_1763,q_2745,605,0.13405779,0.04002449,0.16560634,0.03963918
q_1763,q_2754,574,0.03448951,0.04179892,0.07887067,0.04158837
q_1763,q_2775,558,-0.11580991,0.04187833,-0.15960608,0.04136632
q_1763,q_278,527,0.14835675,0.0427237,0.15593976,0.0426229
q_1763,q_292,712,0.00407621,0.03755516,0.01227963,0.03755013
q_1763,q_2951,537,0.1245687,0.04260273,0.12400532,0.04260879
q_1763,q_312,578,-0.31910934,0.03745625,-0.27437474,0.03856343
q_1763,q_343,572,0.33158849,0.0373128,0.3562648,0.03660122
q_1763,q_345,602,0.09148971,0.04051689,0.07495798,0.04062932
q_1763,q_348,604,0.12869573,0.04011525,0.14425886,0.03994197
q_1763,q_35,546,-0.05287767,0.04279412,-0.06819367,0.04271454
q_1763,q_364,654,-0.31081028,0.03540692,-0.30523449,0.03554154
q_1763,q_377,610,0.36907941,0.03505976,0.3386091,0.035935
q_1763,q_38,573,0.04010983,0.04181801,0.0901065,0.04154532
q_1763,q_381,546,-0.2958989,0.03915671,-0.29774431,0.0391097
q_1763,q_4229,593,0.26599494,0.03825648,0.26198948,0.03834355
q_1763,q_4231,596,0.24469237,0.03860633,0.306589,0.03720509
q_1763,q_4236,595,0.15901841,0.04006046,0.1702991,0.03990778
q_1763,q_4244,565,-0.17117236,0.04094651,-0.14311619,0.04131846
q_1763,q_4249,595,-0.00325891,0.04109931,-0.02187721,0.04108008
q_1763,q_4251,621,-0.29948886,0.03661789,-0.33137646,0.03580868
q_1763,q_4256,594,0.1049664,0.04068129,0.07902202,0.04087764
q_1763,q_4257,586,0.27241444,0.03834232,0.28619544,0.03802349
q_1763,q_4261,569,-0.08261873,0.04174622,-0.06823575,0.04183742
q_1763,q_4265,562,0.22752425,0.04010597,0.20428591,0.04053039
q_1763,q_4276,586,0.02723103,0.04138506,0.02463071,0.04139064
q_1763,q_4291,568,0.15824087,0.04101687,0.12659484,0.04139609
q_1763,q_463,646,0.12615485,0.03880852,0.09906019,0.03904917
q_1763,q_491,588,0.16009961,0.04028516,0.21431922,0.03944583
q_1763,q_497,524,-0.05145435,0.0436948,-0.05087139,0.04369742
q_1763,q_516,841,0.09248232,0.03424897,0.14185613,0.03384928
q_1763,q_52,482,-0.01192709,0.04568467,-0.01945321,0.04567388
q_1763,q_530,853,0.04280794,0.03423686,0.09120541,0.0340144
q_1763,q_566,570,0.04846179,0.04189742,0.0573901,0.04185773
q_1763,q_594,538,-0.21837761,0.041172,-0.19725793,0.04155151
q_1763,q_6,526,0.22665505,0.04148058,0.21491151,0.04170733
q_1763,q_610,574,-0.15032593,0.04090301,-0.19806725,0.04020695
q_1763,q_619,837,0.10745241,0.03422736,0.15167705,0.03383054
q_1763,q_630,592,-0.21174597,0.03935683,-0.22911175,0.03904138
q_1763,q_636,565,-0.1503795,0.04122854,-0.16164972,0.0410802
q_1763,q_660,633,-0.17897021,0.03856483,-0.17264927,0.03865338
q_1763,q_793,574,0.31739011,0.03763301,0.33011146,0.0372883
q_1763,q_808,567,0.01360376,0.0420998,0.04083209,0.04203739
q_1763,q_811,540,-0.03110945,0.04311142,-0.04746662,0.04305596
q_1763,q_819,578,0.2497185,0.03910232,0.22422347,0.03960622
q_1763,q_82,587,-0.01520175,0.04137073,-0.01610108,0.04136957
q_1763,q_820,494,-0.02155486,0.0451084,-0.00025391,0.04512937
q_1763,q_844,664,0.55905112,0.02673917,0.601203,0.02483691
q_1763,q_848,560,-0.08565048,0.04206052,-0.10653755,0.04189043
q_1763,q_85,577,0.03575947,0.04168582,0.06359659,0.04157038
q_1763,q_880,610,-0.19691985,0.03901482,-0.17133699,0.03939721
q_1763,q_901,557,-0.04143439,0.04241299,-0.02739553,0.04245404
q_1763,q_905,574,0.16247939,0.04074391,0.13328248,0.04110529
q_1763,q_915,527,-0.18334933,0.04221664,-0.20776264,0.04179952
q_1763,q_917,703,0.06463057,0.03763857,0.06369336,0.03764311
q_1764,q_1765,409,-0.22178973,0.04718787,-0.26120758,0.046243
q_1764,q_1768,593,-0.03434416,0.04112079,0.01133036,0.04116406
q_1764,q_1769,562,-0.05857923,0.04215036,-0.01588621,0.04228482
q_1764,q_1780,760,-0.08987529,0.03605203,-0.08293452,0.03609563
q_1764,q_1781,520,-0.03451025,0.04392757,-0.03592774,0.04392318
q_1764,q_1803,452,-0.00797249,0.04718992,0.00042104,0.04719291
q_1764,q_1830,535,-0.1133261,0.04279869,-0.09377167,0.04297427
q_1764,q_1835,554,0.06571713,0.04241745,0.057933,0.04245845
q_1764,q_1854,539,0.09456314,0.04280718,0.08019443,0.04291564
q_1764,q_1869,430,0.2674027,0.04493306,0.23549138,0.04570968
q_1764,q_1871,528,-0.14988062,0.04266316,-0.15791147,0.04255528
q_1764,q_1880,517,0.04905458,0.04400197,0.09905514,0.04367532
q_1764,q_1883,513,0.00712218,0.0442785,0.01901605,0.04426473
q_1764,q_1896,537,-0.25527361,0.04045428,-0.2436867,0.04070447
q_1764,q_1910,516,0.26774423,0.04098602,0.24897796,0.04141415
q_1764,q_1915,609,-0.04451107,0.04054174,-0.00933122,0.04061869
q_1764,q_1989,436,0.03978575,0.04798086,0.06429386,0.04785828
q_1764,q_2011,458,0.09165605,0.04648689,0.11721339,0.04623663
q_1764,q_2020,531,0.04398263,0.04343523,0.07274931,0.04328909
q_1764,q_2161,580,0.04898773,0.04153064,0.02468446,0.04160518
q_1764,q_219,579,0.14382813,0.04080473,0.1558556,0.04065454
q_1764,q_22,489,0.00666711,0.0453589,0.0100644,0.04535633
q_1764,q_228,530,0.23653051,0.04112361,0.2712338,0.04035602
q_1764,q_238,436,-0.08486449,0.04771083,-0.0939501,0.04763275
q_1764,q_239,449,-0.22328173,0.04499068,-0.22147395,0.04502875
q_1764,q_248,434,-0.13390579,0.04730461,-0.10187996,0.04766834
q_1764,q_251,522,-0.32407568,0.03928504,-0.3682971,0.03794107
q_1764,q_258,518,-0.00320262,0.04406481,0.02377389,0.04404036
q_1764,q_2745,530,0.00265638,0.04356038,0.03289899,0.04351354
q_1764,q_2754,548,0.05032582,0.04272681,0.06268672,0.04266697
q_1764,q_2775,465,-0.22475245,0.0441741,-0.24715894,0.04368216
q_1764,q_278,441,0.14810494,0.04673375,0.16010551,0.04655702
q_1764,q_292,473,0.05103909,0.0460064,0.06994099,0.04590092
q_1764,q_2951,510,0.19139244,0.04278472,0.18457815,0.0428985
q_1764,q_312,532,-0.10542915,0.04299499,-0.08971612,0.04312831
q_1764,q_343,550,0.27629869,0.03949281,0.26680367,0.0397133
q_1764,q_345,530,0.08032095,0.04327965,0.07478861,0.04331703
q_1764,q_348,441,0.24610831,0.04488774,0.24637427,0.04488148
q_1764,q_35,521,-0.01384495,0.04392906,-0.01198177,0.04393117
q_1764,q_364,525,-0.24876528,0.04106021,-0.23311275,0.04139035
q_1764,q_377,540,0.15163702,0.04216093,0.14394387,0.04225906
q_1764,q_38,535,0.00990367,0.04335125,0.02549013,0.04332733
q_1764,q_381,559,-0.12647879,0.04173103,-0.12517919,0.0417449
q_1764,q_4229,555,0.37905259,0.03644736,0.37192609,0.03667515
q_1764,q_4231,554,0.31049448,0.03849436,0.35144942,0.03733944
q_1764,q_4236,539,0.08891142,0.04285197,0.09933106,0.04276725
q_1764,q_4244,540,-0.09216849,0.0427866,-0.04528001,0.04306471
q_1764,q_4249,534,0.10035014,0.0429593,0.09505845,0.04300417
q_1764,q_4251,538,-0.2642454,0.04021494,-0.28379185,0.03975182
q_1764,q_4256,568,0.12208373,0.04144328,0.13353613,0.04132012
q_1764,q_4257,552,0.14180957,0.04182069,0.14728685,0.04175311
q_1764,q_4261,528,-0.07294375,0.04341136,-0.05323795,0.04351988
q_1764,q_4265,546,0.07035064,0.04270172,0.07777389,0.04265453
q_1764,q_4276,552,0.01910281,0.04266339,0.0229837,0.04265641
q_1764,q_4291,534,0.06036186,0.04323819,0.03803575,0.04333352
q_1764,q_463,512,-0.00761513,0.04432165,-0.02477701,0.04429701
q_1764,q_491,427,0.03846856,0.04849243,0.09605461,0.04811622
q_1764,q_497,418,0.12310055,0.0483442,0.14829342,0.04800858
q_1764,q_516,601,0.10730501,0.04042218,0.11900452,0.04031391
q_1764,q_52,392,-0.00046503,0.050702,0.01158677,0.05069521
q_1764,q_530,600,0.03682463,0.04087178,0.06088897,0.04077554
q_1764,q_566,548,-0.0337353,0.04278654,-0.05072151,0.04272509
q_1764,q_594,429,-0.12274312,0.04772021,-0.09482482,0.04801451
q_1764,q_6,432,0.14963949,0.04719936,0.14802151,0.04722261
q_1764,q_610,473,-0.14076969,0.04521251,-0.16897519,0.04480953
q_1764,q_619,608,-0.0560641,0.04052799,-0.04703176,0.04056585
q_1764,q_630,575,-0.17488522,0.04053328,-0.18071365,0.04044663
q_1764,q_636,437,-0.04877772,0.04788733,-0.05743127,0.04784321
q_1764,q_660,593,-0.11567176,0.0406185,-0.11635081,0.04061202
q_1764,q_793,541,0.23812124,0.04066848,0.23946249,0.04064086
q_1764,q_808,539,0.00505215,0.04319232,-0.00587213,0.04319193
q_1764,q_811,427,-0.03094981,0.04851777,-0.05914391,0.04839442
q_1764,q_819,462,0.07502013,0.04641331,0.07536444,0.04641089
q_1764,q_82,513,0.05010553,0.04416957,0.03345398,0.04423119
q_1764,q_820,438,0.05977022,0.04777504,0.08179483,0.04762555
q_1764,q_844,574,0.29212636,0.03827742,0.28150739,0.03853234
q_1764,q_848,506,-0.04134058,0.04451159,-0.04245274,0.04450744
q_1764,q_85,525,-0.01043848,0.04376404,0.01722697,0.04375582
q_1764,q_880,577,-0.14226849,0.04089438,-0.15292086,0.04076313
q_1764,q_901,432,-0.00625568,0.04827857,-0.01893462,0.04826315
q_1764,q_905,504,0.12217369,0.04400984,0.11997534,0.04403363
q_1764,q_915,441,-0.12226525,0.04706757,-0.11386221,0.04716238
q_1764,q_917,525,0.01120431,0.04376332,-0.00946662,0.04376489
q_1765,q_1768,533,0.03420168,0.04338641,-0.02072118,0.04341857
q_1765,q_1769,418,0.064942,0.04888104,0.00286844,0.04908767
q_1765,q_1780,721,0.26593257,0.03468042,0.26407463,0.03471717
q_1765,q_1781,415,0.08215876,0.04893391,0.09435472,0.04882785
q_1765,q_1803,404,-0.06714027,0.04971251,-0.05881658,0.04976486
q_1765,q_1830,407,0.07203413,0.0494937,0.0547343,0.04960281
q_1765,q_1835,428,-0.18969762,0.04676159,-0.18049787,0.04692679
q_1765,q_1854,399,-0.18824141,0.04847122,-0.21830618,0.04785701
q_1765,q_1869,323,-0.22943118,0.05295911,-0.21819676,0.05324023
q_1765,q_1871,461,0.23958697,0.04404472,0.24363728,0.04395326
q_1765,q_1880,404,-0.09816668,0.04945638,-0.13237623,0.04906254
q_1765,q_1883,428,-0.1157777,0.04785691,-0.14626492,0.04746939
q_1765,q_1896,471,0.66142795,0.02600218,0.67835136,0.02495409
q_1765,q_1910,410,-0.1944609,0.04769374,-0.22031162,0.04716226
q_1765,q_1915,557,-0.01113537,0.04248066,-0.0718991,0.0422663
q_1765,q_1989,377,-0.0434178,0.05161129,-0.0502917,0.05157798
q_1765,q_2011,365,0.01086275,0.05255263,-0.03082829,0.05250888
q_1765,q_2020,421,-0.11231328,0.04829461,-0.12228223,0.04818023
q_1765,q_2161,569,-0.01335877,0.04202563,0.00231831,0.04203291
q_1765,q_219,418,-0.10983935,0.04849584,-0.10435176,0.04855354
q_1765,q_22,375,0.14106984,0.05081578,0.11453124,0.05116748
q_1765,q_228,431,-0.10286608,0.04782535,-0.15434745,0.04718529
q_1765,q_238,329,0.22147069,0.05266829,0.19891214,0.05319352
q_1765,q_239,339,0.35347582,0.04773816,0.33831288,0.04831041
q_1765,q_248,371,0.02301888,0.05210098,-0.01438826,0.05211781
q_1765,q_251,417,0.19553782,0.04726817,0.21681335,0.046837
q_1765,q_258,441,-0.10699268,0.04723487,-0.14770391,0.04673942
q_1765,q_2745,398,-0.02274682,0.05028943,-0.04567984,0.05021047
q_1765,q_2754,422,0.00532,0.04885181,-0.01270247,0.04884531
q_1765,q_2775,414,0.10839632,0.04874679,0.1215616,0.04859746
q_1765,q_278,328,-0.15753304,0.05409344,-0.1857208,0.05355674
q_1765,q_292,458,0.0142011,0.04687127,-0.01274386,0.04687311
q_1765,q_2951,369,-0.03931143,0.05219006,-0.04507271,0.05216465
q_1765,q_312,427,0.17397067,0.04709446,0.17032612,0.0471554
q_1765,q_343,422,-0.24973581,0.04580632,-0.25851216,0.04558841
q_1765,q_345,396,-0.05007548,0.05031684,-0.04075974,0.05035952
q_1765,q_348,373,-0.09242643,0.05154341,-0.04547068,0.05188004
q_1765,q_35,406,0.17758888,0.04824254,0.1926237,0.04796527
q_1765,q_364,426,0.33445305,0.0431829,0.34048924,0.04298481
q_1765,q_377,422,-0.24659722,0.04588242,-0.22941931,0.0462819
q_1765,q_38,419,-0.03363616,0.04897356,-0.0574777,0.04886706
q_1765,q_381,414,0.3551403,0.04310509,0.35136602,0.04323662
q_1765,q_4229,415,-0.1685139,0.04786745,-0.15826725,0.04803241
q_1765,q_4231,419,-0.30814562,0.04437354,-0.30527462,0.04445989
q_1765,q_4236,418,-0.23634996,0.04634595,-0.23762875,0.04631619
q_1765,q_4244,394,0.28794324,0.04637917,0.26124523,0.04712067
q_1765,q_4249,419,0.09595051,0.04857765,0.10603225,0.04847781
q_1765,q_4251,425,0.31940758,0.04371292,0.34864762,0.04276203
q_1765,q_4256,408,0.0430224,0.04959843,0.01579294,0.04967801
q_1765,q_4257,415,-0.06667093,0.04904747,-0.07744794,0.04897095
q_1765,q_4261,416,0.19134081,0.04740526,0.17840639,0.04764059
q_1765,q_4265,417,-0.01393448,0.04913778,-0.02699926,0.04911149
q_1765,q_4276,432,0.15168361,0.04716962,0.15372763,0.04713948
q_1765,q_4291,433,-0.12281633,0.04749687,-0.13025358,0.04740611
q_1765,q_463,428,-0.03150593,0.04845898,-0.01024049,0.04850204
q_1765,q_491,378,-0.08748898,0.05124451,-0.14789234,0.05051031
q_1765,q_497,379,0.1744079,0.05000237,0.16673903,0.05013729
q_1765,q_516,563,-0.00073388,0.04225769,-0.01954584,0.04224157
q_1765,q_52,346,0.16827358,0.052466,0.17230643,0.05239184
q_1765,q_530,533,-0.01682065,0.04342493,-0.05177145,0.0433208
q_1765,q_566,421,0.06600334,0.04869852,0.06200987,0.04872352
q_1765,q_594,302,0.24403648,0.05438741,0.21538616,0.05514862
q_1765,q_6,302,-0.34397385,0.05098899,-0.33635802,0.05128863
q_1765,q_610,360,0.10646941,0.05232566,0.11090833,0.05227459
q_1765,q_619,562,-0.08170236,0.04201316,-0.09296048,0.04192999
q_1765,q_630,432,0.52752497,0.03484484,0.51083987,0.03568131
q_1765,q_636,400,0.18479985,0.04847457,0.18845683,0.04840607
q_1765,q_660,431,0.10751278,0.0477781,0.08465847,0.04799039
q_1765,q_793,397,-0.10045528,0.04987088,-0.12443535,0.04959919
q_1765,q_808,429,0.21331889,0.04624544,0.20031611,0.04650602
q_1765,q_811,368,0.1515933,0.05113954,0.14801032,0.05119572
q_1765,q_819,382,-0.14661719,0.05026234,-0.13668125,0.05040693
q_1765,q_82,428,0.03239937,0.04845621,0.03374765,0.04845188
q_1765,q_820,360,-0.15815139,0.05160184,-0.15108192,0.05171755
q_1765,q_844,523,-0.30053384,0.03989208,-0.30495163,0.03977478
q_1765,q_848,409,0.2286311,0.04703494,0.18429524,0.04794353
q_1765,q_85,424,0.05536187,0.04858764,0.02566872,0.04870491
q_1765,q_880,452,0.33649125,0.04184944,0.37175729,0.04067069
q_1765,q_901,363,-0.0702153,0.05244478,-0.03352319,0.0526454
q_1765,q_905,423,-0.30037817,0.04439237,-0.27393291,0.04513346
q_1765,q_915,319,0.23115723,0.05324852,0.21977469,0.05353726
q_1765,q_917,463,0.10468999,0.04611423,0.10865392,0.0460748
q_1768,q_1769,598,0.71959774,0.01976742,0.73687837,0.01873559
q_1768,q_1780,1198,0.07594441,0.028761,0.06566324,0.02880312
q_1768,q_1781,560,0.35689882,0.03697423,0.34202567,0.03741469
q_1768,q_1803,576,0.37270643,0.03597255,0.35732305,0.0364417
q_1768,q_1830,597,0.36161598,0.0356651,0.37031059,0.03540399
q_1768,q_1835,611,0.2870025,0.03721479,0.28122554,0.03734792
q_1768,q_1854,587,0.08504515,0.041081,0.08600725,0.04107419
q_1768,q_1869,565,-0.03797276,0.04212163,-0.01757303,0.04216943
q_1768,q_1871,759,0.00401157,0.03636906,0.00699678,0.03636787
q_1768,q_1880,562,0.01849765,0.04228102,0.02285557,0.0422734
q_1768,q_1883,616,0.49014882,0.03068618,0.4963732,0.03043817
q_1768,q_1896,767,-0.02591894,0.03615443,-0.0562169,0.03606439
q_1768,q_1910,548,-0.05604666,0.04270074,-0.01021179,0.04283083
q_1768,q_1915,930,0.2333823,0.03105537,0.26811144,0.03048334
q_1768,q_1989,586,-0.09672508,0.04102829,-0.07244192,0.04119843
q_1768,q_2011,614,0.11492642,0.03992133,0.1509731,0.03953357
q_1768,q_2020,606,-0.10405557,0.04028222,-0.08143278,0.0404531
q_1768,q_2161,722,-0.48475193,0.02853027,-0.47276222,0.02895841
q_1768,q_219,651,0.24097048,0.03700263,0.23275182,0.03715558
q_1768,q_22,567,0.01128406,0.04210223,0.03329164,0.04206093
q_1768,q_228,583,0.23338474,0.03926106,0.2578003,0.0387631
q_1768,q_238,552,0.2177381,0.04065556,0.21151795,0.04076951
q_1768,q_239,577,0.04684132,0.04164761,0.06535917,0.04156089
q_1768,q_248,580,0.16815095,0.04045345,0.1600732,0.04056383
q_1768,q_251,686,0.0106848,0.03825957,-0.01413378,0.03825629
q_1768,q_258,556,0.44520428,0.03409571,0.42826511,0.0347249
q_1768,q_2745,605,0.3441012,0.0359311,0.33192865,0.03626649
q_1768,q_2754,630,0.22700738,0.03787815,0.22294177,0.03795121
q_1768,q_2775,589,-0.00186882,0.04130947,-0.02778358,0.04127773
q_1768,q_278,581,0.01813925,0.04158083,0.03450051,0.04154501
q_1768,q_292,680,0.30808164,0.03478527,0.29682631,0.03504694
q_1768,q_2951,559,0.22875491,0.04019021,0.21538756,0.040442
q_1768,q_312,579,-0.25800288,0.0388931,-0.24482493,0.0391692
q_1768,q_343,605,0.14619379,0.03988587,0.15144768,0.03982214
q_1768,q_345,560,0.11804271,0.04178095,0.12733108,0.04168438
q_1768,q_348,605,0.02966451,0.04072109,0.02779215,0.04072548
q_1768,q_35,618,-0.06058066,0.0401759,-0.07306815,0.0401086
q_1768,q_364,720,0.06704486,0.03717782,0.06457929,0.03718993
q_1768,q_377,626,0.07573481,0.03983436,0.0933035,0.03971537
q_1768,q_38,581,0.34206949,0.03672748,0.36574573,0.03603042
q_1768,q_381,608,-0.04913908,0.04055761,-0.0703676,0.04045447
q_1768,q_4229,589,0.1143381,0.04076957,0.13217516,0.04058793
q_1768,q_4231,599,0.13983852,0.0401606,0.16271681,0.03987707
q_1768,q_4236,586,0.09847509,0.04101415,0.13502746,0.04066066
q_1768,q_4244,624,0.07883474,0.03987922,0.08111424,0.03986459
q_1768,q_4249,607,-0.25166336,0.03811238,-0.24429733,0.03826103
q_1768,q_4251,628,0.01707163,0.03998834,0.01804377,0.03998698
q_1768,q_4256,619,-0.20689045,0.03856654,-0.19856441,0.03870256
q_1768,q_4257,585,0.36543501,0.03591581,0.35571612,0.03620633
q_1768,q_4261,600,0.06977379,0.04072803,0.06372305,0.04076109
q_1768,q_4265,589,0.15432247,0.04032581,0.15958891,0.04025752
q_1768,q_4276,606,0.06242582,0.04056445,0.09009095,0.04039262
q_1768,q_4291,606,-0.06369097,0.04055795,-0.09567018,0.04035042
q_1768,q_463,663,0.02170437,0.03890661,0.01032647,0.0389208
q_1768,q_491,595,0.37554116,0.0353034,0.36326776,0.03567608
q_1768,q_497,550,-0.07697947,0.04250354,-0.07968442,0.04248542
q_1768,q_516,909,0.29690529,0.0302941,0.34071345,0.02936609
q_1768,q_52,573,-0.12346095,0.04124695,-0.12230857,0.04125881
q_1768,q_530,898,0.19354587,0.03217416,0.21121093,0.03193516
q_1768,q_566,628,-0.19687834,0.03844956,-0.19252881,0.03851731
q_1768,q_594,587,0.00174729,0.04138017,0.00459421,0.04137942
q_1768,q_6,517,0.02027082,0.04408998,0.05280323,0.04398513
q_1768,q_610,652,-0.07579456,0.03902793,-0.06225447,0.0391013
q_1768,q_619,900,0.23477344,0.03154867,0.25119423,0.03128223
q_1768,q_630,598,0.06222365,0.04083728,0.04159035,0.04092509
q_1768,q_636,608,-0.01860988,0.0406417,-0.04619331,0.04056903
q_1768,q_660,607,-0.06953109,0.04049271,-0.06878818,0.04049689
q_1768,q_793,592,0.06641387,0.04102254,0.08636521,0.04089694
q_1768,q_808,560,-0.20597844,0.04057367,-0.20154788,0.04065017
q_1768,q_811,572,-0.39274438,0.03545576,-0.38944177,0.03556406
q_1768,q_819,575,0.35598086,0.03651357,0.39239464,0.03537414
q_1768,q_82,598,-0.07174892,0.04078496,-0.06395024,0.04082834
q_1768,q_820,579,0.29775711,0.03797253,0.29812447,0.03796341
q_1768,q_844,771,0.12975867,0.03547683,0.14905517,0.03528269
q_1768,q_848,578,-0.14514993,0.04082427,-0.15712762,0.04067328
q_1768,q_85,590,0.20530017,0.03953478,0.20559153,0.03952984
q_1768,q_880,645,-0.16443586,0.0383997,-0.16502034,0.0383921
q_1768,q_901,568,-0.40503866,0.03516842,-0.39851175,0.03538906
q_1768,q_905,578,-0.22251394,0.03963807,-0.22131138,0.03966033
q_1768,q_915,566,0.02038652,0.04212746,0.01496469,0.04213554
q_1768,q_917,750,0.01396811,0.03658095,-0.00073317,0.03658807
q_1769,q_1780,784,0.04672978,0.03570468,0.05195688,0.03568622
q_1769,q_1781,525,0.27324681,0.04050086,0.2617381,0.04077035
q_1769,q_1803,484,0.15296775,0.04452917,0.13405094,0.04477673
q_1769,q_1830,565,0.34311267,0.03721647,0.35372358,0.03690457
q_1769,q_1835,541,0.1488178,0.04215825,0.14999342,0.0421431
q_1769,q_1854,518,-0.03273588,0.04401804,-0.01045153,0.04406045
q_1769,q_1869,447,0.00518612,0.04745662,0.03644347,0.04739487
q_1769,q_1871,541,0.06930069,0.04290601,0.05669227,0.0429745
q_1769,q_1880,502,0.04515961,0.04467485,0.04420309,0.04467868
q_1769,q_1883,554,0.49878257,0.03200288,0.50527766,0.03172505
q_1769,q_1896,514,0.02938255,0.0441992,0.03724823,0.04417602
q_1769,q_1910,549,-0.04299739,0.04271693,-0.05274519,0.04267699
q_1769,q_1915,639,0.29241179,0.0362621,0.32668536,0.03542072
q_1769,q_1989,420,-0.12117032,0.04825122,-0.09630385,0.04851604
q_1769,q_2011,450,0.11664805,0.0466548,0.13086205,0.0464884
q_1769,q_2020,565,-0.05685499,0.0420461,-0.07144471,0.04196714
q_1769,q_2161,592,-0.38952051,0.03495251,-0.37858784,0.03529852
q_1769,q_219,582,0.2183539,0.03957713,0.21396753,0.03965594
q_1769,q_22,458,0.00107215,0.04688067,-0.00181787,0.04688057
q_1769,q_228,547,0.20873797,0.04100653,0.22377898,0.04072761
q_1769,q_238,448,0.19757679,0.04555403,0.18880709,0.04571466
q_1769,q_239,422,0.09218497,0.04843804,0.08707512,0.04848279
q_1769,q_248,438,0.04245805,0.0478599,0.02495166,0.04791648
q_1769,q_251,526,0.01358442,0.04371888,-0.02852777,0.04369136
q_1769,q_258,552,0.38419797,0.0363792,0.41448124,0.03534694
q_1769,q_2745,542,0.27034333,0.03992503,0.28617726,0.03954548
q_1769,q_2754,530,0.29018441,0.03989257,0.2797171,0.04015242
q_1769,q_2775,465,-0.03004981,0.0464822,-0.05797318,0.04636785
q_1769,q_278,442,-0.0397034,0.04765216,-0.04570247,0.04762771
q_1769,q_292,516,0.23611716,0.0416896,0.25542658,0.04127054
q_1769,q_2951,504,0.21739112,0.04256533,0.19666077,0.04294881
q_1769,q_312,554,-0.23248386,0.04029888,-0.21720359,0.04059161
q_1769,q_343,530,-0.00682995,0.04355865,0.01095744,0.04355545
q_1769,q_345,519,0.08924424,0.04367193,0.07685402,0.04376252
q_1769,q_348,452,0.12844542,0.04641432,0.11210651,0.0465998
q_1769,q_35,562,-0.07995278,0.04202512,-0.06847791,0.04209716
q_1769,q_364,533,0.19098575,0.04185283,0.17215414,0.04214987
q_1769,q_377,540,-0.06438718,0.04297428,-0.01908067,0.04313747
q_1769,q_38,546,0.26848911,0.03982058,0.30397489,0.03894881
q_1769,q_381,539,-0.02572512,0.04316484,-0.00762979,0.04319091
q_1769,q_4229,568,0.05739358,0.04193174,0.04932999,0.04196794
q_1769,q_4231,556,0.07525632,0.04228349,0.10886899,0.04202031
q_1769,q_4236,544,0.07870631,0.04272703,0.12079386,0.04236604
q_1769,q_4244,545,0.0758577,0.04270651,0.11445525,0.04239098
q_1769,q_4249,531,-0.11071608,0.04298595,-0.10799017,0.0430119
q_1769,q_4251,580,-0.02930888,0.04159478,-0.05257034,0.04151549
q_1769,q_4256,548,-0.15796684,0.0417664,-0.14801382,0.04189685
q_1769,q_4257,558,0.29746813,0.03869156,0.30144545,0.03859045
q_1769,q_4261,585,-0.05742886,0.04131462,-0.0425451,0.0413763
q_1769,q_4265,541,0.14701403,0.04218125,0.15048215,0.04213677
q_1769,q_4276,558,-0.01265743,0.04244084,-0.01118362,0.04244233
q_1769,q_4291,540,-0.05050827,0.0430431,-0.06243098,0.04298499
q_1769,q_463,524,-0.0078233,0.04380811,-0.0590766,0.04365789
q_1769,q_491,431,0.37988519,0.0413612,0.41987711,0.0398152
q_1769,q_497,420,-0.06146037,0.04878523,-0.06329909,0.048774
q_1769,q_516,642,0.22718648,0.03751758,0.2672893,0.03673312
q_1769,q_52,418,-0.08902786,0.048699,-0.11195186,0.04847284
q_1769,q_530,623,0.21372419,0.03832649,0.23036794,0.03802965
q_1769,q_566,578,-0.13450637,0.0409484,-0.15017156,0.04076242
q_1769,q_594,436,0.01668511,0.04804355,0.01414111,0.04804732
q_1769,q_6,423,0.10243094,0.04828304,0.1434266,0.04779123
q_1769,q_610,469,-0.07404461,0.04607013,-0.09137539,0.04593732
q_1769,q_619,607,0.3020655,0.03697677,0.29269123,0.03720364
q_1769,q_630,597,-0.02586901,0.04100304,-0.04645779,0.04094194
q_1769,q_636,456,-0.09108902,0.04659426,-0.10848426,0.04643115
q_1769,q_660,573,-0.03524059,0.04183337,-0.03677511,0.04182874
q_1769,q_793,534,-0.02830224,0.04336154,-0.0074497,0.0433939
q_1769,q_808,563,-0.19275058,0.04068772,-0.20772757,0.04043426
q_1769,q_811,434,-0.16912422,0.04679055,-0.17517988,0.04669012
q_1769,q_819,497,0.25051107,0.04216861,0.27148844,0.04167594
q_1769,q_82,547,-0.03275296,0.04282865,-0.04946294,0.04276975
q_1769,q_820,440,0.22413754,0.0454333,0.22681552,0.04537553
q_1769,q_844,615,0.07882539,0.04017144,0.09140165,0.0400849
q_1769,q_848,530,-0.10525754,0.04307807,-0.12569084,0.0428725
q_1769,q_85,554,0.14499184,0.04170584,0.14870999,0.04165932
q_1769,q_880,546,-0.06677626,0.04272275,-0.07998308,0.04263957
q_1769,q_901,459,-0.35323469,0.04098618,-0.33747321,0.04149599
q_1769,q_905,533,-0.17697028,0.04207684,-0.18147549,0.04200669
q_1769,q_915,448,0.04695249,0.04730004,0.02267358,0.04738018
q_1769,q_917,556,0.00395594,0.04252366,0.00514714,0.0425232
q_1780,q_1781,740,0.54153926,0.02603293,0.53581466,0.02626011
q_1780,q_1803,816,0.10958769,0.03465034,0.11120629,0.03463781
q_1780,q_1830,743,0.02851975,0.03673083,0.01537627,0.03675204
q_1780,q_1835,808,-0.01513665,0.03523729,-0.00934033,0.03524229
q_1780,q_1854,741,-0.09523698,0.03647663,-0.0747225,0.03660498
q_1780,q_1869,730,-0.0634535,0.03693862,-0.06204911,0.03694516
q_1780,q_1871,954,0.16088863,0.03158784,0.15384879,0.03165969
q_1780,q_1880,786,-0.024281,0.03571602,-0.02675455,0.0357115
q_1780,q_1883,751,-0.04818224,0.03647874,-0.06268852,0.03641993
q_1780,q_1896,953,0.27076881,0.03006561,0.27179912,0.03004747
q_1780,q_1910,721,-0.15106339,0.03646803,-0.14817654,0.03650027
q_1780,q_1915,1191,-0.1355303,0.02848002,-0.1459041,0.02839531
q_1780,q_1989,717,-0.04520173,0.03734759,-0.03190659,0.03738596
q_1780,q_2011,799,0.220875,0.03371489,0.23454046,0.03349431
q_1780,q_2020,725,-0.23696168,0.03512643,-0.23730821,0.03512031
q_1780,q_2161,1174,-0.02619731,0.02920273,-0.03047743,0.02919564
q_1780,q_219,776,-0.01221048,0.03596214,-0.00709132,0.03596569
q_1780,q_22,795,0.35027799,0.03117369,0.34123886,0.0313958
q_1780,q_228,763,0.03197151,0.03623673,0.02358072,0.03625364
q_1780,q_238,693,0.19333836,0.03664633,0.19617391,0.03660428
q_1780,q_239,709,0.12606155,0.03703741,0.12326339,0.03706367
q_1780,q_248,740,0.05526047,0.03672299,0.04843931,0.03674904
q_1780,q_251,926,0.09031347,0.03264693,0.09318401,0.03262959
q_1780,q_258,767,-0.06272639,0.03603638,-0.0709371,0.03599668
q_1780,q_2745,734,0.07035112,0.03680328,0.07137708,0.0367979
q_1780,q_2754,777,0.05158491,0.03584861,0.05034549,0.03585315
q_1780,q_2775,791,-0.00346787,0.0356231,-0.02830312,0.03559499
q_1780,q_278,771,-0.20725324,0.03453443,-0.2056431,0.03455842
q_1780,q_292,916,0.39712359,0.02787582,0.39023896,0.02805522
q_1780,q_2951,705,0.10531268,0.03732397,0.11274735,0.03726279
q_1780,q_312,740,0.01673822,0.03682515,0.02374862,0.0368147
q_1780,q_343,740,-0.10075572,0.03646153,-0.09766231,0.03648414
q_1780,q_345,771,-0.03054577,0.03605072,-0.02591994,0.03606015
q_1780,q_348,811,0.02678558,0.03515464,0.02512511,0.03515767
q_1780,q_35,761,0.41754223,0.02998927,0.42101757,0.02988342
q_1780,q_364,979,0.1286447,0.03147948,0.1349825,0.031426
q_1780,q_377,805,-0.13152466,0.03470039,-0.12125443,0.03479206
q_1780,q_38,764,0.08757658,0.03597195,0.07214781,0.03606128
q_1780,q_381,743,0.12759134,0.03616228,0.13811652,0.03605948
q_1780,q_4229,765,-0.01681803,0.03621593,-0.01404373,0.03621903
q_1780,q_4231,738,-0.13723406,0.03619088,-0.14253479,0.03613618
q_1780,q_4236,760,-0.27383541,0.03362021,-0.2760257,0.03357644
q_1780,q_4244,753,0.36563906,0.0316331,0.35811412,0.03183197
q_1780,q_4249,748,-0.03351541,0.03659601,-0.02772693,0.036609
q_1780,q_4251,768,0.27411796,0.03343836,0.27529664,0.03341495
q_1780,q_4256,766,-0.03595831,0.03615562,-0.03202624,0.0361653
q_1780,q_4257,791,0.10990184,0.03519325,0.10855195,0.03520375
q_1780,q_4261,771,0.2601993,0.03364135,0.25365538,0.03376268
q_1780,q_4265,773,0.16049944,0.03510917,0.17136048,0.03497928
q_1780,q_4276,779,0.35894657,0.03127273,0.35081988,0.03147979
q_1780,q_4291,754,-0.28726479,0.03347928,-0.28176373,0.03359351
q_1780,q_463,931,0.1141565,0.03239882,0.11448315,0.03239637
q_1780,q_491,749,-0.07578511,0.03640232,-0.10343969,0.03622085
q_1780,q_497,703,0.1449482,0.03700234,0.12943676,0.03716321
q_1780,q_516,1207,0.13120962,0.02832337,0.12297962,0.02838365
q_1780,q_52,720,0.08663504,0.03706538,0.08806975,0.03705602
q_1780,q_530,1153,-0.13871506,0.02892098,-0.14030928,0.02890786
q_1780,q_566,813,-0.13625185,0.03448413,-0.12405176,0.03459571
q_1780,q_594,766,0.10615434,0.03579447,0.0901555,0.03590818
q_1780,q_6,732,-0.04218941,0.03697111,-0.03529419,0.0369909
q_1780,q_610,734,0.0219088,0.03696858,0.00249859,0.03698611
q_1780,q_619,1160,-0.16630297,0.02858597,-0.16924814,0.02855692
q_1780,q_630,768,0.23194782,0.03420994,0.23619552,0.03413805
q_1780,q_636,789,0.44793221,0.02851211,0.44054859,0.02874611
q_1780,q_660,798,0.09533376,0.03514401,0.09367019,0.03515516
q_1780,q_793,769,0.03759187,0.03608041,0.0273666,0.03610441
q_1780,q_808,796,-0.00552987,0.03550996,-0.01721447,0.03550052
q_1780,q_811,766,0.1162686,0.03571303,0.11373074,0.03573416
q_1780,q_819,770,-0.01714125,0.0360973,-0.02656737,0.03608242
q_1780,q_82,743,-0.16195205,0.03579655,-0.15565615,0.03587006
q_1780,q_820,728,-0.07329897,0.03693953,-0.08018327,0.03690029
q_1780,q_844,1113,-0.07026134,0.02986684,-0.082783,0.02980932
q_1780,q_848,740,0.1842222,0.03558536,0.18811684,0.03553194
q_1780,q_85,778,-7.463e-05,0.03592106,-0.00050508,0.03592105
q_1780,q_880,734,0.18997932,0.03565142,0.19082203,0.03563955
q_1780,q_901,767,-0.05638505,0.03606371,-0.05318707,0.03607639
q_1780,q_905,764,-0.24564022,0.03406268,-0.24213505,0.03412466
q_1780,q_915,684,0.05357986,0.03821007,0.05615765,0.03819923
q_1780,q_917,992,0.01621911,0.03178979,0.01523262,0.03179077
q_1781,q_1803,453,0.21802443,0.04489965,0.21825346,0.04489494
q_1781,q_1830,518,0.20491621,0.04221494,0.20113252,0.04228264
q_1781,q_1835,539,0.21152774,0.04126078,0.20902932,0.04130616
q_1781,q_1854,527,0.06326556,0.04351035,0.05426225,0.04355658
q_1781,q_1869,445,0.11449402,0.04694162,0.10930121,0.0469969
q_1781,q_1871,537,0.05092329,0.04316201,0.04758828,0.04317623
q_1781,q_1880,499,0.04539519,0.0448088,0.03318309,0.04485188
q_1781,q_1883,534,0.2921706,0.03969184,0.27571973,0.04009726
q_1781,q_1896,541,0.13728537,0.0423005,0.1250114,0.0424393
q_1781,q_1910,523,-0.14074218,0.04298425,-0.133528,0.04307102
q_1781,q_1915,625,-0.0617464,0.03994347,-0.06499582,0.03992696
q_1781,q_1989,441,-0.25373782,0.04470552,-0.24088923,0.04500918
q_1781,q_2011,447,0.43101661,0.03864139,0.39056605,0.04021858
q_1781,q_2020,504,-0.29295157,0.04084252,-0.29367392,0.04082359
q_1781,q_2161,599,-0.18225866,0.03960092,-0.18595384,0.03954519
q_1781,q_219,530,0.15779169,0.0424761,0.16105513,0.04243077
q_1781,q_22,465,0.22526205,0.04416343,0.21752348,0.04432285
q_1781,q_228,529,0.1404478,0.042742,0.13485262,0.04280916
q_1781,q_238,434,0.06095155,0.04798936,0.0778859,0.04787611
q_1781,q_239,418,-0.12939126,0.04826623,-0.12248781,0.04835159
q_1781,q_248,436,0.18712803,0.04637413,0.18092548,0.04648384
q_1781,q_251,513,-0.03219001,0.04423486,-0.02610093,0.04425058
q_1781,q_258,526,0.16647642,0.04251508,0.17187114,0.04243527
q_1781,q_2745,508,0.30106126,0.04046608,0.30599123,0.04033291
q_1781,q_2754,524,0.16356959,0.04263864,0.17101506,0.0425295
q_1781,q_2775,428,-0.098428,0.04803718,-0.12729969,0.04772106
q_1781,q_278,467,-0.05273572,0.04629473,-0.03184339,0.04637676
q_1781,q_292,531,0.7634582,0.01815332,0.76910126,0.01777695
q_1781,q_2951,497,0.24384128,0.04231696,0.22636795,0.04268662
q_1781,q_312,514,-0.2597058,0.04125371,-0.25426789,0.04137735
q_1781,q_343,543,0.0985686,0.04261505,0.09360587,0.04265609
q_1781,q_345,520,0.00097216,0.04397991,-0.00923867,0.0439762
q_1781,q_348,458,0.03211647,0.04683237,0.04810964,0.04677222
q_1781,q_35,528,0.13323527,0.04286883,0.12707512,0.04293882
q_1781,q_364,511,0.10295845,0.04389751,0.10009307,0.04392332
q_1781,q_377,525,0.04393005,0.04368434,0.05314493,0.04364519
q_1781,q_38,511,0.35005939,0.03893092,0.33972967,0.03924706
q_1781,q_381,545,-0.01524186,0.0429437,0.02203244,0.04293283
q_1781,q_4229,513,-0.01516388,0.04427056,-0.01846177,0.04426565
q_1781,q_4231,524,-0.06321878,0.0436357,-0.03803419,0.04374742
q_1781,q_4236,534,-0.20612242,0.04155255,-0.17804091,0.0420207
q_1781,q_4244,521,0.2761075,0.04058789,0.27514727,0.04061115
q_1781,q_4249,539,-0.1715865,0.04192172,-0.16116039,0.04207157
q_1781,q_4251,541,0.22169864,0.04099404,0.23198347,0.04079287
q_1781,q_4256,558,-0.26316292,0.03950794,-0.25905189,0.03959907
q_1781,q_4257,512,0.30322515,0.04024881,0.29854889,0.04037354
q_1781,q_4261,519,0.22961253,0.04170159,0.22721511,0.04174981
q_1781,q_4265,554,0.21632057,0.04060792,0.20014153,0.04089496
q_1781,q_4276,534,0.34564226,0.03821181,0.35476722,0.03793445
q_1781,q_4291,552,-0.21326128,0.04073791,-0.20749831,0.04084139
q_1781,q_463,478,0.10331089,0.04539343,0.09179941,0.04549648
q_1781,q_491,432,0.20082055,0.04633336,0.19095422,0.04651998
q_1781,q_497,424,0.000989,0.04873697,-0.01389449,0.04872761
q_1781,q_516,609,0.36732874,0.03514105,0.35972339,0.03536567
q_1781,q_52,420,-0.04182438,0.04888455,-0.03738899,0.04890175
q_1781,q_530,612,0.05218788,0.04041168,0.05208122,0.04041213
q_1781,q_566,542,-0.27175068,0.03989217,-0.28673867,0.03953162
q_1781,q_594,427,0.02888061,0.04852379,0.03532423,0.04850369
q_1781,q_6,411,0.14418171,0.0484782,0.15459354,0.04832419
q_1781,q_610,456,-0.01854956,0.04696793,-0.02741052,0.0469488
q_1781,q_619,631,-0.12528353,0.03927801,-0.13453524,0.03918209
q_1781,q_630,531,0.10159181,0.04307025,0.1194377,0.04289859
q_1781,q_636,448,0.29102289,0.04338965,0.27433849,0.0438368
q_1781,q_660,585,-0.02030848,0.04143424,-0.01984133,0.04143502
q_1781,q_793,536,0.08539906,0.04299891,0.0793264,0.04304224
q_1781,q_808,518,-0.26263739,0.04102571,-0.26112058,0.04106072
q_1781,q_811,430,-0.16980032,0.04699811,-0.15704664,0.04719983
q_1781,q_819,462,0.25985277,0.04352428,0.26231652,0.04346423
q_1781,q_82,512,-0.25946104,0.04134031,-0.25492125,0.04144382
q_1781,q_820,443,0.16370109,0.04639558,0.14499157,0.04667092
q_1781,q_844,576,0.00973087,0.04177164,0.01768725,0.04176253
q_1781,q_848,503,-0.05520227,0.04458508,-0.02947904,0.0446825
q_1781,q_85,525,0.21226823,0.04179668,0.22270362,0.04159801
q_1781,q_880,553,-0.00781402,0.04263754,-0.00396269,0.04263947
q_1781,q_901,438,-0.29044532,0.04390165,-0.29391939,0.04380431
q_1781,q_905,521,-0.22439623,0.04172506,-0.22063363,0.04179864
q_1781,q_915,453,-0.05093844,0.04701814,-0.04872384,0.04702854
q_1781,q_917,557,-0.02146688,0.04246635,-0.02788376,0.0424529
q_1803,q_1830,450,0.12853605,0.04651694,0.12820837,0.04652092
q_1803,q_1835,486,0.25386686,0.04256907,0.25020832,0.04265299
q_1803,q_1854,458,0.19415244,0.04511355,0.21454916,0.04472274
q_1803,q_1869,386,0.04906336,0.05097461,0.04911463,0.05097435
q_1803,q_1871,561,0.07215389,0.04211298,0.07197405,0.04211408
q_1803,q_1880,455,-0.02084546,0.0470156,-0.01486928,0.04702564
q_1803,q_1883,474,0.25787197,0.0430135,0.23782965,0.04347128
q_1803,q_1896,465,0.01458807,0.04651431,0.0319779,0.04647664
q_1803,q_1910,453,0.02733957,0.04710522,0.03610441,0.047079
q_1803,q_1915,646,0.02495094,0.0394116,0.02710037,0.03940719
q_1803,q_1989,422,-0.11577207,0.04819841,-0.11493233,0.04820787
q_1803,q_2011,418,0.17225638,0.04763152,0.169764,0.04767336
q_1803,q_2020,449,-0.11092447,0.04676875,-0.11687432,0.04670457
q_1803,q_2161,605,-0.35658212,0.03557468,-0.35450367,0.03563491
q_1803,q_219,443,0.35825493,0.04155445,0.36348983,0.04137432
q_1803,q_22,447,0.08328105,0.04712874,0.09271884,0.04704991
q_1803,q_228,475,0.16713925,0.04474289,0.14574088,0.04505106
q_1803,q_238,405,-0.0239415,0.04984688,-0.03222342,0.04982368
q_1803,q_239,404,-0.11098396,0.04932251,-0.12024262,0.0492156
q_1803,q_248,409,0.08407313,0.04927837,0.08097031,0.04930379
q_1803,q_251,453,-0.05246202,0.04701071,-0.06524571,0.04693978
q_1803,q_258,461,0.12435604,0.04600433,0.11731261,0.04608386
q_1803,q_2745,453,0.16507579,0.04585587,0.16090075,0.04592003
q_1803,q_2754,472,0.09235739,0.04578184,0.09804313,0.04573185
q_1803,q_2775,439,-0.06409263,0.04769458,-0.09829014,0.04742864
q_1803,q_278,406,-0.08246385,0.0494748,-0.0874723,0.0494324
q_1803,q_292,495,0.19261313,0.04341089,0.20875996,0.04311871
q_1803,q_2951,406,0.30362025,0.04522147,0.30962352,0.04503809
q_1803,q_312,431,-0.42262284,0.03970338,-0.41351697,0.04007141
q_1803,q_343,463,0.20419548,0.04468116,0.22654873,0.04423223
q_1803,q_345,464,-0.00865717,0.04657115,0.00285319,0.04657426
q_1803,q_348,389,0.06247077,0.05070002,0.02921709,0.05085521
q_1803,q_35,448,0.1342537,0.04655012,0.13936021,0.04648389
q_1803,q_364,500,-0.10774281,0.04433542,-0.10313012,0.04437905
q_1803,q_377,503,0.17256264,0.04338965,0.16202814,0.04354728
q_1803,q_38,461,0.39748552,0.03934432,0.38333619,0.03986057
q_1803,q_381,456,-0.20963757,0.04491925,-0.20842663,0.04494303
q_1803,q_4229,473,0.13829075,0.04524442,0.13603618,0.04527295
q_1803,q_4231,489,0.10277833,0.04488176,0.13341746,0.04455349
q_1803,q_4236,449,-0.00950591,0.04734709,-0.00193855,0.04735119
q_1803,q_4244,460,0.0363888,0.04671609,0.03086543,0.04673346
q_1803,q_4249,439,-0.20792153,0.04582091,-0.20504431,0.04587781
q_1803,q_4251,467,0.11075585,0.04585436,0.08617523,0.04607908
q_1803,q_4256,496,-0.15195923,0.04399774,-0.15776504,0.04391675
q_1803,q_4257,458,0.63522914,0.0279636,0.63200721,0.02815501
q_1803,q_4261,449,0.12362222,0.04662773,0.1286826,0.04656727
q_1803,q_4265,466,0.33544094,0.04124466,0.35925109,0.04047595
q_1803,q_4276,438,0.20663635,0.04589909,0.19799886,0.04606666
q_1803,q_4291,439,0.01021122,0.04788632,0.00588034,0.04788966
q_1803,q_463,495,0.24860563,0.04229711,0.25540938,0.04214251
q_1803,q_491,424,0.17776953,0.04719683,0.17069019,0.04731706
q_1803,q_497,393,-0.12939771,0.04978911,-0.12363431,0.04986296
q_1803,q_516,621,0.19119025,0.03875549,0.17439353,0.0390025
q_1803,q_52,383,-0.03548872,0.05123431,-0.04339781,0.0512023
q_1803,q_530,608,0.02468904,0.040631,0.01620048,0.04064511
q_1803,q_566,492,-0.14182375,0.04431198,-0.14374567,0.04428716
q_1803,q_594,432,-0.17643788,0.04677747,-0.1795418,0.04672412
q_1803,q_6,426,0.02426355,0.04859304,0.03606973,0.04855841
q_1803,q_610,399,-0.04359546,0.05015638,-0.0657642,0.05003455
q_1803,q_619,619,0.03862425,0.04023104,0.03526026,0.04024105
q_1803,q_630,431,0.10237484,0.04783023,0.09938569,0.04785938
q_1803,q_636,439,0.16574799,0.04657563,0.16105738,0.04664904
q_1803,q_660,465,-0.05259676,0.04639551,-0.05061888,0.046405
q_1803,q_793,449,0.07323089,0.04709744,0.06817577,0.04713129
q_1803,q_808,457,-0.21236189,0.04481579,-0.21385911,0.04478584
q_1803,q_811,406,-0.21070291,0.04760204,-0.20909704,0.04763562
q_1803,q_819,402,0.56875091,0.03386848,0.5776144,0.03335981
q_1803,q_82,451,-0.08331636,0.0469176,-0.08687645,0.04688897
q_1803,q_820,397,0.21190167,0.04811713,0.20021228,0.04835982
q_1803,q_844,568,0.24530891,0.03953867,0.22904813,0.03986318
q_1803,q_848,428,-0.20942037,0.04637975,-0.20725314,0.04642356
q_1803,q_85,473,0.16080546,0.0449338,0.15757156,0.04498129
q_1803,q_880,467,-0.20133791,0.04454195,-0.20238353,0.04452236
q_1803,q_901,389,-0.58244295,0.03363181,-0.58202376,0.03365665
q_1803,q_905,438,-0.07581724,0.04767072,-0.07452381,0.04768005
q_1803,q_915,398,-0.06134286,0.05012613,-0.05958215,0.05013684
q_1803,q_917,524,0.04002627,0.04374061,0.04195577,0.04373368
q_1830,q_1835,542,0.305747,0.03904653,0.29655466,0.039285
q_1830,q_1854,542,0.13190344,0.04232364,0.13884793,0.04224265
q_1830,q_1869,425,0.04279616,0.04859008,0.04264714,0.0485907
q_1830,q_1871,548,0.16427757,0.04167929,0.14910551,0.04188296
q_1830,q_1880,527,0.03457505,0.04363298,0.04882058,0.04358108
q_1830,q_1883,528,0.32336508,0.03907999,0.32296664,0.03909123
q_1830,q_1896,505,0.12191544,0.0439688,0.09369205,0.04424039
q_1830,q_1910,488,-0.1275598,0.04466881,-0.10369896,0.04491937
q_1830,q_1915,607,0.18894152,0.03923686,0.19272098,0.03917816
q_1830,q_1989,447,-0.34395467,0.0418434,-0.34608627,0.0417736
q_1830,q_2011,426,-0.00526061,0.04862032,0.00271146,0.04862131
q_1830,q_2020,540,-0.11131646,0.04261846,-0.10716029,0.04265764
q_1830,q_2161,579,-0.27605978,0.03849129,-0.27398417,0.03853886
q_1830,q_219,524,0.23376053,0.0414168,0.22909701,0.04151137
q_1830,q_22,462,-0.08787917,0.04631554,-0.08497691,0.04633895
q_1830,q_228,564,0.10350896,0.04176768,0.09783787,0.04181589
q_1830,q_238,417,0.09796099,0.04867568,0.11396224,0.04850902
q_1830,q_239,452,0.13884591,0.04628312,0.14022835,0.04626492
q_1830,q_248,444,0.19523106,0.04580404,0.19434223,0.04582053
q_1830,q_251,508,0.03987143,0.04442867,0.03960572,0.04442961
q_1830,q_258,520,0.32458787,0.03934634,0.33028014,0.0391824
q_1830,q_2745,537,0.22784876,0.04102765,0.22894877,0.0410059
q_1830,q_2754,523,0.21167567,0.041888,0.23004686,0.04153214
q_1830,q_2775,455,-0.08699865,0.04668004,-0.12270051,0.0463279
q_1830,q_278,430,0.03166751,0.04834486,0.05286991,0.04825812
q_1830,q_292,514,0.21435158,0.04220484,0.21000847,0.04228637
q_1830,q_2951,534,0.1722444,0.04210882,0.18028305,0.04198584
q_1830,q_312,555,-0.22015064,0.04049996,-0.20688222,0.04074113
q_1830,q_343,529,0.10903687,0.04308369,0.09134254,0.04323828
q_1830,q_345,511,0.0444459,0.04428018,0.03167085,0.04432332
q_1830,q_348,463,0.03806966,0.04655767,0.0272281,0.04659067
q_1830,q_35,557,0.01401177,0.04247759,0.02736336,0.04245412
q_1830,q_364,530,0.40808941,0.03630622,0.40127471,0.03654648
q_1830,q_377,548,0.11318222,0.04228656,0.09290342,0.04246558
q_1830,q_38,529,0.25055367,0.04086486,0.25727891,0.04071594
q_1830,q_381,548,-0.08213914,0.04254629,-0.06988606,0.04262608
q_1830,q_4229,564,-0.01811618,0.04220618,-0.02559118,0.04219238
q_1830,q_4231,496,0.06195558,0.04486486,0.09544625,0.04462744
q_1830,q_4236,541,0.06023119,0.04295666,0.07790662,0.04285139
q_1830,q_4244,547,0.07114244,0.04265765,0.08087815,0.04259419
q_1830,q_4249,528,-0.27132571,0.04043064,-0.26322083,0.04061972
q_1830,q_4251,533,-0.00076304,0.0434372,-0.00790559,0.04343451
q_1830,q_4256,557,-0.28974821,0.03891906,-0.29808729,0.0387108
q_1830,q_4257,521,0.20899612,0.04201832,0.20587603,0.04207519
q_1830,q_4261,540,0.0206049,0.04313486,0.02999908,0.04311435
q_1830,q_4265,527,0.08190907,0.04339211,0.06645336,0.04349229
q_1830,q_4276,518,0.10317622,0.04359618,0.09572069,0.04366152
q_1830,q_4291,526,0.02041873,0.04370872,0.00388262,0.04372629
q_1830,q_463,503,0.01872114,0.04470569,-0.00315353,0.04472091
q_1830,q_491,419,0.34715774,0.04312013,0.32078986,0.04398365
q_1830,q_497,385,-0.17664494,0.04956794,-0.16995254,0.04968662
q_1830,q_516,616,0.27362682,0.03736558,0.28835923,0.03703118
q_1830,q_52,420,-0.14126552,0.04799296,-0.13524015,0.04807455
q_1830,q_530,591,0.0634459,0.0410733,0.07052494,0.04103419
q_1830,q_566,541,-0.10978837,0.0425934,-0.12445908,0.04244524
q_1830,q_594,452,-0.06775568,0.04697626,-0.06263528,0.04700777
q_1830,q_6,429,-0.02099858,0.04842879,0.02856236,0.04841063
q_1830,q_610,452,0.0291885,0.04715271,-0.01372942,0.04718402
q_1830,q_619,588,0.09056356,0.04100581,0.08124688,0.04107199
q_1830,q_630,548,0.02697309,0.04280413,0.03024348,0.04279611
q_1830,q_636,421,0.019493,0.04889301,0.00237105,0.04891132
q_1830,q_660,557,-0.00789605,0.04248328,0.00231002,0.0424857
q_1830,q_793,538,-0.12930219,0.04251094,-0.11564721,0.04265555
q_1830,q_808,511,-0.30416143,0.04026317,-0.30603662,0.04021241
q_1830,q_811,430,-0.38782247,0.04111472,-0.35965932,0.04213347
q_1830,q_819,453,0.28556075,0.04329639,0.28153047,0.04340413
q_1830,q_82,522,-0.02192342,0.04387403,-0.03741038,0.0438337
q_1830,q_820,457,0.54761566,0.03285812,0.54370164,0.03305859
q_1830,q_844,561,-0.00163682,0.04233326,0.01329973,0.04232589
q_1830,q_848,525,-0.17877258,0.04236998,-0.17273943,0.0424628
q_1830,q_85,527,0.24031179,0.04116239,0.23422932,0.04128849
q_1830,q_880,533,-0.22786991,0.04118176,-0.21899808,0.04135397
q_1830,q_901,428,-0.21402947,0.04628508,-0.21603174,0.04624331
q_1830,q_905,511,-0.1470246,0.04340876,-0.15200087,0.04334274
q_1830,q_915,427,-0.0220793,0.04854062,-0.01128028,0.04855811
q_1830,q_917,537,-0.00032188,0.04327423,-0.00632603,0.0432725
q_1835,q_1854,543,0.35979871,0.03746229,0.35615631,0.03757451
q_1835,q_1869,428,0.29566815,0.04426665,0.30553512,0.0439789
q_1835,q_1871,537,0.05807173,0.0431283,0.06250627,0.04310516
q_1835,q_1880,547,0.04822069,0.04277495,0.00694191,0.04287258
q_1835,q_1883,558,0.31703383,0.0381812,0.32412867,0.03798811
q_1835,q_1896,523,-0.06193383,0.04368469,-0.07397643,0.04361292
q_1835,q_1910,538,0.13348726,0.04246339,0.12059899,0.04260497
q_1835,q_1915,607,-0.0254113,0.04066315,0.00467607,0.04068853
q_1835,q_1989,469,-0.32145635,0.04153724,-0.32055453,0.04156406
q_1835,q_2011,459,0.05620637,0.04668135,0.0546221,0.04668957
q_1835,q_2020,529,-0.03927152,0.04353483,-0.02284065,0.04357933
q_1835,q_2161,593,-0.14967707,0.04024702,-0.15945148,0.04012263
q_1835,q_219,564,0.19027932,0.04069141,0.19862985,0.04055429
q_1835,q_22,477,-0.21404402,0.04382718,-0.18968474,0.04427889
q_1835,q_228,531,0.12239841,0.04286743,0.11521109,0.04294175
q_1835,q_238,455,-0.04722049,0.04693116,-0.03056434,0.0469921
q_1835,q_239,448,-0.20683357,0.04537657,-0.19673504,0.04556977
q_1835,q_248,454,0.34516015,0.04147829,0.34143745,0.04159865
q_1835,q_251,504,0.02336403,0.04465232,0.04355577,0.04459195
q_1835,q_258,517,0.39537248,0.03721316,0.38265965,0.03764943
q_1835,q_2745,562,0.13853445,0.04148377,0.16066186,0.04120375
q_1835,q_2754,545,0.07691106,0.04269959,0.08560978,0.04263887
q_1835,q_2775,486,-0.03464027,0.04544698,-0.04541263,0.04540774
q_1835,q_278,446,0.30392317,0.04312284,0.2824647,0.04372067
q_1835,q_292,536,0.18961893,0.04175741,0.19944669,0.04159179
q_1835,q_2951,501,0.09685469,0.04439071,0.1093189,0.04427555
q_1835,q_312,546,-0.34133665,0.03791415,-0.33393287,0.03812871
q_1835,q_343,577,0.4098533,0.03472786,0.39410862,0.0352562
q_1835,q_345,514,0.12323094,0.04356561,0.1369761,0.04340739
q_1835,q_348,462,0.05965065,0.04650992,0.07116373,0.04643962
q_1835,q_35,534,-0.07370875,0.04316053,-0.06427116,0.04321704
q_1835,q_364,536,-0.10531722,0.04283437,-0.11578128,0.04273416
q_1835,q_377,563,0.30905246,0.03822153,0.32199342,0.03787644
q_1835,q_38,559,0.29657534,0.03867924,0.29818222,0.03863871
q_1835,q_381,544,-0.27100324,0.03983581,-0.28353266,0.03953709
q_1835,q_4229,550,0.14543275,0.04185257,0.16187862,0.04163648
q_1835,q_4231,521,0.1289181,0.04320724,0.09133669,0.04357093
q_1835,q_4236,534,0.14316783,0.04250681,0.14226689,0.04251797
q_1835,q_4244,529,-0.05105878,0.0434884,-0.03191784,0.04355765
q_1835,q_4249,541,-0.34503765,0.03798041,-0.34377242,0.03801798
q_1835,q_4251,548,-0.07043688,0.04262277,-0.05707522,0.04269575
q_1835,q_4256,547,-0.23025975,0.04060145,-0.22093127,0.04078191
q_1835,q_4257,567,0.2694842,0.03904967,0.27028346,0.0390315
q_1835,q_4261,551,0.15470768,0.04169545,0.15812579,0.04164977
q_1835,q_4265,551,0.20250981,0.04096601,0.21014542,0.04083141
q_1835,q_4276,544,0.0261626,0.04296393,0.05671408,0.04285507
q_1835,q_4291,525,0.09080779,0.04340789,0.06861146,0.04356277
q_1835,q_463,507,0.05860159,0.04439057,0.05796676,0.04439387
q_1835,q_491,432,0.25430128,0.0451582,0.2262583,0.04580884
q_1835,q_497,445,-0.229578,0.04505818,-0.22454749,0.04516684
q_1835,q_516,621,0.18856476,0.0387956,0.20666848,0.03850778
q_1835,q_52,427,-0.2619175,0.04523274,-0.25520566,0.0454013
q_1835,q_530,621,0.09925542,0.03982961,0.11754216,0.03967013
q_1835,q_566,576,-0.19667421,0.04015969,-0.21840415,0.03978289
q_1835,q_594,467,-0.31168207,0.04191396,-0.29055316,0.04250468
q_1835,q_6,426,0.25231053,0.04552638,0.2768356,0.0448954
q_1835,q_610,438,-0.07203607,0.04769753,-0.04331456,0.04785638
q_1835,q_619,650,0.11977145,0.03875009,0.09632536,0.03894928
q_1835,q_630,544,-0.14336857,0.04210965,-0.12274162,0.04234564
q_1835,q_636,427,-0.06629606,0.04835084,-0.07841864,0.04826565
q_1835,q_660,586,-0.21989915,0.03941308,-0.19267075,0.03987833
q_1835,q_793,537,-0.11247671,0.04272677,-0.11521484,0.04269979
q_1835,q_808,538,-0.41129742,0.03592011,-0.40323047,0.03620418
q_1835,q_811,455,-0.46413414,0.03690352,-0.43199057,0.03825837
q_1835,q_819,483,0.36435569,0.03958413,0.35300708,0.03995572
q_1835,q_82,540,-0.00233084,0.04315295,-0.00503729,0.04315209
q_1835,q_820,454,0.42941822,0.0384051,0.42228966,0.038691
q_1835,q_844,576,0.18512856,0.04034384,0.16820257,0.04059368
q_1835,q_848,522,-0.32212724,0.03934031,-0.30126608,0.03991115
q_1835,q_85,540,0.21885496,0.04108626,0.23900932,0.04068804
q_1835,q_880,538,-0.29903856,0.03936763,-0.30109072,0.03931439
q_1835,q_901,434,-0.30713578,0.04362447,-0.30775463,0.04360614
q_1835,q_905,507,0.06691415,0.0443441,0.05455247,0.04441098
q_1835,q_915,434,-0.28002043,0.04439136,-0.27346447,0.04456614
q_1835,q_917,556,0.01860487,0.04250961,0.0045107,0.04252346
q_1854,q_1869,387,0.33354126,0.04535385,0.31343233,0.04601776
q_1854,q_1871,547,0.16121331,0.04176035,0.14253189,0.04200363
q_1854,q_1880,493,-0.00229907,0.04517516,0.0197408,0.04515779
q_1854,q_1883,544,0.11457619,0.04242895,0.10387772,0.04252943
q_1854,q_1896,518,-0.19650396,0.04236374,-0.18351523,0.04258124
q_1854,q_1910,533,0.2427337,0.04087792,0.24231123,0.04088682
q_1854,q_1915,617,-0.04582232,0.04027198,-0.02920591,0.04032229
q_1854,q_1989,481,-0.07473108,0.0454835,-0.08521945,0.04540676
q_1854,q_2011,432,0.03334682,0.04822677,0.02867589,0.04824075
q_1854,q_2020,502,-0.02788383,0.04473134,-0.03252613,0.04471879
q_1854,q_2161,633,-0.05150854,0.03973525,-0.05975586,0.03969869
q_1854,q_219,536,0.38626009,0.03685238,0.36598668,0.03751295
q_1854,q_22,446,-0.06728233,0.04729635,-0.06605169,0.04730415
q_1854,q_228,554,0.12521936,0.04193345,0.14149126,0.04174856
q_1854,q_238,398,-0.12513984,0.04952752,-0.10876262,0.04972026
q_1854,q_239,436,-0.1396486,0.04711974,-0.15373173,0.04692118
q_1854,q_248,396,0.2952868,0.04604496,0.27893282,0.04651866
q_1854,q_251,494,-0.10419552,0.04463941,-0.09631568,0.04471072
q_1854,q_258,509,0.12635222,0.0437457,0.12255328,0.04378773
q_1854,q_2745,540,-0.01869191,0.04313811,-0.00999684,0.04314887
q_1854,q_2754,536,-0.08409867,0.04300846,-0.07731929,0.04305586
q_1854,q_2775,454,0.0597672,0.04691996,0.01079625,0.04708267
q_1854,q_278,428,0.18706463,0.04680971,0.1864378,0.04682106
q_1854,q_292,494,0.11245579,0.04455865,0.11092065,0.04457412
q_1854,q_2951,498,0.02463842,0.04491937,0.01432029,0.04493744
q_1854,q_312,521,-0.23810015,0.04144659,-0.23365755,0.04153867
q_1854,q_343,521,0.37315923,0.03781928,0.35901879,0.03827418
q_1854,q_345,494,0.07001979,0.04490811,0.06614513,0.04493192
q_1854,q_348,455,0.12406266,0.04631209,0.13470485,0.04618256
q_1854,q_35,510,0.03332057,0.04436225,0.00172711,0.04441143
q_1854,q_364,556,-0.16550791,0.04135946,-0.15550082,0.04149607
q_1854,q_377,534,0.52918598,0.0312437,0.53032203,0.03119146
q_1854,q_38,535,0.14798676,0.04240601,0.15964436,0.04225053
q_1854,q_381,510,-0.33888924,0.03931107,-0.32644238,0.03967886
q_1854,q_4229,524,0.17771408,0.04242715,0.18261392,0.0423498
q_1854,q_4231,517,0.14041575,0.04323845,0.10807139,0.04359295
q_1854,q_4236,548,0.23402584,0.04048929,0.2300233,0.04056885
q_1854,q_4244,509,-0.14968364,0.04345939,-0.12313003,0.04378143
q_1854,q_4249,505,-0.14909837,0.04364,-0.15269412,0.04359156
q_1854,q_4251,541,-0.15504526,0.04207667,-0.16140118,0.04198995
q_1854,q_4256,523,-0.03230943,0.04380712,-0.04656024,0.04375783
q_1854,q_4257,534,0.273689,0.04014567,0.26956169,0.04024298
q_1854,q_4261,540,0.00663904,0.04315128,0.01112367,0.04314785
q_1854,q_4265,554,0.10278349,0.04215137,0.09967352,0.0421782
q_1854,q_4276,556,0.03090961,0.0424837,0.04509187,0.04243786
q_1854,q_4291,524,0.13650563,0.04299443,0.12447874,0.04313195
q_1854,q_463,481,0.12964234,0.04497019,0.1352978,0.04490166
q_1854,q_491,428,0.08960839,0.04811763,0.10390209,0.04798346
q_1854,q_497,401,-0.22437109,0.04760203,-0.21352035,0.0478402
q_1854,q_516,617,-0.03340567,0.04031168,-0.01951213,0.04034135
q_1854,q_52,434,-0.07178001,0.04792012,-0.06743135,0.04794928
q_1854,q_530,603,0.01588967,0.04081452,0.02826858,0.04079221
q_1854,q_566,533,-0.07321631,0.04320437,-0.07911019,0.04316538
q_1854,q_594,431,-0.66934735,0.02668068,-0.65972604,0.02729878
q_1854,q_6,423,0.24146643,0.04594996,0.26707633,0.04531447
q_1854,q_610,438,-0.07464609,0.04767917,-0.04419251,0.04785269
q_1854,q_619,615,0.10567798,0.03997117,0.1147162,0.03989065
q_1854,q_630,550,-0.25010095,0.04008245,-0.26061674,0.03985282
q_1854,q_636,421,-0.03736881,0.0488433,-0.01615442,0.04889883
q_1854,q_660,549,-0.11998879,0.0421799,-0.12035767,0.04217611
q_1854,q_793,493,0.03367831,0.04512416,0.03130012,0.04513114
q_1854,q_808,515,-0.1554919,0.04312566,-0.15543523,0.04312644
q_1854,q_811,434,-0.15216289,0.04705304,-0.1458313,0.04714392
q_1854,q_819,462,0.37701933,0.04004131,0.37561336,0.0400907
q_1854,q_82,501,0.03194658,0.04476534,0.02036939,0.04479248
q_1854,q_820,407,0.28451616,0.04572447,0.27512012,0.04598609
q_1854,q_844,556,0.26165382,0.03961299,0.23304607,0.04021481
q_1854,q_848,512,-0.24341525,0.04169797,-0.23488468,0.04187882
q_1854,q_85,542,0.01630191,0.0430616,0.02322679,0.04304981
q_1854,q_880,542,-0.28525832,0.0395681,-0.25485103,0.0402755
q_1854,q_901,469,-0.15079635,0.04527072,-0.15613503,0.04519481
q_1854,q_905,506,0.2072687,0.04267229,0.1966534,0.04286347
q_1854,q_915,412,-0.40465413,0.04135015,-0.40466251,0.04134981
q_1854,q_917,551,0.06133123,0.0425572,0.0595363,0.04256647
q_1869,q_1871,488,-0.04610008,0.04531116,-0.01160628,0.04540154
q_1869,q_1880,402,0.0739816,0.04978861,0.04358103,0.04996753
q_1869,q_1883,465,0.1330987,0.04570002,0.13997677,0.04561264
q_1869,q_1896,502,-0.24700186,0.04203497,-0.25217646,0.04191934
q_1869,q_1910,465,0.1785066,0.04504173,0.19095951,0.04482768
q_1869,q_1915,577,-0.05833725,0.04159715,-0.0215507,0.04171981
q_1869,q_1989,374,-0.07610709,0.05161669,-0.11302575,0.05125418
q_1869,q_2011,383,0.02487663,0.05126717,0.03190592,0.0512467
q_1869,q_2020,417,0.00090773,0.04914728,0.00102031,0.04914727
q_1869,q_2161,550,0.02289213,0.04273451,0.01484008,0.0427475
q_1869,q_219,464,0.13517842,0.04572358,0.15557505,0.04544737
q_1869,q_22,394,-0.06962202,0.05032704,-0.10096843,0.05005661
q_1869,q_228,449,0.21940976,0.04507185,0.21196457,0.04522392
q_1869,q_238,321,-0.20316658,0.05376254,-0.15750555,0.05468605
q_1869,q_239,350,-0.32163982,0.04812921,-0.31551462,0.04833872
q_1869,q_248,371,0.13127841,0.05123022,0.15522357,0.0508726
q_1869,q_251,460,-0.13559164,0.04591801,-0.14643756,0.04577492
q_1869,q_258,427,0.0836128,0.04822478,0.10062082,0.0480726
q_1869,q_2745,441,0.08510809,0.04743575,0.13629651,0.04689422
q_1869,q_2754,442,0.01361084,0.04771855,0.02947201,0.04768594
q_1869,q_2775,422,-0.15077261,0.04774265,-0.15155687,0.04773106
q_1869,q_278,329,0.26242689,0.05157064,0.24288646,0.05211751
q_1869,q_292,474,0.11790259,0.04543704,0.10752,0.04554489
q_1869,q_2951,415,0.09739809,0.0487991,0.1346561,0.04837315
q_1869,q_312,417,-0.20212202,0.04713949,-0.19334948,0.04730999
q_1869,q_343,427,0.30051763,0.04417841,0.2703679,0.0450143
q_1869,q_345,430,0.13675551,0.04748834,0.11466088,0.04775716
q_1869,q_348,381,0.05048802,0.05130334,0.07499348,0.05114518
q_1869,q_35,432,-0.05316895,0.04814397,-0.04605357,0.04817806
q_1869,q_364,495,-0.22839126,0.04273181,-0.21914479,0.04291837
q_1869,q_377,441,0.37012582,0.04123606,0.37425176,0.04108931
q_1869,q_38,440,0.21421478,0.04564137,0.20338923,0.04585763
q_1869,q_381,457,-0.26296943,0.04368682,-0.25313739,0.04392497
q_1869,q_4229,425,0.21581334,0.04641198,0.21575735,0.04641316
q_1869,q_4231,405,0.27547624,0.04609056,0.22928677,0.04725339
q_1869,q_4236,446,0.0874245,0.0471483,0.10326088,0.04700483
q_1869,q_4244,436,0.00655688,0.04805487,0.02590182,0.04802469
q_1869,q_4249,439,-0.11981869,0.04720376,-0.11309516,0.04727876
q_1869,q_4251,460,-0.19900052,0.04492556,-0.17304295,0.04537731
q_1869,q_4256,446,-0.05778457,0.04735279,-0.06445059,0.04731408
q_1869,q_4257,436,0.21766215,0.04578015,0.21406239,0.04585483
q_1869,q_4261,445,0.06427478,0.04736865,0.08527636,0.04721925
q_1869,q_4265,470,0.14069493,0.04535848,0.12411481,0.04556165
q_1869,q_4276,444,-0.01673097,0.04760572,-0.00966936,0.0476146
q_1869,q_4291,451,6.935e-05,0.04724556,0.00251077,0.04724526
q_1869,q_463,419,0.04635648,0.04892367,0.01399299,0.04901943
q_1869,q_491,395,-0.01373402,0.0504981,0.02964985,0.05046323
q_1869,q_497,397,-0.18659743,0.04862514,-0.16726912,0.04896971
q_1869,q_516,565,0.10351205,0.04173048,0.13154833,0.04145249
q_1869,q_52,358,-0.14964959,0.05188589,-0.16731829,0.05158865
q_1869,q_530,565,0.06404924,0.04200941,0.10146797,0.04174815
q_1869,q_566,463,-0.11594337,0.04599846,-0.12036356,0.04594976
q_1869,q_594,326,-0.26766232,0.05165516,-0.24416779,0.05232426
q_1869,q_6,342,0.40553198,0.04538051,0.40489648,0.04540848
q_1869,q_610,408,-0.07299392,0.04942564,-0.11208536,0.04906613
q_1869,q_619,550,0.05429101,0.04263089,0.11078204,0.04223217
q_1869,q_630,439,-0.4027411,0.04012332,-0.38403298,0.04082824
q_1869,q_636,378,-0.03857659,0.05156293,-0.03591733,0.05157316
q_1869,q_660,440,-0.19029633,0.0461042,-0.18886739,0.04613012
q_1869,q_793,437,0.08947742,0.04761723,0.06404331,0.04780466
q_1869,q_808,441,-0.18500609,0.04614641,-0.19255555,0.04601021
q_1869,q_811,364,-0.18050252,0.05091678,-0.16259062,0.05124023
q_1869,q_819,365,0.26808189,0.04878154,0.2768209,0.04853126
q_1869,q_82,436,-0.0033135,0.04805641,-0.00191374,0.04805676
q_1869,q_820,388,0.21819384,0.04853836,0.18454925,0.04922894
q_1869,q_844,551,0.24316788,0.04019195,0.23364322,0.04038595
q_1869,q_848,435,-0.16581622,0.04678967,-0.13494025,0.04723645
q_1869,q_85,431,0.08277237,0.04800566,0.11856621,0.04765731
q_1869,q_880,433,-0.31765557,0.04335821,-0.28657352,0.04426389
q_1869,q_901,402,-0.10346557,0.04952669,-0.09308412,0.04962884
q_1869,q_905,417,0.15362797,0.04798737,0.14605202,0.04809895
q_1869,q_915,337,-0.58688154,0.0358712,-0.57173327,0.03683155
q_1869,q_917,492,-0.00525311,0.04522032,-0.01971736,0.04520398
q_1871,q_1880,515,0.02567081,0.04416505,0.02140792,0.04417392
q_1871,q_1883,562,-0.03465262,0.0422447,-0.0455634,0.04220769
q_1871,q_1896,533,0.22197351,0.04129697,0.23378938,0.04106306
q_1871,q_1910,535,-0.03154087,0.04331237,-0.04133868,0.04328141
q_1871,q_1915,755,0.08562286,0.0361989,0.10411173,0.03607098
q_1871,q_1989,497,0.17113762,0.04367439,0.17312055,0.04364368
q_1871,q_2011,490,0.06960251,0.0450948,0.08986606,0.04494837
q_1871,q_2020,509,-0.02619926,0.04442491,-0.02629865,0.04442468
q_1871,q_2161,759,0.01855703,0.03635712,0.01166601,0.0363647
q_1871,q_219,551,0.08862932,0.04238233,0.07873121,0.04245309
q_1871,q_22,511,0.20044203,0.04258526,0.17827133,0.04295779
q_1871,q_228,509,0.07118209,0.04423017,0.06493985,0.04426795
q_1871,q_238,460,0.12392879,0.04605959,0.13960308,0.04586637
q_1871,q_239,487,0.2262724,0.04312731,0.23531944,0.04293749
q_1871,q_248,480,-0.07231512,0.04554741,-0.06777884,0.04557651
q_1871,q_251,595,0.0763369,0.04086025,0.07371363,0.04087642
q_1871,q_258,504,-0.07475376,0.04442705,-0.048855,0.04457007
q_1871,q_2745,528,-0.07819794,0.0433767,-0.05318015,0.04352015
q_1871,q_2754,525,-0.10609744,0.04327612,-0.09623177,0.04336349
q_1871,q_2775,511,0.08381524,0.04405614,0.06932535,0.04415459
q_1871,q_278,466,-0.14337145,0.04551865,-0.15659435,0.04533432
q_1871,q_292,562,-0.01735616,0.04228275,-0.02144356,0.04227604
q_1871,q_2951,500,0.15473078,0.0437822,0.17373867,0.04350214
q_1871,q_312,518,-0.00818955,0.04406231,-0.0021286,0.04406507
q_1871,q_343,498,0.02099662,0.04492684,0.02152498,0.04492583
q_1871,q_345,502,0.0470982,0.04466685,0.04655389,0.04466913
q_1871,q_348,479,0.02229598,0.04581214,0.04066039,0.04575915
q_1871,q_35,499,0.12396067,0.04421136,0.11786432,0.04427756
q_1871,q_364,528,0.33806915,0.03865552,0.34618482,0.03841316
q_1871,q_377,520,0.05191514,0.04386142,0.07589915,0.0437266
q_1871,q_38,535,-0.09346215,0.04297678,-0.07493107,0.04311207
q_1871,q_381,494,-0.02747436,0.0450953,-0.02538958,0.04510028
q_1871,q_4229,534,-0.02996781,0.04335733,-0.01077575,0.04339126
q_1871,q_4231,515,-0.00017215,0.04419417,-0.02539495,0.04416567
q_1871,q_4236,502,-0.0178092,0.04475195,-0.0066466,0.04476417
q_1871,q_4244,526,0.06254143,0.04355591,0.05547628,0.04359237
q_1871,q_4249,557,0.11686624,0.04190567,0.12569529,0.04181468
q_1871,q_4251,521,0.12587863,0.04324127,0.11961996,0.04330878
q_1871,q_4256,534,0.19974911,0.0416648,0.19226898,0.04179206
q_1871,q_4257,525,0.03381803,0.04371875,0.04959932,0.04366114
q_1871,q_4261,507,-0.01786819,0.04452932,-0.01010893,0.04453899
q_1871,q_4265,527,0.14278905,0.04279452,0.16541467,0.04248989
q_1871,q_4276,512,0.07100632,0.04410074,0.0580207,0.04417501
q_1871,q_4291,533,0.06997657,0.04322452,0.07541203,0.0431902
q_1871,q_463,566,0.24466349,0.03962217,0.24078895,0.03970144
q_1871,q_491,476,-0.07167846,0.04574381,-0.04960389,0.04586691
q_1871,q_497,452,0.05176187,0.04706647,0.05666939,0.04704136
q_1871,q_516,762,0.02380859,0.03627713,0.04721348,0.03621679
q_1871,q_52,461,0.14295262,0.04577205,0.14937223,0.04568436
q_1871,q_530,729,0.04083566,0.03705159,0.05240727,0.03701155
q_1871,q_566,552,0.06620431,0.0424919,0.08210852,0.04239123
q_1871,q_594,473,-0.07928135,0.04583663,-0.06656379,0.04592219
q_1871,q_6,443,-0.12390459,0.04694123,-0.08381893,0.0473382
q_1871,q_610,506,0.08426312,0.04427121,0.09373797,0.04419601
q_1871,q_619,761,0.02863172,0.03629186,0.04633356,0.03624366
q_1871,q_630,523,0.15882355,0.04274672,0.16575286,0.04264809
q_1871,q_636,503,0.08094633,0.04442833,0.09331714,0.04433192
q_1871,q_660,529,-0.00856112,0.04359888,-0.0035156,0.04360153
q_1871,q_793,510,0.05363138,0.04428382,0.06156545,0.04424323
q_1871,q_808,531,0.12797103,0.04280671,0.1349579,0.04272677
q_1871,q_811,462,0.04378907,0.0465865,0.05197179,0.04654993
q_1871,q_819,528,0.05528241,0.0435102,0.06711203,0.04344701
q_1871,q_82,494,0.06771815,0.04492242,0.06259782,0.04495253
q_1871,q_820,465,-0.1516832,0.04545379,-0.14036589,0.04560756
q_1871,q_844,670,-0.00540903,0.03871902,0.00800323,0.03871767
q_1871,q_848,494,0.06398441,0.04494461,0.08021181,0.04483901
q_1871,q_85,542,-0.13824657,0.04224983,-0.13530425,0.0422845
q_1871,q_880,566,0.15494032,0.04113322,0.14969469,0.04120057
q_1871,q_901,494,0.01467713,0.04511965,0.01344942,0.0451212
q_1871,q_905,507,-0.10590879,0.04404391,-0.11008422,0.04400374
q_1871,q_915,441,0.02806129,0.04774422,0.04122456,0.04770064
q_1871,q_917,549,0.38390798,0.03648854,0.3824505,0.03653634
q_1880,q_1883,530,0.08387436,0.04325424,0.08870412,0.04321793
q_1880,q_1896,495,0.00879182,0.04508,-0.01887068,0.04506743
q_1880,q_1910,489,0.20928011,0.0433742,0.24365233,0.042668
q_1880,q_1915,615,0.0307028,0.0403845,0.04872951,0.04032662
q_1880,q_1989,451,-0.02855563,0.04720703,-0.00984651,0.04724098
q_1880,q_2011,444,0.04067673,0.04754026,0.06117067,0.04744086
q_1880,q_2020,521,0.05158885,0.04382054,0.07728242,0.04367506
q_1880,q_2161,582,-0.03098851,0.04151867,-0.0481203,0.04146235
q_1880,q_219,528,0.12209177,0.04299301,0.12845242,0.04292346
q_1880,q_22,432,-0.02689718,0.04824553,-0.01247241,0.04827294
q_1880,q_228,541,0.1633913,0.04196208,0.12277576,0.04246318
q_1880,q_238,403,0.08191288,0.04966451,0.11471757,0.04934199
q_1880,q_239,409,-0.02377583,0.04960111,-0.0040321,0.04962836
q_1880,q_248,408,0.04766411,0.04957751,0.0795148,0.04937623
q_1880,q_251,507,-0.1256381,0.04384042,-0.16738131,0.04329559
q_1880,q_258,481,0.00568454,0.04573746,0.03341236,0.04568787
q_1880,q_2745,530,0.20517033,0.041727,0.22033198,0.04144598
q_1880,q_2754,524,0.12043145,0.04317538,0.18526263,0.04230711
q_1880,q_2775,451,-0.24105649,0.0445002,-0.3006229,0.04297578
q_1880,q_278,408,0.02858351,0.0496498,-0.00572445,0.04968877
q_1880,q_292,486,0.13215721,0.04470687,0.1355303,0.04466578
q_1880,q_2951,516,0.02811097,0.04411619,0.1067688,0.04364777
q_1880,q_312,519,0.0752436,0.04377331,0.06938399,0.04381061
q_1880,q_343,519,0.10849879,0.04350431,0.10844369,0.04350484
q_1880,q_345,485,-0.19669388,0.04378654,-0.22114204,0.04332124
q_1880,q_348,435,0.20242576,0.04614105,0.21807632,0.04582442
q_1880,q_35,503,-0.13222708,0.04393945,-0.15842122,0.04359897
q_1880,q_364,510,0.051241,0.04429495,0.02510736,0.04438356
q_1880,q_377,535,0.19037863,0.04178412,0.17672933,0.04200137
q_1880,q_38,526,0.03935976,0.04365921,0.0863662,0.04340078
q_1880,q_381,533,-0.20115031,0.04167969,-0.21375504,0.04145252
q_1880,q_4229,509,0.05963124,0.04429734,0.05432742,0.04432421
q_1880,q_4231,495,0.0836663,0.0447679,0.1130392,0.04450741
q_1880,q_4236,537,-0.05381999,0.04314888,-0.05933902,0.04312186
q_1880,q_4244,512,0.11352316,0.04375299,0.15433491,0.04326845
q_1880,q_4249,517,0.01848264,0.04409304,0.00831782,0.04410506
q_1880,q_4251,522,-0.11856031,0.04327811,-0.16511755,0.04269838
q_1880,q_4256,538,-0.0204604,0.04321567,-0.02043846,0.04321571
q_1880,q_4257,525,0.05883522,0.0436173,0.05933034,0.04361474
q_1880,q_4261,523,-0.00792008,0.04385015,-0.05097299,0.04373896
q_1880,q_4265,523,-0.04527484,0.04376301,-0.02842221,0.04381748
q_1880,q_4276,524,0.03724669,0.04375002,0.06309784,0.04363637
q_1880,q_4291,525,-0.14943343,0.04279144,-0.17655004,0.04240454
q_1880,q_463,466,-0.03631512,0.04641265,-0.0216977,0.04645206
q_1880,q_491,454,0.09087028,0.04669933,0.0743097,0.04682814
q_1880,q_497,406,-0.03678568,0.04974614,-0.01564792,0.04980135
q_1880,q_516,587,0.14551328,0.0405041,0.18548128,0.03995668
q_1880,q_52,403,0.12049982,0.04927399,0.11844135,0.04929858
q_1880,q_530,558,0.05016322,0.04234082,0.07117,0.04223263
q_1880,q_566,546,-0.09895801,0.04249386,-0.07685665,0.04266062
q_1880,q_594,429,-0.07259604,0.04819482,-0.05140723,0.04832212
q_1880,q_6,409,0.10453284,0.04908686,0.1068361,0.0490627
q_1880,q_610,445,-0.17131343,0.04616919,-0.18973686,0.0458528
q_1880,q_619,586,0.06864487,0.04122061,0.03478597,0.04136565
q_1880,q_630,518,-0.1431498,0.04316229,-0.13806181,0.04322533
q_1880,q_636,455,-0.06861147,0.04681462,-0.11272323,0.04643838
q_1880,q_660,541,0.07482937,0.04287165,0.05592383,0.04297823
q_1880,q_793,479,0.23155305,0.0433774,0.28022514,0.04223569
q_1880,q_808,511,0.01657907,0.04435563,0.02327753,0.04434379
q_1880,q_811,423,-0.00024135,0.048795,0.00020195,0.048795
q_1880,q_819,465,-0.0323393,0.04647555,-0.03150468,0.04647803
q_1880,q_82,480,-0.1377392,0.04491818,-0.13505662,0.04495169
q_1880,q_820,438,0.15963579,0.04672449,0.14366445,0.04695674
q_1880,q_844,572,0.14082669,0.04109077,0.19783851,0.04028134
q_1880,q_848,491,-0.08857758,0.0449127,-0.10210953,0.04479589
q_1880,q_85,541,0.07928691,0.04284203,0.07767496,0.04285294
q_1880,q_880,536,-0.06190531,0.04314881,-0.05102144,0.04320205
q_1880,q_901,415,0.0038727,0.04926573,0.00518287,0.04926514
q_1880,q_905,511,0.03825074,0.04430291,-0.00089323,0.04436779
q_1880,q_915,428,-0.02014363,0.04848744,-0.03465229,0.04844888
q_1880,q_917,498,-0.04223984,0.04486646,-0.06924507,0.04473114
q_1883,q_1896,512,-0.12342113,0.04364904,-0.14090379,0.04344421
q_1883,q_1910,498,-0.02450074,0.04491968,0.01774915,0.0449325
q_1883,q_1915,632,0.25595564,0.03726043,0.26125266,0.03715119
q_1883,q_1989,423,-0.18203746,0.04717805,-0.15751225,0.04758439
q_1883,q_2011,433,0.28671077,0.0442601,0.27958242,0.04445477
q_1883,q_2020,522,-0.04201598,0.04381764,-0.03543572,0.04384001
q_1883,q_2161,590,-0.29585521,0.03766165,-0.29169745,0.03776248
q_1883,q_219,559,0.14673523,0.04149632,0.13717641,0.04161141
q_1883,q_22,457,-0.16577962,0.04564249,-0.16361801,0.04567591
q_1883,q_228,548,0.22459852,0.04067449,0.24328826,0.04029991
q_1883,q_238,412,0.04199947,0.0493596,0.05635178,0.0492898
q_1883,q_239,430,-0.06539134,0.04818646,-0.07053549,0.04815262
q_1883,q_248,431,0.12856775,0.04753783,0.14200848,0.04736204
q_1883,q_251,498,-0.0469918,0.0448474,-0.07089154,0.04472077
q_1883,q_258,520,0.40853386,0.0366397,0.41616996,0.03636274
q_1883,q_2745,556,0.20133134,0.04080063,0.24679488,0.03993427
q_1883,q_2754,540,0.27611744,0.03986315,0.28338162,0.03968776
q_1883,q_2775,466,-0.09334131,0.04606903,-0.10659686,0.04594586
q_1883,q_278,439,0.10620028,0.04735117,0.11500895,0.04725785
q_1883,q_292,522,0.25174357,0.04111328,0.26748158,0.04075459
q_1883,q_2951,519,0.25078105,0.04125392,0.22926964,0.04170852
q_1883,q_312,533,-0.28604094,0.03988322,-0.26836221,0.04030895
q_1883,q_343,529,0.1044308,0.04312656,0.12443271,0.04292696
q_1883,q_345,503,0.10577709,0.04422098,0.08669357,0.04438524
q_1883,q_348,414,0.0218366,0.04930284,0.05838804,0.0491582
q_1883,q_35,532,-0.16427511,0.04230494,-0.16599061,0.04228031
q_1883,q_364,536,-0.01583736,0.04330394,-0.0177875,0.0433011
q_1883,q_377,583,0.13483914,0.04076779,0.1524477,0.04055774
q_1883,q_38,545,0.29850557,0.03912627,0.32205744,0.03849848
q_1883,q_381,524,-0.13423865,0.04302132,-0.13594447,0.04300113
q_1883,q_4229,538,0.21081653,0.04131231,0.21793045,0.04118044
q_1883,q_4231,530,0.06004086,0.04340365,0.11219777,0.04301233
q_1883,q_4236,520,0.14612571,0.04304086,0.15265281,0.04295509
q_1883,q_4244,540,0.00779194,0.04315057,0.03352233,0.04310469
q_1883,q_4249,520,-0.31888299,0.03950779,-0.30887974,0.03978397
q_1883,q_4251,577,-0.06186944,0.04157942,-0.0878171,0.04141731
q_1883,q_4256,535,-0.17372273,0.04204705,-0.17505957,0.04202683
q_1883,q_4257,544,0.31719939,0.03866756,0.31338923,0.03877086
q_1883,q_4261,540,0.01703148,0.04314067,0.04092422,0.04308091
q_1883,q_4265,549,0.17919166,0.04142188,0.17248462,0.04152283
q_1883,q_4276,548,0.03029434,0.04279598,0.03764625,0.04277459
q_1883,q_4291,528,-0.00589416,0.04364206,-0.01958466,0.04362684
q_1883,q_463,473,0.0067588,0.04612445,-0.02817205,0.04608995
q_1883,q_491,446,0.65764492,0.02696289,0.63904041,0.02810906
q_1883,q_497,409,-0.21723151,0.04728719,-0.22881842,0.04703069
q_1883,q_516,591,0.29082296,0.03775137,0.31220889,0.03721953
q_1883,q_52,417,-0.26616236,0.0456656,-0.27069373,0.04554604
q_1883,q_530,596,0.1965402,0.03947881,0.20069044,0.03941111
q_1883,q_566,562,-0.1515418,0.04132418,-0.15245545,0.04131243
q_1883,q_594,436,-0.07785021,0.04776568,-0.04924482,0.04794039
q_1883,q_6,416,0.15314404,0.04805273,0.18012679,0.04761024
q_1883,q_610,464,-0.02003269,0.04655595,-0.01533755,0.04656369
q_1883,q_619,613,0.3773731,0.03472279,0.39036989,0.03431878
q_1883,q_630,532,-0.06077286,0.04331768,-0.09444632,0.04309043
q_1883,q_636,445,-0.20191375,0.04562596,-0.22395799,0.04517942
q_1883,q_660,552,-0.20096976,0.04095521,-0.1949997,0.0410561
q_1883,q_793,531,-0.00795161,0.04351666,-0.02103125,0.04350016
q_1883,q_808,518,-0.26805163,0.0408991,-0.27182446,0.04080935
q_1883,q_811,446,-0.4145169,0.03934782,-0.4213075,0.03907815
q_1883,q_819,430,0.32309217,0.04334168,0.31510543,0.04358834
q_1883,q_82,541,0.01514629,0.04310317,-0.00982235,0.0431089
q_1883,q_820,427,0.34168151,0.04289459,0.36405834,0.04212766
q_1883,q_844,583,0.07697768,0.04127669,0.09129908,0.04117663
q_1883,q_848,496,-0.25462733,0.04211771,-0.24200054,0.04240013
q_1883,q_85,545,0.189184,0.04141634,0.20473054,0.04115329
q_1883,q_880,538,-0.20059227,0.04149416,-0.216011,0.04121645
q_1883,q_901,416,-0.31452937,0.04433882,-0.31432707,0.04434508
q_1883,q_905,529,-0.1237312,0.04293455,-0.12454049,0.04292579
q_1883,q_915,436,0.00140137,0.04805684,0.00760487,0.04805415
q_1883,q_917,546,-0.02821084,0.04287995,-0.04865511,0.04281252
q_1896,q_1910,531,-0.19681384,0.04183366,-0.20445136,0.04170029
q_1896,q_1915,725,0.01548273,0.03720723,0.00729134,0.03721417
q_1896,q_1989,502,0.03892764,0.04469831,0.00206395,0.04476596
q_1896,q_2011,484,0.00116246,0.04559601,-0.03791018,0.04553055
q_1896,q_2020,530,-0.12069746,0.0429261,-0.12319216,0.04289959
q_1896,q_2161,741,0.00880707,0.03680765,0.01527335,0.03680192
q_1896,q_219,506,-0.06610371,0.04439296,-0.07645215,0.04432718
q_1896,q_22,509,0.11691027,0.04384781,0.12269536,0.04378618
q_1896,q_228,524,-0.21130035,0.04185474,-0.23526324,0.04138592
q_1896,q_238,464,0.14601796,0.04558161,0.13031008,0.04578377
q_1896,q_239,474,0.27871876,0.04249807,0.2591868,0.04298218
q_1896,q_248,506,-0.00704006,0.04458559,-0.01492368,0.04457787
q_1896,q_251,602,0.21842939,0.03890946,0.22780875,0.03873845
q_1896,q_258,487,-0.03366161,0.04540304,-0.05318411,0.04532598
q_1896,q_2745,498,-0.01982383,0.04492899,-0.06387395,0.04476328
q_1896,q_2754,523,-0.09420703,0.04346371,-0.08537171,0.04353329
q_1896,q_2775,516,0.06404718,0.04396997,0.08892403,0.04380195
q_1896,q_278,479,-0.21724328,0.04367176,-0.21875818,0.04364149
q_1896,q_292,605,0.07385582,0.04053464,0.07165273,0.04054771
q_1896,q_2951,500,0.0007032,0.04485611,-0.00188799,0.04485597
q_1896,q_312,513,0.13716945,0.04344758,0.10081667,0.04383067
q_1896,q_343,530,-0.17695655,0.04219664,-0.15985801,0.04244751
q_1896,q_345,485,-0.0143227,0.04553941,0.00116924,0.04554869
q_1896,q_348,485,-0.09753605,0.04511543,-0.11705237,0.04492468
q_1896,q_35,527,0.23697963,0.04123187,0.23794376,0.04121187
q_1896,q_364,531,0.44122586,0.03504704,0.45068214,0.03467999
q_1896,q_377,538,-0.25663288,0.04038638,-0.22877113,0.04097108
q_1896,q_38,533,-0.04591441,0.04334565,-0.05809061,0.04329064
q_1896,q_381,543,0.35957521,0.03746921,0.36861102,0.03718606
q_1896,q_4229,555,-0.27792908,0.03927508,-0.25635677,0.03976565
q_1896,q_4231,521,-0.19684494,0.04223499,-0.24551983,0.04128893
q_1896,q_4236,544,-0.17904668,0.04161509,-0.19637107,0.04133547
q_1896,q_4244,560,0.19797438,0.04071066,0.16667835,0.04119421
q_1896,q_4249,530,0.03096517,0.04351892,0.03991961,0.04349127
q_1896,q_4251,543,0.34927453,0.03778342,0.37512352,0.03697762
q_1896,q_4256,548,0.056893,0.04269664,0.05934631,0.04268443
q_1896,q_4257,514,-0.02352072,0.04421292,-0.01954726,0.04422049
q_1896,q_4261,548,0.12586391,0.04215671,0.09796861,0.04242417
q_1896,q_4265,546,-0.01246982,0.04290743,0.01322457,0.0429066
q_1896,q_4276,542,0.10999714,0.04255189,0.10934443,0.04255806
q_1896,q_4291,530,-0.05144549,0.04344539,-0.04401577,0.04347629
q_1896,q_463,568,-0.01680379,0.04205844,0.0101526,0.04206598
q_1896,q_491,517,-0.15796971,0.04300742,-0.17960939,0.0426852
q_1896,q_497,466,0.09544344,0.04605059,0.08937383,0.04610272
q_1896,q_516,706,0.05507136,0.03760133,0.03872681,0.03765915
q_1896,q_52,469,0.18280959,0.04477598,0.16270905,0.04509771
q_1896,q_530,759,-0.05451996,0.03626154,-0.05881967,0.03624382
q_1896,q_566,523,0.058545,0.04370259,0.06897176,0.04364429
q_1896,q_594,492,0.12283161,0.04453928,0.09698996,0.04479616
q_1896,q_6,419,-0.15730973,0.04781574,-0.18049652,0.04743172
q_1896,q_610,505,0.06317773,0.04445404,0.07747906,0.04436426
q_1896,q_619,742,-0.08155521,0.03654092,-0.08611833,0.03651278
q_1896,q_630,506,0.36816617,0.03854408,0.41830906,0.03678571
q_1896,q_636,482,0.13957817,0.04480101,0.16803013,0.04440112
q_1896,q_660,532,0.14477191,0.042567,0.1340857,0.04269657
q_1896,q_793,538,-0.05085945,0.04312194,-0.0583151,0.04308675
q_1896,q_808,488,0.06487822,0.04521653,0.05307491,0.04527975
q_1896,q_811,479,0.15347912,0.04475524,0.15886826,0.04467809
q_1896,q_819,509,-0.09501357,0.0440541,-0.08412045,0.04414084
q_1896,q_82,527,0.11037621,0.04315299,0.12778254,0.04297189
q_1896,q_820,506,-0.06770155,0.04438343,-0.07655338,0.04432649
q_1896,q_844,672,-0.27716582,0.03569217,-0.31551673,0.03481338
q_1896,q_848,487,0.19987264,0.04363868,0.19259309,0.04376854
q_1896,q_85,576,0.11020826,0.0412682,0.07613496,0.04153345
q_1896,q_880,550,0.29067138,0.03914439,0.31475957,0.03852083
q_1896,q_901,542,0.08186105,0.04278441,0.10446491,0.042603
q_1896,q_905,500,-0.41207174,0.03723942,-0.40393085,0.0375374
q_1896,q_915,513,0.22598535,0.04201935,0.23693282,0.04179495
q_1896,q_917,502,0.17170532,0.04344632,0.20558154,0.04287416
q_1910,q_1915,577,0.03854622,0.04167718,0.06205096,0.04157848
q_1910,q_1989,443,0.00618646,0.0476713,0.00319058,0.04767264
q_1910,q_2011,442,0.0476441,0.04761906,0.05855146,0.04756377
q_1910,q_2020,515,0.18892286,0.0426168,0.16994124,0.04291784
q_1910,q_2161,570,0.18435011,0.04056882,0.16840377,0.04080505
q_1910,q_219,543,0.17465603,0.04172043,0.17874912,0.04165819
q_1910,q_22,454,-0.12721355,0.04632612,-0.12325055,0.04637286
q_1910,q_228,511,0.09017331,0.04400706,0.12574879,0.04366625
q_1910,q_238,423,-0.05852703,0.04862786,-0.0861357,0.04843298
q_1910,q_239,421,-0.18735243,0.04719476,-0.16649626,0.04755572
q_1910,q_248,425,0.04618608,0.0485754,0.07469179,0.04840766
q_1910,q_251,474,-0.12404487,0.04536857,-0.18221622,0.04454767
q_1910,q_258,502,-0.07718401,0.04449946,-0.01601959,0.04475466
q_1910,q_2745,520,0.0268604,0.04394822,0.08103809,0.04369113
q_1910,q_2754,503,0.09464171,0.04432079,0.13630118,0.04389053
q_1910,q_2775,443,-0.03776682,0.04760513,-0.05809842,0.04751221
q_1910,q_278,426,0.21842966,0.04630185,0.20545823,0.04656919
q_1910,q_292,518,-0.11439675,0.0434886,-0.08613731,0.04373832
q_1910,q_2951,479,0.07244172,0.04559439,0.0885747,0.04547533
q_1910,q_312,524,0.01182098,0.04380467,-0.01132017,0.04380518
q_1910,q_343,523,0.21123871,0.04189611,0.22314719,0.04166926
q_1910,q_345,492,-0.01675242,0.04520887,-0.04403731,0.04513387
q_1910,q_348,415,0.13921096,0.0483117,0.19514134,0.04739039
q_1910,q_35,528,-0.0424812,0.04356482,-0.06217983,0.04347484
q_1910,q_364,506,-0.19761427,0.04284658,-0.22854104,0.04225893
q_1910,q_377,541,0.22556952,0.0409194,0.19634785,0.04145095
q_1910,q_38,522,0.00339559,0.04389462,0.04416703,0.0438095
q_1910,q_381,554,-0.20305791,0.04084487,-0.2349978,0.04024881
q_1910,q_4229,515,0.08316663,0.0438885,0.10207046,0.04373374
q_1910,q_4231,505,0.07125631,0.04440557,0.11661005,0.04402528
q_1910,q_4236,503,0.10816462,0.04419814,0.11645406,0.04411487
q_1910,q_4244,510,-0.069337,0.04419805,-0.04534795,0.04432023
q_1910,q_4249,531,0.0407212,0.04344725,0.04202083,0.04344257
q_1910,q_4251,537,-0.23662961,0.04085115,-0.25566902,0.04044554
q_1910,q_4256,564,-0.01078054,0.04221513,-0.03202464,0.04217673
q_1910,q_4257,517,0.03487486,0.04405446,0.05604653,0.04396956
q_1910,q_4261,511,0.05045224,0.04425489,0.05333383,0.04424162
q_1910,q_4265,500,-0.00365163,0.04485553,-0.00033524,0.04485613
q_1910,q_4276,537,0.03422003,0.04322356,0.04249282,0.04319609
q_1910,q_4291,535,0.06601294,0.04316657,0.04683267,0.04326041
q_1910,q_463,482,0.10665404,0.04517143,0.09656323,0.04526512
q_1910,q_491,438,-0.03898646,0.04787345,-0.04861942,0.04783299
q_1910,q_497,405,-0.13266726,0.04899763,-0.11876636,0.04917195
q_1910,q_516,617,0.09820885,0.03996748,0.16305654,0.03928373
q_1910,q_52,410,-0.03157754,0.04951873,-0.04128481,0.04948367
q_1910,q_530,573,-0.01269168,0.04187864,0.00128907,0.04188532
q_1910,q_566,523,0.00579262,0.04385143,-0.04065172,0.04378043
q_1910,q_594,417,-0.07643562,0.04886018,-0.07455568,0.04887413
q_1910,q_6,417,0.18150179,0.04752826,0.21792861,0.04681317
q_1910,q_610,437,-0.15907671,0.04678684,-0.2227513,0.04561979
q_1910,q_619,599,0.11000407,0.04046592,0.10498341,0.04051014
q_1910,q_630,550,-0.1190485,0.04215094,-0.1852169,0.04129012
q_1910,q_636,432,-0.02688717,0.04824555,-0.03322106,0.04822717
q_1910,q_660,557,-0.01593064,0.04247515,0.01502732,0.04247633
q_1910,q_793,496,0.12516594,0.04433215,0.12878535,0.04429075
q_1910,q_808,515,-0.09025327,0.04383418,-0.10367855,0.04371912
q_1910,q_811,423,0.00314621,0.04879452,-0.01656962,0.04878161
q_1910,q_819,438,0.06417558,0.04774886,0.06106179,0.04776756
q_1910,q_82,504,0.01284898,0.04466933,-0.0250722,0.04464862
q_1910,q_820,434,0.03695569,0.04810252,0.04557573,0.04806825
q_1910,q_844,546,0.24849272,0.04026422,0.27087152,0.03976544
q_1910,q_848,498,0.04392793,0.04485993,0.02887285,0.04490919
q_1910,q_85,542,-0.01337107,0.04306535,0.00228773,0.04307282
q_1910,q_880,519,-0.15508965,0.04296368,-0.18881099,0.04245316
q_1910,q_901,404,-0.03214011,0.04988603,-0.05777549,0.04977092
q_1910,q_905,502,0.2043647,0.04289649,0.19549505,0.04305526
q_1910,q_915,418,-0.08628927,0.04872257,-0.10420677,0.04855502
q_1910,q_917,518,0.00200276,0.04406509,-0.03012856,0.04402527
q_1915,q_1989,589,0.13544982,0.04055173,0.15095666,0.04036826
q_1915,q_2011,635,-0.03015869,0.03974168,-0.00029604,0.03977786
q_1915,q_2020,623,0.08544796,0.03986774,0.08899644,0.03984288
q_1915,q_2161,925,-0.09337798,0.03264609,-0.11320014,0.03251123
q_1915,q_219,620,0.02306988,0.04023706,0.05426977,0.04013991
q_1915,q_22,623,0.02719416,0.04013127,0.02955952,0.04012588
q_1915,q_228,623,0.12974023,0.03948496,0.15971775,0.03913647
q_1915,q_238,548,0.21164186,0.0409166,0.22929183,0.04058324
q_1915,q_239,579,0.08071014,0.04139524,0.06569273,0.04148685
q_1915,q_248,560,-0.1124975,0.04183512,-0.13061771,0.04164846
q_1915,q_251,729,0.01397619,0.03710623,-0.02582957,0.03708872
q_1915,q_258,595,0.166739,0.0399571,0.20369406,0.03939447
q_1915,q_2745,610,0.06295715,0.04042787,0.06617862,0.04041099
q_1915,q_2754,642,0.15639649,0.03859177,0.17190568,0.03839035
q_1915,q_2775,620,0.06315137,0.04009793,-1.288e-05,0.04025848
q_1915,q_278,562,0.05021826,0.04218883,0.05427587,0.0421709
q_1915,q_292,713,-0.03917431,0.03747174,-0.00195654,0.03752919
q_1915,q_2951,592,0.01351284,0.04119676,0.03904525,0.04114146
q_1915,q_312,589,-0.02688703,0.04127976,-0.01150464,0.04130415
q_1915,q_343,599,-0.02490578,0.04093619,0.02414508,0.04093772
q_1915,q_345,633,0.13858366,0.03907579,0.14405092,0.03901423
q_1915,q_348,599,0.02391504,0.04093817,0.04002547,0.04089597
q_1915,q_35,633,-0.20184686,0.03821775,-0.20927972,0.038096
q_1915,q_364,744,0.07335092,0.03653827,0.06359373,0.03658735
q_1915,q_377,633,-0.0453558,0.03975899,-0.02024687,0.03982462
q_1915,q_38,598,-0.03478198,0.04094641,-0.0004276,0.040996
q_1915,q_381,596,0.11792362,0.04049403,0.09752749,0.04067448
q_1915,q_4229,620,0.02186127,0.04023924,0.03764858,0.04020142
q_1915,q_4231,574,0.0476201,0.0417538,0.0856532,0.04154168
q_1915,q_4236,633,0.25434389,0.03726361,0.24777021,0.03739511
q_1915,q_4244,667,-0.18711119,0.03744885,-0.16619364,0.03773565
q_1915,q_4249,610,0.0427478,0.04051458,0.05248186,0.04047695
q_1915,q_4251,635,-0.00743908,0.03977566,-0.02698757,0.03974889
q_1915,q_4256,671,0.12550088,0.03808176,0.122648,0.03810915
q_1915,q_4257,623,0.01074239,0.04015633,0.01671078,0.04014975
q_1915,q_4261,607,-0.1193152,0.04011016,-0.10734183,0.04022059
q_1915,q_4265,639,0.00816424,0.03964994,0.06689769,0.03947512
q_1915,q_4276,616,-0.1392326,0.03960664,-0.12576933,0.03975074
q_1915,q_4291,638,0.14637019,0.03883359,0.12952772,0.039018
q_1915,q_463,731,0.00261718,0.03706221,-0.00588441,0.03706118
q_1915,q_491,611,0.28428623,0.03727773,0.32225698,0.0363437
q_1915,q_497,593,0.03131573,0.04112897,0.02548783,0.0411426
q_1915,q_516,961,0.09671166,0.03200635,0.11387692,0.03188956
q_1915,q_52,555,0.05313589,0.04244265,0.05032995,0.04245501
q_1915,q_530,777,0.52026078,0.02621518,0.51552955,0.02639133
q_1915,q_566,659,0.2240743,0.0370831,0.21555727,0.03722929
q_1915,q_594,614,0.05901225,0.04031479,0.07657207,0.04021847
q_1915,q_6,565,0.03565875,0.04212882,0.07277349,0.04195906
q_1915,q_610,607,-0.00506647,0.04068838,-0.03150138,0.04064905
q_1915,q_619,762,0.42975429,0.02959392,0.44115736,0.02923345
q_1915,q_630,636,0.05832718,0.03961121,0.02632033,0.0397189
q_1915,q_636,622,-0.16260604,0.03913065,-0.19377284,0.03868422
q_1915,q_660,626,-0.09532939,0.03970006,-0.09882441,0.03967288
q_1915,q_793,608,0.07213713,0.04044422,0.09890909,0.04025805
q_1915,q_808,598,0.12880967,0.0403158,0.12806403,0.04032365
q_1915,q_811,587,-0.05534725,0.04125353,-0.0509404,0.04127292
q_1915,q_819,635,0.02060289,0.03976098,0.04126836,0.03971012
q_1915,q_82,596,0.26738418,0.03812916,0.28293762,0.03777767
q_1915,q_820,577,-0.02039207,0.04172184,-0.00795021,0.04173656
q_1915,q_844,878,0.06531967,0.03366193,0.07206434,0.03363061
q_1915,q_848,568,0.11356609,0.04152772,0.1112778,0.04154937
q_1915,q_85,625,0.11398486,0.03957539,0.11864934,0.03953188
q_1915,q_880,637,0.02787939,0.0396842,0.01958613,0.03969984
q_1915,q_901,601,-0.00091402,0.04089301,-0.00867199,0.04088997
q_1915,q_905,600,0.01740856,0.04091487,0.00325945,0.04092684
q_1915,q_915,569,0.1079758,0.04154308,0.07792669,0.04177789
q_1915,q_917,781,0.14335932,0.03511492,0.12832333,0.03526137
q_1989,q_2011,403,-0.12560518,0.04921117,-0.09843162,0.04951556
q_1989,q_2020,442,0.18951669,0.04601319,0.1755663,0.04625627
q_1989,q_2161,598,0.13817755,0.04021326,0.12886055,0.04031526
q_1989,q_219,455,-0.03895372,0.04696467,-0.02074413,0.0470158
q_1989,q_22,387,0.19918823,0.04900633,0.21921628,0.0485787
q_1989,q_228,440,-0.01503089,0.04782568,-0.00363216,0.04783586
q_1989,q_238,389,0.07635954,0.05060188,0.05921584,0.05072018
q_1989,q_239,365,0.11942105,0.05180927,0.1419887,0.05149921
q_1989,q_248,352,-0.50235515,0.04002021,-0.49659708,0.04032811
q_1989,q_251,500,0.01063087,0.04485106,0.00196127,0.04485596
q_1989,q_258,425,-0.25546641,0.04550228,-0.24777917,0.0456906
q_1989,q_2745,451,-0.11061515,0.04666748,-0.0837084,0.0469145
q_1989,q_2754,437,-0.09458648,0.04757209,-0.07512199,0.04773065
q_1989,q_2775,394,0.02419915,0.05054256,-0.00676828,0.05056986
q_1989,q_278,374,-0.14632243,0.05080585,-0.15635623,0.05064817
q_1989,q_292,458,-0.26310912,0.04363534,-0.26597489,0.04356426
q_1989,q_2951,423,0.00209422,0.04879479,0.03332327,0.04874082
q_1989,q_312,449,0.13779711,0.04645226,0.13548539,0.04648218
q_1989,q_343,441,-0.11937068,0.04710099,-0.08302291,0.0474525
q_1989,q_345,437,0.01224987,0.04799433,0.02647009,0.0479679
q_1989,q_348,426,-0.08342506,0.04828327,-0.0603509,0.04844457
q_1989,q_35,462,0.10865712,0.04612493,0.09751353,0.04623217
q_1989,q_364,461,-0.09238185,0.04632814,-0.08375842,0.04639912
q_1989,q_377,466,-0.05536107,0.04633151,-0.07840717,0.04618823
q_1989,q_38,422,-0.31835038,0.04390207,-0.29510337,0.04459877
q_1989,q_381,441,0.09256762,0.04737242,0.09193612,0.04737798
q_1989,q_4229,442,-0.04496412,0.0476309,-0.01490129,0.0477168
q_1989,q_4231,451,0.09113023,0.0468532,0.09482953,0.0468207
q_1989,q_4236,441,0.13518238,0.04690867,0.13003549,0.04697389
q_1989,q_4244,420,-0.06428506,0.04876784,-0.07363965,0.04870466
q_1989,q_4249,444,0.5318913,0.03414722,0.54237481,0.03361093
q_1989,q_4251,435,0.01942167,0.04809437,-0.00411447,0.04811171
q_1989,q_4256,438,0.67934227,0.02581881,0.6790047,0.0258408
q_1989,q_4257,436,-0.15909094,0.04684062,-0.1450599,0.0470457
q_1989,q_4261,447,-0.07291979,0.04720555,-0.0818167,0.04714022
q_1989,q_4265,469,-0.06931491,0.04610154,-0.03160267,0.04627784
q_1989,q_4276,447,-0.00520492,0.04745661,-0.00431003,0.04745702
q_1989,q_4291,440,0.0939281,0.04741445,0.09013283,0.04744787
q_1989,q_463,463,0.0250955,0.04659588,0.0355484,0.04656632
q_1989,q_491,381,-0.18609499,0.04965321,-0.18604356,0.04965419
q_1989,q_497,322,0.37395777,0.04815947,0.38426564,0.04772187
q_1989,q_516,580,-0.16145773,0.04054529,-0.15077852,0.04068411
q_1989,q_52,319,0.39307117,0.04756281,0.43422185,0.04564771
q_1989,q_530,572,0.03534385,0.04186981,0.05905093,0.041776
q_1989,q_566,448,0.21628078,0.04518709,0.23028584,0.04489061
q_1989,q_594,396,0.29080089,0.04617758,0.3054484,0.04573703
q_1989,q_6,373,-0.05258949,0.05184374,-0.06207849,0.05178718
q_1989,q_610,366,-0.01274492,0.05247786,-0.05172422,0.05234597
q_1989,q_619,611,0.05731506,0.04042213,0.04445944,0.04047519
q_1989,q_630,451,0.12616529,0.04649352,0.13137424,0.04643014
q_1989,q_636,404,0.01624651,0.04992444,-0.00635177,0.0499356
q_1989,q_660,455,-0.03538753,0.04697714,-0.03621207,0.04697436
q_1989,q_793,457,0.33017096,0.0418161,0.3697894,0.0405146
q_1989,q_808,450,0.56980371,0.03194172,0.58841154,0.03092235
q_1989,q_811,338,0.41730942,0.04512116,0.43414817,0.04433782
q_1989,q_819,398,-0.19191921,0.04846219,-0.20275008,0.04824711
q_1989,q_82,451,0.1963749,0.04542362,0.18405967,0.04564498
q_1989,q_820,350,-0.3830115,0.04580766,-0.36852278,0.0463922
q_1989,q_844,574,0.129399,0.04114798,0.13331841,0.04110489
q_1989,q_848,428,0.21581575,0.04624784,0.2116226,0.04633478
q_1989,q_85,457,-0.3088918,0.04245432,-0.2931513,0.04289907
q_1989,q_880,461,0.29983988,0.042526,0.30676034,0.04232984
q_1989,q_901,402,0.24723608,0.04700251,0.24805554,0.04698219
q_1989,q_905,432,0.05527473,0.04813294,0.06224676,0.04809338
q_1989,q_915,360,0.1807464,0.05119657,0.19321787,0.05094973
q_1989,q_917,484,0.17469303,0.04420459,0.17283758,0.04423399
q_2011,q_2020,439,-0.17117606,0.04648804,-0.15815915,0.04669335
q_2011,q_2161,621,-0.1343365,0.03949997,-0.13573751,0.03948475
q_2011,q_219,456,0.04995527,0.04686685,0.05144277,0.04685976
q_2011,q_22,415,0.08513238,0.0489094,0.08086403,0.04894431
q_2011,q_228,464,0.2024972,0.04466484,0.24490853,0.04378109
q_2011,q_238,427,0.00387137,0.04856357,0.01580005,0.04855217
q_2011,q_239,421,-0.07574062,0.04863101,-0.07053213,0.04866827
q_2011,q_248,395,0.12727907,0.04968941,0.11892082,0.04979334
q_2011,q_251,481,0.02277148,0.04571522,0.00251094,0.04573865
q_2011,q_258,430,0.14393803,0.04739077,0.13258784,0.04754266
q_2011,q_2745,448,0.25198794,0.04439446,0.25226756,0.04438777
q_2011,q_2754,417,0.1637914,0.04782881,0.19222933,0.04733122
q_2011,q_2775,369,-0.37181756,0.04504448,-0.40295197,0.04378361
q_2011,q_278,388,0.10075484,0.05044735,0.05071709,0.05083363
q_2011,q_292,504,0.36208555,0.03881932,0.35515971,0.03904126
q_2011,q_2951,430,0.17304155,0.04694433,0.20543084,0.0463511
q_2011,q_312,460,-0.14955498,0.04573176,-0.13887429,0.04587586
q_2011,q_343,451,0.02572721,0.04721429,0.06842841,0.04702433
q_2011,q_345,441,-0.05579478,0.0476331,-0.06371895,0.04758785
q_2011,q_348,356,0.23247862,0.05034803,0.22901954,0.050433
q_2011,q_35,447,0.01055044,0.04745262,0.0303662,0.04741414
q_2011,q_364,493,-0.05785025,0.04502421,-0.04212715,0.04509522
q_2011,q_377,451,-0.02293703,0.0472207,0.01205342,0.0472387
q_2011,q_38,418,0.20533758,0.04701834,0.25382397,0.04592549
q_2011,q_381,444,-0.02928261,0.04757822,-0.01152075,0.04761273
q_2011,q_4229,432,0.12349752,0.0475441,0.13510929,0.04739912
q_2011,q_4231,450,0.06300509,0.04711062,0.06632068,0.04709034
q_2011,q_4236,451,-0.14275319,0.04628277,-0.12338597,0.04652629
q_2011,q_4244,434,0.23941225,0.04540738,0.20134427,0.04621559
q_2011,q_4249,424,-0.07412389,0.04846924,-0.03346355,0.04868244
q_2011,q_4251,437,0.0138406,0.04799234,0.01563143,0.04798981
q_2011,q_4256,470,-0.04917732,0.04616257,-0.01872368,0.04625826
q_2011,q_4257,433,0.15053043,0.04713155,0.15358703,0.04708672
q_2011,q_4261,432,0.08299868,0.04794786,0.09032373,0.04788656
q_2011,q_4265,456,0.10650409,0.04645115,0.17809421,0.04549388
q_2011,q_4276,445,0.24120971,0.04479771,0.25973377,0.04435633
q_2011,q_4291,445,-0.20210117,0.04562236,-0.21411254,0.04538456
q_2011,q_463,461,-0.02583348,0.04669575,-0.044965,0.04663246
q_2011,q_491,438,0.06766228,0.04772682,0.08101764,0.04763162
q_2011,q_497,366,0.05775063,0.05231134,0.10501818,0.05190753
q_2011,q_516,626,0.22021969,0.03812117,0.27583315,0.03701592
q_2011,q_52,380,0.05408684,0.05135196,0.09170102,0.05106953
q_2011,q_530,577,-0.01009655,0.04173494,0.00864824,0.04173607
q_2011,q_566,461,-0.22291633,0.04440499,-0.23454645,0.04415639
q_2011,q_594,373,-0.05781756,0.05181374,-0.07582283,0.05168864
q_2011,q_6,397,0.09351493,0.0499387,0.17357821,0.04886138
q_2011,q_610,363,-0.13038458,0.05180864,-0.0984866,0.05219341
q_2011,q_619,615,-0.03945923,0.04035966,-0.04765134,0.04033082
q_2011,q_630,461,0.06428923,0.0465338,0.05909795,0.04656373
q_2011,q_636,419,0.09844337,0.04855389,0.08538795,0.04867156
q_2011,q_660,471,-0.01952616,0.04620739,-0.00571037,0.04622351
q_2011,q_793,444,0.08145315,0.04730311,0.1094251,0.04704886
q_2011,q_808,431,-0.13722325,0.04742663,-0.11228996,0.04772734
q_2011,q_811,385,0.04187801,0.05107472,0.02277686,0.05113791
q_2011,q_819,436,0.18263057,0.04645405,0.19036626,0.04631538
q_2011,q_82,434,-0.15224481,0.04705184,-0.17100289,0.04675977
q_2011,q_820,406,0.13713089,0.04887681,0.15721647,0.04858231
q_2011,q_844,572,0.021262,0.04190323,0.09305157,0.04155919
q_2011,q_848,426,-0.02643627,0.04858768,-0.01380785,0.04861239
q_2011,q_85,445,0.14873485,0.04651291,0.13511436,0.04669681
q_2011,q_880,476,-0.02387048,0.04595385,-0.0380258,0.04591356
q_2011,q_901,389,-0.16421259,0.04952614,-0.13465245,0.0499758
q_2011,q_905,434,-0.05148491,0.04804063,-0.06289786,0.04797774
q_2011,q_915,383,-0.00148749,0.0512988,-0.00153715,0.0512988
q_2011,q_917,494,-0.02768574,0.04509478,-0.05461833,0.04499474
q_2020,q_2161,592,0.10428378,0.04075618,0.10305504,0.04076668
q_2020,q_219,571,-0.02291973,0.04193703,-0.03089106,0.04191903
q_2020,q_22,465,-0.08591165,0.04618082,-0.08026502,0.04622448
q_2020,q_228,551,0.02565959,0.04268976,0.05652256,0.04258141
q_2020,q_238,423,-0.14795961,0.04772678,-0.14576529,0.04775823
q_2020,q_239,400,0.06844411,0.04995345,0.06583141,0.04997106
q_2020,q_248,438,-0.11213672,0.04734342,-0.10790347,0.04738808
q_2020,q_251,493,-0.14022098,0.04428716,-0.16038546,0.04401333
q_2020,q_258,521,-0.09139314,0.04357048,-0.08109589,0.04364852
q_2020,q_2745,523,-0.09868411,0.04342584,-0.08818193,0.0435119
q_2020,q_2754,528,-0.114768,0.04306872,-0.10430585,0.04316875
q_2020,q_2775,481,0.01990716,0.04572081,0.0158786,0.0457274
q_2020,q_278,418,0.02792243,0.0490498,0.0334233,0.04903323
q_2020,q_292,483,-0.23285708,0.04316864,-0.21467149,0.04354012
q_2020,q_2951,512,-0.01945108,0.04430745,0.00671799,0.04432222
q_2020,q_312,520,0.08212883,0.0436833,0.07114104,0.04375737
q_2020,q_343,539,0.0469422,0.04309824,0.07389134,0.04295759
q_2020,q_345,533,-0.03236529,0.04339172,-0.05682155,0.04329698
q_2020,q_348,433,0.04509278,0.04812622,0.04590372,0.04812267
q_2020,q_35,523,-0.13027086,0.0431087,-0.14649079,0.04291184
q_2020,q_364,535,-0.09679266,0.04294931,-0.09176312,0.04299042
q_2020,q_377,539,-0.02682165,0.04316235,-0.02691586,0.04316213
q_2020,q_38,510,-0.12448788,0.0437233,-0.11772,0.0437961
q_2020,q_381,537,-0.04312284,0.04319376,-0.0680687,0.04307373
q_2020,q_4229,564,0.05643129,0.04208558,0.06159288,0.04205986
q_2020,q_4231,516,0.09194568,0.04377783,0.1431516,0.04324632
q_2020,q_4236,550,0.26011829,0.03986391,0.24961617,0.0400928
q_2020,q_4244,535,-0.17312147,0.04205609,-0.16921156,0.04211412
q_2020,q_4249,539,0.12439849,0.042525,0.11728243,0.04259929
q_2020,q_4251,503,-0.13684505,0.04388388,-0.18267852,0.04322894
q_2020,q_4256,548,0.09297212,0.04246503,0.10307643,0.04238018
q_2020,q_4257,532,-0.15086208,0.04248872,-0.15028907,0.04249623
q_2020,q_4261,554,-0.12956519,0.04188628,-0.1287166,0.04189561
q_2020,q_4265,521,-0.0118669,0.04393129,-0.01628016,0.04392583
q_2020,q_4276,531,-0.16757862,0.04229728,-0.16376539,0.04235226
q_2020,q_4291,542,0.17123612,0.04181007,0.1702791,0.04182415
q_2020,q_463,520,0.00814317,0.04397703,0.01019991,0.04397537
q_2020,q_491,418,-0.01797638,0.04907221,-0.01420039,0.04907817
q_2020,q_497,402,0.09254158,0.04963388,0.09108598,0.04964727
q_2020,q_516,583,-0.1624236,0.04042731,-0.16099451,0.0404465
q_2020,q_52,428,0.02170406,0.04848427,0.01925104,0.04848915
q_2020,q_530,621,0.1497813,0.03932345,0.1485166,0.03933863
q_2020,q_566,572,0.12405173,0.04127705,0.12773357,0.04123818
q_2020,q_594,464,-0.01762994,0.04656017,-0.00871088,0.04657111
q_2020,q_6,388,0.06894352,0.05072247,0.0553971,0.05080832
q_2020,q_610,460,0.03406685,0.04672374,0.01049833,0.04677287
q_2020,q_619,613,0.0459115,0.04040347,0.04934732,0.04039022
q_2020,q_630,531,-0.06569065,0.04333162,-0.07500264,0.0432746
q_2020,q_636,404,-0.12984235,0.04909572,-0.12840623,0.04911424
q_2020,q_660,558,0.00939402,0.04244389,0.01963393,0.04243127
q_2020,q_793,513,0.08282524,0.04397698,0.08610053,0.04395248
q_2020,q_808,518,0.12357753,0.04339233,0.13241804,0.0432926
q_2020,q_811,423,-0.01181266,0.04878819,-0.0131001,0.04878663
q_2020,q_819,466,-0.07980795,0.04617793,-0.06761614,0.04626147
q_2020,q_82,525,0.15565787,0.04270832,0.14168009,0.04289023
q_2020,q_820,421,0.03494906,0.04885186,0.04548715,0.0488104
q_2020,q_844,552,0.10778807,0.0421831,0.08920515,0.04233934
q_2020,q_848,517,-0.0047283,0.04410712,-0.01139103,0.04410239
q_2020,q_85,543,-0.15499351,0.04199936,-0.14480062,0.04213086
q_2020,q_880,546,0.01906461,0.04289851,0.02114817,0.04289491
q_2020,q_901,445,0.05326606,0.04743019,0.04629855,0.04746319
q_2020,q_905,500,0.18684809,0.0432901,0.19010815,0.04323498
q_2020,q_915,436,0.04781201,0.04794708,0.04929967,0.04794013
q_2020,q_917,527,0.07497336,0.04343965,0.07582561,0.04343403
q_2161,q_219,614,-0.10895963,0.03997537,-0.11754716,0.03989668
q_2161,q_22,605,0.01594352,0.0407466,-0.00329296,0.04075652
q_2161,q_228,603,-0.08955306,0.04049742,-0.08835232,0.04050615
q_2161,q_238,582,-0.17077065,0.04034662,-0.17041317,0.04035169
q_2161,q_239,549,-0.0478181,0.04269819,-0.04919701,0.04269247
q_2161,q_248,546,-0.04586983,0.04282381,-0.03916458,0.04284828
q_2161,q_251,703,-0.02302702,0.03777641,-0.02006398,0.03778123
q_2161,q_258,569,-0.272576,0.03891017,-0.28682349,0.03857517
q_2161,q_2745,593,-0.23318157,0.03893082,-0.24706909,0.03865624
q_2161,q_2754,592,-0.25468306,0.03853163,-0.25751967,0.03847176
q_2161,q_2775,567,0.0501342,0.04200176,0.08132613,0.0418291
q_2161,q_278,564,0.19636176,0.04059212,0.17696805,0.0408978
q_2161,q_292,707,-0.25132766,0.03530828,-0.27218215,0.03489681
q_2161,q_2951,575,-0.19464276,0.04022802,-0.18951537,0.04031037
q_2161,q_312,599,0.20223396,0.03928633,0.20495843,0.03924088
q_2161,q_343,586,-0.08577063,0.04111109,-0.08327066,0.04112859
q_2161,q_345,580,-0.07779866,0.04137857,-0.07714756,0.04138277
q_2161,q_348,600,-0.05731841,0.04079281,-0.06982725,0.04072772
q_2161,q_35,558,0.01695728,0.04243543,0.01027028,0.04244316
q_2161,q_364,717,-0.12157526,0.03687091,-0.12014292,0.03688387
q_2161,q_377,611,0.00547018,0.04055414,-0.0118839,0.04054963
q_2161,q_38,609,-0.2210231,0.03863778,-0.2284985,0.03850127
q_2161,q_381,625,0.03764006,0.04003954,0.0477296,0.040005
q_2161,q_4229,588,-0.04782292,0.04125035,-0.05442712,0.04122244
q_2161,q_4231,593,0.02449013,0.04114466,-0.00538198,0.04116816
q_2161,q_4236,604,0.0278122,0.0407593,0.01361447,0.04078329
q_2161,q_4244,596,-0.00806504,0.04106241,-0.01627231,0.0410542
q_2161,q_4249,589,0.24741908,0.0387808,0.24911149,0.03874609
q_2161,q_4251,590,-0.01971525,0.04125837,-0.02322439,0.04125215
q_2161,q_4256,585,0.20543251,0.03970198,0.19724991,0.03983856
q_2161,q_4257,574,-0.37692125,0.03590327,-0.3737514,0.03600285
q_2161,q_4261,583,0.09973349,0.04110972,0.08582427,0.04121689
q_2161,q_4265,602,-0.10875014,0.04037567,-0.14020028,0.04005577
q_2161,q_4276,568,-0.00098991,0.04207027,-0.01187836,0.04206438
q_2161,q_4291,618,0.04531773,0.04024108,0.04080363,0.04025676
q_2161,q_463,744,-0.03788542,0.03668319,-0.03204483,0.03669819
q_2161,q_491,593,-0.17910807,0.03984865,-0.18123671,0.03981707
q_2161,q_497,543,0.12531068,0.04235741,0.12204708,0.04239215
q_2161,q_516,891,-0.18691339,0.03238541,-0.19941723,0.0322233
q_2161,q_52,547,0.14315905,0.04199595,0.14135849,0.04201792
q_2161,q_530,848,-0.0713687,0.03422582,-0.08133896,0.03417345
q_2161,q_566,646,0.15930387,0.03843535,0.16348327,0.03838215
q_2161,q_594,563,0.02639495,0.04222827,0.01920263,0.04224213
q_2161,q_6,541,0.0142452,0.04310431,-0.00263366,0.04311276
q_2161,q_610,571,0.05247905,0.04184351,0.07491838,0.04172356
q_2161,q_619,879,-0.04040544,0.03373171,-0.04277988,0.03372503
q_2161,q_630,625,-0.05155557,0.03998977,-0.05055376,0.03999387
q_2161,q_636,598,-0.05930716,0.04085181,-0.04324664,0.04091933
q_2161,q_660,614,0.13186502,0.03975221,0.13205583,0.03975017
q_2161,q_793,564,0.09448204,0.04184314,0.09291949,0.0418555
q_2161,q_808,583,0.18669269,0.0400755,0.18256426,0.0401388
q_2161,q_811,564,0.2082247,0.04038948,0.20632317,0.04042276
q_2161,q_819,594,-0.30085104,0.03741136,-0.31018651,0.03717672
q_2161,q_82,544,0.10349902,0.04253281,0.10318551,0.0425356
q_2161,q_820,577,-0.22580987,0.03961091,-0.24648098,0.03920342
q_2161,q_844,843,0.02944348,0.03447337,0.03431453,0.03446265
q_2161,q_848,584,0.09911916,0.0410794,0.10144916,0.04106001
q_2161,q_85,595,-0.16709728,0.03995218,-0.15896218,0.0400612
q_2161,q_880,620,0.12152008,0.03966398,0.12060508,0.0396729
q_2161,q_901,575,0.346296,0.03679795,0.34323128,0.03688631
q_2161,q_905,580,0.22474974,0.03952768,0.22354225,0.03955022
q_2161,q_915,563,0.00434535,0.04225691,0.00826282,0.04225483
q_2161,q_917,741,0.0517873,0.03671179,0.04813423,0.03672522
q_219,q_22,472,0.00470378,0.04617469,0.01413436,0.04616648
q_219,q_228,569,0.13199345,0.04130082,0.13898786,0.04122115
q_219,q_238,453,0.01458059,0.04713043,0.01514481,0.04712964
q_219,q_239,430,-0.14237197,0.04741247,-0.13873679,0.04746192
q_219,q_248,452,0.11198473,0.04660109,0.11300467,0.04659026
q_219,q_251,523,-0.17332107,0.04253555,-0.18539631,0.0423456
q_219,q_258,510,0.16656806,0.04317936,0.15986001,0.04327661
q_219,q_2745,560,0.13940589,0.04154791,0.12972496,0.04165831
q_219,q_2754,554,0.04946379,0.0424972,0.04395938,0.04251911
q_219,q_2775,472,0.03371281,0.04612323,0.01219134,0.04616885
q_219,q_278,409,-0.03590813,0.04956518,-0.02537166,0.04959722
q_219,q_292,490,0.14732,0.04433086,0.14708389,0.04433401
q_219,q_2951,522,0.33059377,0.03909773,0.32193423,0.03934576
q_219,q_312,550,-0.24147249,0.0402638,-0.23562832,0.04038302
q_219,q_343,575,0.24980715,0.03920287,0.22731321,0.03965162
q_219,q_345,553,0.02688003,0.04260933,0.02117864,0.04262102
q_219,q_348,464,0.14485555,0.04559736,0.15992064,0.04538351
q_219,q_35,530,0.04436359,0.04347495,0.04025914,0.04349008
q_219,q_364,501,-0.11168665,0.0442521,-0.11652277,0.04420265
q_219,q_377,552,0.23339466,0.04035411,0.2071242,0.04084801
q_219,q_38,563,0.18877447,0.04075183,0.19188602,0.04070177
q_219,q_381,539,-0.21434362,0.04120898,-0.19319639,0.04158123
q_219,q_4229,561,0.06270659,0.04216692,0.06047176,0.04217857
q_219,q_4231,538,0.14585818,0.04231399,0.15111614,0.04224648
q_219,q_4236,540,0.05456417,0.04302471,0.06363622,0.04297843
q_219,q_4244,564,0.01281848,0.0422131,0.02606249,0.04219135
q_219,q_4249,571,-0.1679804,0.04077509,-0.1685722,0.04076673
q_219,q_4251,560,-0.16626624,0.04120003,-0.18221207,0.04096458
q_219,q_4256,577,-0.06155341,0.04158105,-0.06646797,0.04155479
q_219,q_4257,568,0.35821582,0.03667191,0.36471591,0.03647422
q_219,q_4261,548,-0.00948445,0.04283144,-0.00660615,0.04283342
q_219,q_4265,544,0.15272754,0.04199051,0.17221229,0.0417183
q_219,q_4276,541,0.15465598,0.04208186,0.14502498,0.0422063
q_219,q_4291,538,0.06372032,0.04305823,0.06572368,0.04304702
q_219,q_463,522,0.10118767,0.04344569,0.08850089,0.04355132
q_219,q_491,434,0.1001272,0.0476854,0.10598336,0.04762726
q_219,q_497,423,-0.09173504,0.04838438,-0.07985411,0.04848385
q_219,q_516,614,0.1456363,0.03959761,0.15928239,0.03942927
q_219,q_52,426,0.01170074,0.04861501,0.01111332,0.04861566
q_219,q_530,607,-0.06600356,0.04051216,-0.06041971,0.04054088
q_219,q_566,564,-0.11244473,0.04168621,-0.11772801,0.04163487
q_219,q_594,438,-0.31341762,0.04323653,-0.29809954,0.04368566
q_219,q_6,413,0.20863912,0.04723667,0.1997326,0.0474163
q_219,q_610,461,-0.16905366,0.04539152,-0.14997682,0.0456759
q_219,q_619,588,-0.03209037,0.04130233,-0.00558648,0.04134362
q_219,q_630,551,-0.1245308,0.04205542,-0.12803453,0.04201762
q_219,q_636,409,0.09662335,0.04916583,0.09491427,0.04918207
q_219,q_660,576,-0.11611033,0.0412124,-0.11896689,0.04118434
q_219,q_793,525,0.25856563,0.0408426,0.25167123,0.04099656
q_219,q_808,540,-0.15921446,0.04205928,-0.1603301,0.0420439
q_219,q_811,465,-0.15419523,0.04541804,-0.15079669,0.04546627
q_219,q_819,425,0.34381234,0.04292502,0.34930323,0.04273975
q_219,q_82,527,-0.04099491,0.04361179,-0.05260625,0.04356431
q_219,q_820,446,0.25984556,0.04430348,0.23278248,0.0449369
q_219,q_844,590,0.33482161,0.03664733,0.32992362,0.03678171
q_219,q_848,516,-0.19869183,0.04240806,-0.19307076,0.04250529
q_219,q_85,535,0.0121826,0.04334906,0.02144166,0.04333557
q_219,q_880,573,-0.18945269,0.04038203,-0.18836041,0.04039931
q_219,q_901,439,-0.32116207,0.04295156,-0.32445725,0.04284968
q_219,q_905,533,0.08253703,0.04314131,0.07694431,0.04318006
q_219,q_915,420,-0.1778434,0.04742137,-0.17089398,0.04754005
q_219,q_917,558,0.01280725,0.04244067,0.0083355,0.04244469
q_22,q_228,486,0.0533143,0.04537224,0.06376709,0.04531656
q_22,q_238,388,0.10021356,0.05045289,0.11991984,0.05023181
q_22,q_239,404,0.17947887,0.04832899,0.17844033,0.04834756
q_22,q_248,411,-0.2137216,0.04724603,-0.20319879,0.04746323
q_22,q_251,478,-0.04469802,0.04579148,-0.02138151,0.04586217
q_22,q_258,466,-0.16288273,0.04524095,-0.16037323,0.04527865
q_22,q_2745,455,-0.02660697,0.04700275,-0.01830275,0.04702029
q_22,q_2754,464,-0.12614495,0.04583352,-0.11564412,0.04595177
q_22,q_2775,426,0.03324098,0.04856794,0.01168752,0.04861502
q_22,q_278,398,-0.3031835,0.04569045,-0.30961382,0.04549218
q_22,q_292,489,0.03970665,0.0452894,0.06644709,0.04516064
q_22,q_2951,424,0.14623699,0.04769476,0.16033102,0.04748418
q_22,q_312,449,0.03839043,0.04728158,0.05336778,0.04721651
q_22,q_343,491,-0.04206788,0.04518776,-0.05480249,0.04513192
q_22,q_345,464,0.0786514,0.04628653,0.06980459,0.0463477
q_22,q_348,423,0.02502944,0.04876443,0.05245419,0.04866075
q_22,q_35,445,0.54768001,0.03329782,0.54636381,0.03336631
q_22,q_364,524,0.08759441,0.04347464,0.08491042,0.04349493
q_22,q_377,456,-0.09036891,0.0466004,-0.09702159,0.04654183
q_22,q_38,462,-0.02318267,0.04665092,0.0116733,0.04666964
q_22,q_381,458,0.06630477,0.04667462,0.09247177,0.04647984
q_22,q_4229,460,-0.08678712,0.04642569,-0.08145252,0.04646768
q_22,q_4231,472,0.1394202,0.04527815,0.11329387,0.04558302
q_22,q_4236,459,-0.13220495,0.0460108,-0.15092107,0.04576265
q_22,q_4244,471,0.15939305,0.04505062,0.15695121,0.04508632
q_22,q_4249,457,0.27369985,0.04341655,0.26571759,0.04361863
q_22,q_4251,441,0.1264043,0.04701839,0.11629413,0.04713563
q_22,q_4256,473,0.25228325,0.04319075,0.24417302,0.04337647
q_22,q_4257,467,0.02439179,0.04639621,0.02506587,0.04639467
q_22,q_4261,483,0.18719268,0.04404415,0.19220712,0.04395731
q_22,q_4265,491,0.0840131,0.04494836,0.1025975,0.04479137
q_22,q_4276,445,0.3715346,0.04099935,0.38893083,0.0403701
q_22,q_4291,451,-0.09593534,0.04681073,-0.11069006,0.04666669
q_22,q_463,509,0.13918936,0.04359416,0.14085406,0.04357343
q_22,q_491,376,-0.20251362,0.04965453,-0.20316769,0.04964079
q_22,q_497,414,0.36120905,0.04289065,0.36372834,0.04280057
q_22,q_516,596,0.0322822,0.04102228,0.04604545,0.04097801
q_22,q_52,388,0.42141802,0.04191373,0.41504183,0.04218555
q_22,q_530,567,-0.07267209,0.04188522,-0.05837489,0.04196411
q_22,q_566,454,0.11025806,0.04651572,0.08925575,0.04671303
q_22,q_594,400,0.10379569,0.04964785,0.10519251,0.0496332
q_22,q_6,378,-0.10427296,0.05107831,-0.10494803,0.05107101
q_22,q_610,416,-0.04215778,0.04911933,-0.08251895,0.04887172
q_22,q_619,601,-0.19036262,0.03941116,-0.21131879,0.03906694
q_22,q_630,484,0.28213101,0.04196672,0.28920445,0.04178246
q_22,q_636,380,0.4834795,0.03946376,0.47595477,0.03983558
q_22,q_660,478,0.05840043,0.04572666,0.06154791,0.04570933
q_22,q_793,444,0.30721821,0.04312462,0.31544929,0.04288056
q_22,q_808,453,0.25585621,0.04405452,0.25653301,0.04403818
q_22,q_811,400,0.3241766,0.04491422,0.32410124,0.04491667
q_22,q_819,446,0.00122328,0.04751136,-0.01560893,0.04749986
q_22,q_82,463,0.02874731,0.04658671,0.0089126,0.04662154
q_22,q_820,402,-0.2969674,0.04564761,-0.29726915,0.04563864
q_22,q_844,570,0.0122886,0.04198971,0.00395918,0.04199539
q_22,q_848,457,0.27982281,0.04325749,0.28165786,0.04320913
q_22,q_85,450,-0.23166882,0.04475985,-0.2170917,0.04506926
q_22,q_880,455,0.31786376,0.04228365,0.31183511,0.04246221
q_22,q_901,407,0.0261406,0.04971786,0.03251172,0.04969927
q_22,q_905,435,-0.00309103,0.04811206,-0.00609866,0.04811073
q_22,q_915,388,0.17758923,0.0493574,0.1847802,0.04922459
q_22,q_917,496,0.07599396,0.04477764,0.05816894,0.04488534
q_228,q_238,429,0.13746307,0.04753464,0.15076949,0.04734882
q_228,q_239,454,-0.13636964,0.04621248,-0.14146719,0.04614579
q_228,q_248,448,0.01007919,0.04739973,-0.00052021,0.04740453
q_228,q_251,539,-0.21272746,0.04123879,-0.25556628,0.04037228
q_228,q_258,545,0.18399631,0.0414995,0.19514679,0.0413179
q_228,q_2745,549,0.20529942,0.04099229,0.23637415,0.04040492
q_228,q_2754,528,0.16451442,0.04246236,0.16387183,0.04247157
q_228,q_2775,460,-0.2441177,0.04399036,-0.27276885,0.04329761
q_228,q_278,440,0.07489433,0.04756816,0.09309264,0.04742192
q_228,q_292,534,0.13484563,0.04260721,0.16402453,0.04222877
q_228,q_2951,525,0.20450491,0.0419383,0.22317234,0.04158887
q_228,q_312,557,-0.1621581,0.04136875,-0.17057812,0.04124972
q_228,q_343,559,0.15062784,0.04144723,0.17104612,0.04116868
q_228,q_345,508,0.12583385,0.04379481,0.12227074,0.04383414
q_228,q_348,455,0.31588733,0.04234256,0.30638707,0.04262063
q_228,q_35,530,0.00578278,0.04355923,-0.01285557,0.04355349
q_228,q_364,517,-0.10100632,0.04365811,-0.10420824,0.04362912
q_228,q_377,559,0.13892885,0.04159089,0.16412977,0.041267
q_228,q_38,572,0.15523797,0.04091191,0.18649308,0.04046414
q_228,q_381,528,-0.0921908,0.04327265,-0.07905812,0.0433708
q_228,q_4229,539,0.43217106,0.03512611,0.41795456,0.03564813
q_228,q_4231,541,0.25131337,0.04039011,0.2525691,0.04036283
q_228,q_4236,545,-0.01126444,0.04294823,0.00511261,0.04295256
q_228,q_4244,541,0.02142991,0.04309326,0.0654312,0.04292848
q_228,q_4249,561,-0.00020543,0.04233337,-0.00349964,0.04233286
q_228,q_4251,580,-0.15410672,0.04064187,-0.19512419,0.04004553
q_228,q_4256,558,0.01151131,0.04244201,0.01594953,0.04243684
q_228,q_4257,581,0.24090894,0.03918049,0.23848638,0.0392288
q_228,q_4261,557,0.03947819,0.04241971,0.02360883,0.04246225
q_228,q_4265,560,0.10711835,0.04188518,0.12469661,0.04171252
q_228,q_4276,556,0.01567113,0.04251388,0.01900734,0.04250896
q_228,q_4291,550,-0.14505088,0.04185732,-0.18620604,0.04127442
q_228,q_463,519,0.07170867,0.04379618,0.0797429,0.04374261
q_228,q_491,459,0.25729714,0.04372911,0.24205286,0.04408558
q_228,q_497,443,-0.01593326,0.04766103,-0.00671091,0.04767098
q_228,q_516,627,0.1710776,0.0388604,0.18903644,0.0386015
q_228,q_52,450,0.00460356,0.04729737,-0.01027523,0.04729338
q_228,q_530,610,0.1450782,0.03973445,0.14990523,0.03967665
q_228,q_566,555,-0.13212617,0.04181979,-0.13966914,0.04173253
q_228,q_594,420,-0.02672212,0.04893524,-0.00955663,0.04896574
q_228,q_6,464,0.01357533,0.04656606,0.04571098,0.04647733
q_228,q_610,449,-0.15466482,0.04621867,-0.20257094,0.04540831
q_228,q_619,606,0.08521444,0.04042744,0.07640733,0.0404854
q_228,q_630,558,-0.06171633,0.04228596,-0.0836665,0.0421505
q_228,q_636,443,0.01308232,0.04766497,-0.00435407,0.04767223
q_228,q_660,587,-0.07346394,0.04115697,-0.06837419,0.04118684
q_228,q_793,535,0.19558976,0.04169692,0.2213011,0.0412322
q_228,q_808,498,-0.02191146,0.04492508,-0.00797954,0.0449438
q_228,q_811,451,-0.15155772,0.04616034,-0.15056359,0.04617453
q_228,q_819,456,0.2078055,0.04495518,0.22795923,0.04454255
q_228,q_82,536,-0.04768719,0.04321631,-0.0749426,0.04307154
q_228,q_820,449,0.09662048,0.04690932,0.09371698,0.04693549
q_228,q_844,580,0.2561387,0.03889929,0.29774179,0.03793999
q_228,q_848,526,-0.04076443,0.04365428,-0.05671947,0.04358627
q_228,q_85,533,0.07354316,0.04320229,0.09834256,0.04301713
q_228,q_880,570,-0.09650858,0.04160491,-0.10990892,0.04148874
q_228,q_901,438,-0.09448498,0.04751829,-0.09482397,0.04751522
q_228,q_905,553,-0.00470084,0.0426392,-0.02754346,0.04260779
q_228,q_915,440,-0.11774215,0.04717332,-0.10829657,0.04727545
q_228,q_917,527,-0.01509969,0.04367524,-0.02585169,0.04365601
q_238,q_239,314,0.25311399,0.05307191,0.26311262,0.05277922
q_238,q_248,393,0.03740435,0.05056612,0.02968015,0.05059236
q_238,q_251,457,0.18128235,0.04538997,0.15341734,0.04582768
q_238,q_258,403,0.02526947,0.04996807,0.05544917,0.04984627
q_238,q_2745,419,0.05384788,0.04888687,0.10393975,0.04849935
q_238,q_2754,417,0.13234481,0.0482865,0.13742577,0.04821913
q_238,q_2775,411,0.03194659,0.04945685,-0.03336896,0.04945225
q_238,q_278,342,-0.21271464,0.05185504,-0.19122787,0.05232644
q_238,q_292,470,0.00360297,0.04627388,0.03541857,0.04621643
q_238,q_2951,385,0.16053287,0.0498459,0.17748417,0.04955274
q_238,q_312,457,0.09149648,0.04653943,0.09185631,0.04653633
q_238,q_343,426,-0.13979272,0.0476715,-0.10049646,0.04813061
q_238,q_345,428,-0.01008514,0.04850219,-0.02691842,0.04847198
q_238,q_348,383,0.02155978,0.05127507,0.05719216,0.05113112
q_238,q_35,432,0.18955394,0.0465457,0.16738789,0.0469277
q_238,q_364,475,0.23882891,0.04340329,0.23391306,0.04351025
q_238,q_377,449,-0.14326072,0.04637955,-0.10767934,0.04680234
q_238,q_38,416,-0.02610087,0.04917326,-0.02673328,0.04917162
q_238,q_381,421,0.22261476,0.04648767,0.22092726,0.04652428
q_238,q_4229,441,-0.11877241,0.0471078,-0.11398035,0.04716109
q_238,q_4231,419,-0.11967254,0.04832686,-0.12405366,0.04827451
q_238,q_4236,422,0.00580132,0.04885155,0.03662476,0.04878767
q_238,q_4244,435,0.06086042,0.04793431,0.07034208,0.04787446
q_238,q_4249,433,-0.00109006,0.04822422,0.00357729,0.04822367
q_238,q_4251,440,0.194027,0.04603561,0.17811694,0.04631884
q_238,q_4256,443,0.07366543,0.04741443,0.06579461,0.04746676
q_238,q_4257,444,0.00705729,0.04761668,0.01446131,0.04760909
q_238,q_4261,439,0.01438792,0.0478814,0.02404681,0.04786362
q_238,q_4265,422,0.05780123,0.04868998,0.06261024,0.04866169
q_238,q_4276,452,0.09385482,0.04677721,0.10071219,0.04671424
q_238,q_4291,470,0.00479946,0.04627342,0.00150717,0.04627438
q_238,q_463,483,0.00037237,0.04564354,-0.01319705,0.0456356
q_238,q_491,393,0.12709219,0.04981906,0.12420784,0.04985576
q_238,q_497,343,0.17968792,0.05248157,0.17884108,0.05249803
q_238,q_516,540,0.0541069,0.04302685,0.07456638,0.04291325
q_238,q_52,341,0.16457893,0.05291953,0.17258603,0.05277269
q_238,q_530,565,0.09342511,0.04181428,0.11262666,0.04164738
q_238,q_566,439,0.11347183,0.04727467,0.11146963,0.04729624
q_238,q_594,338,0.09275695,0.05416576,0.09851722,0.05410556
q_238,q_6,308,-0.06551227,0.05701408,-0.08120157,0.05688228
q_238,q_610,411,-0.05595767,0.04935236,-0.04044362,0.0494264
q_238,q_619,580,0.02732785,0.04159945,0.04841066,0.04153298
q_238,q_630,450,0.2572878,0.04416737,0.25348831,0.04425916
q_238,q_636,395,0.07934105,0.05018968,0.07820493,0.05019872
q_238,q_660,423,0.09277963,0.04837497,0.10971734,0.04820761
q_238,q_793,417,0.03238061,0.04909579,0.03984866,0.04906928
q_238,q_808,428,0.0718582,0.04825665,0.06970456,0.04827144
q_238,q_811,357,0.04603477,0.05303677,0.04999049,0.05301658
q_238,q_819,428,-0.04032686,0.04842824,-0.03146323,0.04845911
q_238,q_82,399,0.03489485,0.0501907,0.03553427,0.05018844
q_238,q_820,407,-0.06010375,0.04957213,-0.05248887,0.04961479
q_238,q_844,527,-0.08997602,0.04333154,-0.06992679,0.04347159
q_238,q_848,405,0.0963822,0.04941215,0.0989432,0.0493872
q_238,q_85,434,-0.04598949,0.04806643,-0.02907344,0.04812759
q_238,q_880,433,0.22624118,0.04575592,0.2212044,0.0458646
q_238,q_901,370,-0.00799052,0.05219624,-0.00923624,0.05219512
q_238,q_905,396,-0.162869,0.04910525,-0.15478039,0.04923486
q_238,q_915,348,0.23390793,0.05089255,0.23660537,0.05082422
q_238,q_917,459,0.0748892,0.04656665,0.05955779,0.04666318
q_239,q_248,391,-0.22304844,0.0482416,-0.21640605,0.0483898
q_239,q_251,470,0.06849087,0.04605741,0.06963053,0.04605012
q_239,q_258,422,-0.04356662,0.04876047,-0.03632506,0.04878873
q_239,q_2745,437,-0.10058198,0.04751592,-0.07125354,0.04775783
q_239,q_2754,467,-0.00627292,0.04642201,-0.03002054,0.046382
q_239,q_2775,406,0.09360666,0.04937707,0.0971311,0.04934358
q_239,q_278,351,-0.24295178,0.05044152,-0.22260069,0.05094941
q_239,q_292,444,-0.07995931,0.0473146,-0.07668414,0.04733903
q_239,q_2951,417,0.03474286,0.04908799,0.0500093,0.0490244
q_239,q_312,433,0.12835653,0.04742977,0.12639718,0.04745384
q_239,q_343,452,-0.27979271,0.04349847,-0.26024479,0.04399667
q_239,q_345,437,0.00337429,0.04800099,-0.01400136,0.04799213
q_239,q_348,413,-0.07570061,0.04910347,-0.08420553,0.0490363
q_239,q_35,428,0.05132915,0.04837932,0.03822187,0.04843626
q_239,q_364,485,0.45284117,0.03620829,0.43670934,0.03686192
q_239,q_377,426,-0.25180199,0.04553884,-0.23687287,0.04589356
q_239,q_38,433,-0.18346228,0.04660113,-0.18327689,0.04660441
q_239,q_381,440,0.19294427,0.04605565,0.17380282,0.04639147
q_239,q_4229,433,-0.18393354,0.04659278,-0.18351525,0.04660019
q_239,q_4231,408,-0.0328629,0.04963674,-0.04469328,0.04959114
q_239,q_4236,440,-0.08086442,0.04752368,-0.08332812,0.04750433
q_239,q_4244,444,0.08985723,0.04723456,0.08853097,0.04724582
q_239,q_4249,436,0.15658194,0.04687868,0.15329792,0.04692758
q_239,q_4251,429,0.20355744,0.0464426,0.18656147,0.04676384
q_239,q_4256,440,0.19240012,0.04606569,0.18995028,0.04611049
q_239,q_4257,420,-0.11417299,0.04833186,-0.11008456,0.04837676
q_239,q_4261,448,-0.07422417,0.04714338,-0.07309683,0.04715126
q_239,q_4265,447,-0.03042112,0.04741398,0.00366063,0.04745726
q_239,q_4276,415,-0.0341727,0.04920893,-0.03309808,0.04921249
q_239,q_4291,433,0.0246841,0.0481949,0.01717677,0.04821005
q_239,q_463,448,0.04293541,0.04731716,0.03166955,0.047357
q_239,q_491,371,-0.02317618,0.0521006,-0.01270018,0.0521202
q_239,q_497,370,0.11483076,0.05151127,0.10118535,0.05166513
q_239,q_516,593,-0.07122792,0.04096048,-0.04556882,0.04108386
q_239,q_52,363,0.21337185,0.05030512,0.19866759,0.05062444
q_239,q_530,563,0.02696074,0.042227,0.0331502,0.04221127
q_239,q_566,440,0.18231747,0.04624642,0.18867599,0.04613357
q_239,q_594,346,0.27404282,0.04993993,0.26973938,0.05006629
q_239,q_6,324,-0.47194327,0.04338296,-0.47579293,0.04317932
q_239,q_610,379,0.17221116,0.05004164,0.16234014,0.05021194
q_239,q_619,548,0.07522198,0.04259292,0.07557144,0.04259066
q_239,q_630,448,0.36199225,0.04119273,0.34542734,0.04174823
q_239,q_636,403,-0.01580881,0.0499875,-0.01568672,0.0499877
q_239,q_660,429,0.12503442,0.04769271,0.13091307,0.04761981
q_239,q_793,431,0.06575776,0.04812781,0.07776353,0.04804452
q_239,q_808,412,0.21189297,0.04722672,0.22159673,0.04701873
q_239,q_811,349,0.17873318,0.05204293,0.19028681,0.05181372
q_239,q_819,370,-0.18792582,0.05035609,-0.17198635,0.05065555
q_239,q_82,430,0.1693928,0.0470048,0.16420158,0.0470886
q_239,q_820,371,-0.17482571,0.05053534,-0.16344096,0.05073609
q_239,q_844,501,-0.26157514,0.04174503,-0.24091553,0.04221022
q_239,q_848,407,0.18078825,0.04812575,0.16935286,0.04832496
q_239,q_85,425,-0.11918638,0.04798773,-0.11874875,0.0479928
q_239,q_880,453,0.26387754,0.043858,0.25686173,0.04403022
q_239,q_901,375,0.10738687,0.05124968,0.10677323,0.0512565
q_239,q_905,440,-0.23418399,0.04521303,-0.22829741,0.04534326
q_239,q_915,352,0.25046937,0.05017065,0.23872927,0.05047808
q_239,q_917,488,0.16284987,0.04420345,0.16451718,0.04417866
q_248,q_251,492,0.16545432,0.04398362,0.17517055,0.04383395
q_248,q_258,409,0.38089792,0.04242881,0.36713614,0.0429397
q_248,q_2745,459,0.1718773,0.04544587,0.13161566,0.04601808
q_248,q_2754,433,0.14356915,0.04723028,0.15873984,0.04700911
q_248,q_2775,424,0.00463071,0.04873597,-0.0182448,0.04872079
q_248,q_278,410,0.2283388,0.04698374,0.24297407,0.04664183
q_248,q_292,454,0.20106129,0.04518459,0.18940131,0.04539897
q_248,q_2951,398,-0.04577489,0.05021003,-0.04973822,0.05019099
q_248,q_312,455,-0.18265837,0.04546673,-0.17282395,0.04563117
q_248,q_343,442,0.13092978,0.04690922,0.15242329,0.04661855
q_248,q_345,415,0.0386163,0.049193,0.04227157,0.04917843
q_248,q_348,395,0.00696414,0.05050518,0.01088176,0.05050165
q_248,q_35,447,-0.06625096,0.0472496,-0.0532256,0.04732345
q_248,q_364,491,-0.00658925,0.04526591,-0.00533083,0.04526659
q_248,q_377,449,0.17565727,0.04589032,0.18452561,0.04573907
q_248,q_38,415,0.31538189,0.04436614,0.33154649,0.04385094
q_248,q_381,425,-0.06899976,0.04844748,-0.05556504,0.04852894
q_248,q_4229,403,-0.0277462,0.04996151,-0.02314504,0.04997322
q_248,q_4231,416,-0.12251363,0.04846821,-0.12390481,0.04845134
q_248,q_4236,421,0.00803665,0.04890844,0.01741003,0.04889677
q_248,q_4244,471,0.03279589,0.0461753,0.04086753,0.04614781
q_248,q_4249,418,-0.43063366,0.03998492,-0.42790598,0.04009987
q_248,q_4251,421,0.02097447,0.04889008,0.03333065,0.04885726
q_248,q_4256,416,-0.35775047,0.04290903,-0.35429202,0.04303021
q_248,q_4257,434,0.12564008,0.04740795,0.12052393,0.04746861
q_248,q_4261,435,0.1372866,0.04720572,0.14790968,0.04705995
q_248,q_4265,411,0.07376061,0.04923803,0.06201355,0.04931699
q_248,q_4276,439,0.10910284,0.04732124,0.11291852,0.04728067
q_248,q_4291,393,0.05616537,0.05047723,0.05183534,0.05050091
q_248,q_463,464,-0.06374561,0.04638539,-0.07140053,0.0463372
q_248,q_491,396,0.14461808,0.04938834,0.12259881,0.04968514
q_248,q_497,328,-0.32600574,0.04957468,-0.32477618,0.04961907
q_248,q_516,557,0.09072006,0.04213626,0.10489701,0.04201844
q_248,q_52,323,-0.39420806,0.04721458,-0.38623353,0.04756249
q_248,q_530,583,-0.07776885,0.04127161,-0.06446454,0.04135018
q_248,q_566,441,-0.21892796,0.04549169,-0.2224894,0.04541657
q_248,q_594,399,-0.20832141,0.04807107,-0.20513699,0.04813723
q_248,q_6,405,0.26966597,0.04624854,0.29046488,0.04566748
q_248,q_610,396,-0.03129624,0.05039392,-0.00441,0.05044235
q_248,q_619,564,0.04644252,0.04212897,0.0285979,0.0421855
q_248,q_630,429,-0.04008386,0.04837231,-0.05857027,0.04828395
q_248,q_636,373,0.04436811,0.05188519,0.03614829,0.05191959
q_248,q_660,454,0.01542238,0.04707696,0.0165395,0.04707528
q_248,q_793,440,-0.290205,0.04380775,-0.29010033,0.04381065
q_248,q_808,430,-0.39914861,0.04068338,-0.38220764,0.04132396
q_248,q_811,343,-0.28579095,0.04980309,-0.2714285,0.05023711
q_248,q_819,400,0.29713309,0.04575751,0.29628825,0.04578267
q_248,q_82,432,-0.13286484,0.04742816,-0.13119799,0.04744941
q_248,q_820,355,0.37980304,0.04561161,0.38338319,0.04546598
q_248,q_844,538,-0.01813795,0.04321955,-0.00915451,0.04323015
q_248,q_848,392,-0.24509719,0.04765621,-0.2419693,0.04773345
q_248,q_85,456,0.43393405,0.03813705,0.41264136,0.03898398
q_248,q_880,443,-0.25244856,0.04463491,-0.24436947,0.04482626
q_248,q_901,382,-0.10938111,0.05075199,-0.11309096,0.05070959
q_248,q_905,418,-0.05290084,0.0489507,-0.04665452,0.04898122
q_248,q_915,371,-0.20962334,0.04983797,-0.2113099,0.04980096
q_248,q_917,487,-0.11571425,0.04484592,-0.11065694,0.04489796
q_251,q_258,515,0.00913224,0.04419049,-0.01619851,0.04418258
q_251,q_2745,521,-0.05635961,0.04379791,-0.10190892,0.04348117
q_251,q_2754,529,0.04661965,0.04350731,0.00450176,0.04360119
q_251,q_2775,483,0.23596872,0.04310206,0.24784648,0.04283976
q_251,q_278,471,-0.05033423,0.0461079,-0.07656,0.04595407
q_251,q_292,490,0.00946948,0.04531026,-0.0265904,0.04528229
q_251,q_2951,504,-0.0877846,0.04433242,-0.1195117,0.04403859
q_251,q_312,526,0.09935765,0.04329528,0.12957994,0.04299273
q_251,q_343,492,-0.19254282,0.04354508,-0.19284707,0.04353977
q_251,q_345,498,0.09618058,0.04453087,0.0763402,0.04468472
q_251,q_348,446,-0.17584522,0.04604231,-0.18542192,0.04587793
q_251,q_35,477,0.00267711,0.04593119,0.03518541,0.04587466
q_251,q_364,607,0.20830641,0.03892385,0.21010126,0.03889329
q_251,q_377,542,-0.14024895,0.04222581,-0.14022788,0.04222607
q_251,q_38,472,0.02106691,0.04615522,-0.01014367,0.04617096
q_251,q_381,494,0.29546258,0.04118966,0.31053382,0.04077749
q_251,q_4229,500,-0.25352492,0.04197301,-0.28232096,0.04128087
q_251,q_4231,521,-0.27104839,0.04070951,-0.33762028,0.03892916
q_251,q_4236,486,-0.06877525,0.04528635,-0.08102989,0.04520282
q_251,q_4244,461,0.15692145,0.04557631,0.13837335,0.04583224
q_251,q_4249,468,-0.01326992,0.04636572,-0.01610868,0.04636186
q_251,q_4251,505,0.3482694,0.03921868,0.34786343,0.03923129
q_251,q_4256,517,0.03528389,0.0440532,0.01811908,0.04409363
q_251,q_4257,534,-0.01955612,0.04337971,-0.04626515,0.04330342
q_251,q_4261,494,0.18573119,0.04357258,0.16741718,0.04386446
q_251,q_4265,525,-0.01447209,0.04375964,-0.05946805,0.04361402
q_251,q_4276,525,0.09344901,0.04338659,0.09539731,0.04337049
q_251,q_4291,508,-0.01358194,0.04449121,0.0231726,0.04447552
q_251,q_463,486,-0.05039057,0.04538604,-0.03911558,0.04543196
q_251,q_491,521,-0.01117396,0.04393199,-0.06365724,0.04375943
q_251,q_497,434,0.02049315,0.04814808,0.01279386,0.04816042
q_251,q_516,731,-0.03418618,0.03701915,-0.06719234,0.03689514
q_251,q_52,428,-0.02322746,0.04848095,-0.01199228,0.04850015
q_251,q_530,720,-0.00155961,0.03734559,-0.00992761,0.037342
q_251,q_566,534,0.06509257,0.04321243,0.08271658,0.04309938
q_251,q_594,460,0.22620913,0.04438437,0.22328321,0.04444589
q_251,q_6,442,-0.04280435,0.04763995,-0.07956188,0.04742528
q_251,q_610,490,0.18693267,0.04373087,0.19530879,0.04358579
q_251,q_619,678,-0.00919823,0.03848676,-0.02788472,0.03846009
q_251,q_630,524,0.2374614,0.0413404,0.2562482,0.04093404
q_251,q_636,480,0.04000114,0.04571359,0.03006949,0.04574546
q_251,q_660,501,-0.05570957,0.044672,-0.04423514,0.04472339
q_251,q_793,459,-0.12315844,0.04611898,-0.14261474,0.04587683
q_251,q_808,508,0.05316318,0.04437365,0.05543878,0.04436265
q_251,q_811,493,0.02490814,0.04514737,0.04651632,0.04507765
q_251,q_819,498,-0.10023327,0.04449509,-0.10152621,0.04448337
q_251,q_82,488,0.08189247,0.04510314,0.09575662,0.0449913
q_251,q_820,454,0.02928852,0.04704777,0.00159515,0.04708804
q_251,q_844,684,-0.3291603,0.03416824,-0.34142191,0.03385315
q_251,q_848,485,0.14211495,0.04462882,0.16924238,0.0442441
q_251,q_85,499,0.02295642,0.04487766,-0.00672584,0.04489929
q_251,q_880,524,0.20420496,0.0419839,0.23332648,0.04142568
q_251,q_901,467,0.07314917,0.04617543,0.08259367,0.04610714
q_251,q_905,536,-0.10411311,0.0428453,-0.11178281,0.04277357
q_251,q_915,452,0.17189101,0.04579853,0.18686761,0.04554496
q_251,q_917,564,0.05500446,0.0420923,0.05444234,0.04209489
q_258,q_2745,522,0.23959384,0.04137532,0.24014266,0.04136376
q_258,q_2754,518,0.21477592,0.04203259,0.23766756,0.0415762
q_258,q_2775,430,0.00418323,0.04839254,-0.03666264,0.04832834
q_258,q_278,437,0.10196465,0.04750247,0.11627921,0.04735251
q_258,q_292,481,0.25883752,0.04267457,0.27706078,0.04222789
q_258,q_2951,510,0.15242627,0.04337971,0.17152132,0.04310499
q_258,q_312,533,-0.10962098,0.04291525,-0.0972045,0.0430268
q_258,q_343,530,0.17671033,0.04220043,0.17565148,0.04221669
q_258,q_345,528,0.16374748,0.04247335,0.14339477,0.04274618
q_258,q_348,445,0.04239212,0.04747967,0.06848071,0.04734209
q_258,q_35,510,-0.22531871,0.04215685,-0.21534516,0.04235204
q_258,q_364,515,0.05152508,0.04407685,0.02819808,0.04415903
q_258,q_377,542,0.04381229,0.04299037,0.04432241,0.04298843
q_258,q_38,521,0.38148612,0.03754318,0.38849857,0.03730594
q_258,q_381,513,-0.10143443,0.04382514,-0.10566167,0.04378638
q_258,q_4229,528,0.05874383,0.04349297,0.07786016,0.043379
q_258,q_4231,513,0.03301546,0.04423248,0.07147579,0.04405452
q_258,q_4236,524,0.0977651,0.04339205,0.13416104,0.04302224
q_258,q_4244,494,-0.01133436,0.04512357,0.00924937,0.04512551
q_258,q_4249,509,-0.34671583,0.03911135,-0.33842933,0.03936375
q_258,q_4251,547,-0.01100312,0.04286946,-0.05751196,0.04273283
q_258,q_4256,544,-0.29978338,0.03912954,-0.2961892,0.03922163
q_258,q_4257,533,0.27610179,0.04012591,0.26285132,0.04043611
q_258,q_4261,553,-0.04026048,0.04257103,-0.03059463,0.04260023
q_258,q_4265,536,0.12102197,0.04268041,0.12070242,0.04268375
q_258,q_4276,526,-0.0716241,0.04350263,-0.05857743,0.04357691
q_258,q_4291,540,0.0029219,0.04315282,-0.03300254,0.04310618
q_258,q_463,490,-0.16083886,0.04414208,-0.20546928,0.04340126
q_258,q_491,439,0.4788673,0.03690917,0.47099009,0.0372675
q_258,q_497,429,-0.20410793,0.04643172,-0.20689515,0.04637622
q_258,q_516,568,0.27882724,0.03879958,0.30192375,0.03823527
q_258,q_52,392,-0.24877777,0.04756405,-0.24655307,0.04761992
q_258,q_530,592,0.18993154,0.03971788,0.20987,0.03938942
q_258,q_566,560,-0.12044739,0.04175665,-0.1407851,0.04153154
q_258,q_594,416,-0.03355147,0.04915139,-0.01972478,0.04918764
q_258,q_6,399,0.11927742,0.04953695,0.1750118,0.04871272
q_258,q_610,442,0.02841012,0.04768887,0.03066442,0.04768252
q_258,q_619,575,0.24020831,0.03939954,0.23643609,0.03947472
q_258,q_630,544,-0.03223036,0.0429487,-0.06940757,0.04278624
q_258,q_636,404,-0.10955108,0.04933829,-0.12586344,0.04914652
q_258,q_660,554,-0.15600818,0.04156458,-0.13757369,0.04179514
q_258,q_793,486,-0.07451006,0.04524896,-0.06660455,0.04529972
q_258,q_808,519,-0.29698646,0.04013971,-0.28203275,0.04052088
q_258,q_811,420,-0.44349034,0.03933857,-0.42315323,0.04020167
q_258,q_819,450,0.29591194,0.04315675,0.33080524,0.04212242
q_258,q_82,520,0.02175921,0.04395913,0.00745264,0.04397751
q_258,q_820,435,0.35447865,0.04206694,0.38528875,0.04097034
q_258,q_844,550,0.10553191,0.04228073,0.09999186,0.04232941
q_258,q_848,501,-0.29738916,0.04084797,-0.29497471,0.04091206
q_258,q_85,535,0.32753042,0.03870449,0.3261535,0.03874351
q_258,q_880,540,-0.2119315,0.04121496,-0.20545104,0.04133168
q_258,q_901,440,-0.36153595,0.04158386,-0.35112288,0.04193886
q_258,q_905,512,-0.07967509,0.04404285,-0.10793839,0.04380781
q_258,q_915,422,-0.0547192,0.04870692,-0.07375561,0.04858744
q_258,q_917,521,-0.06429479,0.04375585,-0.08330195,0.04363259
q_2745,q_2754,532,0.65156292,0.02502025,0.67650016,0.02358033
q_2745,q_2775,476,-0.26537764,0.04274189,-0.32635927,0.0410827
q_2745,q_278,406,0.09320252,0.04938083,0.1107414,0.04920265
q_2745,q_292,521,0.30376875,0.03988313,0.32934788,0.03917158
q_2745,q_2951,481,0.23687807,0.04317247,0.27102077,0.04237931
q_2745,q_312,548,-0.08882622,0.04249732,-0.07809639,0.04257404
q_2745,q_343,531,0.02823372,0.04348472,0.04131496,0.04344513
q_2745,q_345,536,-0.00988812,0.04331057,-0.02181419,0.0432942
q_2745,q_348,450,0.2435431,0.04449296,0.27469204,0.04372944
q_2745,q_35,536,-0.06644229,0.04312359,-0.08101688,0.0430305
q_2745,q_364,527,0.0685437,0.04347996,0.05214718,0.04356641
q_2745,q_377,568,0.01662649,0.04205869,0.05728089,0.04193228
q_2745,q_38,519,0.30465464,0.03993662,0.32661532,0.03932633
q_2745,q_381,521,-0.16590129,0.04272818,-0.12510254,0.04324983
q_2745,q_4229,518,0.10891559,0.04354254,0.12029269,0.04342763
q_2745,q_4231,545,0.08178085,0.0426664,0.08000593,0.04267873
q_2745,q_4236,546,-0.0871248,0.04258836,-0.07242057,0.04268903
q_2745,q_4244,528,0.25163666,0.04088002,0.27299201,0.04039106
q_2745,q_4249,545,-0.1575808,0.04188706,-0.13998924,0.04211192
q_2745,q_4251,538,-0.01968713,0.04321701,-0.05207887,0.04311651
q_2745,q_4256,568,-0.03065579,0.04203078,-0.02182935,0.04205027
q_2745,q_4257,571,0.21529958,0.0400141,0.21467209,0.04002542
q_2745,q_4261,547,0.08975643,0.04252924,0.0919826,0.04251189
q_2745,q_4265,545,0.21515752,0.04096523,0.25167331,0.04023302
q_2745,q_4276,533,0.09332013,0.04305894,0.10932505,0.04291806
q_2745,q_4291,531,-0.26434185,0.04047842,-0.26046997,0.04056686
q_2745,q_463,494,-0.10844627,0.04459862,-0.13690827,0.04428347
q_2745,q_491,456,0.2395884,0.04428709,0.22511085,0.04460318
q_2745,q_497,423,-0.07556068,0.04851641,-0.04702773,0.04868709
q_2745,q_516,605,0.70639191,0.02041966,0.71784833,0.01975464
q_2745,q_52,415,-0.00963267,0.04926189,0.00246276,0.04926617
q_2745,q_530,594,0.10520798,0.0406792,0.13503589,0.04038443
q_2745,q_566,557,-0.18341551,0.04105665,-0.19989536,0.04078827
q_2745,q_594,443,-0.02751556,0.04763704,-0.00258673,0.04767281
q_2745,q_6,428,0.18321763,0.0468788,0.22696314,0.04600841
q_2745,q_610,465,-0.23898658,0.043867,-0.27119255,0.04310257
q_2745,q_619,638,0.02257598,0.03966356,0.03270317,0.03964135
q_2745,q_630,558,-0.10170912,0.04200853,-0.10369047,0.04199125
q_2745,q_636,441,-0.03822608,0.04771203,-0.08004667,0.04747569
q_2745,q_660,538,0.00081104,0.04323374,0.02812883,0.04319956
q_2745,q_793,553,0.18289994,0.04121373,0.2039872,0.04086585
q_2745,q_808,538,-0.10496448,0.04275744,-0.09146332,0.0428721
q_2745,q_811,459,-0.13526618,0.04597246,-0.15722432,0.04567169
q_2745,q_819,441,0.01842605,0.04776563,0.04492853,0.0476854
q_2745,q_82,514,-0.33673814,0.0392212,-0.33004034,0.03941877
q_2745,q_820,393,0.14473179,0.04957626,0.15328345,0.04944721
q_2745,q_844,541,0.11345087,0.04255815,0.17243554,0.04183114
q_2745,q_848,481,-0.07603642,0.04547449,-0.0780622,0.04546022
q_2745,q_85,578,0.24611418,0.03917685,0.2373313,0.03935392
q_2745,q_880,554,-0.05772596,0.04245947,-0.05853867,0.04245545
q_2745,q_901,450,-0.19726511,0.04545783,-0.21220854,0.04516841
q_2745,q_905,527,-0.13852166,0.04284696,-0.14424297,0.04277629
q_2745,q_915,451,-0.0061056,0.0472438,-0.00394603,0.04724482
q_2745,q_917,527,-0.05375819,0.04355896,-0.06430511,0.04350456
q_2754,q_2775,438,-0.24841587,0.04498754,-0.27349583,0.04435995
q_2754,q_278,444,0.00887224,0.0476153,0.0277826,0.04758229
q_2754,q_292,509,0.1675752,0.04320705,0.2010346,0.04265876
q_2754,q_2951,514,0.24490259,0.04158416,0.26935873,0.04102779
q_2754,q_312,524,-0.10059714,0.04336744,-0.10456636,0.04333176
q_2754,q_343,532,-0.02651534,0.04344769,0.00961253,0.04347424
q_2754,q_345,529,0.0469158,0.0435061,0.02066617,0.04358345
q_2754,q_348,443,0.21976862,0.0453706,0.21623946,0.04544396
q_2754,q_35,528,-0.134062,0.04285919,-0.14334603,0.04274679
q_2754,q_364,518,0.02320997,0.04404153,0.02310652,0.04404174
q_2754,q_377,552,-0.018642,0.04266413,-0.01680769,0.0426669
q_2754,q_38,530,0.17718407,0.04219313,0.21384158,0.04156873
q_2754,q_381,547,-0.0611216,0.04271447,-0.04535051,0.04278647
q_2754,q_4229,572,0.14586815,0.04103018,0.14301745,0.0410647
q_2754,q_4231,511,0.08866463,0.04401903,0.11772585,0.04375292
q_2754,q_4236,536,-0.06069515,0.04315524,-0.03548484,0.04326027
q_2754,q_4244,534,0.19358303,0.04177005,0.22969657,0.04110669
q_2754,q_4249,520,-0.05325838,0.0438552,-0.05770872,0.04383348
q_2754,q_4251,573,-0.02998333,0.04184774,-0.05504467,0.04175848
q_2754,q_4256,505,-0.03121935,0.04458868,-0.03479717,0.04457814
q_2754,q_4257,532,0.07029366,0.04326343,0.06103675,0.04331628
q_2754,q_4261,571,0.05505445,0.04183189,0.06037534,0.04180612
q_2754,q_4265,530,0.13419655,0.04277621,0.17570038,0.04221594
q_2754,q_4276,522,0.03942684,0.04382689,0.05843506,0.04374524
q_2754,q_4291,527,-0.15130244,0.04268514,-0.17490123,0.04234885
q_2754,q_463,496,-0.08154948,0.04473822,-0.1129313,0.04446335
q_2754,q_491,452,0.14126831,0.0462511,0.14999185,0.04613119
q_2754,q_497,423,-0.11319065,0.04816984,-0.0874636,0.04842173
q_2754,q_516,621,0.62327128,0.02459946,0.62921874,0.02429981
q_2754,q_52,428,-0.01428166,0.04849723,0.00931637,0.04850291
q_2754,q_530,611,0.10227648,0.04013113,0.12779787,0.03989299
q_2754,q_566,561,-0.17807292,0.04099099,-0.18481987,0.04088734
q_2754,q_594,441,0.0270719,0.04774683,0.01944139,0.04776379
q_2754,q_6,420,0.12389613,0.04821851,0.15743473,0.04775645
q_2754,q_610,466,-0.17374223,0.04507106,-0.19185382,0.04476333
q_2754,q_619,576,0.02791444,0.04174305,0.03721177,0.04171775
q_2754,q_630,551,-0.07771636,0.04245987,-0.10877478,0.04221245
q_2754,q_636,458,-0.0521225,0.04675336,-0.08870162,0.04651187
q_2754,q_660,569,-0.04477495,0.04194887,-0.02884006,0.04199817
q_2754,q_793,525,0.07215819,0.04354092,0.10462551,0.0432897
q_2754,q_808,523,-0.12769398,0.04313785,-0.11148668,0.04330784
q_2754,q_811,454,-0.12478559,0.04635493,-0.12451298,0.04635813
q_2754,q_819,476,0.06415208,0.04579082,0.04913189,0.04586906
q_2754,q_82,510,-0.20754111,0.04249861,-0.21283124,0.04239984
q_2754,q_820,410,0.09470549,0.04912358,0.11198477,0.04894655
q_2754,q_844,568,0.06082203,0.04191468,0.10671,0.04159126
q_2754,q_848,478,-0.04571578,0.04578725,-0.04731057,0.04578045
q_2754,q_85,553,0.16248764,0.04151435,0.17740572,0.04129814
q_2754,q_880,571,0.01167188,0.04195335,-0.01694955,0.04194701
q_2754,q_901,441,-0.13761551,0.04687695,-0.15084092,0.04669467
q_2754,q_905,544,-0.1014629,0.04255075,-0.11009682,0.04247222
q_2754,q_915,416,-0.04019611,0.04912728,-0.05741528,0.04904457
q_2754,q_917,518,-0.12196546,0.04340977,-0.13064492,0.04331315
q_2775,q_278,401,-0.1083984,0.04953649,-0.09456961,0.04967718
q_2775,q_292,482,-0.14938961,0.04467146,-0.19145968,0.04401627
q_2775,q_2951,425,-0.09953217,0.04819699,-0.15995814,0.0474337
q_2775,q_312,479,0.12188893,0.04515396,0.0954868,0.04541701
q_2775,q_343,457,-0.05170127,0.04680687,-0.11676181,0.04629248
q_2775,q_345,458,0.22216083,0.0445669,0.20717895,0.04486846
q_2775,q_348,382,-0.27795114,0.04739813,-0.31812015,0.04616823
q_2775,q_35,476,0.15900057,0.04481762,0.14269251,0.04504384
q_2775,q_364,508,-0.02191137,0.04447805,-0.04289231,0.04441755
q_2775,q_377,461,-0.03694669,0.04666315,-0.08743238,0.04636973
q_2775,q_38,448,-0.10882624,0.04684313,-0.18621113,0.04576081
q_2775,q_381,441,0.18355144,0.04617202,0.14523116,0.04677403
q_2775,q_4229,452,-0.09621158,0.04675607,-0.10887615,0.04663349
q_2775,q_4231,442,-0.28661647,0.04380664,-0.30102254,0.0434026
q_2775,q_4236,452,0.12150322,0.04649621,0.1275987,0.04642455
q_2775,q_4244,440,-0.13012381,0.04702651,-0.16692766,0.04650353
q_2775,q_4249,481,0.00927975,0.045735,0.02840397,0.04570203
q_2775,q_4251,479,0.16625562,0.044568,0.14314678,0.04489572
q_2775,q_4256,461,-0.00622074,0.04672512,0.0099087,0.04672234
q_2775,q_4257,483,-0.03597953,0.04558446,-0.03580421,0.04558503
q_2775,q_4261,474,-0.05174655,0.04595419,-0.06854974,0.04586105
q_2775,q_4265,479,-0.14816278,0.04482875,-0.16676017,0.0445603
q_2775,q_4276,459,0.07432307,0.04657061,0.01521177,0.04681845
q_2775,q_4291,483,0.19472,0.04391293,0.22405031,0.04335231
q_2775,q_463,505,0.07903264,0.0443534,0.08915715,0.0442774
q_2775,q_491,434,-0.08323844,0.04783456,-0.08822498,0.04779338
q_2775,q_497,389,0.08584602,0.05052356,0.05793354,0.05072783
q_2775,q_516,621,-0.28573366,0.03694171,-0.32671394,0.03593211
q_2775,q_52,413,0.15200434,0.04824539,0.10192413,0.04887343
q_2775,q_530,597,0.02626572,0.04100219,0.0020566,0.04103032
q_2775,q_566,474,0.22397823,0.04376603,0.24676833,0.04327169
q_2775,q_594,412,0.11189314,0.04882774,0.09736905,0.04897803
q_2775,q_6,365,-0.06929464,0.05230646,-0.08024855,0.05222036
q_2775,q_610,378,0.271479,0.04783388,0.3351034,0.04584093
q_2775,q_619,590,0.03953987,0.04120989,0.0238517,0.04125094
q_2775,q_630,465,0.13857236,0.04563084,0.17813757,0.04504786
q_2775,q_636,421,0.02964134,0.04886862,0.01746273,0.04889668
q_2775,q_660,469,-0.08545828,0.0459858,-0.09436914,0.04591156
q_2775,q_793,435,-0.09714451,0.04765848,-0.11447811,0.047482
q_2775,q_808,451,0.12058164,0.04655861,0.09170158,0.04684826
q_2775,q_811,385,0.13855958,0.05018216,0.14695027,0.05005959
q_2775,q_819,418,-0.0628891,0.04889392,-0.08060268,0.04876915
q_2775,q_82,434,0.07049063,0.04792896,0.13436266,0.04729871
q_2775,q_820,398,-0.11362035,0.04966591,-0.15134741,0.04916293
q_2775,q_844,574,-0.1042909,0.04139353,-0.15459925,0.04084847
q_2775,q_848,482,0.18189678,0.04417941,0.18647401,0.04410237
q_2775,q_85,446,-0.1084822,0.0469523,-0.13790863,0.04660782
q_2775,q_880,438,0.24215888,0.04513471,0.20061109,0.04601674
q_2775,q_901,417,0.05072038,0.04902088,0.04516403,0.04904707
q_2775,q_905,449,-0.00724068,0.04734889,-0.00694231,0.04734909
q_2775,q_915,390,0.11065789,0.0502104,0.0764382,0.05053585
q_2775,q_917,529,0.12043309,0.04296966,0.12393727,0.04293232
q_278,q_292,480,0.06811354,0.04557443,0.07253851,0.04554593
q_278,q_2951,406,-0.09128533,0.04939845,-0.07973044,0.04949689
q_278,q_312,417,-0.11738332,0.04847013,-0.13241959,0.04828552
q_278,q_343,441,0.16371891,0.04650111,0.18174729,0.04620351
q_278,q_345,424,0.0421558,0.04865041,0.05862916,0.04856949
q_278,q_348,396,0.09862229,0.0499527,0.11942761,0.04972386
q_278,q_35,421,-0.27367453,0.04524823,-0.27576962,0.04519193
q_278,q_364,505,-0.13017141,0.04387591,-0.13886841,0.04377148
q_278,q_377,453,0.19638249,0.04532243,0.22145519,0.04482857
q_278,q_38,419,0.14715488,0.04796733,0.18883683,0.04728069
q_278,q_381,452,-0.17002129,0.0458287,-0.17387612,0.04576614
q_278,q_4229,462,0.16186576,0.04545307,0.15175958,0.04560101
q_278,q_4231,412,0.01569172,0.04943464,0.02888459,0.04940556
q_278,q_4236,431,0.07026754,0.04809816,0.08536057,0.04798462
q_278,q_4244,463,-0.09214095,0.04622939,-0.08067011,0.04632182
q_278,q_4249,435,-0.19374208,0.04630657,-0.19211857,0.04633671
q_278,q_4251,404,-0.18127301,0.04829667,-0.1988352,0.04796331
q_278,q_4256,448,-0.13204577,0.046578,-0.13567523,0.04653193
q_278,q_4257,456,0.07703168,0.0467053,0.08878667,0.04661372
q_278,q_4261,450,0.06471751,0.04710027,0.06313333,0.04710985
q_278,q_4265,423,-0.03752488,0.04872629,-0.0250365,0.04876442
q_278,q_4276,425,-0.08992434,0.0482856,-0.07252484,0.04842319
q_278,q_4291,439,0.07258459,0.047639,0.07638394,0.04761189
q_278,q_463,445,-0.12982594,0.04676345,-0.14839652,0.04651769
q_278,q_491,391,0.18116085,0.04910116,0.14923441,0.04963667
q_278,q_497,363,-0.3030844,0.04786317,-0.2790478,0.04860064
q_278,q_516,561,0.04385494,0.04225196,0.055647,0.04220229
q_278,q_52,345,-0.32236799,0.0484544,-0.31663041,0.04865265
q_278,q_530,538,0.03020977,0.04319431,0.03248583,0.04318814
q_278,q_566,453,-0.01005621,0.04713568,-0.02067274,0.04712031
q_278,q_594,372,-0.0722363,0.05178628,-0.07464406,0.05176787
q_278,q_6,314,0.29358697,0.05181722,0.25555144,0.0530016
q_278,q_610,405,-0.04916098,0.04975493,-0.02838564,0.04983528
q_278,q_619,574,0.16780491,0.0406703,0.16108966,0.04076273
q_278,q_630,451,-0.27563838,0.04365601,-0.30104197,0.04296387
q_278,q_636,396,-0.17837854,0.04883828,-0.17190558,0.04895265
q_278,q_660,469,-0.13206958,0.0455161,-0.13244445,0.04551151
q_278,q_793,423,-0.06606835,0.04858201,-0.05722893,0.04863519
q_278,q_808,421,-0.10313334,0.04839135,-0.09499062,0.04847026
q_278,q_811,410,-0.17331791,0.04807918,-0.16700125,0.04818573
q_278,q_819,409,0.08808795,0.04924407,0.10712729,0.04905961
q_278,q_82,453,0.05494371,0.04699814,0.05338515,0.0470061
q_278,q_820,376,0.20715518,0.04955607,0.24968927,0.04854995
q_278,q_844,535,0.15165826,0.04235831,0.15700362,0.04228678
q_278,q_848,409,-0.17662766,0.04808087,-0.16939949,0.048205
q_278,q_85,418,0.36116921,0.04268486,0.37117024,0.04232534
q_278,q_880,461,-0.26078479,0.04354909,-0.25226441,0.04375335
q_278,q_901,384,-0.04551637,0.05112541,-0.03801783,0.0511575
q_278,q_905,417,0.13990385,0.04818535,0.12459232,0.04838439
q_278,q_915,360,-0.23199333,0.05007711,-0.26442354,0.04922506
q_278,q_917,476,-0.03188063,0.04593332,-0.04077972,0.04590358
q_292,q_2951,481,0.14579619,0.04476668,0.16967066,0.0444222
q_292,q_312,500,-0.19251006,0.04319376,-0.18029607,0.04339801
q_292,q_343,496,0.09948496,0.04459198,0.0995146,0.04459172
q_292,q_345,479,0.05140395,0.04571381,0.07706196,0.04556273
q_292,q_348,504,0.06327346,0.04449784,0.0879875,0.04433083
q_292,q_35,500,0.05026347,0.04474281,0.04743158,0.04475522
q_292,q_364,576,-0.00390055,0.04177496,0.01092255,0.04177062
q_292,q_377,532,0.10380808,0.04300973,0.11431829,0.04291006
q_292,q_38,542,0.42543829,0.03527692,0.42712394,0.03521502
q_292,q_381,535,-0.0141934,0.04334676,-0.02496857,0.04332847
q_292,q_4229,493,0.14586728,0.04421419,0.15394173,0.04410483
q_292,q_4231,495,-0.06519961,0.04489183,-0.04115338,0.04500713
q_292,q_4236,505,-0.09986642,0.04418705,-0.08541534,0.04430656
q_292,q_4244,497,0.33510746,0.03993965,0.33005717,0.04009079
q_292,q_4249,515,-0.23964644,0.04165608,-0.26093084,0.04118522
q_292,q_4251,530,0.18267342,0.04210708,0.19948193,0.04182727
q_292,q_4256,525,-0.19630455,0.04208216,-0.19264729,0.04214442
q_292,q_4257,503,0.23453055,0.04226148,0.23940484,0.04215817
q_292,q_4261,504,0.19685743,0.04294536,0.17678442,0.04328044
q_292,q_4265,495,0.11163484,0.04452164,0.10755411,0.04456196
q_292,q_4276,493,0.22582281,0.04287163,0.24932748,0.0423671
q_292,q_4291,485,-0.18565975,0.04397871,-0.19145144,0.04387922
q_292,q_463,470,0.05452589,0.0461369,0.03220447,0.04622649
q_292,q_491,480,0.2318515,0.04332558,0.22230108,0.04352417
q_292,q_497,480,0.01854104,0.04577111,0.00378575,0.0457862
q_292,q_516,701,0.32611871,0.03382502,0.33951248,0.03348757
q_292,q_52,448,-0.02905476,0.04736453,-0.02895272,0.04736481
q_292,q_530,678,0.04201231,0.03842208,0.07450628,0.03827635
q_292,q_566,524,-0.28763756,0.04018609,-0.28813974,0.04017343
q_292,q_594,485,-0.00632497,0.04554693,0.01609906,0.04553695
q_292,q_6,446,0.13939872,0.04658819,0.14400941,0.04652611
q_292,q_610,448,-0.03565326,0.04734429,-0.03983989,0.04732931
q_292,q_619,690,-0.11317267,0.03766372,-0.1025057,0.0377515
q_292,q_630,507,0.06126992,0.04437632,0.03374416,0.04449282
q_292,q_636,506,0.11281688,0.0440203,0.07719885,0.04432207
q_292,q_660,493,-0.0223715,0.04515279,-0.00356969,0.04517482
q_292,q_793,524,-0.03272242,0.04376388,-0.00880629,0.0438074
q_292,q_808,496,-0.18732405,0.04345735,-0.17964915,0.0435842
q_292,q_811,475,-0.11698932,0.04539876,-0.12634538,0.04529397
q_292,q_819,497,0.27392555,0.04161613,0.28843352,0.04124906
q_292,q_82,508,-0.11965759,0.04386228,-0.11243186,0.0439369
q_292,q_820,459,0.23424816,0.04425966,0.23849132,0.04416573
q_292,q_844,674,0.08457431,0.03832844,0.0845374,0.03832868
q_292,q_848,467,-0.04813925,0.04631625,-0.04228023,0.04634085
q_292,q_85,513,0.30218128,0.04023731,0.3063597,0.04012472
q_292,q_880,528,-0.10095281,0.04319879,-0.10492949,0.04316305
q_292,q_901,468,-0.24474278,0.04359614,-0.2571744,0.04330678
q_292,q_905,505,-0.13736229,0.04379005,-0.11536753,0.04403814
q_292,q_915,455,0.00542797,0.04703466,-0.00218675,0.04703582
q_292,q_917,588,-0.0489202,0.04124597,-0.03654788,0.04128969
q_2951,q_312,495,-0.15823457,0.04395467,-0.1635762,0.04387718
q_2951,q_343,500,0.09958587,0.04441128,0.06789685,0.04464934
q_2951,q_345,500,0.03154517,0.04481149,0.03328521,0.04480643
q_2951,q_348,419,0.2824001,0.04511898,0.29811406,0.04467173
q_2951,q_35,502,0.13848162,0.04390766,0.12560942,0.04405984
q_2951,q_364,496,-0.0337198,0.04498653,-0.04120478,0.04496127
q_2951,q_377,517,0.09005303,0.04375041,0.07493564,0.04386043
q_2951,q_38,481,0.21177839,0.04368754,0.20402398,0.04383502
q_2951,q_381,487,-0.04013183,0.04538134,-0.03470091,0.04539981
q_2951,q_4229,540,0.05422591,0.0430263,0.04453785,0.04306759
q_2951,q_4231,522,0.02999867,0.04385563,0.05058571,0.0437828
q_2951,q_4236,513,-0.05724191,0.04413565,-0.03819267,0.04421615
q_2951,q_4244,512,0.18720923,0.04277078,0.20257438,0.04250532
q_2951,q_4249,514,0.04384355,0.04415236,0.04166672,0.04416059
q_2951,q_4251,534,0.03249789,0.04335047,0.00196859,0.04339614
q_2951,q_4256,488,0.07496648,0.04515247,0.0736377,0.04516144
q_2951,q_4257,550,0.32275293,0.03830295,0.31494494,0.03851584
q_2951,q_4261,489,0.09035149,0.04499062,0.10992791,0.04481277
q_2951,q_4265,518,0.34182381,0.03891652,0.35372567,0.03855174
q_2951,q_4276,520,0.29673719,0.04010738,0.30051648,0.04000811
q_2951,q_4291,519,-0.10698205,0.0435187,-0.13000753,0.04327848
q_2951,q_463,484,0.05259676,0.04546994,0.04293341,0.04551203
q_2951,q_491,423,0.09273082,0.04837542,0.09645211,0.04834106
q_2951,q_497,396,0.12442036,0.04966244,0.13532101,0.04951962
q_2951,q_516,591,0.27295867,0.03816671,0.28068898,0.03799021
q_2951,q_52,396,0.14280304,0.04941465,0.15269878,0.04926714
q_2951,q_530,572,0.02648727,0.04189277,0.03764989,0.04186276
q_2951,q_566,536,-0.09123398,0.04295427,-0.10383919,0.04284776
q_2951,q_594,422,0.04353657,0.0487606,0.06874171,0.04862234
q_2951,q_6,412,0.00686636,0.04944449,0.01505487,0.04943561
q_2951,q_610,417,-0.16347322,0.04783393,-0.16032329,0.04788406
q_2951,q_619,589,-0.00382859,0.04130901,0.00762014,0.04130722
q_2951,q_630,529,0.06472088,0.04341943,0.03956762,0.04353381
q_2951,q_636,417,0.2063197,0.04705522,0.18876563,0.04739608
q_2951,q_660,540,-0.0369222,0.04309436,-0.03241685,0.04310784
q_2951,q_793,500,0.27324818,0.04150697,0.29924662,0.04083933
q_2951,q_808,502,-0.06766392,0.04456119,-0.07725221,0.04449899
q_2951,q_811,387,-0.0148613,0.05101977,0.00880029,0.05102708
q_2951,q_819,439,0.24286011,0.04506664,0.21848221,0.04560525
q_2951,q_82,497,-0.05887584,0.04483617,-0.07638139,0.04472964
q_2951,q_820,406,0.11363648,0.04917029,0.12829844,0.04899359
q_2951,q_844,555,0.16335631,0.04142703,0.19099267,0.04101021
q_2951,q_848,494,0.10437665,0.04463771,0.11356959,0.04454729
q_2951,q_85,541,-0.05235221,0.0429949,-0.00915976,0.04310944
q_2951,q_880,530,0.00553584,0.04355935,-0.01032377,0.04355604
q_2951,q_901,403,-0.26278784,0.04654713,-0.24617672,0.04696985
q_2951,q_905,501,-0.1844991,0.04328571,-0.18681549,0.04324716
q_2951,q_915,436,0.00032689,0.04805693,-0.00203952,0.04805673
q_2951,q_917,497,0.07580639,0.04473357,0.05085901,0.04487575
q_312,q_343,514,-0.26821388,0.04105502,-0.26049833,0.04123547
q_312,q_345,511,-0.13041588,0.0436132,-0.13221827,0.0435922
q_312,q_348,463,-0.03055479,0.04658171,-0.01041818,0.04662018
q_312,q_35,525,0.03067477,0.04372763,0.03313133,0.04372077
q_312,q_364,521,0.1605881,0.04280439,0.16452409,0.04274817
q_312,q_377,544,-0.29543393,0.03924085,-0.27278794,0.03979408
q_312,q_38,530,-0.29766753,0.03970095,-0.2928201,0.03982563
q_312,q_381,522,0.21620761,0.04184322,0.19909041,0.04215526
q_312,q_4229,534,-0.20850877,0.04150961,-0.20220429,0.04162198
q_312,q_4231,515,-0.11587619,0.04360077,-0.10446546,0.04371188
q_312,q_4236,538,-0.02693755,0.0432024,-0.02796037,0.04319997
q_312,q_4244,549,0.09105162,0.04244125,0.09086594,0.0424427
q_312,q_4249,546,0.2390469,0.04046185,0.23455787,0.04055309
q_312,q_4251,523,0.00781153,0.04385023,0.02539109,0.04382463
q_312,q_4256,535,0.10401593,0.04288642,0.10620577,0.04286646
q_312,q_4257,543,-0.44080765,0.03467132,-0.43495759,0.03489179
q_312,q_4261,544,-0.03602523,0.04293756,-0.03011299,0.04295437
q_312,q_4265,541,-0.26684978,0.04004303,-0.25997502,0.04019918
q_312,q_4276,523,-0.05036864,0.04374165,-0.04150761,0.04377735
q_312,q_4291,526,-0.10783981,0.04321843,-0.10687001,0.04322753
q_312,q_463,495,-0.32883524,0.04020849,-0.33100815,0.04014385
q_312,q_491,455,-0.17803954,0.04554509,-0.1806063,0.04550179
q_312,q_497,411,0.10627367,0.04894824,0.11389124,0.04886521
q_312,q_516,567,-0.11702516,0.04153094,-0.11444366,0.0415561
q_312,q_52,424,0.14381214,0.04772904,0.14584695,0.04770032
q_312,q_530,590,-0.06301152,0.04111054,-0.06502665,0.04109989
q_312,q_566,558,0.21277062,0.04052597,0.20715714,0.04062603
q_312,q_594,438,0.24893418,0.04497518,0.24698718,0.04502148
q_312,q_6,439,-0.16389238,0.04660492,-0.16860538,0.04652987
q_312,q_610,454,0.00241498,0.04708789,0.03146783,0.04704153
q_312,q_619,600,-0.02079338,0.04090958,-0.02288184,0.04090585
q_312,q_630,513,0.06558952,0.04409025,0.05964365,0.04412322
q_312,q_636,431,-0.03300889,0.04828416,-0.05699271,0.04817982
q_312,q_660,544,0.14005712,0.04215,0.15309435,0.04198568
q_312,q_793,507,0.0188242,0.04452776,0.03639334,0.04448454
q_312,q_808,529,0.28294991,0.04011126,0.27796373,0.04023321
q_312,q_811,417,0.37239966,0.04233149,0.36843921,0.0424757
q_312,q_819,463,-0.55459555,0.03228442,-0.54743746,0.03265223
q_312,q_82,507,-0.00126869,0.04454347,0.00091519,0.0445435
q_312,q_820,450,-0.2421512,0.04452493,-0.22218199,0.0449635
q_312,q_844,589,-0.16766327,0.04014837,-0.14327295,0.04046165
q_312,q_848,526,0.30587666,0.03963583,0.29955788,0.03980311
q_312,q_85,540,-0.11058838,0.04262543,-0.09620448,0.04275379
q_312,q_880,545,0.35596861,0.03751086,0.33899985,0.0380174
q_312,q_901,427,0.45084742,0.03869295,0.44364124,0.03900599
q_312,q_905,508,0.05994927,0.04433949,0.06110642,0.04433326
q_312,q_915,429,0.29057651,0.04435928,0.28731977,0.04445047
q_312,q_917,546,-0.0538012,0.04278989,-0.05402023,0.04278888
q_343,q_345,512,0.07458841,0.04407763,0.08771046,0.04398323
q_343,q_348,425,0.12266622,0.04794676,0.16731145,0.04731655
q_343,q_35,546,-0.01839008,0.04289959,-0.02669336,0.04288353
q_343,q_364,529,-0.19439151,0.04195443,-0.19337375,0.04197164
q_343,q_377,554,0.55506044,0.02947627,0.55153221,0.0296426
q_343,q_38,537,0.13913797,0.04243647,0.16976596,0.04202705
q_343,q_381,550,-0.5636409,0.02917342,-0.52026595,0.03118361
q_343,q_4229,552,0.21074366,0.04078346,0.2246291,0.04052546
q_343,q_4231,522,0.25278438,0.04109023,0.23644447,0.04144113
q_343,q_4236,528,0.22817291,0.04137137,0.21823512,0.04156498
q_343,q_4244,523,-0.08732396,0.0435185,-0.07221066,0.04362424
q_343,q_4249,542,-0.14443743,0.04217445,-0.14757433,0.042135
q_343,q_4251,540,-0.14143258,0.04228998,-0.1677654,0.04193863
q_343,q_4256,531,-0.10500735,0.04303955,-0.10211666,0.0430656
q_343,q_4257,542,0.24417119,0.04050505,0.2430655,0.04052826
q_343,q_4261,559,0.035151,0.04235705,0.05621597,0.04227542
q_343,q_4265,541,0.17233442,0.04183264,0.15699102,0.04205049
q_343,q_4276,551,0.04163257,0.04264384,0.02883164,0.04268237
q_343,q_4291,550,0.19655202,0.0411051,0.16789573,0.04155164
q_343,q_463,475,0.15021021,0.04499018,0.13966854,0.04513083
q_343,q_491,435,0.06534305,0.0479071,0.07692463,0.04782782
q_343,q_497,427,-0.13492768,0.04768016,-0.12856729,0.04776155
q_343,q_516,606,0.09790152,0.04033283,0.11893653,0.04014708
q_343,q_52,405,-0.21880239,0.0474877,-0.20204924,0.04783936
q_343,q_530,595,0.03312034,0.04105466,0.0457312,0.04101379
q_343,q_566,553,-0.08441322,0.04233631,-0.10811667,0.04214171
q_343,q_594,432,-0.45588909,0.03824609,-0.42356416,0.03961862
q_343,q_6,429,0.2935307,0.04427568,0.30056997,0.04407306
q_343,q_610,482,-0.1008896,0.04522609,-0.09208288,0.04530374
q_343,q_619,596,0.05852073,0.04092444,0.07702137,0.04082147
q_343,q_630,542,-0.19859882,0.04137418,-0.18776508,0.04155448
q_343,q_636,464,-0.05419267,0.04643786,-0.07492473,0.04631319
q_343,q_660,574,-0.15790333,0.04080526,-0.16578334,0.04069852
q_343,q_793,542,0.05841342,0.04292608,0.0707438,0.04285748
q_343,q_808,548,-0.21887422,0.04078323,-0.21402186,0.04087321
q_343,q_811,441,-0.12853806,0.0469924,-0.10794567,0.04722508
q_343,q_819,437,0.27554188,0.0443571,0.25405982,0.04490321
q_343,q_82,528,-0.02442966,0.04361753,-0.02057296,0.04362511
q_343,q_820,404,0.23089006,0.04727543,0.23340378,0.04721715
q_343,q_844,569,0.31316041,0.03791097,0.31975139,0.03773563
q_343,q_848,521,-0.2176431,0.04185622,-0.21443714,0.04191709
q_343,q_85,546,0.11772314,0.04231937,0.1374612,0.04210322
q_343,q_880,548,-0.26591013,0.03980649,-0.26084302,0.03992082
q_343,q_901,422,-0.15913072,0.04761611,-0.15835786,0.04762809
q_343,q_905,549,0.13859498,0.041974,0.10700816,0.042306
q_343,q_915,436,-0.22055967,0.04571913,-0.23538901,0.0453942
q_343,q_917,512,0.04601415,0.04423037,0.02416389,0.04429834
q_345,q_348,431,-0.22236312,0.04594679,-0.18109678,0.04675157
q_345,q_35,526,0.00238412,0.0437267,0.01688963,0.04371447
q_345,q_364,515,-0.0084897,0.04419099,-0.01258,0.04418718
q_345,q_377,523,0.12247811,0.04319507,0.12422526,0.04317617
q_345,q_38,530,-0.00733348,0.04355834,-0.02685997,0.04352926
q_345,q_381,535,0.13197234,0.04260039,0.15291623,0.0423417
q_345,q_4229,555,0.12690928,0.04187731,0.12661387,0.0418805
q_345,q_4231,507,0.03575195,0.0444866,-0.01047682,0.04453865
q_345,q_4236,537,0.31117296,0.03908405,0.30606294,0.03922054
q_345,q_4244,529,-0.19298898,0.04197812,-0.18391769,0.0421272
q_345,q_4249,504,-0.04920352,0.04456854,-0.04248185,0.04459608
q_345,q_4251,542,0.05727138,0.04293177,0.07372852,0.04283891
q_345,q_4256,528,0.10888153,0.04312618,0.11179548,0.04309811
q_345,q_4257,522,0.18126664,0.04245284,0.1787997,0.04249183
q_345,q_4261,551,-0.08343779,0.04242049,-0.08333976,0.04242119
q_345,q_4265,535,0.0975749,0.04294272,0.08479739,0.04304375
q_345,q_4276,554,-0.02770339,0.04256874,-0.0126136,0.04259465
q_345,q_4291,549,0.22941915,0.04054356,0.20330837,0.0410271
q_345,q_463,489,0.03190081,0.04531476,0.04644916,0.04526305
q_345,q_491,450,0.08600577,0.04694851,0.07487052,0.04703324
q_345,q_497,386,0.00986109,0.05109264,0.01278548,0.05108926
q_345,q_516,624,0.01096773,0.04012379,0.01497791,0.04011962
q_345,q_52,403,0.02013399,0.04997973,0.03935347,0.04992257
q_345,q_530,611,0.12656022,0.03990576,0.11330452,0.04003471
q_345,q_566,539,0.06421305,0.04301532,0.06047027,0.04303548
q_345,q_594,423,0.04856871,0.0486799,0.03901982,0.04872071
q_345,q_6,402,0.05374052,0.04991803,0.02793523,0.05002355
q_345,q_610,434,0.09195864,0.04776098,0.10740593,0.04761263
q_345,q_619,579,0.15564858,0.04065723,0.14240801,0.04082166
q_345,q_630,520,-0.00805119,0.0439771,0.01255643,0.04397302
q_345,q_636,434,-0.02638675,0.04813477,-0.00302294,0.04816786
q_345,q_660,536,-0.70137746,0.02200694,-0.70537589,0.0217633
q_345,q_793,524,-0.02240216,0.04378881,-0.00965469,0.04380671
q_345,q_808,519,0.01745292,0.04400914,0.01270462,0.04401544
q_345,q_811,425,-0.10777301,0.04811383,-0.11653735,0.04801813
q_345,q_819,453,0.14478738,0.04615223,0.14053503,0.04620942
q_345,q_82,518,0.27279247,0.04078612,0.28816505,0.04040613
q_345,q_820,415,0.04812102,0.04915238,0.04856331,0.04915027
q_345,q_844,591,0.08311111,0.04095445,0.05221305,0.04112688
q_345,q_848,483,0.06788796,0.04543319,0.07384414,0.04539465
q_345,q_85,528,-0.05271851,0.04352228,-0.04971886,0.04353569
q_345,q_880,540,0.08316087,0.04285475,0.08493543,0.04284188
q_345,q_901,450,-0.07785281,0.0470117,-0.07385997,0.04704035
q_345,q_905,538,-0.00612277,0.04323215,0.00399882,0.04323308
q_345,q_915,440,-0.04588554,0.04773577,-0.04831603,0.04772482
q_345,q_917,506,0.06231424,0.04441466,0.06477515,0.04440071
q_348,q_35,437,-0.03694255,0.04793603,-0.02782476,0.04796437
q_348,q_364,463,-0.00293947,0.04662484,-0.00158362,0.04662512
q_348,q_377,468,0.14475121,0.04540222,0.18122132,0.04485092
q_348,q_38,431,0.06311581,0.04814427,0.06700482,0.04811981
q_348,q_381,445,-0.20545894,0.04555726,-0.17537355,0.04610224
q_348,q_4229,434,0.20197879,0.04620326,0.19912424,0.04625841
q_348,q_4231,438,0.10759511,0.04739127,0.12327268,0.04721773
q_348,q_4236,451,-0.0912709,0.04685199,-0.08244548,0.04692442
q_348,q_4244,435,0.13326252,0.0472581,0.18079712,0.04653984
q_348,q_4249,463,-0.04975034,0.04650984,-0.05949573,0.0464602
q_348,q_4251,460,-0.05047877,0.04665883,-0.09864953,0.0463228
q_348,q_4256,452,0.010496,0.04718772,-0.00293123,0.04719251
q_348,q_4257,462,0.05455977,0.04653706,0.05081655,0.04655547
q_348,q_4261,466,0.09158153,0.04608416,0.07741165,0.04619544
q_348,q_4265,431,0.00457056,0.04833581,0.03786754,0.04826751
q_348,q_4276,437,0.03575811,0.04794016,0.0725202,0.04774909
q_348,q_4291,427,-0.14737172,0.04750955,-0.16289196,0.0472757
q_348,q_463,453,-0.02167016,0.04711832,-0.02879452,0.04710137
q_348,q_491,421,-0.01437516,0.04890149,0.00298216,0.04891116
q_348,q_497,390,-0.01237127,0.05082508,0.02131896,0.05080975
q_348,q_516,634,0.28433141,0.03659101,0.32016429,0.0357287
q_348,q_52,364,0.07256549,0.05235443,0.06475839,0.05241086
q_348,q_530,603,0.02249294,0.04080417,0.06627614,0.0406455
q_348,q_566,479,-0.18431557,0.04427781,-0.20094021,0.04398425
q_348,q_594,408,-0.07759159,0.04939124,-0.05387771,0.04954616
q_348,q_6,407,0.07970613,0.04943578,0.07136257,0.04949849
q_348,q_610,366,-0.71120603,0.02593804,-0.74207396,0.02358351
q_348,q_619,569,-0.08048791,0.04176083,-0.07739472,0.04178136
q_348,q_630,443,-0.03455686,0.0476162,-0.07112791,0.04743194
q_348,q_636,399,0.04206505,0.05016297,0.05791267,0.05008335
q_348,q_660,498,0.06668781,0.04474677,0.05181438,0.04482599
q_348,q_793,431,0.22476867,0.0458948,0.25875586,0.04510045
q_348,q_808,461,-0.04382618,0.04663718,-0.045769,0.04662905
q_348,q_811,412,0.00766415,0.04944391,0.01939184,0.04942822
q_348,q_819,435,0.09164033,0.04770848,0.06732986,0.04789441
q_348,q_82,440,-0.07133887,0.04759304,-0.14029146,0.04689498
q_348,q_820,415,0.07146043,0.04901488,0.06336706,0.04906864
q_348,q_844,582,0.1801219,0.04021026,0.2195582,0.03955522
q_348,q_848,426,-0.06875888,0.04839179,-0.06600228,0.04840985
q_348,q_85,454,0.03640227,0.04702576,0.05169735,0.04696231
q_348,q_880,468,-0.02120366,0.04635304,-0.04529478,0.04627875
q_348,q_901,406,0.01257306,0.04980567,0.03523691,0.0497517
q_348,q_905,422,-0.03308336,0.04879973,-0.02041296,0.04883284
q_348,q_915,371,-0.03875803,0.0520503,-0.02660147,0.05209172
q_348,q_917,476,-0.04459107,0.04588862,-0.05107756,0.04586009
q_35,q_364,515,0.03714845,0.04413319,0.03654456,0.04413515
q_35,q_377,537,0.03130979,0.04323181,0.02762393,0.04324121
q_35,q_38,502,-0.0211462,0.04474613,-0.01351449,0.04475797
q_35,q_381,536,0.08277037,0.04301806,0.08239512,0.04302075
q_35,q_4229,510,-0.04894426,0.04430517,-0.0438584,0.04432613
q_35,q_4231,532,-0.0270806,0.04344638,-0.03689036,0.04341909
q_35,q_4236,530,-0.16120713,0.04242864,-0.16062765,0.04243676
q_35,q_4244,547,0.30893557,0.03878264,0.28698419,0.03934349
q_35,q_4249,544,0.1017513,0.04254823,0.09911581,0.04257099
q_35,q_4251,525,0.11177566,0.04322197,0.10768847,0.04326123
q_35,q_4256,547,0.13904681,0.04204571,0.12872677,0.04216419
q_35,q_4257,529,0.10058076,0.04316097,0.11871491,0.04298758
q_35,q_4261,554,0.23314804,0.0402857,0.22148877,0.04051152
q_35,q_4265,530,0.11893246,0.04294452,0.11694251,0.04296497
q_35,q_4276,543,0.51170245,0.03176537,0.5037475,0.03211299
q_35,q_4291,528,-0.12974707,0.04290887,-0.12083445,0.04300634
q_35,q_463,503,0.17063063,0.04341931,0.17147333,0.04340641
q_35,q_491,411,-0.20317937,0.04746362,-0.20600895,0.0474063
q_35,q_497,437,0.19821814,0.04611554,0.20227433,0.04603756
q_35,q_516,598,-0.07263712,0.0407797,-0.11117602,0.04048929
q_35,q_52,380,0.18182509,0.04979992,0.1710646,0.04999549
q_35,q_530,614,-0.13501006,0.03971826,-0.15308648,0.03950757
q_35,q_566,559,-0.04538409,0.0423221,-0.04534228,0.04232226
q_35,q_594,455,0.06264948,0.04685143,0.06646503,0.04682826
q_35,q_6,443,0.04506346,0.04757632,0.02939245,0.04763194
q_35,q_610,446,0.05181992,0.04738385,0.06679064,0.04729949
q_35,q_619,572,-0.21872697,0.03991656,-0.22440308,0.03981112
q_35,q_630,560,0.15392182,0.0413675,0.15505981,0.0413526
q_35,q_636,467,0.7205673,0.02231978,0.7141087,0.02274994
q_35,q_660,573,0.08941961,0.04155048,0.08833296,0.04155857
q_35,q_793,554,0.16618792,0.04142485,0.15719421,0.04154875
q_35,q_808,527,0.1124556,0.04313275,0.10860373,0.04316995
q_35,q_811,459,0.13657306,0.04595582,0.1295091,0.04604384
q_35,q_819,433,0.04708995,0.04811735,0.03988827,0.04814755
q_35,q_82,511,-0.03648895,0.04430875,-0.02338819,0.04434356
q_35,q_820,452,-0.1320673,0.04636979,-0.12231116,0.04648691
q_35,q_844,583,-0.01393036,0.04151468,-0.04253405,0.04144762
q_35,q_848,522,0.17883247,0.04249132,0.17643418,0.04252872
q_35,q_85,562,-0.18124831,0.04090605,-0.18183551,0.04089703
q_35,q_880,541,0.16494752,0.04194005,0.13972662,0.04227134
q_35,q_901,437,-0.01993254,0.04798246,-0.01311601,0.04799328
q_35,q_905,535,-0.0922366,0.04298665,-0.09576525,0.04295789
q_35,q_915,437,0.06751408,0.04778274,0.07513175,0.04773058
q_35,q_917,519,0.0592418,0.04386804,0.06674995,0.0438264
q_364,q_377,522,-0.12267995,0.04323449,-0.12145927,0.04324757
q_364,q_38,524,-0.03369408,0.04376106,-0.04884423,0.04370627
q_364,q_381,530,0.2388087,0.04107644,0.21896708,0.0414721
q_364,q_4229,531,-0.1814558,0.04208648,-0.17358789,0.04220805
q_364,q_4231,510,-0.12732784,0.04369154,-0.15139744,0.04339359
q_364,q_4236,545,-0.07658697,0.04270173,-0.07078808,0.04273844
q_364,q_4244,495,0.14550243,0.04412902,0.13040882,0.04431677
q_364,q_4249,524,-0.01282218,0.04380359,-0.00788907,0.04380807
q_364,q_4251,531,0.18747035,0.04198992,0.18518768,0.04202694
q_364,q_4256,521,-0.06603294,0.04374589,-0.07152531,0.0437127
q_364,q_4257,514,-0.04089684,0.04416341,-0.04641893,0.04414208
q_364,q_4261,532,0.06507624,0.04329413,0.05063737,0.04336678
q_364,q_4265,503,-0.05242553,0.04459845,-0.07979365,0.04443662
q_364,q_4276,549,-0.03242244,0.04275106,-0.03725798,0.04273664
q_364,q_4291,501,-0.05668923,0.04466706,-0.04818671,0.04470702
q_364,q_463,538,-0.02990892,0.0431951,-0.01798971,0.04321978
q_364,q_491,505,0.06089202,0.0444667,0.03765708,0.04456889
q_364,q_497,477,0.11894149,0.04528172,0.10805035,0.04539528
q_364,q_516,715,0.02337713,0.0374561,0.01493723,0.03746822
q_364,q_52,462,0.10993765,0.04611186,0.12015914,0.04600208
q_364,q_530,712,0.07201902,0.037361,0.06230045,0.03741002
q_364,q_566,560,0.06633501,0.04218491,0.07583012,0.04212772
q_364,q_594,497,0.07879968,0.04471275,0.06702669,0.04479
q_364,q_6,463,-0.23570687,0.04403485,-0.22119164,0.04434407
q_364,q_610,499,0.11772805,0.044279,0.09714254,0.04447761
q_364,q_619,742,-0.00883409,0.03678272,-0.0315895,0.03674889
q_364,q_630,522,0.1757729,0.04253894,0.19501959,0.04222568
q_364,q_636,512,0.04203706,0.04424589,0.04955743,0.04421536
q_364,q_660,539,0.19520749,0.04154749,0.18894224,0.04165145
q_364,q_793,485,-0.11548492,0.04494128,-0.11119108,0.04498561
q_364,q_808,538,-0.01353776,0.04322585,-0.00886398,0.04323037
q_364,q_811,452,0.08426521,0.04685782,0.09601627,0.04675784
q_364,q_819,493,-0.02596125,0.04514495,-0.02110272,0.04515528
q_364,q_82,493,0.10419439,0.04468495,0.10246065,0.04470114
q_364,q_820,474,0.06949092,0.04585506,0.04712337,0.04597525
q_364,q_844,627,-0.20862626,0.03828965,-0.21652284,0.03815525
q_364,q_848,492,0.15882441,0.04408084,0.15659834,0.04411259
q_364,q_85,529,0.08454913,0.04329038,0.06942463,0.04339192
q_364,q_880,543,0.14320278,0.04215067,0.1600679,0.04193056
q_364,q_901,462,0.07735901,0.04639667,0.08703398,0.04632244
q_364,q_905,494,-0.28471532,0.04147105,-0.27207831,0.04178859
q_364,q_915,468,0.14946367,0.04533793,0.15171778,0.04530644
q_364,q_917,506,0.18114717,0.04312468,0.17932694,0.04315394
q_377,q_38,515,0.12236606,0.04353243,0.14262157,0.04329522
q_377,q_381,540,-0.47503323,0.03341539,-0.44951598,0.03443345
q_377,q_4229,534,0.20070615,0.04164817,0.19957009,0.04166791
q_377,q_4231,515,0.15626505,0.04311501,0.12663034,0.04348551
q_377,q_4236,545,0.19818932,0.0412665,0.22092726,0.04085716
q_377,q_4244,553,-0.11981199,0.04202805,-0.10527694,0.04216755
q_377,q_4249,539,-0.06863108,0.04298997,-0.07352298,0.04295993
q_377,q_4251,539,-0.15731097,0.04212452,-0.13723511,0.04237994
q_377,q_4256,528,-0.11919948,0.04302347,-0.12161258,0.04299811
q_377,q_4257,582,0.26332843,0.03867683,0.2507729,0.03894509
q_377,q_4261,559,0.02266619,0.04238766,0.04656049,0.04231751
q_377,q_4265,582,0.07646483,0.04131559,0.05761275,0.04142064
q_377,q_4276,557,0.07609932,0.04223989,0.07454393,0.04224984
q_377,q_4291,587,0.23720591,0.03905196,0.22332484,0.03931649
q_377,q_463,519,0.10493945,0.04353776,0.10999286,0.04348994
q_377,q_491,436,0.17244001,0.04662793,0.19080745,0.0463073
q_377,q_497,427,-0.20859076,0.04645126,-0.19402016,0.04673615
q_377,q_516,609,0.10969107,0.04013345,0.11057159,0.04012557
q_377,q_52,428,-0.10053694,0.04801683,-0.10018537,0.04802025
q_377,q_530,616,0.07670527,0.04015198,0.10715704,0.03992584
q_377,q_566,564,-0.10883061,0.04171997,-0.12784938,0.04152993
q_377,q_594,444,-0.51673967,0.03490381,-0.50108067,0.03566277
q_377,q_6,427,0.25373613,0.04543763,0.26826959,0.04506919
q_377,q_610,495,-0.09884235,0.04464302,-0.06119614,0.04491465
q_377,q_619,634,0.08954819,0.03949014,0.08207684,0.03954119
q_377,q_630,577,-0.22019577,0.03971542,-0.22011989,0.03971681
q_377,q_636,454,0.00346017,0.0470876,0.01374389,0.04707927
q_377,q_660,584,-0.15425045,0.04049988,-0.14275626,0.04064151
q_377,q_793,562,-0.00711711,0.04229335,0.00034255,0.04229549
q_377,q_808,542,-0.17678835,0.04172684,-0.18013276,0.04167542
q_377,q_811,438,-0.21039981,0.04582384,-0.19964801,0.04603522
q_377,q_819,443,0.26348206,0.04436353,0.27399809,0.04409407
q_377,q_82,536,0.02445735,0.0432889,0.01341523,0.04330701
q_377,q_820,433,0.17357876,0.0467713,0.17213224,0.04679542
q_377,q_844,592,0.24553513,0.03872018,0.23072476,0.03901082
q_377,q_848,527,-0.19439862,0.0420343,-0.18731632,0.0421524
q_377,q_85,554,0.00419737,0.04260068,0.02871964,0.04256629
q_377,q_880,560,-0.3404285,0.03746088,-0.31244825,0.0382349
q_377,q_901,444,-0.13948479,0.04669257,-0.13799147,0.0467123
q_377,q_905,546,0.17560366,0.04159078,0.16617848,0.04172902
q_377,q_915,432,-0.21086805,0.04613365,-0.21404413,0.04606849
q_377,q_917,523,0.05522992,0.04371913,0.06121329,0.04368858
q_38,q_381,532,-0.14985413,0.0425019,-0.14102938,0.04261351
q_38,q_4229,562,0.17597118,0.04098578,0.187839,0.04080316
q_38,q_4231,487,0.05093312,0.04533663,0.09844182,0.04501405
q_38,q_4236,523,-0.14014473,0.04299161,-0.11300147,0.04329293
q_38,q_4244,532,0.13209737,0.04271958,0.14385132,0.04257856
q_38,q_4249,548,-0.3527092,0.03750642,-0.33767824,0.03795093
q_38,q_4251,557,0.05956847,0.04233517,0.02063064,0.04246785
q_38,q_4256,528,-0.28272889,0.0401549,-0.25635809,0.04077535
q_38,q_4257,556,0.34536738,0.03745208,0.33618661,0.03771817
q_38,q_4261,541,0.11632253,0.0425297,0.13251383,0.042356
q_38,q_4265,541,0.15362474,0.04209557,0.17284391,0.04182506
q_38,q_4276,542,0.13936093,0.04223651,0.13707637,0.04226371
q_38,q_4291,531,-0.0273431,0.04348688,-0.07218532,0.04329265
q_38,q_463,506,0.00960319,0.04458368,-0.02182456,0.04456656
q_38,q_491,435,0.30959378,0.04350102,0.31366569,0.04337892
q_38,q_497,398,-0.19122229,0.04847563,-0.20734946,0.04815221
q_38,q_516,582,0.30941703,0.03757981,0.35125583,0.03643106
q_38,q_52,424,-0.21971517,0.04638425,-0.21997759,0.04637863
q_38,q_530,596,-0.05708356,0.04093127,-0.03895629,0.04100276
q_38,q_566,554,-0.52085967,0.03104389,-0.52105316,0.0310353
q_38,q_594,433,-0.14423835,0.04722099,-0.12582494,0.0474608
q_38,q_6,406,0.10198624,0.04929543,0.15204046,0.04866204
q_38,q_610,463,0.0185281,0.04660923,-0.01198954,0.04661854
q_38,q_619,593,-0.00316165,0.04116894,0.02925688,0.04113411
q_38,q_630,543,-0.01803319,0.04301915,-0.04993931,0.04292583
q_38,q_636,440,0.11462795,0.04720794,0.07348129,0.04757819
q_38,q_660,546,-0.09639982,0.04251531,-0.08932081,0.04257173
q_38,q_793,510,-0.0729079,0.04417549,-0.02284953,0.04438837
q_38,q_808,523,-0.35685532,0.03826842,-0.3356419,0.03891263
q_38,q_811,425,-0.2566661,0.04547237,-0.26953259,0.0451428
q_38,q_819,457,0.40831327,0.03910778,0.43253753,0.03815182
q_38,q_82,562,-0.16211608,0.0411839,-0.16217127,0.04118314
q_38,q_820,471,0.3436767,0.04076521,0.36890501,0.03993421
q_38,q_844,578,0.15988674,0.0406368,0.20433559,0.03996166
q_38,q_848,501,-0.19686673,0.04307435,-0.20090659,0.04300234
q_38,q_85,561,0.37867017,0.03626315,0.38724603,0.03598508
q_38,q_880,537,-0.27430053,0.04001825,-0.28843095,0.03967414
q_38,q_901,432,-0.40606603,0.04031951,-0.398614,0.04060902
q_38,q_905,549,-0.12924767,0.04208114,-0.13829732,0.04197753
q_38,q_915,451,-0.25138402,0.04425993,-0.27444079,0.04368713
q_38,q_917,494,-0.06724894,0.04492527,-0.06077012,0.04496271
q_381,q_4229,529,-0.20945756,0.04168914,-0.22587946,0.04137743
q_381,q_4231,523,-0.18800002,0.04230296,-0.23156575,0.04150139
q_381,q_4236,543,-0.01668032,0.04302118,-0.04920399,0.04292896
q_381,q_4244,544,0.13373107,0.04222446,0.11826997,0.04239198
q_381,q_4249,555,0.120459,0.04194522,0.12279853,0.041921
q_381,q_4251,574,0.21755645,0.03986796,0.21870669,0.03984696
q_381,q_4256,536,0.1931322,0.04169916,0.18656115,0.04180723
q_381,q_4257,553,-0.17036887,0.04140249,-0.15767065,0.04158011
q_381,q_4261,549,0.05186628,0.04268092,0.06853445,0.04259504
q_381,q_4265,547,-0.07628157,0.04262516,-0.10579778,0.04239474
q_381,q_4276,495,-0.02949679,0.04504426,0.00307922,0.04508305
q_381,q_4291,521,-0.03537986,0.04388248,-0.04824858,0.04383519
q_381,q_463,491,-0.11576752,0.04466119,-0.11512729,0.04466788
q_381,q_491,454,-0.10889167,0.04652982,-0.12406323,0.04636339
q_381,q_497,412,0.14779439,0.04836674,0.1170631,0.04876921
q_381,q_516,607,-0.06303562,0.04052774,-0.07554388,0.04045721
q_381,q_52,438,0.14183085,0.04698184,0.16708108,0.04660786
q_381,q_530,589,0.02089359,0.04129159,0.00883713,0.04130639
q_381,q_566,546,0.19935561,0.04120859,0.18876939,0.04138491
q_381,q_594,456,0.39663947,0.03959243,0.39441235,0.0396752
q_381,q_6,403,-0.21999742,0.04758006,-0.22432883,0.04748383
q_381,q_610,450,0.13431732,0.04644506,0.14521004,0.04630105
q_381,q_619,617,-0.01157026,0.04035131,-0.00564808,0.04035543
q_381,q_630,546,0.31155498,0.03874859,0.29134009,0.0392716
q_381,q_636,440,0.03943511,0.0477621,0.02895875,0.04779637
q_381,q_660,559,-0.00050657,0.04240944,-0.00539291,0.04240821
q_381,q_793,521,-0.0139477,0.04392893,0.00669415,0.04393551
q_381,q_808,542,0.27887819,0.03972313,0.26338552,0.04008499
q_381,q_811,421,0.15783823,0.04769307,0.16684722,0.04755
q_381,q_819,446,-0.23314156,0.04492895,-0.19477001,0.04570907
q_381,q_82,531,0.09909538,0.04309206,0.08543482,0.04320176
q_381,q_820,421,-0.14897147,0.04782613,-0.12629171,0.04813148
q_381,q_844,586,-0.14502799,0.04054467,-0.14232079,0.04057688
q_381,q_848,488,0.27404722,0.04199746,0.29696936,0.04140312
q_381,q_85,512,-0.06036295,0.04416272,-0.06170854,0.04415544
q_381,q_880,562,0.37117014,0.03646856,0.36778526,0.03657435
q_381,q_901,470,0.12956337,0.04549769,0.1406115,0.04535956
q_381,q_905,517,-0.14018291,0.04324133,-0.14548757,0.04317449
q_381,q_915,426,0.25048786,0.04557094,0.26065071,0.04531837
q_381,q_917,530,0.03729947,0.04350008,0.0404144,0.04348954
q_4229,q_4231,550,0.26126478,0.03983836,0.2638511,0.03978029
q_4229,q_4236,547,0.18421001,0.04141977,0.17452223,0.04156877
q_4229,q_4244,554,-0.08652911,0.04228246,-0.077199,0.04234754
q_4229,q_4249,553,0.02724818,0.04260848,0.02513691,0.0426132
q_4229,q_4251,564,-0.11260329,0.0416847,-0.1168505,0.04164356
q_4229,q_4256,512,-0.05752006,0.04417757,-0.04149419,0.0442479
q_4229,q_4257,570,0.19144338,0.04045687,0.18836395,0.04050599
q_4229,q_4261,563,-0.09799821,0.04185188,-0.09009211,0.04191472
q_4229,q_4265,535,0.06681698,0.04316194,0.06857923,0.04315159
q_4229,q_4276,550,0.02117919,0.04273773,0.02032642,0.04273925
q_4229,q_4291,521,-0.01150578,0.04393166,-0.01195149,0.0439312
q_4229,q_463,488,-0.03005114,0.04536665,-0.03834008,0.04534091
q_4229,q_491,432,0.11413183,0.04765155,0.14787715,0.04722467
q_4229,q_497,438,-0.06865704,0.04772032,-0.07041193,0.04770862
q_4229,q_516,605,0.18552312,0.03935415,0.19718351,0.03917227
q_4229,q_52,428,-0.06977683,0.04827095,-0.07064421,0.04826505
q_4229,q_530,608,0.03914124,0.0405935,0.04520778,0.04057269
q_4229,q_566,542,-0.15495195,0.04203886,-0.14853987,0.04212268
q_4229,q_594,437,-0.12782412,0.04721724,-0.10732289,0.04744864
q_4229,q_6,412,0.18511643,0.04775237,0.20264569,0.04741627
q_4229,q_610,470,-0.1147923,0.04566471,-0.10680324,0.04574663
q_4229,q_619,592,0.08955495,0.04087382,0.09516396,0.04083113
q_4229,q_630,563,-0.06502192,0.04207905,-0.08847262,0.04192694
q_4229,q_636,469,-0.21769357,0.04412878,-0.2154673,0.04417346
q_4229,q_660,573,-0.23203499,0.03963027,-0.22910508,0.03968686
q_4229,q_793,529,0.06775117,0.04340193,0.07574405,0.04335192
q_4229,q_808,539,-0.00931313,0.04318967,-0.00976284,0.0431893
q_4229,q_811,427,-0.12873872,0.04775941,-0.14684154,0.04751713
q_4229,q_819,483,0.18741554,0.04404034,0.20314157,0.04376
q_4229,q_82,536,-0.01813231,0.04330057,-0.02434863,0.04328913
q_4229,q_820,439,0.14342496,0.04690616,0.14258879,0.04691761
q_4229,q_844,540,0.2258042,0.04095291,0.22060739,0.04105302
q_4229,q_848,525,-0.16396745,0.04259207,-0.16661573,0.04255375
q_4229,q_85,521,0.01307936,0.04392996,0.03414149,0.04388626
q_4229,q_880,552,-0.15754995,0.04161958,-0.15989951,0.04158775
q_4229,q_901,439,-0.17527689,0.04642,-0.17055865,0.04649814
q_4229,q_905,520,0.03934346,0.04391187,0.02555737,0.04395122
q_4229,q_915,455,-0.15823418,0.04585835,-0.17067439,0.0456659
q_4229,q_917,537,-0.02575682,0.04324552,-0.01157088,0.04326844
q_4231,q_4236,498,0.19182448,0.04329277,0.17869189,0.04351148
q_4231,q_4244,531,-0.11460113,0.04294786,-0.09003489,0.04316663
q_4231,q_4249,535,0.04740314,0.04325808,0.03598681,0.04329935
q_4231,q_4251,547,-0.26331514,0.03990194,-0.24945899,0.04020657
q_4231,q_4256,537,0.07811364,0.04301018,0.04670444,0.04317984
q_4231,q_4257,547,0.15298916,0.04187114,0.15516706,0.04184236
q_4231,q_4261,525,-0.10441611,0.04329161,-0.09204466,0.04339799
q_4231,q_4265,512,0.1820659,0.04285496,0.18106853,0.04287102
q_4231,q_4276,519,-0.04539539,0.04393183,-0.05986088,0.0438648
q_4231,q_4291,533,0.03986063,0.04336821,0.02361077,0.04341301
q_4231,q_463,454,0.08842969,0.04671994,0.04049074,0.04701096
q_4231,q_491,452,0.11158655,0.04660529,0.16340513,0.04593281
q_4231,q_497,429,-0.01199269,0.04844319,0.0006107,0.04845014
q_4231,q_516,617,0.04157291,0.04028697,0.0636816,0.04019306
q_4231,q_52,405,0.00657401,0.04987331,0.00737873,0.04987275
q_4231,q_530,618,0.09938856,0.03992557,0.12459913,0.03969787
q_4231,q_566,534,0.01244889,0.04338958,0.02166355,0.04337594
q_4231,q_594,436,-0.11914014,0.0473748,-0.07123955,0.04781304
q_4231,q_6,406,0.14217118,0.04880668,0.20165887,0.04778782
q_4231,q_610,459,-0.08265341,0.04650937,-0.1409021,0.04589957
q_4231,q_619,589,0.02866973,0.04127566,0.0593548,0.04116409
q_4231,q_630,524,-0.12561734,0.04311947,-0.17687464,0.04244019
q_4231,q_636,440,-0.02099877,0.04781539,-0.0398451,0.04776054
q_4231,q_660,557,-0.05192451,0.04237138,-0.05580172,0.04235363
q_4231,q_793,486,0.19368082,0.04379471,0.17222811,0.04415188
q_4231,q_808,507,-0.03024532,0.04450279,-0.01866735,0.04452802
q_4231,q_811,436,-0.04273391,0.04796917,-0.07230328,0.0478057
q_4231,q_819,452,0.07291635,0.046942,0.11518587,0.04656677
q_4231,q_82,503,0.0983388,0.04428888,0.04256806,0.04464032
q_4231,q_820,442,0.03603033,0.04766544,0.08738133,0.04736297
q_4231,q_844,540,0.34600115,0.03798702,0.31949178,0.03874832
q_4231,q_848,498,-0.11738444,0.04432733,-0.15086401,0.04392367
q_4231,q_85,540,-0.10567497,0.04267128,-0.04532131,0.04306455
q_4231,q_880,536,-0.17879826,0.04193008,-0.16820761,0.04208927
q_4231,q_901,403,0.00656727,0.04999784,-0.02222704,0.0499753
q_4231,q_905,498,0.11173749,0.04438549,0.11196096,0.04438324
q_4231,q_915,440,-0.07640865,0.0475572,-0.07466509,0.0475698
q_4231,q_917,546,0.02555101,0.04288609,0.01729802,0.04290127
q_4236,q_4244,568,-0.4643397,0.03299948,-0.46158775,0.03310668
q_4236,q_4249,525,0.06025173,0.04360992,0.05287505,0.04364644
q_4236,q_4251,539,-0.1271974,0.04249459,-0.11918781,0.04257983
q_4236,q_4256,526,0.10952067,0.04320245,0.08535084,0.04340841
q_4236,q_4257,536,0.007229,0.04331254,0.00746156,0.0433124
q_4236,q_4261,555,-0.21107925,0.04066646,-0.20086876,0.04084549
q_4236,q_4265,521,-0.00597965,0.04393591,-0.00072277,0.04393745
q_4236,q_4276,532,-0.15901904,0.04237882,-0.12842083,0.04276122
q_4236,q_4291,534,0.40232485,0.03637195,0.37996488,0.03713104
q_4236,q_463,493,0.01249361,0.04516834,0.01074095,0.04517018
q_4236,q_491,456,0.14083237,0.04605223,0.15308639,0.04588301
q_4236,q_497,405,-0.0757718,0.04958911,-0.07714015,0.04957868
q_4236,q_516,620,-0.11250965,0.03974888,-0.06813415,0.04007159
q_4236,q_52,441,-0.00286455,0.04778146,-0.01117063,0.04777589
q_4236,q_530,589,0.30100472,0.03756681,0.30107646,0.03756502
q_4236,q_566,554,0.15067889,0.0416342,0.14147404,0.04174877
q_4236,q_594,452,-0.07610007,0.04691961,-0.07643501,0.0469172
q_4236,q_6,405,0.11310227,0.04923745,0.08789037,0.04949019
q_4236,q_610,453,0.10984944,0.04657161,0.05900832,0.04697631
q_4236,q_619,614,0.25721637,0.03777911,0.27177534,0.03746754
q_4236,q_630,551,-0.12398595,0.0420612,-0.14901756,0.04176928
q_4236,q_636,427,-0.25715021,0.04535292,-0.26259618,0.04521546
q_4236,q_660,579,-0.23526706,0.03936039,-0.23468463,0.0393718
q_4236,q_793,504,0.03010507,0.04463621,0.01288822,0.04466928
q_4236,q_808,561,0.09714709,0.04193385,0.08156005,0.04205177
q_4236,q_811,427,-0.113564,0.04793797,-0.11805085,0.0478875
q_4236,q_819,484,0.06670386,0.0453932,0.08359121,0.04527747
q_4236,q_82,527,0.26656936,0.04058097,0.25687617,0.04080262
q_4236,q_820,446,0.05950739,0.04734319,0.10185233,0.04701856
q_4236,q_844,588,0.12784144,0.04066919,0.09639407,0.04096074
q_4236,q_848,501,-0.03954153,0.04474101,-0.04072325,0.04473676
q_4236,q_85,530,-0.14525095,0.04264165,-0.13013196,0.04282301
q_4236,q_880,553,-0.12426936,0.04198166,-0.12682275,0.04195432
q_4236,q_901,455,0.05603067,0.04688838,0.05087609,0.0469143
q_4236,q_905,499,0.24618499,0.04217999,0.2370938,0.04237727
q_4236,q_915,460,-0.01900558,0.04676113,-0.02652677,0.04674511
q_4236,q_917,522,0.05903316,0.04374216,0.03891865,0.04382864
q_4244,q_4249,550,-0.00254766,0.04275663,-0.01292108,0.04274977
q_4244,q_4251,542,0.13836341,0.04224844,0.12378233,0.04241308
q_4244,q_4256,538,-0.07633546,0.04298184,-0.07369395,0.04299898
q_4244,q_4257,536,0.06214466,0.04314753,0.06554484,0.04312872
q_4244,q_4261,555,0.3109748,0.03844677,0.30637627,0.03856761
q_4244,q_4265,552,0.0543837,0.04255273,0.07072545,0.04246548
q_4244,q_4276,525,0.33785492,0.03877278,0.32942762,0.03901891
q_4244,q_4291,544,-0.54931938,0.03002004,-0.561416,0.02944237
q_4244,q_463,513,-0.06554561,0.0440905,-0.06435204,0.04409737
q_4244,q_491,433,-0.2332086,0.04560154,-0.18583332,0.0465589
q_4244,q_497,400,0.12227116,0.04943823,0.11103048,0.04956985
q_4244,q_516,610,0.2946455,0.037065,0.28521692,0.03728691
q_4244,q_52,412,0.16798811,0.04805143,0.152839,0.04829175
q_4244,q_530,606,-0.11064914,0.04022457,-0.10619263,0.04026392
q_4244,q_566,568,-0.20338471,0.04033006,-0.21575374,0.04011196
q_4244,q_594,440,0.11293927,0.04722632,0.11087461,0.04724842
q_4244,q_6,405,0.04709378,0.04976485,0.07585699,0.04958847
q_4244,q_610,468,-0.1254786,0.04564374,-0.13463823,0.04553325
q_4244,q_619,605,-0.36393961,0.03535862,-0.3540434,0.03564821
q_4244,q_630,528,0.15608211,0.04258035,0.11953258,0.04302
q_4244,q_636,464,0.31059466,0.04208163,0.27870352,0.04295693
q_4244,q_660,557,0.28882544,0.03894175,0.29256712,0.03884932
q_4244,q_793,510,0.04423284,0.04432467,0.07838498,0.04413869
q_4244,q_808,531,0.03117551,0.04347712,0.02452797,0.04349323
q_4244,q_811,397,0.12132952,0.04963765,0.1056436,0.04981701
q_4244,q_819,446,-0.05334051,0.04737625,-0.04779542,0.0474029
q_4244,q_82,513,-0.36538171,0.0383691,-0.37019895,0.03821219
q_4244,q_820,448,0.09851486,0.04694448,0.09407858,0.04698498
q_4244,q_844,564,-0.04436968,0.04213692,-0.02202304,0.04219956
q_4244,q_848,522,0.18377932,0.04241258,0.17529907,0.04254624
q_4244,q_85,543,0.08261637,0.04273943,0.09231211,0.04266644
q_4244,q_880,532,0.13592649,0.04267496,0.11060218,0.0429464
q_4244,q_901,421,-0.01000064,0.04890671,-0.00071475,0.04891157
q_4244,q_905,523,-0.20956799,0.04192694,-0.20659322,0.04198123
q_4244,q_915,430,0.05237939,0.04826062,0.03981552,0.04831667
q_4244,q_917,492,-0.18703807,0.04363957,-0.18207684,0.04372238
q_4249,q_4251,532,-0.02561235,0.04344974,-0.02184898,0.04345751
q_4249,q_4256,560,0.50096496,0.03173759,0.5077397,0.03144804
q_4249,q_4257,552,-0.22274215,0.04056148,-0.22748662,0.04047032
q_4249,q_4261,544,0.05626269,0.04285726,0.05535238,0.04286163
q_4249,q_4265,553,-0.10453148,0.04217422,-0.10139226,0.04220179
q_4249,q_4276,552,-0.03149198,0.04263663,-0.02645086,0.0426491
q_4249,q_4291,519,-0.01790299,0.04400844,-0.02311719,0.04399902
q_4249,q_463,496,0.11022386,0.04449056,0.12002447,0.04438893
q_4249,q_491,404,-0.30881867,0.04517512,-0.28134639,0.04598477
q_4249,q_497,401,0.3121078,0.04524268,0.3083213,0.04536044
q_4249,q_516,580,-0.16850176,0.04044854,-0.17170822,0.04040312
q_4249,q_52,430,0.41991466,0.03986027,0.41707801,0.03997516
q_4249,q_530,587,0.04560691,0.04129422,0.05214915,0.04126776
q_4249,q_566,524,0.21464703,0.04179229,0.21294835,0.04182411
q_4249,q_594,420,0.16392793,0.04765427,0.17004225,0.04755427
q_4249,q_6,399,-0.13777236,0.04929805,-0.15883982,0.04898403
q_4249,q_610,462,0.04700222,0.04657289,0.01769549,0.04666139
q_4249,q_619,604,-0.04265905,0.04071662,-0.03509057,0.04074062
q_4249,q_630,538,0.16271596,0.04208909,0.16636363,0.0420372
q_4249,q_636,422,0.04333075,0.04876147,0.04560918,0.04875157
q_4249,q_660,611,0.03005772,0.04051871,0.01652951,0.04054427
q_4249,q_793,526,0.26515814,0.04065256,0.27211842,0.04048903
q_4249,q_808,516,0.47637715,0.03413165,0.47927621,0.03400932
q_4249,q_811,421,0.42460283,0.04009345,0.42522565,0.04006756
q_4249,q_819,460,-0.26905817,0.04339166,-0.27491919,0.04324252
q_4249,q_82,506,0.13459164,0.04378009,0.13854177,0.04373199
q_4249,q_820,426,-0.40582649,0.04061391,-0.41305308,0.04032618
q_4249,q_844,577,0.05948408,0.04159151,0.04751874,0.04164495
q_4249,q_848,533,0.38367257,0.03704306,0.374503,0.03734505
q_4249,q_85,541,-0.4380727,0.03483933,-0.43622052,0.03490915
q_4249,q_880,560,0.40448476,0.03543907,0.40852358,0.03529994
q_4249,q_901,422,0.35625451,0.04265288,0.36418326,0.04237382
q_4249,q_905,524,0.06046915,0.0436506,0.0595205,0.04365559
q_4249,q_915,438,0.22938599,0.04542349,0.22597004,0.04549807
q_4249,q_917,520,0.10835712,0.04346357,0.10436461,0.04350092
q_4251,q_4256,547,-0.01529129,0.04286462,-0.0132193,0.04286715
q_4251,q_4257,548,0.01154878,0.04282958,0.00053763,0.04283528
q_4251,q_4261,558,0.21121103,0.04055404,0.21422903,0.04049954
q_4251,q_4265,534,0.13669857,0.04258538,0.11781057,0.04279399
q_4251,q_4276,569,0.26283806,0.03912932,0.25171362,0.03936993
q_4251,q_4291,534,-0.11066618,0.04286483,-0.086115,0.04307449
q_4251,q_463,485,0.08722111,0.04520224,0.10460174,0.04505038
q_4251,q_491,452,-0.00075077,0.04719289,-0.04920896,0.04707864
q_4251,q_497,422,0.13452209,0.04796914,0.13757956,0.0479285
q_4251,q_516,620,0.00365966,0.04025794,-0.01468643,0.0402498
q_4251,q_52,427,0.06763258,0.04834215,0.06775984,0.04834132
q_4251,q_530,613,-0.03928952,0.04042632,-0.04058397,0.04042213
q_4251,q_566,570,-0.0363125,0.04194068,-0.02327868,0.0419733
q_4251,q_594,452,0.16735216,0.0458712,0.18217647,0.04562667
q_4251,q_6,436,-0.04533136,0.04795818,-0.04994501,0.04793705
q_4251,q_610,483,0.2018163,0.04378449,0.16738913,0.04436465
q_4251,q_619,600,-0.06873512,0.04073391,-0.08077399,0.04066025
q_4251,q_630,563,0.37770515,0.03622918,0.41324569,0.03504128
q_4251,q_636,458,0.24538359,0.04405789,0.23837311,0.04421688
q_4251,q_660,577,0.06809475,0.04154565,0.05886116,0.04159458
q_4251,q_793,532,-0.13072374,0.04273527,-0.15131875,0.04248272
q_4251,q_808,527,0.08520201,0.04336808,0.0717181,0.04346051
q_4251,q_811,458,0.06464996,0.04668478,0.05961233,0.04671413
q_4251,q_819,453,-0.03961949,0.04706646,-0.04279542,0.04705412
q_4251,q_82,536,0.01003869,0.04331044,0.01483173,0.04330528
q_4251,q_820,429,-0.04415163,0.04835571,-0.08463503,0.04810311
q_4251,q_844,567,-0.18986682,0.04058964,-0.21225492,0.04021056
q_4251,q_848,515,0.13775547,0.04335552,0.15051658,0.04319294
q_4251,q_85,540,0.073592,0.04291948,0.05939099,0.04300097
q_4251,q_880,558,0.21529598,0.04048009,0.22771959,0.04024646
q_4251,q_901,433,0.07889225,0.04792413,0.08796389,0.04785114
q_4251,q_905,499,-0.18125753,0.04342612,-0.18223101,0.04341024
q_4251,q_915,445,0.12377511,0.04683644,0.1248806,0.04682336
q_4251,q_917,523,0.06735184,0.04365397,0.08500653,0.04353602
q_4256,q_4257,562,-0.15752901,0.04124591,-0.15803834,0.04123912
q_4256,q_4261,558,-0.11380339,0.04189789,-0.1148089,0.04188813
q_4256,q_4265,559,0.041888,0.04233503,0.06682464,0.04222007
q_4256,q_4276,545,-0.02336349,0.04293023,-0.02870235,0.04291829
q_4256,q_4291,560,0.0744428,0.04213655,0.07783748,0.04211465
q_4256,q_463,481,0.17767531,0.04429503,0.16879246,0.04443579
q_4256,q_491,428,-0.12951613,0.04769345,-0.14621846,0.04747005
q_4256,q_497,430,0.29410724,0.04420741,0.29689018,0.04412782
q_4256,q_516,633,-0.14830786,0.03896464,-0.11719492,0.03929375
q_4256,q_52,397,0.36080863,0.04382075,0.35683141,0.04396455
q_4256,q_530,611,0.1312684,0.03985653,0.12089569,0.03996261
q_4256,q_566,548,0.31105684,0.03869071,0.30440888,0.03886597
q_4256,q_594,457,0.23777832,0.04427884,0.23949078,0.04424048
q_4256,q_6,439,-0.12566719,0.047135,-0.09428668,0.04746556
q_4256,q_610,436,-0.03328653,0.04800369,-0.02867172,0.04801743
q_4256,q_619,613,0.01227276,0.04048272,0.01323945,0.04048172
q_4256,q_630,549,0.21151242,0.04088146,0.18910923,0.04126556
q_4256,q_636,416,0.07299441,0.0489446,0.03945993,0.04913016
q_4256,q_660,558,-0.03960162,0.04238107,-0.03928105,0.04238214
q_4256,q_793,535,0.34939435,0.03806281,0.36212857,0.03766998
q_4256,q_808,539,0.70000831,0.02202814,0.69575898,0.02228433
q_4256,q_811,463,0.36336323,0.04046918,0.37602873,0.04003254
q_4256,q_819,478,-0.23638059,0.04331939,-0.23944781,0.04325242
q_4256,q_82,518,0.14745909,0.0431071,0.13826353,0.04322288
q_4256,q_820,446,-0.40779838,0.03961031,-0.39571893,0.04007145
q_4256,q_844,604,0.05298012,0.04067636,0.04829062,0.04069573
q_4256,q_848,516,0.28433371,0.04058166,0.28632677,0.04053144
q_4256,q_85,540,-0.31289757,0.03892828,-0.30615563,0.03910838
q_4256,q_880,563,0.39174167,0.03577278,0.39888273,0.0355342
q_4256,q_901,447,0.13457762,0.04659838,0.13267659,0.04662249
q_4256,q_905,531,0.01757676,0.04350597,0.0186537,0.04350427
q_4256,q_915,419,0.20865874,0.04689438,0.2030931,0.04700674
q_4256,q_917,533,0.22258101,0.04128524,0.21556772,0.04141872
q_4257,q_4261,590,0.15705136,0.04025638,0.14952518,0.04035161
q_4257,q_4265,551,0.3260268,0.03817725,0.31441819,0.03849484
q_4257,q_4276,560,0.22193838,0.04028429,0.22769216,0.04017467
q_4257,q_4291,559,0.06494777,0.04223055,0.06178197,0.04224757
q_4257,q_463,505,0.28534756,0.04099809,0.27844558,0.04117176
q_4257,q_491,445,0.28249605,0.04376926,0.26759458,0.04415916
q_4257,q_497,412,-0.03297645,0.04939305,-0.03042902,0.04940103
q_4257,q_516,615,0.23008218,0.03828272,0.23635318,0.03816448
q_4257,q_52,425,-0.15371489,0.04752903,-0.15503801,0.04750915
q_4257,q_530,582,0.07483884,0.04132582,0.08538129,0.04125562
q_4257,q_566,564,-0.20282027,0.04048327,-0.20769535,0.04039877
q_4257,q_594,475,-0.21190215,0.04396192,-0.2081742,0.04403401
q_4257,q_6,436,0.15522034,0.04689908,0.16353967,0.04677164
q_4257,q_610,476,-0.01880437,0.04596379,-0.00181185,0.0459799
q_4257,q_619,584,0.06885255,0.04129031,0.04855819,0.04138917
q_4257,q_630,548,-0.07883851,0.04256905,-0.06847308,0.04263446
q_4257,q_636,481,0.13156469,0.04494723,0.12432479,0.04503196
q_4257,q_660,582,-0.12383474,0.04092128,-0.12819251,0.04087564
q_4257,q_793,521,0.10667521,0.04343749,0.09735622,0.04352103
q_4257,q_808,554,-0.22983224,0.0403511,-0.22472684,0.04044997
q_4257,q_811,448,-0.2487708,0.04447083,-0.23640702,0.04475519
q_4257,q_819,454,0.58287564,0.03109024,0.57213369,0.03167447
q_4257,q_82,533,0.05161503,0.0433215,0.04515925,0.04334864
q_4257,q_820,411,0.16465663,0.04816514,0.15099542,0.04837863
q_4257,q_844,585,0.2547488,0.03876127,0.23541079,0.03915417
q_4257,q_848,499,-0.11548751,0.04430246,-0.11951416,0.04425997
q_4257,q_85,553,0.10856612,0.04213756,0.09988966,0.04221468
q_4257,q_880,556,-0.20354168,0.04076258,-0.21030642,0.04064353
q_4257,q_901,432,-0.57953174,0.03206512,-0.57338335,0.03240736
q_4257,q_905,526,-0.13638318,0.04291361,-0.13892268,0.04288304
q_4257,q_915,429,-0.12863905,0.0476484,-0.12321216,0.04771462
q_4257,q_917,510,0.07101946,0.04418756,0.0690814,0.04419962
q_4261,q_4265,568,0.07737072,0.04181847,0.08521496,0.04176482
q_4261,q_4276,532,0.29254329,0.03975732,0.29034927,0.03981293
q_4261,q_4291,543,-0.16378454,0.04187877,-0.17889097,0.041656
q_4261,q_463,521,0.09707618,0.04352342,0.08731198,0.04360253
q_4261,q_491,434,-0.01825816,0.04815225,-0.02949974,0.04812639
q_4261,q_497,416,0.01051265,0.04920135,0.01364894,0.04919762
q_4261,q_516,623,0.08457073,0.03987373,0.07725426,0.03992128
q_4261,q_52,443,0.00065066,0.04767311,-0.00212193,0.04767291
q_4261,q_530,596,-0.16766307,0.0399107,-0.16474739,0.0399505
q_4261,q_566,573,-0.14924289,0.04095246,-0.1500145,0.04094279
q_4261,q_594,434,0.03082781,0.04812253,0.03148464,0.04812056
q_4261,q_6,442,0.20447561,0.0457319,0.18801872,0.04604018
q_4261,q_610,432,-0.05109753,0.0481544,-0.06463894,0.04807873
q_4261,q_619,614,-0.10411442,0.04001714,-0.12646177,0.03980868
q_4261,q_630,573,0.08789921,0.04156177,0.08325345,0.04159508
q_4261,q_636,438,0.26149056,0.04466789,0.25413692,0.04484969
q_4261,q_660,577,0.19086069,0.04021873,0.18208698,0.0403553
q_4261,q_793,550,-0.04200738,0.04268146,-0.03915935,0.04269135
q_4261,q_808,544,-0.08262897,0.04269982,-0.07710278,0.04273777
q_4261,q_811,451,0.07305632,0.0469934,0.07118376,0.04700616
q_4261,q_819,464,0.0177516,0.04655997,0.01776968,0.04655994
q_4261,q_82,540,-0.24585778,0.04054475,-0.25123228,0.04042946
q_4261,q_820,425,0.07962046,0.04837064,0.10435692,0.0481491
q_4261,q_844,591,-0.10997199,0.04074056,-0.10069529,0.04082116
q_4261,q_848,499,0.16002347,0.04375151,0.16665098,0.0436543
q_4261,q_85,556,0.158291,0.04145883,0.15642362,0.04148383
q_4261,q_880,586,0.0202704,0.04139875,0.0214137,0.04139678
q_4261,q_901,434,-0.07811874,0.04787436,-0.0704036,0.04792955
q_4261,q_905,543,-0.07588401,0.04278535,-0.07256219,0.04280657
q_4261,q_915,452,-0.10160683,0.0467057,-0.1019381,0.04670252
q_4261,q_917,545,-0.05913891,0.04280345,-0.06243575,0.04278623
q_4265,q_4276,530,0.21540386,0.04153952,0.21740662,0.04150176
q_4265,q_4291,534,-0.04767588,0.04329766,-0.04881211,0.04329291
q_4265,q_463,541,0.19272263,0.04151176,0.18272897,0.04167352
q_4265,q_491,455,0.11712001,0.04639085,0.14270287,0.0460782
q_4265,q_497,429,0.05071236,0.04832556,0.0477463,0.04833971
q_4265,q_516,595,0.14221492,0.0402685,0.15284004,0.04013965
q_4265,q_52,383,-0.07315164,0.05102441,-0.03883901,0.05122153
q_4265,q_530,631,0.02699222,0.03987527,0.05548142,0.03978151
q_4265,q_566,571,-0.01048586,0.04195445,-0.03176618,0.04191673
q_4265,q_594,434,-0.01050055,0.04816299,0.00310994,0.04816784
q_4265,q_6,430,0.07169612,0.04814463,0.09271811,0.04797737
q_4265,q_610,443,-0.06228467,0.04748819,-0.09156694,0.04727341
q_4265,q_619,611,0.06550419,0.04038134,0.05411356,0.0404366
q_4265,q_630,555,0.08228659,0.04227463,0.08327487,0.04226767
q_4265,q_636,433,0.03232083,0.04817391,0.03063173,0.04817903
q_4265,q_660,557,-0.07075208,0.04227325,-0.05781416,0.04234392
q_4265,q_793,524,0.13791956,0.04297743,0.15718,0.04272843
q_4265,q_808,534,-0.02711221,0.0433644,-0.02744129,0.04336363
q_4265,q_811,430,-0.12862458,0.04759276,-0.13502078,0.04751115
q_4265,q_819,470,0.21416034,0.04415212,0.20181148,0.04438982
q_4265,q_82,551,-0.02945227,0.04268083,-0.05576584,0.04258504
q_4265,q_820,442,0.12755328,0.04695088,0.12429459,0.04699005
q_4265,q_844,580,0.22198377,0.03957912,0.21822648,0.03964798
q_4265,q_848,512,0.00873744,0.04432084,0.03370627,0.04427386
q_4265,q_85,560,0.01367207,0.04236344,0.04200988,0.04229658
q_4265,q_880,550,-0.02912739,0.04272064,-0.01500786,0.04274728
q_4265,q_901,424,-0.22937115,0.04617291,-0.24784377,0.04574327
q_4265,q_905,522,-0.15757095,0.04280527,-0.16201485,0.04274293
q_4265,q_915,433,-0.0479951,0.0481132,-0.0676696,0.04800345
q_4265,q_917,517,0.06266513,0.0439349,0.06648921,0.04391312
q_4276,q_4291,530,-0.1347269,0.04277,-0.13739418,0.04273838
q_4276,q_463,539,0.04952872,0.04308746,0.04385827,0.04311034
q_4276,q_491,470,-0.10257587,0.04578759,-0.11126877,0.04570157
q_4276,q_497,443,0.19065951,0.04594016,0.19465893,0.04586669
q_4276,q_516,605,0.16612994,0.0396321,0.19183929,0.03925701
q_4276,q_52,441,0.14105756,0.04683112,0.14015893,0.0468432
q_4276,q_530,618,-0.15069815,0.03940814,-0.13245041,0.03961649
q_4276,q_566,573,-0.14244215,0.04103555,-0.14232786,0.04103691
q_4276,q_594,431,0.05739967,0.04817757,0.06732576,0.04811773
q_4276,q_6,409,0.06312508,0.04943141,0.05717674,0.04946692
q_4276,q_610,456,0.0385715,0.0469142,0.00404642,0.04698333
q_4276,q_619,598,-0.29195254,0.03750166,-0.28657531,0.03762919
q_4276,q_630,552,0.19137515,0.04111587,0.185849,0.04120484
q_4276,q_636,458,0.47963176,0.03609597,0.46719863,0.03664785
q_4276,q_660,568,0.01375786,0.04206235,0.01194902,0.04206431
q_4276,q_793,536,0.07504698,0.04307086,0.07570838,0.04306654
q_4276,q_808,527,-0.0532211,0.04356147,-0.0463173,0.04359149
q_4276,q_811,440,0.02437003,0.04780808,0.02088718,0.04781562
q_4276,q_819,462,0.10998099,0.04611142,0.11224476,0.04608794
q_4276,q_82,523,-0.14241373,0.04296349,-0.1379103,0.04301885
q_4276,q_820,407,0.08517276,0.04939094,0.0849699,0.04939266
q_4276,q_844,616,0.04456517,0.0403094,0.03075777,0.04035141
q_4276,q_848,521,0.10836194,0.04342155,0.11617807,0.04334444
q_4276,q_85,562,-0.0458752,0.04220648,-0.03070888,0.04225561
q_4276,q_880,561,0.08722113,0.04201132,0.08966033,0.04199306
q_4276,q_901,421,-0.0952091,0.04846823,-0.08560912,0.04855313
q_4276,q_905,526,-0.1163489,0.04313501,-0.11924357,0.04310519
q_4276,q_915,441,0.03034657,0.04773785,0.01656137,0.04776874
q_4276,q_917,522,0.02778654,0.04386124,0.03034722,0.0438547
q_4291,q_463,510,0.06907402,0.04419966,0.05936459,0.04425505
q_4291,q_491,443,0.04890518,0.04755911,0.03765191,0.04760554
q_4291,q_497,398,-0.09961383,0.04981618,-0.10621008,0.04974787
q_4291,q_516,614,-0.24316023,0.03806365,-0.2524263,0.03787787
q_4291,q_52,394,-0.05191787,0.05043586,-0.06112802,0.0503832
q_4291,q_530,584,0.09286025,0.04112925,0.0770786,0.04124051
q_4291,q_566,571,0.1830083,0.04055377,0.18498726,0.04052322
q_4291,q_594,434,-0.06142389,0.04798657,-0.05074286,0.04804428
q_4291,q_6,409,0.04944569,0.04950783,0.00430154,0.04962825
q_4291,q_610,420,0.16332212,0.04766397,0.19730238,0.04706389
q_4291,q_619,614,0.22048772,0.03848892,0.21643607,0.03856054
q_4291,q_630,549,-0.04174318,0.04272148,-0.03342203,0.04274824
q_4291,q_636,437,-0.17094271,0.04659886,-0.14573059,0.04698211
q_4291,q_660,551,-0.17613879,0.04139257,-0.18106631,0.04131738
q_4291,q_793,532,-0.13654271,0.04266766,-0.16453472,0.04230123
q_4291,q_808,524,0.02367481,0.04378624,0.03058787,0.04376981
q_4291,q_811,447,-0.04519463,0.04736096,-0.04354386,0.04736792
q_4291,q_819,465,0.05941913,0.04635995,0.06428962,0.04633192
q_4291,q_82,529,0.3744826,0.03748744,0.36805286,0.03769561
q_4291,q_820,425,-0.02346259,0.04865244,-0.05175214,0.04854886
q_4291,q_844,565,0.08361134,0.04188756,0.04208894,0.04210773
q_4291,q_848,511,-0.00087859,0.04436779,-0.00591384,0.04436627
q_4291,q_85,555,-0.01340828,0.04255517,-0.02479902,0.04253665
q_4291,q_880,533,-0.06789413,0.043237,-0.06473792,0.04325518
q_4291,q_901,447,-0.03696817,0.04739304,-0.02979811,0.04741576
q_4291,q_905,527,0.17337588,0.04237206,0.16368485,0.04251476
q_4291,q_915,416,-0.06242993,0.049015,-0.0570362,0.04904671
q_4291,q_917,511,0.32045817,0.03981154,0.31982584,0.0398295
q_463,q_491,474,0.03756813,0.04601254,-0.00095807,0.04607753
q_463,q_497,437,0.11211065,0.04739821,0.11505746,0.04736608
q_463,q_516,706,-0.00121948,0.03771566,-0.02453074,0.03769302
q_463,q_52,408,0.1132173,0.04905346,0.11220908,0.04906475
q_463,q_530,676,-0.0684211,0.03836671,-0.07670732,0.03832036
q_463,q_566,521,0.0930342,0.04355718,0.09407507,0.04354863
q_463,q_594,465,-0.09900093,0.04606822,-0.10877562,0.04597373
q_463,q_6,437,-0.03146454,0.04795401,-0.03329275,0.04794833
q_463,q_610,484,0.07110254,0.04536556,0.06694521,0.04539173
q_463,q_619,683,-0.03906476,0.03828973,-0.05134363,0.03824716
q_463,q_630,515,0.14490617,0.04326619,0.16959534,0.04292304
q_463,q_636,466,0.15994507,0.04528503,0.16171252,0.0452586
q_463,q_660,523,0.01662166,0.04384079,0.02426941,0.04382707
q_463,q_793,520,0.122274,0.04332241,0.10909421,0.04345652
q_463,q_808,483,0.08120771,0.04534254,0.0902398,0.04527186
q_463,q_811,458,0.04970496,0.0467649,0.06133949,0.04670433
q_463,q_819,472,0.1794391,0.04468893,0.16805519,0.04487159
q_463,q_82,488,0.02462509,0.04538013,0.0345822,0.04535336
q_463,q_820,456,-0.05043451,0.04686459,-0.0703618,0.04675149
q_463,q_844,620,0.03630681,0.04020542,0.00773474,0.04025608
q_463,q_848,490,0.02117059,0.04529402,0.02918791,0.04527572
q_463,q_85,523,-0.11520207,0.04327091,-0.10938172,0.04332823
q_463,q_880,517,0.03223643,0.04406227,0.04062738,0.0440353
q_463,q_901,460,-0.05711553,0.04662543,-0.05222782,0.04665043
q_463,q_905,488,0.01356263,0.04539931,0.01146643,0.04540169
q_463,q_915,441,0.03782603,0.04771348,0.03497292,0.04772341
q_463,q_917,572,0.06700458,0.04173397,0.06725518,0.04173256
q_491,q_497,355,-0.22744829,0.05054282,-0.2206215,0.05070585
q_491,q_516,618,0.23919832,0.03801673,0.24501377,0.03790318
q_491,q_52,386,-0.22844404,0.048431,-0.2378426,0.04820707
q_491,q_530,575,0.2255582,0.03968485,0.24524684,0.03929727
q_491,q_566,455,-0.15054832,0.04596998,-0.14593524,0.04603431
q_491,q_594,425,-0.09530778,0.04823706,-0.09103503,0.04827582
q_491,q_6,386,0.06509519,0.05088109,0.1263857,0.05028141
q_491,q_610,402,-0.07441852,0.04978536,-0.04245448,0.04997239
q_491,q_619,563,0.51203963,0.03117839,0.51277159,0.03114669
q_491,q_630,453,-0.08437739,0.04680483,-0.10593426,0.04661144
q_491,q_636,369,-0.23865633,0.04929366,-0.27927302,0.04819406
q_491,q_660,512,-0.21030953,0.04236376,-0.21792527,0.0422192
q_491,q_793,425,-0.05540689,0.0485298,-0.02969304,0.04863632
q_491,q_808,457,-0.26180298,0.04371555,-0.24780781,0.04405027
q_491,q_811,358,-0.32289537,0.04754087,-0.33489006,0.04712211
q_491,q_819,405,0.34361601,0.04398657,0.33745717,0.04419578
q_491,q_82,431,0.10618579,0.04779181,0.0778956,0.04804353
q_491,q_820,395,0.24537879,0.04746653,0.30498173,0.04580972
q_491,q_844,575,0.11362027,0.04127232,0.12150996,0.04119476
q_491,q_848,393,-0.29722264,0.04616363,-0.29000912,0.04637813
q_491,q_85,449,0.21161318,0.04523097,0.17462911,0.04590738
q_491,q_880,454,-0.14794338,0.04605753,-0.16283084,0.04583967
q_491,q_901,391,-0.20543121,0.04862483,-0.20575421,0.04861808
q_491,q_905,444,-0.09227792,0.04721356,-0.10098903,0.04713339
q_491,q_915,402,-0.07955893,0.04974574,-0.08397357,0.0497096
q_491,q_917,490,-0.01583804,0.04530296,-0.01289929,0.04530679
q_497,q_516,562,-0.09623316,0.0419038,-0.08312173,0.04200326
q_497,q_52,328,0.80446198,0.01957209,0.80067481,0.01990929
q_497,q_530,519,0.05136072,0.04390642,0.06021607,0.04386292
q_497,q_566,438,0.11275868,0.04733672,0.1063567,0.04740397
q_497,q_594,368,0.35079612,0.04590125,0.34055514,0.04627184
q_497,q_6,362,-0.0996171,0.05225424,-0.11985353,0.05201983
q_497,q_610,381,-0.05921487,0.0512541,-0.11146313,0.05079543
q_497,q_619,560,-0.11928038,0.04176851,-0.13016657,0.04165345
q_497,q_630,419,0.36140238,0.04262527,0.33364689,0.04357111
q_497,q_636,355,0.22439103,0.05061644,0.1974153,0.05122292
q_497,q_660,450,0.10140876,0.04681197,0.10172463,0.04680894
q_497,q_793,390,0.42138893,0.04180654,0.43695246,0.04112747
q_497,q_808,414,0.40431442,0.04126297,0.39773923,0.0415231
q_497,q_811,329,0.47348253,0.04296838,0.47945366,0.04265323
q_497,q_819,379,-0.16435,0.05017808,-0.15281371,0.05036677
q_497,q_82,411,0.0577408,0.04934232,0.05113069,0.04937795
q_497,q_820,350,-0.37039588,0.0463179,-0.38100543,0.04588994
q_497,q_844,515,0.1646065,0.04299672,0.14648587,0.04324585
q_497,q_848,397,0.32798069,0.04495991,0.31824617,0.04527683
q_497,q_85,433,-0.32397702,0.04316261,-0.31716772,0.04337314
q_497,q_880,409,0.34788098,0.04362299,0.3533084,0.04343412
q_497,q_901,356,0.17161571,0.05165706,0.16917552,0.05170132
q_497,q_905,412,-0.00500578,0.04944558,-0.00194257,0.04944663
q_497,q_915,377,0.23888881,0.04875786,0.23545874,0.04884199
q_497,q_917,440,0.07663847,0.04755552,0.0682464,0.04761369
q_516,q_52,557,-0.06642944,0.04229844,-0.05787498,0.04234362
q_516,q_530,909,0.07297518,0.03304585,0.12295138,0.03272054
q_516,q_566,625,-0.27027367,0.03716739,-0.2575031,0.03743764
q_516,q_594,583,-0.01918595,0.04150746,0.00139916,0.04152266
q_516,q_6,565,0.08250119,0.04189534,0.08650614,0.04186679
q_516,q_610,591,-0.25818979,0.03849021,-0.25870657,0.0384792
q_516,q_619,901,0.00226115,0.03337026,0.01725658,0.03336049
q_516,q_630,636,0.0168742,0.03973511,0.00297162,0.03974608
q_516,q_636,606,0.00596131,0.0407217,-0.01670986,0.04071178
q_516,q_660,645,-0.02001761,0.03945104,-0.02586021,0.03944046
q_516,q_793,620,0.09036455,0.03992974,0.11965278,0.03968211
q_516,q_808,634,-0.22281415,0.03783299,-0.21934202,0.03789411
q_516,q_811,596,-0.18879947,0.0396013,-0.18770295,0.03961826
q_516,q_819,601,0.16975244,0.03971467,0.17314348,0.03966712
q_516,q_82,595,-0.21000792,0.03928711,-0.22801377,0.03896296
q_516,q_820,580,0.22829449,0.03946083,0.26124985,0.0387892
q_516,q_844,837,0.10874706,0.03421767,0.17478211,0.03356935
q_516,q_848,579,-0.08974548,0.04133107,-0.08424181,0.04137097
q_516,q_85,635,0.18259903,0.03845157,0.20141063,0.03816423
q_516,q_880,628,-0.08587696,0.03970501,-0.10047785,0.03959617
q_516,q_901,583,-0.28353245,0.0381847,-0.26935864,0.0385101
q_516,q_905,604,-0.11381056,0.04026249,-0.13917595,0.04000073
q_516,q_915,568,-0.02819362,0.04203688,-0.01841025,0.04205606
q_516,q_917,776,-0.1188827,0.03545917,-0.11035224,0.0355295
q_52,q_530,533,-0.02363027,0.04341297,-0.02978556,0.04339869
q_52,q_566,434,0.20212178,0.04620047,0.20556178,0.04613292
q_52,q_594,368,0.21475124,0.04992846,0.21288852,0.04997016
q_52,q_6,355,-0.18977806,0.05138054,-0.20997717,0.05095015
q_52,q_610,378,-0.09546661,0.05116914,-0.11369521,0.05097225
q_52,q_619,549,-0.07852636,0.04253215,-0.09869086,0.04237922
q_52,q_630,431,0.27693242,0.0446298,0.27518786,0.04467636
q_52,q_636,388,0.21386888,0.0486336,0.21049362,0.0487066
q_52,q_660,445,0.05819996,0.04740404,0.05233477,0.04743487
q_52,q_793,386,0.40654405,0.0426523,0.41097795,0.04246708
q_52,q_808,427,0.43664223,0.0393052,0.43853205,0.03922488
q_52,q_811,332,0.47147322,0.04287671,0.47946743,0.04245759
q_52,q_819,390,-0.20227544,0.04875301,-0.20605076,0.04867465
q_52,q_82,411,0.01984628,0.04948788,0.01565208,0.04949525
q_52,q_820,314,-0.40241183,0.04752229,-0.42328272,0.0465451
q_52,q_844,524,0.12303134,0.04314764,0.1161967,0.04321928
q_52,q_848,414,0.33553015,0.04377318,0.32448016,0.04413292
q_52,q_85,408,-0.3262163,0.04440249,-0.30373743,0.04510614
q_52,q_880,433,0.42463745,0.03952863,0.42334444,0.0395815
q_52,q_901,389,0.29136315,0.04657775,0.28584062,0.04673999
q_52,q_905,398,0.02159605,0.05029199,0.01904108,0.05029722
q_52,q_915,354,0.29557282,0.04871294,0.29015963,0.04888218
q_52,q_917,464,0.12478872,0.04584937,0.11849289,0.04592071
q_530,q_566,629,0.1292511,0.03930034,0.12906667,0.03930224
q_530,q_594,555,0.02967201,0.04252535,0.04015319,0.0424942
q_530,q_6,555,0.01743482,0.04254989,0.04708484,0.04246847
q_530,q_610,630,0.066744,0.03975825,0.0293994,0.03990164
q_530,q_619,716,0.32330537,0.03353575,0.32968077,0.03337984
q_530,q_630,614,-0.02900718,0.04042163,-0.03932299,0.04039311
q_530,q_636,595,-0.1841327,0.03970627,-0.19413478,0.03955077
q_530,q_660,624,-0.11383249,0.03960864,-0.12463204,0.03950529
q_530,q_793,601,0.13087612,0.0401926,0.16130209,0.03982907
q_530,q_808,593,0.07903612,0.04091218,0.08516314,0.04087076
q_530,q_811,556,-0.06611868,0.04233842,-0.07637808,0.04227626
q_530,q_819,599,0.04671683,0.0408722,0.0502498,0.04085817
q_530,q_82,577,0.25297888,0.03906796,0.24282887,0.03927801
q_530,q_820,580,0.07634853,0.04138788,0.08371793,0.04133877
q_530,q_844,829,0.05841423,0.03467572,0.05026023,0.03470656
q_530,q_848,553,-0.05169602,0.04252619,-0.06898383,0.04243723
q_530,q_85,622,0.00654144,0.04019167,0.01647886,0.04018248
q_530,q_880,610,0.0181321,0.0405754,0.01493598,0.04057969
q_530,q_901,541,-0.04625899,0.0430208,-0.04186822,0.04303749
q_530,q_905,600,-0.08595816,0.04062487,-0.08538234,0.04062891
q_530,q_915,572,0.06682206,0.04173499,0.06121039,0.04176511
q_530,q_917,733,0.11620934,0.03651183,0.10227345,0.03662452
q_566,q_594,432,0.27446068,0.04464355,0.27996687,0.04449616
q_566,q_6,443,-0.15750947,0.0464904,-0.16270852,0.04641103
q_566,q_610,457,0.04919239,0.04681875,0.08134131,0.0466218
q_566,q_619,608,0.10815305,0.04018023,0.10574159,0.0402012
q_566,q_630,571,0.07396077,0.04172954,0.09873921,0.04154999
q_566,q_636,444,-0.01367825,0.04761014,-0.02223043,0.04759551
q_566,q_660,596,-0.10578628,0.04060553,-0.11176611,0.04055211
q_566,q_793,538,0.05498185,0.04310307,0.05021368,0.04312476
q_566,q_808,567,0.30683719,0.03814321,0.31291534,0.03798459
q_566,q_811,483,0.22325452,0.04336855,0.22842544,0.04326195
q_566,q_819,491,-0.1844023,0.04372857,-0.19126383,0.04361189
q_566,q_82,554,0.34462002,0.03754196,0.34411736,0.03755671
q_566,q_820,450,-0.22727206,0.04485529,-0.24007974,0.04457218
q_566,q_844,584,-0.00700644,0.04148495,-0.012083,0.04148093
q_566,q_848,546,0.21945197,0.0408474,0.2082498,0.04105301
q_566,q_85,582,-0.20757987,0.03976785,-0.20923714,0.03973914
q_566,q_880,610,0.22990693,0.03844334,0.234301,0.03836055
q_566,q_901,430,0.28413596,0.04448644,0.27960853,0.04460995
q_566,q_905,558,0.08354929,0.04215133,0.08833349,0.04211643
q_566,q_915,434,0.2112332,0.04601906,0.20835756,0.04607718
q_566,q_917,541,0.18008522,0.04171488,0.17741837,0.04175598
q_594,q_6,358,-0.13869643,0.05205351,-0.12488857,0.05224668
q_594,q_610,422,0.10828916,0.04828032,0.07456204,0.0485816
q_594,q_619,536,0.00861564,0.04331159,0.00696922,0.0433127
q_594,q_630,463,0.33710806,0.04132666,0.31728754,0.04193141
q_594,q_636,418,0.11168888,0.04847572,0.09822372,0.04861447
q_594,q_660,487,0.10404135,0.04496252,0.09630059,0.04503301
q_594,q_793,432,0.02955349,0.04823829,0.05913549,0.04811162
q_594,q_808,437,0.30804788,0.0434465,0.30636757,0.04349606
q_594,q_811,399,0.34505365,0.0442688,0.33045876,0.04476423
q_594,q_819,421,-0.22425533,0.04645181,-0.21542558,0.0466417
q_594,q_82,442,0.06810768,0.04750601,0.06556442,0.04752223
q_594,q_820,375,-0.13948666,0.05083881,-0.12147826,0.05108247
q_594,q_844,558,-0.14499274,0.04155526,-0.13484436,0.04167581
q_594,q_848,425,0.29971337,0.04430647,0.28869321,0.04462213
q_594,q_85,453,-0.0970998,0.04669599,-0.08532639,0.04679724
q_594,q_880,477,0.43688946,0.03716446,0.41637287,0.03796854
q_594,q_901,406,0.18681299,0.0480751,0.19381531,0.04794233
q_594,q_905,423,-0.16304812,0.0474978,-0.16141242,0.0475237
q_594,q_915,296,0.37687263,0.05012297,0.35851807,0.05091152
q_594,q_917,465,-0.00765479,0.04652148,-0.00418065,0.0465234
q_6,q_610,358,-0.03211592,0.05301975,-0.0724871,0.05279562
q_6,q_619,527,0.02665284,0.04365417,0.07151535,0.04346178
q_6,q_630,435,-0.24127697,0.04531167,-0.2186967,0.04581138
q_6,q_636,344,-0.02863087,0.05410865,-0.04908174,0.05402258
q_6,q_660,431,-0.05716904,0.04817885,-0.06128025,0.04815531
q_6,q_793,423,0.01401558,0.04878542,0.03960478,0.04871847
q_6,q_808,411,-0.02615424,0.04947351,-0.0212995,0.04948492
q_6,q_811,364,-0.15575185,0.05135481,-0.16160312,0.05125708
q_6,q_819,387,0.22669224,0.04840858,0.21708934,0.04862606
q_6,q_82,398,-0.01255799,0.05030753,-0.03475789,0.05025467
q_6,q_820,359,0.13167144,0.05208102,0.15201546,0.05177514
q_6,q_844,541,0.28242322,0.03967424,0.29597034,0.03933642
q_6,q_848,393,-0.23419137,0.04785975,-0.24161931,0.04768079
q_6,q_85,437,0.13449704,0.04713321,0.17033132,0.04660888
q_6,q_880,452,-0.14764607,0.04616414,-0.19304442,0.04543422
q_6,q_901,389,-0.15393443,0.04969257,-0.19096798,0.04904245
q_6,q_905,413,0.09899258,0.04890252,0.08188066,0.04905537
q_6,q_915,324,-0.21237698,0.0532971,-0.24286216,0.0525225
q_6,q_917,513,-0.1209246,0.04363324,-0.13284148,0.04349933
q_610,q_619,614,0.10016605,0.04004977,0.0757515,0.04022352
q_610,q_630,476,0.18441499,0.04441632,0.17743231,0.04453249
q_610,q_636,425,0.06866926,0.04844969,0.07171512,0.04842888
q_610,q_660,495,-0.00396496,0.04508277,-0.00457989,0.04508254
q_610,q_793,458,-0.11537041,0.04625673,-0.1714901,0.04550201
q_610,q_808,444,0.04758063,0.04751124,0.01602664,0.04760682
q_610,q_811,411,0.01486461,0.04949644,0.00291166,0.04950696
q_610,q_819,396,-0.08342493,0.05009226,-0.05965952,0.05026379
q_610,q_82,424,0.15899543,0.04750497,0.15786649,0.0475224
q_610,q_820,388,0.04368681,0.05086745,0.028522,0.05092326
q_610,q_844,567,-0.18156021,0.04071956,-0.20440505,0.04034828
q_610,q_848,435,0.08585448,0.04775789,0.06541135,0.04790667
q_610,q_85,446,-0.08787384,0.04714456,-0.0879998,0.04714351
q_610,q_880,458,0.05940842,0.04671526,0.04457668,0.04678757
q_610,q_901,440,0.01310779,0.04782827,-0.004545,0.0478355
q_610,q_905,402,0.01748378,0.05004731,-0.00530102,0.05006121
q_610,q_915,398,0.14203632,0.04930038,0.13367189,0.04941642
q_610,q_917,519,0.13776022,0.04318709,0.15772732,0.04292736
q_619,q_630,604,-0.09324444,0.04043619,-0.11550659,0.04024663
q_619,q_636,572,-0.28183513,0.03859226,-0.30722567,0.03796525
q_619,q_660,633,-0.1641204,0.03876782,-0.14723299,0.0389773
q_619,q_793,573,-0.02977993,0.04184825,-0.04346905,0.04180625
q_619,q_808,578,0.01164267,0.04169723,-0.00546137,0.04170164
q_619,q_811,585,-0.1491737,0.04052893,-0.15318373,0.04047867
q_619,q_819,606,0.10079483,0.04030942,0.1046334,0.04027731
q_619,q_82,607,0.16696365,0.03955513,0.17014995,0.03951142
q_619,q_820,564,0.18020827,0.04084894,0.18289461,0.04080775
q_619,q_844,824,0.05320745,0.03480144,0.0736927,0.03471071
q_619,q_848,587,-0.08272525,0.04109711,-0.08221482,0.04110059
q_619,q_85,592,0.12289104,0.04058201,0.13125594,0.04049441
q_619,q_880,655,-0.0897784,0.03884736,-0.10119623,0.03876197
q_619,q_901,571,-0.01892111,0.04194405,-0.02677763,0.04192898
q_619,q_905,570,0.02134883,0.04197691,0.02460952,0.04197062
q_619,q_915,547,0.01880092,0.04285949,-0.00957346,0.04287072
q_619,q_917,719,0.10296033,0.03697558,0.09641768,0.03702433
q_630,q_636,462,0.21566865,0.04450496,0.22017316,0.04441333
q_630,q_660,580,0.03636525,0.04157549,0.03225298,0.04158724
q_630,q_793,550,0.08230916,0.04246724,0.06075617,0.04259908
q_630,q_808,524,0.20185682,0.04202567,0.18775714,0.04226634
q_630,q_811,462,0.20311908,0.04475027,0.22356125,0.04434315
q_630,q_819,479,-0.13755526,0.04496766,-0.16190904,0.04463338
q_630,q_82,539,0.12708676,0.0424958,0.13363852,0.04242202
q_630,q_820,438,-0.22284747,0.04556527,-0.24238261,0.04512952
q_630,q_844,577,-0.23293138,0.03947455,-0.22501933,0.03962578
q_630,q_848,524,0.27505357,0.04049631,0.26056798,0.04083623
q_630,q_85,576,-0.07251633,0.04155592,-0.11222287,0.04124948
q_630,q_880,562,0.40338229,0.03541329,0.37720028,0.03627769
q_630,q_901,441,0.07514675,0.04751202,0.06157332,0.04760069
q_630,q_905,536,-0.18694658,0.041801,-0.17981016,0.04191437
q_630,q_915,435,0.37962051,0.04117894,0.37270505,0.04142926
q_630,q_917,523,0.12548816,0.04316234,0.15485922,0.04280125
q_636,q_660,469,0.11001151,0.04576347,0.10770824,0.0457867
q_636,q_793,449,0.11350152,0.04674136,0.10238801,0.04685497
q_636,q_808,454,0.05236151,0.04695906,0.0433386,0.04699972
q_636,q_811,407,0.19263311,0.04790569,0.19580669,0.04784436
q_636,q_819,421,0.0228701,0.04888602,-0.00675626,0.04890937
q_636,q_82,411,-0.04008605,0.04942782,-0.04485897,0.04940775
q_636,q_820,408,-0.06501166,0.04948038,-0.08793933,0.04930613
q_636,q_844,573,-0.09158746,0.04153405,-0.11400113,0.04134104
q_636,q_848,420,0.16793072,0.04758922,0.17901775,0.04740084
q_636,q_85,432,-0.14218387,0.04730441,-0.14959172,0.04720005
q_636,q_880,465,0.25866919,0.04341129,0.23964611,0.04385231
q_636,q_901,416,-0.07022176,0.04896414,-0.07616626,0.04892132
q_636,q_905,456,-0.00316727,0.04698363,0.01333809,0.04697574
q_636,q_915,378,0.1455663,0.05054555,0.14832012,0.05050376
q_636,q_917,527,-0.01170467,0.04367922,-0.01283842,0.043678
q_660,q_793,552,-0.00264982,0.04267866,0.00792182,0.04267628
q_660,q_808,565,0.06542161,0.04200191,0.05188024,0.04206892
q_660,q_811,483,0.11993681,0.04498697,0.12057745,0.04497994
q_660,q_819,483,-0.15132402,0.04459836,-0.16729872,0.04436604
q_660,q_82,585,-0.2612098,0.03862309,-0.26919639,0.03844749
q_660,q_820,471,-0.02369391,0.04619907,-0.01362192,0.04621644
q_660,q_844,609,-0.19143099,0.03913359,-0.1952854,0.03907304
q_660,q_848,538,0.08723077,0.0429048,0.08628418,0.0429119
q_660,q_85,589,0.02691914,0.04127968,0.0363223,0.04125512
q_660,q_880,602,0.06710898,0.04067488,0.059989,0.04071185
q_660,q_901,463,0.12359246,0.04591304,0.13271295,0.04580404
q_660,q_905,573,-0.04681549,0.04179359,-0.04277571,0.04180875
q_660,q_915,458,0.07687494,0.04660367,0.07489541,0.04661775
q_660,q_917,543,-0.09461706,0.0426479,-0.10571042,0.04255227
q_793,q_808,517,0.23066518,0.04176127,0.25183017,0.04131084
q_793,q_811,437,0.24022783,0.0452314,0.25178071,0.04495855
q_793,q_819,476,-0.03089359,0.04593616,-0.02792891,0.04594418
q_793,q_82,512,-0.0009232,0.04432418,-0.00932611,0.04432037
q_793,q_820,423,-0.17687975,0.04726838,-0.1595785,0.04755242
q_793,q_844,529,0.28900915,0.03996015,0.31362045,0.03931347
q_793,q_848,491,0.08437118,0.04494563,0.09414328,0.04486667
q_793,q_85,556,-0.17324258,0.04124804,-0.14778304,0.0415956
q_793,q_880,547,0.07621019,0.04262563,0.07352827,0.04264285
q_793,q_901,441,-0.00143529,0.04778175,0.0096245,0.04777742
q_793,q_905,558,-0.00160811,0.04244753,-0.01272657,0.04244076
q_793,q_915,406,0.08725902,0.04943426,0.09311037,0.04938169
q_793,q_917,522,0.08813547,0.04355416,0.09649963,0.04348637
q_808,q_811,449,0.46658325,0.03704298,0.4769779,0.03657856
q_808,q_819,437,-0.22430093,0.04558654,-0.22984125,0.04546576
q_808,q_82,512,0.14393771,0.04340591,0.13410181,0.04352713
q_808,q_820,435,-0.37741264,0.04125936,-0.38059151,0.04114343
q_808,q_844,567,0.01816974,0.04209369,0.02846252,0.04207348
q_808,q_848,505,0.3577467,0.03892004,0.36432346,0.03870808
q_808,q_85,553,-0.33729987,0.03778892,-0.33262137,0.03792257
q_808,q_880,528,0.42659102,0.03570132,0.4271535,0.03568037
q_808,q_901,430,0.26948878,0.04487886,0.2778956,0.04465617
q_808,q_905,527,0.08940286,0.04333603,0.09099993,0.04332345
q_808,q_915,460,0.27602502,0.04321402,0.26905796,0.04339166
q_808,q_917,537,0.22848498,0.04101508,0.22151633,0.04115079
q_811,q_819,414,-0.40969478,0.04104694,-0.41198605,0.04095408
q_811,q_82,417,0.1442057,0.04812529,0.14412798,0.04812639
q_811,q_820,316,-0.59989011,0.03618239,-0.57339712,0.03793936
q_811,q_844,540,-0.09527291,0.04276149,-0.09802593,0.04273852
q_811,q_848,404,0.48401413,0.03823875,0.48284929,0.03829499
q_811,q_85,461,-0.20064228,0.04484583,-0.20421152,0.04477831
q_811,q_880,456,0.45463014,0.03727302,0.46071489,0.03701134
q_811,q_901,380,0.36793341,0.04453045,0.35922688,0.04485652
q_811,q_905,421,0.04131014,0.04882813,0.05005483,0.04878905
q_811,q_915,399,0.13540674,0.04933052,0.12977168,0.04940561
q_811,q_917,474,0.02016445,0.04605883,0.03195253,0.04603052
q_819,q_82,454,-0.0353255,0.0470294,-0.04325145,0.04700007
q_819,q_820,374,0.45563029,0.04113941,0.4681466,0.04053913
q_819,q_844,582,0.21492587,0.03963886,0.20727237,0.03977315
q_819,q_848,431,-0.28792346,0.04432971,-0.27964288,0.04455688
q_819,q_85,468,0.23672431,0.04377517,0.23050431,0.04390994
q_819,q_880,468,-0.30931901,0.04193692,-0.31033533,0.04190771
q_819,q_901,345,-0.61902933,0.03335287,-0.628447,0.03271759
q_819,q_905,463,-0.07536304,0.04636043,-0.07601042,0.04635586
q_819,q_915,408,-0.15590319,0.04848263,-0.15967621,0.04842347
q_819,q_917,514,-0.00722693,0.04423509,-0.01811634,0.04422288
q_82,q_820,418,-0.01868352,0.04907093,-0.03594161,0.04902466
q_82,q_844,539,-0.0271357,0.04316162,-0.06106788,0.04303234
q_82,q_848,515,-0.01374954,0.04418582,-0.01310871,0.04418658
q_82,q_85,536,-0.05897083,0.04316418,-0.06499427,0.04313184
q_82,q_880,531,0.12549338,0.04283404,0.12719834,0.0428153
q_82,q_901,423,0.07902002,0.04849032,0.09723845,0.04833363
q_82,q_905,517,0.07646562,0.04385021,0.07081724,0.0438869
q_82,q_915,431,0.04929767,0.04821935,0.04943448,0.0482187
q_82,q_917,522,0.29332217,0.04011848,0.28868283,0.04023701
q_820,q_844,558,0.06336878,0.04227718,0.09057363,0.04209941
q_820,q_848,407,-0.35523348,0.04347363,-0.34854068,0.04370797
q_820,q_85,452,0.32066885,0.04234014,0.32744312,0.04213294
q_820,q_880,445,-0.29307819,0.04347955,-0.3012882,0.04324744
q_820,q_901,376,-0.33744216,0.04588222,-0.33576777,0.04594058
q_820,q_905,443,-0.08449986,0.04733273,-0.0899063,0.04728778
q_820,q_915,354,-0.17718422,0.05170035,-0.17828406,0.05167948
q_820,q_917,483,-0.1092926,0.04509834,-0.13519697,0.04480926
q_844,q_848,534,-0.10858941,0.04288459,-0.11413148,0.04283102
q_844,q_85,564,-0.01660982,0.04220839,0.02350629,0.0421967
q_844,q_880,609,-0.10966691,0.04013367,-0.11489023,0.04008602
q_844,q_901,537,-0.13733002,0.0424581,-0.13392376,0.04249808
q_844,q_905,572,0.05985267,0.041772,0.01608932,0.04191133
q_844,q_915,522,-0.22559528,0.04166116,-0.23351935,0.04150147
q_844,q_917,758,0.08765389,0.03611411,0.06545665,0.03623779
q_848,q_85,545,-0.16852848,0.04173371,-0.15127397,0.04197073
q_848,q_880,536,0.4887363,0.0329685,0.49741954,0.03259759
q_848,q_901,399,0.18702072,0.04849424,0.19149844,0.04840907
q_848,q_905,507,-0.05638708,0.04440191,-0.05405011,0.04441341
q_848,q_915,423,0.28717636,0.04477087,0.27161048,0.04519529
q_848,q_917,519,0.07561035,0.04377087,0.07404859,0.04378116
q_85,q_880,563,-0.16710571,0.04107769,-0.17783649,0.04092128
q_85,q_901,440,-0.17998479,0.04628685,-0.17652803,0.0463458
q_85,q_905,509,-0.11806074,0.04383579,-0.11927128,0.04382302
q_85,q_915,421,-0.04215531,0.04882468,-0.0455894,0.04880994
q_85,q_917,545,-0.13429206,0.04217904,-0.13731772,0.04214374
q_880,q_901,457,0.27014413,0.04350731,0.27478589,0.04338859
q_880,q_905,540,-0.06017176,0.04299694,-0.065369,0.04296879
q_880,q_915,445,0.34568311,0.04188127,0.34207677,0.04199924
q_880,q_917,536,0.0985735,0.04289393,0.09142989,0.04295272
q_901,q_905,422,0.14945522,0.04776197,0.15111819,0.04773755
q_901,q_915,386,0.13865765,0.05011521,0.141765,0.05007069
q_901,q_917,499,0.09882287,0.04446282,0.10030185,0.0444496
q_905,q_915,419,-0.06141083,0.04884413,-0.04645657,0.04892322
q_905,q_917,503,-0.01372508,0.04471294,-0.0116586,0.04471528
q_915,q_917,503,0.12354057,0.04403881,0.12492044,0.04402348
