cluster_label,combative_iconoclast,editorial,grounded_social,mythic_spiritual,other,procedural_professional,trickster_chaos
combative_iconoclast,0.0,1.5204426234913724,0.41882772917566535,0.8009571903999708,0.27364150677983345,1.6663039837622422,0.2513360259619335
editorial,1.5204426234913724,0.0,1.6353402312062395,1.754863395615628,1.5814596670367178,0.07720507380603991,1.8638031209171064
grounded_social,0.41882772917566535,1.6353402312062395,0.0,0.9543319033900384,0.14744418248235258,1.7007468760508142,0.24177875723220932
mythic_spiritual,0.8009571903999708,1.754863395615628,0.9543319033900384,2.220446049250313e-16,0.8277109791637469,1.7090426892343642,0.4555539761556864
other,0.27364150677983345,1.5814596670367178,0.14744418248235258,0.8277109791637469,0.0,1.7909908143970097,0.15560598612170995
procedural_professional,1.6663039837622422,0.07720507380603991,1.7007468760508142,1.7090426892343642,1.7909908143970097,1.1102230246251565e-16,1.9498835563598074
trickster_chaos,0.2513360259619335,1.8638031209171064,0.24177875723220932,0.4555539761556864,0.15560598612170995,1.9498835563598074,0.0
