model,model_label,trait_set,role,outer_fold,observed_pc1,observed_pc2,observed_pc3,ridge_oof_pc1,ridge_oof_pc2,ridge_oof_pc3,knn_oof_pc1,knn_oof_pc2,knn_oof_pc3,baseline_oof_pc1,baseline_oof_pc2,baseline_oof_pc3,ridge_knn_normalized_displacement
qwen,Qwen 3 32B,12,aberration,9,-47.9376257834,-16.3260071046,31.1083801872,-49.1879015019,-14.8185795646,29.4633556973,-32.6673022855,1.75180582156,28.2249051629,0.0297267318807,0.280117397162,-0.128733770936,0.949224334099
qwen,Qwen 3 32B,12,absurdist,10,-34.3839667671,14.5510990905,33.4062291682,-33.4038238113,2.16639393057,24.3129034766,-25.5442654072,21.2316029664,28.1983268093,0.472921209308,-0.131539773059,0.100629585383,0.956148991597
qwen,Qwen 3 32B,12,accountant,2,42.2479030249,-4.02688312182,7.34558341511,45.0190714733,-6.23971011239,7.87983750801,42.2947063255,-7.77591011253,5.89161128707,-0.0688306892672,0.551001009475,0.316697428774,0.170839678982
qwen,Qwen 3 32B,12,activist,10,13.5195980343,4.20479271702,-8.24673523063,19.3914056744,0.0142452001,-6.23802020791,24.1692881434,-4.08329849919,3.91175156717,0.472921209308,-0.131539773059,0.100629585383,0.689536099613
qwen,Qwen 3 32B,12,actor,2,-23.8900484513,21.4568431961,0.283102747546,-28.4401543835,18.0026940194,-2.35198264204,-18.9777846362,10.6785286412,0.870916425683,-0.0688306892672,0.551001009475,0.316697428774,0.506548231779
qwen,Qwen 3 32B,12,addict,8,-19.9630205464,38.6639395444,-16.2822966871,-23.4927240235,39.2517443251,-10.6996728152,-23.7903320072,26.0102740224,-6.26297933092,0.416363992245,-0.259328768851,-0.133912674083,0.67675762093
qwen,Qwen 3 32B,12,adolescent,3,-15.4501053371,78.0805963278,-7.23379047198,-10.5559527998,81.7765346547,-9.79011064226,-14.4272542709,73.0072405247,-7.85928446414,0.0247865124436,0.0457557553117,-0.105692843824,0.444617217632
qwen,Qwen 3 32B,12,advocate,7,13.5339401439,2.70116639457,-11.3507942776,16.6704580518,0.852528700171,-11.5799944899,11.5053168515,-10.3339370686,-9.28976743625,-0.499627756305,-0.739509461574,-0.296099272311,0.566493676898
qwen,Qwen 3 32B,12,alien,2,-20.4631925976,-22.7577239574,12.3430884744,-19.3216612199,-25.6852412324,7.08174200613,-30.5619490817,-22.3622863563,4.22980668538,-0.0688306892672,0.551001009475,0.316697428774,0.442920617508
qwen,Qwen 3 32B,12,altruist,8,11.3552265736,-3.91405547732,-24.7447168385,11.4316241508,-4.32644894736,-25.6986839383,20.5199527804,-0.562377493363,-21.4063762853,0.416363992245,-0.259328768851,-0.133912674083,0.442642469336
qwen,Qwen 3 32B,12,amateur,7,-0.258632816054,40.0704558818,-24.4285422633,-1.82743592667,43.3179768081,-26.9592079765,0.22231702779,26.7517543145,-28.5735704613,-0.499627756305,-0.739509461574,-0.296099272311,0.779762432936
qwen,Qwen 3 32B,12,ambassador,6,29.6873636383,-8.41588762008,-8.97379143555,30.9462966267,-10.4152064325,-9.69379687576,29.5964590208,-0.778067565117,-9.45187530002,0.164434602291,0.268308279386,0.520493522734,0.45044382152
qwen,Qwen 3 32B,12,amnesiac,2,-42.409067288,13.6326744042,-10.7327259736,-47.9306376075,16.0379938859,-8.30677689871,-26.632273747,19.3779863428,-4.07687715298,-0.0688306892672,0.551001009475,0.316697428774,0.77288674571
qwen,Qwen 3 32B,12,analyst,4,42.520764029,-6.58817353026,7.25470887494,43.1048564572,-7.54802918662,7.51442919523,40.9145605274,-7.47922010186,5.41160854952,-0.533901606843,-0.465337885117,-0.425943678965,0.151923619178
qwen,Qwen 3 32B,12,anarchist,10,7.0302214505,-4.27210472535,9.46434663677,16.7625953218,-7.65085430614,9.73318450404,-24.5261923525,-2.42602668938,7.31528041396,0.472921209308,-0.131539773059,0.100629585383,1.4023680024
qwen,Qwen 3 32B,12,ancient,4,-38.0094715608,-32.7925850411,3.3089621746,-37.0645535816,-29.4323356842,3.41187423826,-42.0710099318,-28.6036469462,3.31742724846,-0.533901606843,-0.465337885117,-0.425943678965,0.170943791383
qwen,Qwen 3 32B,12,angel,6,-40.463168231,-28.8551313793,-30.5851881043,-40.3454647617,-29.9817336189,-30.0176503555,-27.8816159562,-13.5843436534,-24.6542485107,0.164434602291,0.268308279386,0.520493522734,0.931759635895
qwen,Qwen 3 32B,12,anthropologist,7,31.8969833554,-20.1968099934,0.958957677304,24.7495623615,-14.4320120469,0.492243052279,32.0131143811,-16.6443787478,4.02991926419,-0.499627756305,-0.739509461574,-0.296099272311,0.34521783335
qwen,Qwen 3 32B,12,archaeologist,1,15.6772789307,-19.4816060489,1.90184144772,13.5740280107,-14.4458021005,-0.194090154362,25.7937252245,-15.2394340531,3.97944373015,1.11201905863,0.808761460334,0.249512703126,0.486197327129
qwen,Qwen 3 32B,12,architect,6,30.9713032975,-9.42845036605,-2.18207384964,32.7805439682,-10.1748738181,-2.58460346921,24.9295854632,-5.57945222066,-2.03755391945,0.164434602291,0.268308279386,0.520493522734,0.339043855178
qwen,Qwen 3 32B,12,archivist,9,26.864606386,-17.7406866789,-1.48385936813,23.3614127047,-14.2675749166,-2.48572428436,26.3774614785,-7.61000447569,-1.5276715284,0.0297267318807,0.280117397162,-0.128733770936,0.330908240659
qwen,Qwen 3 32B,12,artisan,1,-13.8022435455,-12.1746258274,-14.9883447585,-15.5117763229,-7.08631579307,-13.8909809576,-6.73780793225,-3.93541100991,-13.8532215167,1.11201905863,0.808761460334,0.249512703126,0.326403062887
qwen,Qwen 3 32B,12,ascetic,2,-40.4395758419,-40.3508693228,-4.57867215286,-38.5122145953,-40.7539615942,-2.81247572481,-35.7766403041,-31.064955461,-1.81396960062,-0.0688306892672,0.551001009475,0.316697428774,0.463781691713
qwen,Qwen 3 32B,12,assistant,7,33.7028027033,3.44171801544,-5.15553408907,39.6039596161,-0.630210547626,-5.19683610106,32.1074097459,1.11025260529,-4.35387991183,-0.499627756305,-0.739509461574,-0.296099272311,0.26741745044
qwen,Qwen 3 32B,12,auctioneer,2,-9.9594540178,16.724854907,12.6366338151,-14.6424576396,15.1504861346,9.98404860512,-8.36200020868,-2.53260304844,5.54753516563,-0.0688306892672,0.551001009475,0.316697428774,0.893443102608
qwen,Qwen 3 32B,12,auditor,3,48.1550162821,-12.2945988737,13.6091573051,45.7876557486,-10.665326267,14.312440238,41.3828524886,-11.0677572689,10.7693773294,0.0247865124436,0.0457557553117,-0.105692843824,0.268769040778
qwen,Qwen 3 32B,12,avatar,3,-38.0148888552,-35.416923328,-12.9824968005,-39.9313336672,-34.1191958276,-11.7021046565,-43.0329748159,-31.2447834142,-15.9307728999,0.0247865124436,0.0457557553117,-0.105692843824,0.316759167992
qwen,Qwen 3 32B,12,bard,7,-54.3479131289,-24.2595598248,-2.86485898898,-49.6943370857,-25.9649628877,-6.71263626978,-43.0554239634,-28.7588086707,-7.77554770436,-0.499627756305,-0.739509461574,-0.296099272311,0.264795773347
qwen,Qwen 3 32B,12,bartender,5,-16.599115137,36.3250478949,-2.77827311625,-18.3385371984,35.0253206656,-7.90943920201,-6.94448371034,24.2111025565,-9.88628790739,-1.12025569318,-0.355871930767,-0.0972035399557,0.641754426763
qwen,Qwen 3 32B,12,biologist,3,32.2386511242,-16.1580829121,4.34748105452,32.8736649702,-15.0992601146,1.49228978571,33.6627830499,-12.8083396705,5.05846102738,0.0247865124436,0.0457557553117,-0.105692843824,0.25125665103
qwen,Qwen 3 32B,12,blogger,5,-0.321690285385,20.8484436839,-14.3913451213,-1.41193954408,20.1136589019,-12.0126620844,-11.1769937073,4.36611365051,-10.3814617927,-1.12025569318,-0.355871930767,-0.0972035399557,0.807367853623
qwen,Qwen 3 32B,12,bohemian,3,-42.5514357917,2.697174331,-6.44525399465,-46.6482507134,0.112714936931,-5.28533259608,-20.4463232281,-6.04982567688,-2.61697561354,0.0247865124436,0.0457557553117,-0.105692843824,0.932441804126
qwen,Qwen 3 32B,12,builder,9,14.4921607906,-0.142312499333,-2.43342407956,17.274148225,1.83614057317,-1.97230282044,18.7431784119,-6.2403020735,-3.24098017367,0.0297267318807,0.280117397162,-0.128733770936,0.387009867873
qwen,Qwen 3 32B,12,caregiver,6,1.34461182944,14.6168339748,-43.3705171475,-2.04691797271,17.3518502784,-38.366319231,0.383902355748,17.8466503094,-29.880451604,0.164434602291,0.268308279386,0.520493522734,0.544441590377
qwen,Qwen 3 32B,12,cartographer,5,22.1600985036,-15.3138471381,2.3800074782,20.6909866887,-12.0623422427,1.99889793504,25.219140349,-10.8179081912,0.987780570533,-1.12025569318,-0.355871930767,-0.0972035399557,0.173539023531
qwen,Qwen 3 32B,12,caveman,6,-54.9420889662,15.4893501193,0.402669014657,-39.0922693492,3.37535020853,-4.96290959209,-22.3066069898,-3.33484201683,-6.43234952987,0.164434602291,0.268308279386,0.520493522734,0.64603713652
qwen,Qwen 3 32B,12,celebrity,10,-6.95038254018,33.261735219,-10.5104082799,-9.0041070067,32.4367722131,-8.39132614865,-6.65212503494,25.8865611569,-5.59220864592,0.472921209308,-0.131539773059,0.100629585383,0.360960142174
qwen,Qwen 3 32B,12,chameleon,5,-0.639659238992,15.880443898,-5.60503873017,-3.09228617426,17.0616193536,-6.6421252016,-10.6651164285,14.9027667191,-10.6713789337,-1.12025569318,-0.355871930767,-0.0972035399557,0.372408914803
qwen,Qwen 3 32B,12,chef,8,4.48130565682,12.2328024694,-8.70258856751,4.96212757314,11.3017639316,-10.9928964597,12.5270994325,3.75559853301,-11.7885354171,0.416363992245,-0.259328768851,-0.133912674083,0.434535485838
qwen,Qwen 3 32B,12,chemist,8,29.4183535795,-11.1713910982,8.46336675488,29.1375752578,-11.6838837888,5.1256362282,32.3740869227,-13.6014148348,3.54129879136,0.416363992245,-0.259328768851,-0.133912674083,0.172068547454
qwen,Qwen 3 32B,12,chimera,9,-37.3141484939,-16.3630161041,9.31670044599,-39.8537646908,-14.9391324422,9.55322847801,-37.6432722723,-19.4253365375,10.6096709411,0.0297267318807,0.280117397162,-0.128733770936,0.231011848047
qwen,Qwen 3 32B,12,coach,10,24.8538603658,11.6992039337,-14.8399571362,23.2663529368,17.7382913179,-11.1098253126,21.9258445543,11.7359388814,-13.7632700231,0.472921209308,-0.131539773059,0.100629585383,0.328808689186
qwen,Qwen 3 32B,12,collaborator,1,25.7198822311,9.6709005101,-17.6725579317,24.4737110256,12.5886891287,-16.978364981,24.9338983265,10.897386437,-16.4733959814,1.11201905863,0.808761460334,0.249512703126,0.0862477642492
qwen,Qwen 3 32B,12,collector,7,11.7618076005,-12.9383803322,1.19749373731,9.79574360747,-10.6251040803,0.854331894354,15.1004952162,-10.8691051922,1.12167467302,-0.499627756305,-0.739509461574,-0.296099272311,0.177531938536
qwen,Qwen 3 32B,12,comedian,6,-24.0293182891,56.6036520243,31.2800279455,-18.822951896,43.51383347,23.17126395,-23.448815783,35.2502075362,27.7117627241,0.164434602291,0.268308279386,0.520493522734,0.504007880566
qwen,Qwen 3 32B,12,competitor,3,-5.72599215104,27.9173130406,25.6672245762,-9.97024143002,39.3385465963,35.4083582955,-19.3301908146,23.4020232911,31.2648428665,0.0247865124436,0.0457557553117,-0.105692843824,0.845288585195
qwen,Qwen 3 32B,12,composer,2,1.77424233631,-17.5827662664,-4.90092773975,-5.66363140354,-13.800655272,-3.90223339449,4.51819861482,-3.93768773883,-6.91308465426,-0.0688306892672,0.551001009475,0.316697428774,0.600974826625
qwen,Qwen 3 32B,12,conservator,5,23.523663493,-16.8206376777,-6.18463688913,21.012852442,-14.0557737939,-6.61204555903,22.1788116436,-8.61867956369,-5.10081688421,-1.12025569318,-0.355871930767,-0.0972035399557,0.273032555153
qwen,Qwen 3 32B,12,consultant,3,41.0266140038,-2.69110102862,3.47137083136,42.9119630922,-4.19230392968,4.78075463353,40.6780766362,-4.00423122359,5.22057990151,0.0247865124436,0.0457557553117,-0.105692843824,0.0798069129714
qwen,Qwen 3 32B,12,contrarian,6,-3.58669200538,13.9340905764,26.0834457629,-4.89541658639,15.6992679548,25.9549741375,-13.3316905893,15.5769061589,28.6269661874,0.164434602291,0.268308279386,0.520493522734,0.327691224946
qwen,Qwen 3 32B,12,coordinator,10,39.3863140523,-2.15572574932,-3.19477140304,39.9820493305,-2.32472478442,-1.8993017965,35.2368877128,1.70659183667,-3.20554240364,0.472921209308,-0.131539773059,0.100629585383,0.25855941241
qwen,Qwen 3 32B,12,coral_reef,3,-32.6388410445,-19.9315833059,-10.8382056571,-26.2214004913,-19.6889427098,-11.8729954399,-36.9599240493,-28.2657844171,-13.5033344201,0.0247865124436,0.0457557553117,-0.105692843824,0.545031581405
qwen,Qwen 3 32B,12,cosmopolitan,8,8.79958467757,0.177255543323,-7.82535082618,6.94891384558,-1.09822060748,-9.21404646851,12.946175829,-6.04342233969,-7.74481768308,0.416363992245,-0.259328768851,-0.133912674083,0.318213869815
qwen,Qwen 3 32B,12,counselor,6,10.8521531555,12.9700024942,-36.1673309576,3.2894652942,18.2107776762,-28.1050683162,12.8548022627,16.387472763,-26.8907007017,0.164434602291,0.268308279386,0.520493522734,0.337982715313
qwen,Qwen 3 32B,12,criminal,8,-37.5557041051,37.4339322442,26.99171875,-34.5204881081,43.8143103634,32.871994144,-17.310392989,35.8196649022,29.8382061511,0.416363992245,-0.259328768851,-0.133912674083,0.708819122654
qwen,Qwen 3 32B,12,critic,5,25.6233998672,-14.7712497735,6.80253287568,20.0381726283,-11.643322119,7.42815440752,28.6999147081,-13.1992475821,13.6081138934,-1.12025569318,-0.355871930767,-0.0972035399557,0.491546151508
qwen,Qwen 3 32B,12,crystalline,6,-10.3352044844,-44.008002697,8.55267283169,-10.5698877205,-40.0734311381,6.86405342713,-22.3183459395,-28.1984311843,3.44226433338,0.164434602291,0.268308279386,0.520493522734,0.710110984534
qwen,Qwen 3 32B,12,curator,2,20.1673904004,-8.79154175031,-4.62558961171,17.0659255274,-5.83943351424,-4.22859652464,17.5698651664,-6.49120139336,-4.3464409642,-0.0688306892672,0.551001009475,0.316697428774,0.0354153356678
qwen,Qwen 3 32B,12,cyborg,2,16.71541533,-10.1732490743,10.1010601796,16.911377475,-14.4008294229,6.54338444116,21.5738464943,-4.15741044435,9.30690275806,-0.0688306892672,0.551001009475,0.316697428774,0.530476293188
qwen,Qwen 3 32B,12,cynic,1,-21.4068352364,40.7120285101,36.2814528888,-17.6684814397,44.8719233641,38.5877837239,-23.4040793487,30.2747936506,29.023939148,1.11201905863,0.808761460334,0.249512703126,0.929645756928
qwen,Qwen 3 32B,12,daredevil,4,-29.8461470377,43.7473712525,26.4479629644,-45.5338996144,51.2938923581,33.1308098973,-19.5617995333,30.5081395563,28.7438958538,-0.533901606843,-0.465337885117,-0.425943678965,1.3252495021
qwen,Qwen 3 32B,12,debugger,3,37.8366557821,0.422488734935,10.8673754546,38.4916938059,0.196151678215,11.7518255773,40.7715527302,-7.90912388751,12.5473141028,0.0247865124436,0.0457557553117,-0.105692843824,0.387581471237
qwen,Qwen 3 32B,12,demon,5,-51.935277584,-11.4757209398,29.9191997202,-54.8284105318,-9.39916740234,28.3988259703,-41.8127768676,-6.31659215792,29.6199702818,-1.12025569318,-0.355871930767,-0.0972035399557,0.46233712332
qwen,Qwen 3 32B,12,designer,6,26.6037959477,-2.52674755097,-5.17631958539,25.0443044308,-0.876959978372,-4.35569729078,14.2571354011,-2.49091961161,-7.79348582362,0.164434602291,0.268308279386,0.520493522734,0.426293326998
qwen,Qwen 3 32B,12,destroyer,5,-3.11825999721,-3.20458750293,23.3218527175,0.902571274001,-2.27033952293,27.379018223,-10.6881317627,8.82483625273,25.6704215601,-1.12025569318,-0.355871930767,-0.0972035399557,0.652817467241
qwen,Qwen 3 32B,12,detective,4,21.4095678184,-2.26166954869,11.6407137131,20.2043249111,-0.644356321974,11.6477911236,32.8314288911,-13.6911171228,10.4980799936,-0.533901606843,-0.465337885117,-0.425943678965,0.741135607939
qwen,Qwen 3 32B,12,devils_advocate,3,6.51932202731,7.66009650079,21.460076418,5.58360496502,9.28514596971,22.022053164,-1.34833259651,5.60887651619,31.2056499153,0.0247865124436,0.0457557553117,-0.105692843824,0.649001871099
qwen,Qwen 3 32B,12,dilettante,4,-3.35025713752,18.0023890833,1.50714361421,-6.59254898652,16.7711532214,-3.5636294697,-7.83485344266,19.9000718342,-10.1602089337,-0.533901606843,-0.465337885117,-0.425943678965,0.444648445219
qwen,Qwen 3 32B,12,dispatcher,4,37.5165183837,-3.00926795395,5.13219287718,39.6998125995,-6.57975210231,4.75377389587,38.0445422631,-1.17507015752,2.67693810314,-0.533901606843,-0.465337885117,-0.425943678965,0.288908590093
qwen,Qwen 3 32B,12,divorcee,1,-6.76423820295,31.7563347034,-25.8975048634,-9.51752825637,33.972227467,-18.6864640352,-2.79203455626,27.173034411,-14.3170252799,1.11201905863,0.808761460334,0.249512703126,0.476009515011
qwen,Qwen 3 32B,12,doctor,9,34.779093763,-0.0453341536794,-11.4660245572,36.2609988374,-5.02802036959,-10.4665683145,31.8091689613,0.553641414295,-6.79847837157,0.0297267318807,0.280117397162,-0.128733770936,0.378521880635
qwen,Qwen 3 32B,12,dreamer,9,-45.5620773049,-22.8877573113,-7.6934699612,-45.5523349786,-20.711130062,-5.99338632959,-43.7316649085,-17.3643646015,-5.85893068113,0.0297267318807,0.280117397162,-0.128733770936,0.167138215666
qwen,Qwen 3 32B,12,echo,10,-49.8922121298,-33.3541033318,0.20762041051,-46.1722348079,-31.9726096376,1.25284990354,-44.9747967301,-29.0732585563,1.01841168869,0.472921209308,-0.131539773059,0.100629585383,0.141304143498
qwen,Qwen 3 32B,12,economist,7,42.5913387139,-10.4924690407,16.6700724923,43.0982949098,-10.2957591604,15.5507267378,38.5699955062,-9.52993751766,15.8225524355,-0.499627756305,-0.739509461574,-0.296099272311,0.15565148326
qwen,Qwen 3 32B,12,ecosystem,2,12.4781760495,-15.4060813115,-15.3488415282,14.6596131751,-12.0406413567,-13.827400793,15.5593511407,-2.13451972532,-10.306154159,-0.0688306892672,0.551001009475,0.316697428774,0.51256799216
qwen,Qwen 3 32B,12,editor,1,34.6198141863,-2.11473983116,-5.09515886491,34.2624247848,-3.69567705545,-5.05185406769,31.0328228837,0.719534478849,-4.47547045091,1.11201905863,0.808761460334,0.249512703126,0.234475899084
qwen,Qwen 3 32B,12,egregore,6,-23.83673651,-31.5663495269,5.0292044425,-25.8667086723,-27.4620388738,6.0166453375,-38.4791968673,-23.9911690793,6.057604597,0.164434602291,0.268308279386,0.520493522734,0.449275851216
qwen,Qwen 3 32B,12,elder,4,-35.7058842122,-4.92958517974,-20.673806674,-33.2647242654,-3.98127936057,-21.6888748014,-17.4085329617,-15.7309440151,-14.1276812836,-0.533901606843,-0.465337885117,-0.425943678965,0.897702416625
qwen,Qwen 3 32B,12,eldritch,10,-52.7168018655,-39.4813463618,15.7424666564,-52.1774356144,-37.805572943,14.5860459802,-55.557001911,-31.3558227509,10.6716983455,0.472921209308,-0.131539773059,0.100629585383,0.405049800911
qwen,Qwen 3 32B,12,emissary,3,22.5217509067,-11.7568235047,-11.1992821019,19.3325715684,-10.2329370756,-11.2214885381,13.2553258573,-8.35947373704,-10.0304536698,0.0247865124436,0.0457557553117,-0.105692843824,0.232599820189
qwen,Qwen 3 32B,12,empath,1,-15.6307324638,3.87265377104,-36.8507009184,-23.2722763798,6.42048994282,-30.0371793452,-12.2364326596,13.7225137707,-27.0116746432,1.11201905863,0.808761460334,0.249512703126,0.535334397034
qwen,Qwen 3 32B,12,engineer,9,40.5353113067,-7.18309412976,11.617733918,40.9548345463,-7.26710044193,10.1672863929,36.1336523787,-8.29018476487,10.2014378569,0.0297267318807,0.280117397162,-0.128733770936,0.167200214913
qwen,Qwen 3 32B,12,entrepreneur,5,20.6812498398,16.2822686995,6.63828069846,23.541584555,17.8256311511,10.903191036,12.0270371938,0.573108082292,6.297314122,-1.12025569318,-0.355871930767,-0.0972035399557,0.935328332815
qwen,Qwen 3 32B,12,evaluator,9,45.0862291526,-10.2752034925,7.30469979884,43.827450239,-9.89650503973,7.44781701949,42.184786243,-10.1872942518,7.40521387556,0.0297267318807,0.280117397162,-0.128733770936,0.0563230425146
qwen,Qwen 3 32B,12,evangelist,9,-19.1415775881,5.67443704882,-2.21266481434,-26.2309406123,6.5307261276,-2.43915922236,-29.0873628917,-1.92628245516,-4.08279824423,0.0297267318807,0.280117397162,-0.128733770936,0.417601452278
qwen,Qwen 3 32B,12,examiner,3,45.6224821132,-13.6369099009,10.5562595386,41.290227041,-10.8746737796,10.179816346,44.0742730527,-8.45705917489,8.10295014644,0.0247865124436,0.0457557553117,-0.105692843824,0.196281712807
qwen,Qwen 3 32B,12,exile,10,-46.9294422205,-4.67183311285,-7.73074368685,-43.8431092898,-5.91300670644,-4.25232689819,-34.0508831345,-12.2028214492,0.225592229491,0.472921209308,-0.131539773059,0.100629585383,0.521558806435
qwen,Qwen 3 32B,12,expatriate,9,14.6287057133,14.1685702856,-10.601171688,15.6738986714,12.3756815618,-8.16796325799,18.0427105852,1.11015213191,-7.4819253387,0.0297267318807,0.280117397162,-0.128733770936,0.531300685718
qwen,Qwen 3 32B,12,facilitator,9,32.4634012895,5.01173626367,-16.0507455106,28.5425450884,9.44429738724,-13.1357716411,28.4836222797,8.01214633136,-13.773392756,0.0297267318807,0.280117397162,-0.128733770936,0.0779020113901
qwen,Qwen 3 32B,12,familiar,9,-40.9724940645,-28.2318498447,-1.70152088179,-38.9207588976,-29.1001319597,-3.5206816815,-46.0961407641,-25.9984245654,-7.33293436333,0.0297267318807,0.280117397162,-0.128733770936,0.368901096041
qwen,Qwen 3 32B,12,fixer,5,-12.5892808334,17.0112191241,25.8017486957,-10.5119840597,17.6911997835,29.6739174281,-13.0635158761,20.5488260423,25.8960096505,-1.12025569318,-0.355871930767,-0.0972035399557,0.286686508337
qwen,Qwen 3 32B,12,flaneur,6,-28.5162372083,-8.30586306752,9.19804327858,-29.3545627376,-9.02217685622,7.23235568071,-25.3449431987,-9.99005520917,10.4209737199,0.164434602291,0.268308279386,0.520493522734,0.246268014
qwen,Qwen 3 32B,12,fool,8,-37.4067366186,47.9213558893,7.51525412791,-33.8216526782,39.424659496,-5.17741204946,-24.2412391906,24.2348753027,-0.294238897964,0.416363992245,-0.259328768851,-0.133912674083,0.83411078847
qwen,Qwen 3 32B,12,forecaster,4,38.6858167234,-8.50560843221,10.4222992844,40.8726836745,-10.8834276211,10.958920434,37.7832348841,-8.30672656675,12.3599158886,-0.533901606843,-0.465337885117,-0.425943678965,0.181053209202
qwen,Qwen 3 32B,12,futurist,7,32.1773792966,-10.5781350716,9.81585980791,34.0354922282,-13.6255084341,9.89142487451,20.7541242067,-7.84313760007,9.50166405887,-0.499627756305,-0.739509461574,-0.296099272311,0.517498445504
qwen,Qwen 3 32B,12,gamer,9,-1.51556470893,24.9500257112,24.2176345624,5.34055860762,20.0076555871,21.0067531692,-11.4153392216,7.00053548482,7.58417643922,0.0297267318807,0.280117397162,-0.128733770936,1.18312306374
qwen,Qwen 3 32B,12,generalist,5,34.4612119685,-6.41567640341,2.90868014539,35.1684029856,-6.76239352098,1.47470358934,31.3724161953,-13.8933314661,2.54163560968,-1.12025569318,-0.355871930767,-0.0972035399557,0.361053489096
qwen,Qwen 3 32B,12,genie,8,-37.8755307639,1.54792877482,22.3546221342,-38.194378744,-4.32827352234,17.789430314,-38.3638876716,-10.5601854671,14.5921541393,0.416363992245,-0.259328768851,-0.133912674083,0.353573014806
qwen,Qwen 3 32B,12,geographer,1,36.7779017111,-17.7942746273,3.41194167032,35.7422201967,-16.1577746677,2.07561411351,31.1104162589,-10.5582216739,3.47588376131,1.11201905863,0.808761460334,0.249512703126,0.315168365076
qwen,Qwen 3 32B,12,ghost,7,-52.9124863305,-21.0370963896,0.569494329869,-49.7575471429,-22.3230748507,1.24634683704,-44.869633484,-32.1033250327,3.14228341308,-0.499627756305,-0.739509461574,-0.296099272311,0.497497974552
qwen,Qwen 3 32B,12,golem,2,-46.7145819181,-28.7394834247,-2.94501784309,-41.0205464931,-31.3673415951,-5.21719520095,-41.4239668884,-25.6940962086,-7.7117968449,-0.0688306892672,0.551001009475,0.316697428774,0.307768581225
qwen,Qwen 3 32B,12,gossip,4,-24.6951310368,57.2201686825,28.5845012013,-24.8042390472,54.4599093159,27.3753096393,-25.4093751131,38.2477290046,28.8959594663,-0.533901606843,-0.465337885117,-0.425943678965,0.759959284596
qwen,Qwen 3 32B,12,grader,7,42.7117615559,-6.18478099198,1.88608290506,36.4863982097,-3.26250282244,-0.327413826211,40.648723809,-3.08319214188,0.486943151146,-0.499627756305,-0.739509461574,-0.296099272311,0.14792722564
qwen,Qwen 3 32B,12,graduate,10,9.10015021249,34.3937989303,-14.3962078274,9.61885406115,36.0500688445,-11.9354661539,1.47203060393,23.0806800096,-17.666808267,0.472921209308,-0.131539773059,0.100629585383,0.754153828663
qwen,Qwen 3 32B,12,grandparent,8,-30.3089276973,34.3980358462,-30.1425237459,-27.6612723968,37.3706740165,-38.3509319705,3.0777351265,23.1411968027,-33.6680805333,0.416363992245,-0.259328768851,-0.133912674083,1.25295004241
qwen,Qwen 3 32B,12,guardian,8,5.55576908925,-6.8612646144,-13.0040522802,9.13711561926,-9.78902637765,-12.8637569271,19.3616588239,-9.84175615662,-9.20952866736,0.416363992245,-0.259328768851,-0.133912674083,0.411347270072
qwen,Qwen 3 32B,12,guide,7,13.4421298094,2.16208784603,-9.33653387736,14.982614445,3.53706991877,-8.00037749539,18.1840795637,-0.349790389893,-7.26859819651,-0.499627756305,-0.739509461574,-0.296099272311,0.214753773837
qwen,Qwen 3 32B,12,guru,8,-35.0144027323,-24.845768529,-17.6269641879,-38.1949668835,-20.5733276122,-14.8788189274,-41.7229812859,-26.7044313078,-13.5821876029,0.416363992245,-0.259328768851,-0.133912674083,0.318943226985
qwen,Qwen 3 32B,12,hacker,2,-2.56423604721,14.2937771924,36.3636300883,-0.677198941957,12.661279722,36.0923553716,-15.822296816,17.7020934411,26.2712350126,-0.0688306892672,0.551001009475,0.316697428774,0.834260710378
qwen,Qwen 3 32B,12,healer,6,-1.76088193218,-11.5606479615,-34.3454296961,-4.79171489032,-9.83499307978,-27.9776711603,1.9590445963,5.26133170959,-25.133175809,0.164434602291,0.268308279386,0.520493522734,0.758449631323
qwen,Qwen 3 32B,12,hedonist,9,-17.8404597641,12.5750929644,10.7476910539,-21.1258439119,12.357129253,10.4225388309,-24.1367703044,7.0064300998,10.6184420932,0.0297267318807,0.280117397162,-0.128733770936,0.268379558911
qwen,Qwen 3 32B,12,hermit,10,-48.6115077183,-23.2365265541,-11.6543667586,-44.743276417,-24.5274192169,-11.6352835518,-41.6375592966,-24.6591134473,-5.23307424929,0.472921209308,-0.131539773059,0.100629585383,0.418808890447
qwen,Qwen 3 32B,12,historian,8,28.8543063341,-18.9169756328,9.28432201309,25.7789869544,-17.077927587,5.85614333153,36.0649777725,-14.5139083415,6.57608291746,0.416363992245,-0.259328768851,-0.133912674083,0.364995458966
qwen,Qwen 3 32B,12,hive,4,2.429805286,-32.6808563183,4.7083528165,4.42662928208,-35.6251983691,3.06826496842,-2.07506038462,-25.4389146015,4.09095927556,-0.533901606843,-0.465337885117,-0.425943678965,0.524492528432
qwen,Qwen 3 32B,12,hoarder,8,-26.1444846325,39.078366623,4.21029543037,-25.3347062912,31.9270079988,-2.2983106795,-28.7985577901,20.5642714164,-2.97984859794,0.416363992245,-0.259328768851,-0.133912674083,0.542279465425
qwen,Qwen 3 32B,12,homunculus,8,-33.9513279666,-28.6979653752,15.2802727738,-33.6120462012,-28.1631270062,11.7680568923,-42.5910523439,-21.88106697,7.84424494241,0.416363992245,-0.259328768851,-0.133912674083,0.486039490857
qwen,Qwen 3 32B,12,hybrid,10,9.09269487763,-5.68914898497,-11.4187758449,5.44759842946,-4.70582798534,-11.624877298,13.0170876439,-4.34072719002,-7.77398633282,0.472921209308,-0.131539773059,0.100629585383,0.351003660517
qwen,Qwen 3 32B,12,idealist,2,-10.69516568,-11.6567215184,-19.8188936459,-14.5951739425,-9.63063667618,-20.9711229587,-30.0165228134,-18.4364618528,-17.9974140065,-0.0688306892672,0.551001009475,0.316697428774,0.682572618716
qwen,Qwen 3 32B,12,immigrant,6,-4.76590850213,13.8422485228,-28.7802663259,-5.51528923231,15.4950194272,-24.5148383155,-5.25036132025,15.2096986549,-23.431345254,0.164434602291,0.268308279386,0.520493522734,0.0705035711121
qwen,Qwen 3 32B,12,improviser,4,-15.0195404547,34.4442079484,-0.66276091755,-21.3919618891,34.8632106615,-3.41476850193,-13.2858508712,33.9386484192,-4.19691780107,-0.533901606843,-0.465337885117,-0.425943678965,0.277360755446
qwen,Qwen 3 32B,12,infant,4,-42.8903906934,44.7001549724,-19.499290547,-39.6775061021,22.7025197313,-36.1912246201,-15.0288490816,25.7234171301,-31.2727683426,-0.533901606843,-0.465337885117,-0.425943678965,0.887928055913
qwen,Qwen 3 32B,12,influencer,9,3.22931054875,40.0025555563,-2.21136921247,5.46226434889,37.5171747104,-0.468943926419,-9.35434372702,27.2424618873,-3.36181490504,0.0297267318807,0.280117397162,-0.128733770936,0.710169390108
qwen,Qwen 3 32B,12,instructor,7,34.5488946174,3.3260614202,-4.3557354262,36.8983441116,3.31304274059,-4.71356608372,34.1687036935,0.705460428629,-3.86150474963,-0.499627756305,-0.739509461574,-0.296099272311,0.160755433252
qwen,Qwen 3 32B,12,interpreter,3,24.507228725,-0.440644930624,-5.84948498734,24.4387172286,0.873753494811,-5.15710737204,32.2992030793,-5.37226923849,-4.21098341819,0.0247865124436,0.0457557553117,-0.105692843824,0.395185620254
qwen,Qwen 3 32B,12,interviewer,6,26.2219346523,7.46018113285,-8.45765022904,16.4773683715,13.2846044119,-5.1339845048,28.1360023113,3.46602206173,-6.19160158498,0.164434602291,0.268308279386,0.520493522734,0.60249461622
qwen,Qwen 3 32B,12,jester,7,-41.146591281,19.9649613024,30.9587635686,-36.7112205559,8.70519684098,21.6803785225,-34.0146328362,2.36527443089,26.8639650552,-0.499627756305,-0.739509461574,-0.296099272311,0.450383250621
qwen,Qwen 3 32B,12,journalist,9,30.5912911247,-2.69162501056,3.08773699476,30.3191155489,-5.23411284261,3.82063694639,35.8215919494,-12.7327488914,6.14887475192,0.0297267318807,0.280117397162,-0.128733770936,0.420388592116
qwen,Qwen 3 32B,12,judge,6,34.4658219392,-15.5836276955,4.7926563828,31.7873569498,-14.3006639677,4.8717585898,43.0890241468,-10.2599030424,9.07506437159,0.164434602291,0.268308279386,0.520493522734,0.497432208858
qwen,Qwen 3 32B,12,lawyer,5,42.9934783874,-11.8614881174,14.4659970679,42.8503020478,-14.5836213674,13.8874750115,46.4158993615,-11.3580844039,11.8574660483,-1.12025569318,-0.355871930767,-0.0972035399557,0.230408427894
qwen,Qwen 3 32B,12,leviathan,1,-60.938872717,-33.5033326792,12.444977138,-57.1044540004,-36.3091823535,12.6497076372,-54.5308559294,-29.983907476,8.20074671245,1.11201905863,0.808761460334,0.249512703126,0.416284981425
qwen,Qwen 3 32B,12,librarian,5,33.1216294452,-7.58592059026,0.480897436056,32.7806660386,-8.94153935442,-2.85114073543,34.3215120768,0.932349354327,-2.92796689256,-1.12025569318,-0.355871930767,-0.0972035399557,0.461820368894
qwen,Qwen 3 32B,12,linguist,10,33.9279891998,-16.1594475864,7.52647521065,25.3572468852,-11.6453273142,3.91959293946,30.3600371665,-16.6690922041,6.26592536639,0.472921209308,-0.131539773059,0.100629585383,0.322969756675
qwen,Qwen 3 32B,12,loner,5,-17.8466028881,19.2185781725,-4.3397085953,-14.7583301237,18.0276835772,0.864053502832,-29.6781530364,27.4515775053,1.29171253549,-1.12025569318,-0.355871930767,-0.0972035399557,0.662292069486
qwen,Qwen 3 32B,12,luddite,4,-29.2402545516,8.51415213369,9.68072343458,-14.4039936686,-4.26267719644,1.86324328918,-20.7193277203,-11.9002873289,12.5962991615,-0.533901606843,-0.465337885117,-0.425943678965,0.795617696646
qwen,Qwen 3 32B,12,marketer,4,34.0810180114,6.43173307057,3.58870006732,37.834532948,5.33313514299,4.48036757238,26.3258643888,-0.618239857812,0.393268257996,-0.533901606843,-0.465337885117,-0.425943678965,0.538545882808
qwen,Qwen 3 32B,12,martyr,1,-31.9102920419,-21.8595311082,-10.2414494132,-34.899930762,-21.4558047522,-9.21391078321,-40.7425069943,-26.6456653811,-4.02563615979,1.11201905863,0.808761460334,0.249512703126,0.451756730045
qwen,Qwen 3 32B,12,mathematician,4,31.9566595795,-14.5103292816,15.9697079215,25.5906272759,-10.0761813835,11.2318827256,33.1022879781,-13.7094396469,10.8368225151,-0.533901606843,-0.465337885117,-0.425943678965,0.302505040529
qwen,Qwen 3 32B,12,maverick,5,-10.5386741693,20.109883057,25.5859254375,-11.6583823913,23.4905039983,28.430770461,-27.0610568874,33.2350375464,30.7167928425,-1.12025569318,-0.355871930767,-0.0972035399557,0.698824424989
qwen,Qwen 3 32B,12,mechanic,8,11.6010842804,22.1152072248,6.15720023495,18.8548374433,20.217703831,4.61574344617,24.6885060486,10.2289999185,5.08466109973,0.416363992245,-0.259328768851,-0.133912674083,0.504037543818
qwen,Qwen 3 32B,12,mediator,2,28.5362532778,0.21402154991,-16.472154856,25.4479032553,3.76695947775,-13.869155001,30.4070758694,3.87533340749,-14.5808170437,-0.0688306892672,0.551001009475,0.316697428774,0.17100289331
qwen,Qwen 3 32B,12,mentor,10,26.1261693791,8.14166738168,-9.38935680987,25.4595454792,12.1795764019,-6.25400222051,21.7207957272,7.60113363434,-7.78413364222,0.472921209308,-0.131539773059,0.100629585383,0.2648489431
qwen,Qwen 3 32B,12,merchant,8,-2.02762891686,-7.9807963138,2.93099330819,3.10047420592,-6.12052617583,0.891422412372,12.4357868608,-10.7205298391,-0.341349450081,0.416363992245,-0.259328768851,-0.133912674083,0.384890991378
qwen,Qwen 3 32B,12,minimalist,9,-3.06321228203,9.20342670013,-21.949754205,2.62654647585,6.29470821148,-19.8125412944,5.676227921,11.5992793774,-17.423198381,0.0297267318807,0.280117397162,-0.128733770936,0.306612721737
qwen,Qwen 3 32B,12,moderator,8,31.4511291708,4.18708649297,-14.4186408958,28.8404367852,6.94472906225,-12.7268113431,29.4778988055,2.54296801914,-15.2040222249,0.416363992245,-0.259328768851,-0.133912674083,0.258780751486
qwen,Qwen 3 32B,12,musician,3,-13.6351829383,2.88823058669,-16.0465898135,-18.9808776632,3.11154455645,-13.7813226085,-15.2632769187,10.8602666603,-13.132390789,0.0247865124436,0.0457557553117,-0.105692843824,0.382996608834
qwen,Qwen 3 32B,12,mycorrhizal,6,-31.4203052736,-26.6438302972,-9.40632559503,-24.0552081136,-25.0151024706,-10.3477086461,-38.3585461286,-25.3158800562,-13.7449020666,0.164434602291,0.268308279386,0.520493522734,0.522192926426
qwen,Qwen 3 32B,12,mystic,1,-42.1687203492,-36.1612162904,-18.9492819304,-44.3178443129,-33.0501231415,-14.4861311154,-38.5957880181,-26.4033464064,-13.1393567145,1.11201905863,0.808761460334,0.249512703126,0.372724923678
qwen,Qwen 3 32B,12,narcissist,1,-21.9947570674,34.6721005388,25.5567280768,-35.464076068,41.3595854649,30.2158999001,-31.2988832299,33.499863237,28.9121268556,1.11201905863,0.808761460334,0.249512703126,0.39933354695
qwen,Qwen 3 32B,12,narrator,1,-33.8315363633,-8.19143079952,-2.3789079946,-36.4151411098,-8.87797774923,-1.83713759997,-35.6561565236,-15.0423948744,-1.80430024427,1.11201905863,0.808761460334,0.249512703126,0.287642519943
qwen,Qwen 3 32B,12,naturalist,5,8.61510878853,-15.779512992,-9.75677419796,11.0430618886,-11.6678272251,-10.1430062837,18.7289383766,-5.94044861519,-8.97163730943,-1.12025569318,-0.355871930767,-0.0972035399557,0.37639308456
qwen,Qwen 3 32B,12,navigator,6,13.917627303,-2.6363153765,-2.79696295273,14.7927888252,-0.394215665377,-1.59271296419,19.9976675917,-0.32315091852,-5.43147588938,0.164434602291,0.268308279386,0.520493522734,0.298607681037
qwen,Qwen 3 32B,12,negotiator,2,31.2233200958,-1.41231582929,-5.68319746015,28.4312924971,1.61792587883,-4.03388489172,32.4970858369,0.69546220693,-2.7215937818,-0.0688306892672,0.551001009475,0.316697428774,0.164403892122
qwen,Qwen 3 32B,12,networker,5,21.9693807265,11.6723455354,-15.009154411,21.0340768053,15.6774128773,-13.9228122865,16.9947776716,11.4966256308,-15.0585295059,-1.12025569318,-0.355871930767,-0.0972035399557,0.246938139721
qwen,Qwen 3 32B,12,newlywed,2,-3.47996772482,36.0089909667,-29.9697274523,-5.21532958276,38.897852236,-29.1585386048,-9.93004302354,33.7219789414,-25.9616267746,-0.0688306892672,0.551001009475,0.316697428774,0.351444783448
qwen,Qwen 3 32B,12,nomad,1,-15.4263027515,9.14586687842,-9.44552224384,-11.5063529789,8.1465400744,-6.90408616945,-6.85987962286,15.4177034082,-8.77825833635,1.11201905863,0.808761460334,0.249512703126,0.390126504995
qwen,Qwen 3 32B,12,novelist,9,-15.5091115258,-8.06306755879,2.91120907379,-20.0157072744,-3.89112682009,4.87762845212,-23.1170773744,-3.91264393149,5.01488057105,0.0297267318807,0.280117397162,-0.128733770936,0.103476589457
qwen,Qwen 3 32B,12,nutritionist,3,35.1305510757,2.03632688954,-12.0374056454,38.8141726319,-4.2180703125,-12.4693583573,30.9170601937,1.55005287709,-12.4605430509,0.0247865124436,0.0457557553117,-0.105692843824,0.375244651444
qwen,Qwen 3 32B,12,observer,2,34.0895035672,-12.4056352807,1.73119351601,34.5828816044,-13.4785234699,3.97253095237,43.8646581205,-10.6130160438,8.977670669,-0.0688306892672,0.551001009475,0.316697428774,0.462191807805
qwen,Qwen 3 32B,12,optimist,7,0.231516610039,22.2078815932,-31.2709528631,0.202742043167,27.5848506464,-34.2703739674,-5.9275072093,18.6739297932,-34.7413598889,-0.499627756305,-0.739509461574,-0.296099272311,0.462574974713
qwen,Qwen 3 32B,12,oracle,1,-45.7049828995,-34.5487599494,-2.55997906989,-44.957154587,-34.1626532853,-0.195454772715,-49.6309947671,-25.8454305999,-1.91602714004,1.11201905863,0.808761460334,0.249512703126,0.43068667702
qwen,Qwen 3 32B,12,organizer,7,37.569799066,-2.05255769937,0.127009038656,40.7915504544,-3.49247013235,0.576811016092,38.0226594526,-4.00066648514,1.62299127301,-0.499627756305,-0.739509461574,-0.296099272311,0.11588586438
qwen,Qwen 3 32B,12,orphan,4,-23.4377249638,36.5425652827,-18.765496061,-21.9689320736,39.6045616125,-15.9793782053,-12.69244659,29.8567848393,-11.179985899,-0.533901606843,-0.465337885117,-0.425943678965,0.626858239998
qwen,Qwen 3 32B,12,pacifist,5,12.6309863816,-12.3796096815,-28.4964811317,13.4826620553,-13.712300743,-29.8228492736,18.4739453257,-0.621176307634,-21.4102700302,-1.12025569318,-0.355871930767,-0.0972035399557,0.825934532467
qwen,Qwen 3 32B,12,paramedic,7,26.0687932836,7.00401777516,-5.83332782543,27.3305521643,-0.238545513307,-5.6907568567,28.0212285923,-7.95434079796,-2.30911213395,-0.499627756305,-0.739509461574,-0.296099272311,0.418446742939
qwen,Qwen 3 32B,12,parasite,9,-18.3218955804,-13.1577454017,23.0022904175,-14.937184147,-12.4145620587,20.7115945142,-21.883235767,-6.97431543848,21.3844546954,0.0297267318807,0.280117397162,-0.128733770936,0.345087767427
qwen,Qwen 3 32B,12,parent,9,7.07128058517,28.5714315038,-28.6848360891,9.60449054561,28.6572684214,-27.8245307104,11.6405475766,15.6250251221,-28.598481089,0.0297267318807,0.280117397162,-0.128733770936,0.611488595949
qwen,Qwen 3 32B,12,patient,4,0.41189244768,29.1882106188,-27.3290475849,3.8354412542,22.8437241282,-25.2184192496,2.59460307145,18.4592822026,-25.4325202617,-0.533901606843,-0.465337885117,-0.425943678965,0.20836737215
qwen,Qwen 3 32B,12,peacekeeper,9,24.3120963555,-2.64013816129,-18.9093502895,23.5436886936,-1.71832813868,-17.8668948135,27.4862936424,0.72361944161,-14.5666358008,0.0297267318807,0.280117397162,-0.128733770936,0.271714928235
qwen,Qwen 3 32B,12,perfectionist,1,19.9581350142,-9.86684635248,11.9032553346,14.5315301073,-10.0464247936,13.4753157921,21.4323625912,-8.64029316553,12.2713510866,1.11201905863,0.808761460334,0.249512703126,0.250458123778
qwen,Qwen 3 32B,12,pharmacist,5,37.8759185843,-4.24131852741,-3.8068299409,39.2145182142,-10.5748932625,-5.07858457241,30.7930936088,0.999980393467,-1.86606492952,-1.12025569318,-0.355871930767,-0.0972035399557,0.639770172107
qwen,Qwen 3 32B,12,philosopher,8,5.32079473116,-30.9439002465,3.95525064735,-5.29765428602,-20.6066131444,1.71660969234,20.329425557,-18.412035745,9.41811600776,0.416363992245,-0.259328768851,-0.133912674083,0.98722004531
qwen,Qwen 3 32B,12,photographer,2,-8.98814906921,4.75618045727,-12.0841177428,-14.8308260589,7.291355071,-9.18848528904,-11.8598264406,8.79405826036,-11.1022282796,-0.0688306892672,0.551001009475,0.316697428774,0.171321130995
qwen,Qwen 3 32B,12,physicist,8,29.1602105723,-17.2778892669,11.4713277887,25.4470297496,-13.3600702624,7.92907409731,31.1458176724,-11.3171434214,10.9682579414,0.416363992245,-0.259328768851,-0.133912674083,0.286401991264
qwen,Qwen 3 32B,12,pilgrim,6,-40.7406616683,-28.5020175667,-27.9875706246,-41.7401678885,-26.1575247378,-25.4808789783,-34.8756384956,-22.0754480188,-22.3705629987,0.164434602291,0.268308279386,0.520493522734,0.356306366764
qwen,Qwen 3 32B,12,pilot,10,26.581052394,1.99158764269,4.15248347355,26.9937430388,-0.777020169825,3.69225527062,37.0349452757,-6.91045472491,4.36085023739,0.472921209308,-0.131539773059,0.100629585383,0.441028925087
qwen,Qwen 3 32B,12,pirate,7,-52.6536103024,20.271848783,24.6586916194,-48.2078857199,11.706549762,19.6219965523,-29.1729818404,-8.22287569341,17.0826800784,-0.499627756305,-0.739509461574,-0.296099272311,1.13334018429
qwen,Qwen 3 32B,12,planner,2,42.8594698084,-3.01449673148,3.62325018255,44.9295242739,-4.67384589424,4.66894853424,37.6907892982,-2.24345601217,2.26930182624,-0.0688306892672,0.551001009475,0.316697428774,0.306289819559
qwen,Qwen 3 32B,12,playwright,8,-9.81757782462,4.58562509196,4.30120558458,-13.0180665851,2.99458024074,3.23976490528,-8.58843380816,-3.23463503889,3.62876540256,0.416363992245,-0.259328768851,-0.133912674083,0.325771134351
qwen,Qwen 3 32B,12,podcaster,6,0.844643011644,21.1089760924,-9.12387913332,-6.18205389126,22.5916145273,-7.6944538712,-9.20118884657,21.6934517652,-7.9333004666,0.164434602291,0.268308279386,0.520493522734,0.109756462564
qwen,Qwen 3 32B,12,poet,3,-59.2014253253,-14.6999612695,-3.61913608542,-57.1061548419,-22.1186455781,-3.94708092646,-46.0851250118,-28.2968395141,-5.07354514053,0.0247865124436,0.0457557553117,-0.105692843824,0.470965860901
qwen,Qwen 3 32B,12,polymath,7,29.7208506679,-13.7297035698,7.30806184029,26.2704846258,-12.7801273935,4.61434047322,32.6651461993,-11.6651721883,9.31568755528,-0.499627756305,-0.739509461574,-0.296099272311,0.369723729462
qwen,Qwen 3 32B,12,pragmatist,10,28.8546921673,13.1136681274,6.33006223948,39.0190809736,12.1022109595,8.98466518582,31.1413141081,4.30059774255,9.74734908943,0.472921209308,-0.131539773059,0.100629585383,0.449915151465
qwen,Qwen 3 32B,12,predator,1,-27.0575558841,-9.13077148833,16.6288968375,-27.3927911808,-5.75376542364,20.5389077176,-27.3476551435,-6.11474628186,20.4337330427,1.11201905863,0.808761460334,0.249512703126,0.0181169277632
qwen,Qwen 3 32B,12,presenter,6,19.6017098813,13.0577137153,-9.659203849,21.6298743469,13.1355867181,-9.47362312128,22.0168269163,8.43810437629,-9.64412426609,0.164434602291,0.268308279386,0.520493522734,0.218987539821
qwen,Qwen 3 32B,12,prey,10,-42.0516189464,1.3051907515,-0.331029776183,-37.7930921421,-3.14872183034,1.99175724447,-19.7198571764,-4.37811763766,1.62085206929,0.472921209308,-0.131539773059,0.100629585383,0.604015220147
qwen,Qwen 3 32B,12,prisoner,3,-22.4038879853,38.7814315972,-0.139570682795,-14.405775577,36.7706892621,2.28377876574,-21.7325073296,32.4679655739,-4.2142709776,0.0247865124436,0.0457557553117,-0.105692843824,0.518650640809
qwen,Qwen 3 32B,12,procrastinator,7,-16.5435193617,69.4682495742,16.7721027117,-20.979243159,67.4504782456,12.6868694001,-27.5540793578,41.8780256964,29.0028807861,-0.499627756305,-0.739509461574,-0.296099272311,1.59069905486
qwen,Qwen 3 32B,12,prodigy,3,7.53746296379,-5.84525300852,7.61453125774,2.5852307141,-6.16282615143,6.16993879774,-3.45729444006,-3.28127206329,5.65156852493,0.0247865124436,0.0457557553117,-0.105692843824,0.243666217496
qwen,Qwen 3 32B,12,producer,9,30.515274153,4.30353247595,0.625298354217,30.5464629183,3.95645264502,2.90366960434,26.654613595,-2.07902564562,-1.42163169906,0.0297267318807,0.280117397162,-0.128733770936,0.413054851112
qwen,Qwen 3 32B,12,programmer,7,31.8058437359,1.93406330269,12.9570460666,34.0981101329,-0.0277229146467,9.83808191446,26.0124559337,-0.0876238191961,8.38037144012,-0.499627756305,-0.739509461574,-0.296099272311,0.284260782674
qwen,Qwen 3 32B,12,proofreader,7,32.679234763,1.59236004417,0.592132511567,28.5304235176,-0.700580857395,-4.13039113739,36.0552154261,-1.62613767806,-2.27558294703,-0.499627756305,-0.739509461574,-0.296099272311,0.279743015386
qwen,Qwen 3 32B,12,prophet,10,-53.7766838342,-32.7077996639,1.96914685035,-51.6529513638,-35.0100042503,3.83692782227,-52.5506301077,-31.5668229511,7.47646980099,0.472921209308,-0.131539773059,0.100629585383,0.282367151355
qwen,Qwen 3 32B,12,provincial,4,-22.1022355484,23.6780032791,-19.0959040844,-13.9816968698,21.707700435,-25.7380882953,-9.75108988378,16.9628535805,-26.0565263556,-0.533901606843,-0.465337885117,-0.425943678965,0.262351818072
qwen,Qwen 3 32B,12,provocateur,9,-23.7921955732,22.5173865867,34.5018062268,-27.2888134808,27.9560220899,35.7419365076,-24.9614206943,33.4637101225,29.7966312127,0.0297267318807,0.280117397162,-0.128733770936,0.462121667668
qwen,Qwen 3 32B,12,psychologist,4,34.9928815098,-6.25296776145,-4.40972822243,28.8669409322,-3.80897026837,-2.97193495761,28.3769134806,-1.97155544749,-2.73059027632,-0.533901606843,-0.465337885117,-0.425943678965,0.0882798620665
qwen,Qwen 3 32B,12,publisher,4,33.9475455956,-5.1029743443,0.986967502755,35.3308747628,-7.34571112705,1.15571693788,35.0710973972,-6.3570612589,1.3909302754,-0.533901606843,-0.465337885117,-0.425943678965,0.0490773415291
qwen,Qwen 3 32B,12,purist,1,2.70650987898,-29.7269277795,10.2578054739,-0.203541311537,-29.7428223768,9.38854974346,8.03764276148,-16.745391372,6.14810957341,1.11201905863,0.808761460334,0.249512703126,0.694427950158
qwen,Qwen 3 32B,12,realist,2,22.5774287129,10.4349817079,11.0045665148,32.8084230401,7.38303820598,16.9134113289,31.3131882455,-9.1879229565,14.7685352927,-0.0688306892672,0.551001009475,0.316697428774,0.783715419276
qwen,Qwen 3 32B,12,rebel,7,-24.2688991564,23.9003847032,27.9261361248,-24.3626600197,28.5537807005,29.6998955533,-22.6866851564,31.4031171934,30.796350726,-0.499627756305,-0.739509461574,-0.296099272311,0.159610227481
qwen,Qwen 3 32B,12,recruiter,8,32.7799875774,7.86691675063,-4.19999830788,33.8367611493,9.54511023418,-2.98859331011,28.7416388286,2.86349927446,-4.11972355782,0.416363992245,-0.259328768851,-0.133912674083,0.360949365603
qwen,Qwen 3 32B,12,refugee,3,-13.3295932172,16.1461325188,-28.5593347568,-8.94220557928,14.923419755,-24.6648326527,-9.39049363242,19.8892034214,-23.2455779613,0.0247865124436,0.0457557553117,-0.105692843824,0.248174654453
qwen,Qwen 3 32B,12,reporter,3,27.7153620637,1.36181249897,1.02917064692,30.9324375242,-4.74150551646,1.38720517505,32.4723943125,-10.7231582462,4.83492943844,0.0247865124436,0.0457557553117,-0.105692843824,0.35733312435
qwen,Qwen 3 32B,12,researcher,5,42.8850785279,-11.1165077033,7.60431138089,41.2889287458,-12.2986743688,6.07021752499,43.0658272026,-9.87003061607,8.21150208454,-1.12025569318,-0.355871930767,-0.0972035399557,0.186163673433
qwen,Qwen 3 32B,12,retiree,10,-3.85153507051,26.5883815303,-17.854690017,-3.96572877108,28.2399879103,-19.4776684178,-13.7240526146,18.1036058013,-25.242527015,0.472921209308,-0.131539773059,0.100629585383,0.678797777136
qwen,Qwen 3 32B,12,revenant,10,-54.5261248909,-20.0435255829,7.05273107949,-52.0736373031,-20.4868241851,9.77456101147,-51.5736776056,-30.0916900345,11.2178441057,0.472921209308,-0.131539773059,0.100629585383,0.456021546887
qwen,Qwen 3 32B,12,reviewer,2,42.7347392542,-9.96299067451,4.51729823972,41.1581603751,-10.2257747206,5.79418091983,43.9006485389,-10.5005068137,8.87322227415,-0.0688306892672,0.551001009475,0.316697428774,0.215803637821
qwen,Qwen 3 32B,12,revolutionary,3,-11.5142944938,-5.72503538704,18.0376418547,-7.12666705148,-6.05969284739,20.058511214,-17.9111494809,-2.74253825162,23.1986261482,0.0247865124436,0.0457557553117,-0.105692843824,0.43810811922
qwen,Qwen 3 32B,12,robot,1,37.5342047129,-16.1111095105,24.7463942137,41.045236197,-22.2997558766,20.852860994,38.2028932668,-13.1448418605,14.9689474694,1.11201905863,0.808761460334,0.249512703126,0.573687015711
qwen,Qwen 3 32B,12,rogue,8,-26.6377922204,20.6171215209,30.236946921,-23.871317171,24.743996109,30.1249594137,-20.1849252573,22.8163144092,28.8416532133,0.416363992245,-0.259328768851,-0.133912674083,0.172236323288
qwen,Qwen 3 32B,12,romantic,1,-35.8744478825,-2.69135299014,-30.82438438,-42.4844886203,-1.77182251522,-29.2030848275,-29.0930122327,-23.6076529716,-27.9934044401,1.11201905863,0.808761460334,0.249512703126,1.11094294725
qwen,Qwen 3 32B,12,saboteur,1,5.93688677295,-0.775323092517,34.7736616843,6.81591973531,1.8496474561,36.0622702397,-4.14191635508,12.9721021047,25.9393033386,1.11201905863,0.808761460334,0.249512703126,0.900971556178
qwen,Qwen 3 32B,12,sage,8,-30.6958284758,-30.2054457173,-17.7808132653,-33.859612768,-25.0924449581,-15.9835968912,-40.9641614425,-24.2803546516,-12.0179867955,0.416363992245,-0.259328768851,-0.133912674083,0.346991441385
qwen,Qwen 3 32B,12,scheduler,7,37.3218144712,2.67638880943,1.14962009844,39.8338966863,-0.269706131396,2.01589201877,37.1500689762,-3.32057209063,0.0352664503989,-0.499627756305,-0.739509461574,-0.296099272311,0.209363824261
qwen,Qwen 3 32B,12,scholar,3,36.468958882,-21.0450655111,8.53027998432,30.2845219306,-18.5866593445,5.64375620081,32.6170089687,-12.8351217934,7.80967256881,0.0247865124436,0.0457557553117,-0.105692843824,0.310373518756
qwen,Qwen 3 32B,12,scientist,4,41.4549468566,-11.6400646274,9.7271419389,39.7089322227,-11.6906689773,7.37426209488,40.8936185392,-10.8561262071,6.57263430781,-0.533901606843,-0.465337885117,-0.425943678965,0.075086830744
qwen,Qwen 3 32B,12,scout,8,10.4866577872,-3.87593148223,7.87455530005,12.201729117,-0.807726465867,9.60778001368,25.4552633193,-5.52261358658,10.3089209668,0.416363992245,-0.259328768851,-0.133912674083,0.494109346235
qwen,Qwen 3 32B,12,screener,1,42.995156134,-2.39649664048,3.82697260142,39.3416866073,2.06011911597,4.94654781898,41.4694658574,-7.0590881528,5.30563031675,1.11201905863,0.808761460334,0.249512703126,0.430331221747
qwen,Qwen 3 32B,12,secretary,4,40.7558136006,-3.40010630386,-1.07859254822,42.2733856205,-8.14425931946,-1.13717314924,36.5725351167,-1.52200057522,-2.86636073612,-0.533901606843,-0.465337885117,-0.425943678965,0.377730004243
qwen,Qwen 3 32B,12,shaman,9,-41.9226888209,-32.1949504476,-27.770489402,-39.5579433841,-28.4285509475,-22.4619070426,-35.5129458065,-24.1999931696,-22.4140104535,0.0297267318807,0.280117397162,-0.128733770936,0.238166883952
qwen,Qwen 3 32B,12,shapeshifter,10,-26.6477351846,-7.22554385504,-3.3413815129,-26.1952005999,-7.2157996074,-3.32384419941,-44.5319247238,1.67383064486,-4.2559635079,0.472921209308,-0.131539773059,0.100629585383,0.73881086916
qwen,Qwen 3 32B,12,simulacrum,9,-21.3853360517,-19.5039900091,17.0655993104,-27.0624607863,-13.084724731,15.2685780603,-26.2931359782,-6.63295413265,19.9527177927,0.0297267318807,0.280117397162,-0.128733770936,0.422787950191
qwen,Qwen 3 32B,12,skeptic,10,32.7873561274,-6.74394432231,18.6617276638,29.1087314417,-3.22869972716,18.1605146889,31.3068253183,-1.36487048411,15.8049985529,0.472921209308,-0.131539773059,0.100629585383,0.187457980637
qwen,Qwen 3 32B,12,smuggler,6,-25.8438351872,33.794271712,28.0720056436,-22.4147273586,35.9127366072,30.7972539018,-19.4553980746,26.5543937849,28.5368744643,0.164434602291,0.268308279386,0.520493522734,0.468421994355
qwen,Qwen 3 32B,12,sociologist,1,38.9475671673,-14.4093995553,1.99809505285,33.5534039901,-11.0623383109,1.61615495272,31.1796610181,-10.3065285101,3.20328280198,1.11201905863,0.808761460334,0.249512703126,0.1326037464
qwen,Qwen 3 32B,12,soldier,4,-2.82669047129,10.6814425442,13.9019812532,-2.1483084262,9.59839962825,15.3799181548,17.2605998605,-9.92897907854,8.75159950453,-0.533901606843,-0.465337885117,-0.425943678965,1.19025651805
qwen,Qwen 3 32B,12,sommelier,1,-0.15503864044,-5.31589018424,-4.98264975602,-4.84682989116,-5.58455404723,-6.30474327493,7.9741057638,-5.67671207771,-3.69939115473,1.11201905863,0.808761460334,0.249512703126,0.457130867986
qwen,Qwen 3 32B,12,specialist,9,38.6377764044,-9.66678605328,12.7900661778,37.973989541,-11.6877280896,11.6307665759,36.0082165476,-8.80705529842,13.4208802557,0.0297267318807,0.280117397162,-0.128733770936,0.18728476143
qwen,Qwen 3 32B,12,spirit,1,-45.0358159489,-33.2366359081,-18.0335669319,-46.4110748051,-31.1251471789,-14.2789638271,-41.3440636407,-27.3590734534,-13.6764309665,1.11201905863,0.808761460334,0.249512703126,0.245922058071
qwen,Qwen 3 32B,12,spy,4,0.721474111578,2.53542649159,32.1369858411,0.327160272375,0.576320908166,32.6975394974,-1.19470362358,5.89417397602,26.9442990867,-0.533901606843,-0.465337885117,-0.425943678965,0.443464718733
qwen,Qwen 3 32B,12,statistician,6,43.0747371335,-8.217283926,15.7331463726,39.8797473919,-7.30917926905,12.7443915974,37.8866442068,-7.51706667001,12.0674562871,0.164434602291,0.268308279386,0.520493522734,0.0795312633903
qwen,Qwen 3 32B,12,stoic,9,-16.3003795382,-29.3337456313,-3.20219127095,-15.2640579396,-28.7523922599,-4.5056605977,-1.75144392538,-18.9611947985,0.142607392301,0.0297267318807,0.280117397162,-0.128733770936,0.704090714889
qwen,Qwen 3 32B,12,strategist,5,38.9557933744,-7.52111997056,7.98924980074,38.814232056,-5.95140697191,9.10940591167,37.1480997264,-9.28837284238,10.1440828308,-1.12025569318,-0.355871930767,-0.0972035399557,0.177277449245
qwen,Qwen 3 32B,12,student,10,20.8168571362,23.3783111146,-17.4428269632,20.9258406749,24.3059243895,-17.7507408767,29.9517644583,6.26212014304,-16.0580133026,0.472921209308,-0.131539773059,0.100629585383,0.897190824695
qwen,Qwen 3 32B,12,summarizer,3,35.5884267534,-0.975228386586,-6.65789860299,49.7844857434,-11.4592579077,-6.12543111694,36.5796728148,-1.7591908941,-6.17132711802,0.0247865124436,0.0457557553117,-0.105692843824,0.62928914258
qwen,Qwen 3 32B,12,supervisor,6,44.3980459468,-2.58906238275,-0.50522629137,45.7627841819,-1.84610797643,1.09092967377,34.0572151563,-1.46294177736,-1.55600459441,0.164434602291,0.268308279386,0.520493522734,0.424158213266
qwen,Qwen 3 32B,12,surfer,10,-33.8419423373,21.9280420125,-9.51413645703,-37.3290572414,21.9472742857,-7.87305374401,-18.3307202412,30.3201415765,-7.27745275597,0.472921209308,-0.131539773059,0.100629585383,0.742835069709
qwen,Qwen 3 32B,12,survivor,5,-23.3011596292,20.5451133277,-18.1754981689,-24.3484535076,21.9772640485,-14.4019824811,-7.41543918046,21.0706557599,-9.70304283724,-1.12025569318,-0.355871930767,-0.0972035399557,0.638279491176
qwen,Qwen 3 32B,12,swarm,5,-5.26661898775,-30.7002699654,3.34042468432,-3.26857672156,-32.367073831,1.82481131322,-1.01140227368,-32.3944360018,3.65575048862,-1.12025569318,-0.355871930767,-0.0972035399557,0.138214641173
qwen,Qwen 3 32B,12,symbiont,2,6.65400783079,-11.5538182435,-9.93610379437,7.98004817488,-7.62124730566,-10.5657061162,4.68836397968,-0.644794466446,-10.7672227697,-0.0688306892672,0.551001009475,0.316697428774,0.342475805227
qwen,Qwen 3 32B,12,synthesizer,8,25.531550664,-8.163528065,0.0618515828092,26.2675230199,-8.84564122199,0.0874925613276,27.6703407313,-7.16503835518,-0.100670245024,0.416363992245,-0.259328768851,-0.133912674083,0.0917567022078
qwen,Qwen 3 32B,12,teacher,10,28.388591309,9.31678467333,-11.6349354701,30.798021132,10.7841062333,-11.4114787506,31.1272744426,3.49685256692,-15.6979782126,0.472921209308,-0.131539773059,0.100629585383,0.434374188302
qwen,Qwen 3 32B,12,technologist,5,30.8901099888,-1.77136896072,9.25046333419,34.7981766253,-5.3745338047,7.56276882866,27.8534652169,-5.90138276245,11.0396786572,-1.12025569318,-0.355871930767,-0.0972035399557,0.32012630387
qwen,Qwen 3 32B,12,teenager,5,-13.3920847596,78.1138546727,-6.4739816771,-6.99924012942,81.0818568396,-8.61020140998,-16.2389316942,72.8845662162,-8.54637272097,-1.12025569318,-0.355871930767,-0.0972035399557,0.489433523999
qwen,Qwen 3 32B,12,theorist,4,33.6071155052,-24.4668242797,13.3126241042,25.4261235643,-18.2492040555,10.3471805909,28.6132345501,-13.6263913334,9.83005629598,-0.533901606843,-0.465337885117,-0.425943678965,0.241807523441
qwen,Qwen 3 32B,12,therapist,2,13.0677985517,12.3599385709,-34.5332753196,4.99757014048,17.6693610295,-26.4485631475,11.0658041538,18.4220314581,-28.0927017436,-0.0688306892672,0.551001009475,0.316697428774,0.229749317213
qwen,Qwen 3 32B,12,toddler,7,-36.2682914911,71.1564341461,-12.3257038795,-28.0717495136,62.3884348407,-32.4754714508,-20.8576527139,28.1591362098,-28.5861828937,-0.499627756305,-0.739509461574,-0.296099272311,1.62775424427
qwen,Qwen 3 32B,12,traditionalist,2,2.38456847599,-26.8831522277,-6.69221889486,2.07526726051,-22.2532881386,-10.140328062,20.5779512597,-17.0866887941,-1.93676877161,-0.0688306892672,0.551001009475,0.316697428774,0.840518777836
qwen,Qwen 3 32B,12,trainer,10,33.8632965848,5.12851200133,-1.95111760747,34.8070243888,7.6433289967,-0.833156319879,32.8089065236,3.81940541749,-4.68748406995,0.472921209308,-0.131539773059,0.100629585383,0.309352052212
qwen,Qwen 3 32B,12,translator,8,23.2855781913,5.10416318861,0.649723834847,29.7827434243,-7.31826776809,-4.79812550644,35.5139065986,-1.70905216861,-6.38678989155,0.416363992245,-0.259328768851,-0.133912674083,0.338259252443
qwen,Qwen 3 32B,12,tree,6,-48.7660896086,-28.4993353575,-14.6245772457,-39.6426942228,-26.4016160934,-13.5369515265,-38.0792225657,-26.22341034,-14.1741884076,0.164434602291,0.268308279386,0.520493522734,0.0663476295582
qwen,Qwen 3 32B,12,trickster,3,-35.0220305594,19.7406199745,20.9064170955,-36.138743691,18.0654756624,16.3518832317,-37.8806658767,11.616674847,28.588369817,0.0247865124436,0.0457557553117,-0.105692843824,0.833586003663
qwen,Qwen 3 32B,12,tulpa,3,-9.2032326649,-0.93293876435,-9.49860911426,-11.6667372229,0.0436849086154,-9.12254496157,-8.56889549999,9.1276681552,-9.51395690975,0.0247865124436,0.0457557553117,-0.105692843824,0.435315789074
qwen,Qwen 3 32B,12,tutor,5,29.9189313079,9.02481718263,-7.57205840753,30.2475246271,10.984645374,-7.43488364007,31.5878440646,4.01593802342,-7.13991158576,-1.12025569318,-0.355871930767,-0.0972035399557,0.327494797526
qwen,Qwen 3 32B,12,validator,4,44.3064564416,-6.81315472669,10.3652337723,44.6638743613,-8.96302353164,9.48617756234,44.8968029795,-11.6459427382,8.70112744053,-0.533901606843,-0.465337885117,-0.425943678965,0.134489765196
qwen,Qwen 3 32B,12,vampire,3,-52.7066389248,-20.5632913084,21.5946506848,-51.2523353424,-22.0667079295,21.1305093018,-44.520353042,-22.0806053452,14.105878195,0.0247865124436,0.0457557553117,-0.105692843824,0.498370983591
qwen,Qwen 3 32B,12,vegan,5,15.4174988829,8.61372622024,-22.1890441495,21.1699168557,3.61695943198,-24.7528377546,11.8989542401,6.57372594849,-23.2979981206,-1.12025569318,-0.355871930767,-0.0972035399557,0.349840632256
qwen,Qwen 3 32B,12,veteran,2,7.86898917141,19.6908514168,1.71293405348,8.88677572791,20.0917596707,1.83805804403,20.9216958698,9.3239885118,6.74346902563,-0.0688306892672,0.551001009475,0.316697428774,0.712226928827
qwen,Qwen 3 32B,12,veterinarian,6,26.8702046031,0.836878052109,-11.7537096428,29.5996139262,-2.87464757673,-12.3191873586,31.0857865087,0.954538862083,-10.6108135252,0.164434602291,0.268308279386,0.520493522734,0.214118346778
qwen,Qwen 3 32B,12,vigilante,7,-18.7130388093,21.9853946093,23.7899867745,-16.0828742485,25.1953460256,29.7258546116,-13.1229683045,19.2443074998,29.2771528823,-0.499627756305,-0.739509461574,-0.296099272311,0.294964557419
qwen,Qwen 3 32B,12,virtuoso,5,-9.47195834291,-14.786538625,2.29852743267,-16.8416665416,-13.694243584,3.56177939728,-13.6052705449,-19.2834850589,4.23863108666,-1.12025569318,-0.355871930767,-0.0972035399557,0.284445208345
qwen,Qwen 3 32B,12,virus,6,-10.6266058416,-12.9160989326,25.6697573522,-7.75180659553,-16.4144442087,23.4744232819,-20.5162991214,-3.99851833156,20.9324982963,0.164434602291,0.268308279386,0.520493522734,0.734225467959
qwen,Qwen 3 32B,12,visionary,2,1.0578425385,-7.98615771787,1.51762492811,-1.14584012179,-6.14956286789,2.71372619198,-19.9063610293,-0.467159523589,-0.720002549342,-0.0688306892672,0.551001009475,0.316697428774,0.711430682176
qwen,Qwen 3 32B,12,void,4,-49.0223908685,-31.3796157753,11.6459450103,-48.5328966022,-31.1148853259,10.8722559321,-48.5132727191,-21.678487304,12.2406760062,-0.533901606843,-0.465337885117,-0.425943678965,0.447105816401
qwen,Qwen 3 32B,12,wanderer,1,-41.6127305754,-5.17095046226,-10.1296266376,-42.3122393872,-2.10154740205,-7.70594246371,-37.1956546341,-3.50064420029,-4.83557140017,1.11201905863,0.808761460334,0.249512703126,0.257430192132
qwen,Qwen 3 32B,12,warrior,7,-34.941638841,-6.85944330779,9.63641901995,-35.9109740663,-8.12458524774,11.5492364074,-33.3073054309,-29.5727347789,7.81652177153,-0.499627756305,-0.739509461574,-0.296099272311,1.02826904285
qwen,Qwen 3 32B,12,whale,2,-40.8759413262,-24.1191655,-10.2809141009,-39.9431596118,-23.2741039466,-9.90182625157,-40.5509221212,-26.149595036,-13.4292016075,-0.0688306892672,0.551001009475,0.316697428774,0.261283226724
qwen,Qwen 3 32B,12,widow,1,-28.6834723939,16.4080262625,-34.3211275536,-32.6832875675,16.8260640276,-29.431466282,-9.77385744605,17.7763809476,-23.7904175081,1.11201905863,0.808761460334,0.249512703126,0.842551533948
qwen,Qwen 3 32B,12,wind,3,-46.8152445459,-19.4376279806,-13.0760724279,-45.800135746,-17.8362527185,-10.9193305498,-40.8489553651,-25.5094993656,-13.9987330986,0.0247865124436,0.0457557553117,-0.105692843824,0.438637492736
qwen,Qwen 3 32B,12,witch,1,-47.543469257,-31.3407707513,-2.9908968444,-43.9982948742,-30.8245463487,-1.8007213834,-47.0482502592,-27.3136891852,-4.1828747357,1.11201905863,0.808761460334,0.249512703126,0.244363547816
qwen,Qwen 3 32B,12,witness,4,9.22153952639,-6.41358463113,-3.60013302321,11.6303611619,-11.0824265075,-2.09218198213,26.1479233769,-12.7659183839,2.88190907717,-0.533901606843,-0.465337885117,-0.425943678965,0.581791205615
qwen,Qwen 3 32B,12,workaholic,10,2.56665030597,19.3601384237,23.9820142168,0.492777188821,22.3876995711,32.041603197,-3.5629442138,7.86667573515,30.1417566587,0.472921209308,-0.131539773059,0.100629585383,0.698739210619
qwen,Qwen 3 32B,12,wraith,2,-58.9564882151,-28.8473117567,7.19814705372,-55.1183923695,-29.7889893843,8.13617276565,-54.8279763451,-27.7176280089,6.96807814852,-0.0688306892672,0.551001009475,0.316697428774,0.121841909826
qwen,Qwen 3 32B,12,writer,7,4.1974146876,-2.13619150918,-6.61932730108,4.58096993843,-3.44236386378,-4.98677822106,13.6929368096,-6.78413333902,-4.27823651094,-0.499627756305,-0.739509461574,-0.296099272311,0.343379427261
qwen,Qwen 3 32B,12,zealot,8,-33.9408464622,-18.7612907108,26.1993815878,-39.1464594122,-22.4228050572,29.2323779751,-44.4571329525,-9.49365410926,27.3794362855,0.416363992245,-0.259328768851,-0.133912674083,0.637271456107
qwen,Qwen 3 32B,12,zeitgeist,3,-8.77795744257,-7.48282516204,2.59762686431,-11.3601762236,-10.0162323954,2.91903715269,-11.8627742728,-3.89481512974,4.85952585253,0.0247865124436,0.0457557553117,-0.105692843824,0.310428599969
llama,LLaMA 3.3 70B,12,aberration,9,-1.83903218996,0.449538839638,0.753555656022,-1.94350794129,0.22493578434,0.839889462698,-2.90541274496,0.64364085713,1.20098739164,0.0143961546186,0.0200028132308,0.00917055620108,1.06406084669
llama,LLaMA 3.3 70B,12,absurdist,10,-1.32776508909,1.40146333615,0.45912956047,-2.62352154471,1.1351215587,0.339106536232,-0.962785680742,0.927835392771,-0.0188869338947,0.0106048176583,-0.0150254425859,0.00886668088485,1.54981245035
llama,LLaMA 3.3 70B,12,accountant,2,0.925001115207,-0.695954081329,0.371080743606,0.86975610091,-0.647863484115,0.508655632364,0.828770840144,-0.809912201911,0.524171168162,0.0210380289037,0.0258722423553,-0.00331415471249,0.161643152439
llama,LLaMA 3.3 70B,12,activist,10,0.670659551198,-0.363688689362,-0.973904014348,0.780776863275,-0.998293996724,-0.805868520666,0.29901099396,-0.868269282077,0.0400983845976,0.0106048176583,-0.0150254425859,0.00886668088485,1.2819610418
llama,LLaMA 3.3 70B,12,actor,2,-0.43812726295,0.729197137191,-0.390365016496,-0.909281140808,0.702061040227,-0.641568560875,-0.695452653767,-0.118413935122,-0.0292668794846,0.0210380289037,0.0258722423553,-0.00331415471249,1.19137665343
llama,LLaMA 3.3 70B,12,addict,8,0.944128651883,1.33518632206,-1.04380143569,0.915523206373,1.07549762409,-1.12183974275,0.836123250522,1.85158896545,-0.641460658638,-0.00391425506094,-0.0257524839736,0.00619880095932,1.01556356436
llama,LLaMA 3.3 70B,12,adolescent,3,2.16674290913,2.4507404517,-0.731192987244,2.74376016604,2.98384955072,-0.383858035816,2.06101893252,2.43085293098,-0.589160557119,0.00601556944755,0.00512525013179,0.00662539881867,0.851134393454
llama,LLaMA 3.3 70B,12,advocate,7,0.611923870514,-0.826162722175,-0.387303866498,0.622644026254,-0.857462225409,-0.44702217004,0.566669956274,-0.927440690754,0.0413681319213,-0.0384129540767,-0.0154993497075,-0.0210903850905,0.700345283616
llama,LLaMA 3.3 70B,12,alien,2,-1.49160838262,-0.448396246902,0.770539890686,-1.29258513314,-0.473724154233,0.18320992652,-1.0390773501,-0.650780633398,-0.128074086172,0.0210380289037,0.0258722423553,-0.00331415471249,0.523930734652
llama,LLaMA 3.3 70B,12,altruist,8,0.283438892657,-0.535988921462,-0.916517174606,0.165738800217,-0.530925810988,-0.931539444752,0.549810862386,-0.901825101976,-0.391100384437,-0.00391425506094,-0.0257524839736,0.00619880095932,0.91222926921
llama,LLaMA 3.3 70B,12,amateur,7,1.4693163568,1.20062060981,-0.876071134489,1.43587168167,1.50429748307,-0.655688013739,1.21862946224,0.834489664334,-1.1245890845,-0.0384129540767,-0.0154993497075,-0.0210903850905,0.947570432967
llama,LLaMA 3.3 70B,12,ambassador,6,0.459763015054,-0.909580695145,0.0227875145035,0.33035241643,-0.793950350975,-0.0342841571598,0.541914819401,-0.71356617776,0.0710825717307,0.00851800117643,0.00670646261522,-0.00666980302276,0.250234371071
llama,LLaMA 3.3 70B,12,amnesiac,2,0.0181153663827,1.62132587566,0.477930079037,0.227257839959,1.67031569922,0.4678097072,0.704798290899,0.904265178849,-0.0243953745331,0.0210380289037,0.0258722423553,-0.00331415471249,1.0996991454
llama,LLaMA 3.3 70B,12,analyst,4,0.857445617481,-1.04989888934,0.721359916321,0.781646524491,-1.06834555291,0.572257328308,0.785261255746,-1.15014883037,0.575434626516,-0.0429566279211,-0.024934450294,-0.0283561382194,0.0789816795815
llama,LLaMA 3.3 70B,12,anarchist,10,-0.207515400425,0.307958070265,-0.99691495108,-0.0745717800631,-1.10322348107,-0.69528444062,-0.418316359008,0.167426680788,-0.598687184225,0.0106048176583,-0.0150254425859,0.00886668088485,1.26756980768
llama,LLaMA 3.3 70B,12,ancient,4,-2.13559387019,-0.262417801189,0.0752019979725,-2.02464456421,-0.164996062949,0.0190071035426,-2.25205321854,0.0367360816381,0.237179520014,-0.0429566279211,-0.024934450294,-0.0283561382194,0.416732583425
llama,LLaMA 3.3 70B,12,angel,6,-1.70339025512,-0.591797416269,-0.560957909075,-1.37096949719,-0.381191536296,-0.57396751375,-1.82311395402,-0.112060496404,-0.565732970538,0.00851800117643,0.00670646261522,-0.00666980302276,0.472391905984
llama,LLaMA 3.3 70B,12,anthropologist,7,0.332537646054,-0.997441771031,0.0223961350299,0.298514574777,-0.771363394019,0.0819608600845,0.451942083659,-0.91317074389,0.226999227624,-0.0384129540767,-0.0154993497075,-0.0210903850905,0.281501436435
llama,LLaMA 3.3 70B,12,archaeologist,1,-0.0709680762792,-0.51110124312,-0.00597908918947,-0.0678734736062,-0.302960375666,0.0809683587985,0.309198025948,-0.717655244626,0.364536790422,0.0629758680984,-0.00381518170958,0.0201110344249,0.656445364484
llama,LLaMA 3.3 70B,12,architect,6,0.615705788736,-0.779252626829,0.0262340620855,0.57901090225,-0.963219478603,0.0743161445927,0.518140628769,-0.993326752402,0.0844783609772,0.00851800117643,0.00670646261522,-0.00666980302276,0.0622448006873
llama,LLaMA 3.3 70B,12,archivist,9,0.330152444601,-0.803690654309,0.0511631655922,0.331335219728,-0.509547101362,0.241758214945,0.509610444473,-0.861112425781,0.285847113053,0.0143961546186,0.0200028132308,0.00917055620108,0.377918711926
llama,LLaMA 3.3 70B,12,artisan,1,-0.593783038156,-0.0203074271013,-0.777366725292,-0.484778080099,0.0626107023016,-0.286921721171,0.100965046189,-0.212263213614,-0.379327983417,0.0629758680984,-0.00381518170958,0.0201110344249,0.590690861699
llama,LLaMA 3.3 70B,12,ascetic,2,-2.60774902133,0.443187537089,-0.762173689757,-2.51490110046,0.0471631909659,-0.355737618232,-2.50521522928,0.34753072471,0.0397878074827,0.0210380289037,0.0258722423553,-0.00331415471249,0.633175266706
llama,LLaMA 3.3 70B,12,assistant,7,0.958086682124,-0.86901275452,0.295633660075,1.02431386548,-0.832101917659,0.302057838269,0.932478096355,-0.772344998779,0.203945722447,-0.0384129540767,-0.0154993497075,-0.0210903850905,0.171042119624
llama,LLaMA 3.3 70B,12,auctioneer,2,0.47073991462,0.957666720639,0.384307832276,0.0643198785062,0.778322044639,-0.0455351870234,-0.0208670520988,1.01661300751,-0.0844789375078,0.0210380289037,0.0258722423553,-0.00331415471249,0.247549425807
llama,LLaMA 3.3 70B,12,auditor,3,0.869757765585,-0.968308445653,0.579643320001,0.777875022672,-0.830346401962,0.558105344464,0.764703025366,-0.88168271564,0.556784247908,0.00601556944755,0.00512525013179,0.00662539881867,0.0507991269092
llama,LLaMA 3.3 70B,12,avatar,3,-2.26236231038,-0.611432941017,-0.137606053367,-1.84930737176,-0.381936417662,-0.0714935062236,-2.46587114724,-0.425755388155,-0.567458474798,0.00601556944755,0.00512525013179,0.00662539881867,0.888937332813
llama,LLaMA 3.3 70B,12,bard,7,-2.31074812306,0.762429305444,-0.122357139587,-2.30108117138,0.710025414845,-0.126996315362,-2.06172147071,-0.00255685387631,0.025647425274,-0.0384129540767,-0.0154993497075,-0.0210903850905,0.749630422398
llama,LLaMA 3.3 70B,12,bartender,5,0.931573880285,1.01635166724,-0.593028183744,0.865731940251,0.914406943788,-0.699334682613,0.845853538545,0.705701156238,-1.1591889961,-0.0382289419704,0.0274398484414,0.00847227757064,0.685131397091
llama,LLaMA 3.3 70B,12,biologist,3,0.292249141411,-0.78474837369,0.361824170214,0.312375517734,-0.727677940126,0.184996364529,0.360376178368,-0.750806882003,0.326617338229,0.00601556944755,0.00512525013179,0.00662539881867,0.207152665688
llama,LLaMA 3.3 70B,12,blogger,5,0.467709495865,-0.116946235019,-0.695814382143,0.385648128263,0.0137116277492,-0.671951776468,0.300578595915,-0.0253887753087,-0.629705274635,-0.0382289419704,0.0274398484414,0.00847227757064,0.102725425008
llama,LLaMA 3.3 70B,12,bohemian,3,-1.26565817112,1.28718737036,-1.6214630558,-1.29886356335,1.22443724575,-0.791685595487,-0.0522848444644,0.26875587341,-0.579960451705,0.00601556944755,0.00512525013179,0.00662539881867,1.45691341081
llama,LLaMA 3.3 70B,12,builder,9,0.694816708818,-0.237406964842,-0.329358903125,0.762192203073,-0.285401006585,0.0201580117501,0.830928800739,-0.529894068346,0.239514684595,0.0143961546186,0.0200028132308,0.00917055620108,0.395727458755
llama,LLaMA 3.3 70B,12,caregiver,6,0.561708969541,-0.285506769124,-0.940370277771,0.424717523443,-0.181794621559,-0.743526728286,0.760802720984,-0.272491008648,-0.715161843362,0.00851800117643,0.00670646261522,-0.00666980302276,0.308800118982
llama,LLaMA 3.3 70B,12,cartographer,5,0.255805710054,-0.73992511048,0.20094748848,0.269135172723,-0.432653950737,0.298417761476,0.331918070116,-0.733786051027,0.342767796317,-0.0382289419704,0.0274398484414,0.00847227757064,0.301848416447
llama,LLaMA 3.3 70B,12,caveman,6,0.318098714733,4.23735912502,3.08397010437,0.936139182757,1.51052133361,2.63305490188,1.29329959195,2.56447492792,2.71588955732,0.00851800117643,0.00670646261522,-0.00666980302276,1.0684576441
llama,LLaMA 3.3 70B,12,celebrity,10,1.03225436477,0.754448610677,-1.18022248742,0.896021100021,0.68373847158,-0.981678437651,0.781939701474,0.951332175541,-1.05676392966,0.0106048176583,-0.0150254425859,0.00886668088485,0.296269507345
llama,LLaMA 3.3 70B,12,chameleon,5,0.177124079398,0.226500087353,-0.17709013425,-0.116765821622,0.497533844418,-0.167192048878,-0.416045476306,-0.190007993123,-0.508441491499,-0.0382289419704,0.0274398484414,0.00847227757064,0.861896087632
llama,LLaMA 3.3 70B,12,chef,8,0.530206992498,0.289339986227,-0.42678141301,0.41879022723,0.186954691025,-0.441917574481,0.446448573442,-0.514896000136,-0.19487206409,-0.00391425506094,-0.0257524839736,0.00619880095932,0.762410025464
llama,LLaMA 3.3 70B,12,chemist,8,0.374231966849,-0.636534385094,0.535751680932,0.309550057634,-0.525893299953,0.436227896025,0.426859682271,-0.753108577836,0.445792281947,-0.00391425506094,-0.0257524839736,0.00619880095932,0.24200585825
llama,LLaMA 3.3 70B,12,chimera,9,-1.51973049141,0.0516355391018,0.379036854563,-1.48563890041,0.245766060447,0.398811404058,-1.33097426758,-0.00168053982545,-0.0458907936335,0.0143961546186,0.0200028132308,0.00917055620108,0.689887591807
llama,LLaMA 3.3 70B,12,coach,10,0.879657471876,-0.864834256898,-0.0186483374093,0.917303032221,-0.619526083506,-0.0870977776808,0.86701756652,-0.629537005622,-0.078366893218,0.0106048176583,-0.0150254425859,0.00886668088485,0.0466356547415
llama,LLaMA 3.3 70B,12,collaborator,1,0.917909107273,-0.732191556018,-0.162942565072,0.90959691639,-0.477764447725,-0.0841857085256,0.833108362353,-0.802727949661,-0.00364674686684,0.0629758680984,-0.00381518170958,0.0201110344249,0.339957576869
llama,LLaMA 3.3 70B,12,collector,7,0.185884901199,-0.63289543713,-0.0781809893301,0.192207604186,-0.379941746828,0.112958535416,0.354820798406,-0.617637216685,0.289422952284,-0.0384129540767,-0.0154993497075,-0.0210903850905,0.36836897109
llama,LLaMA 3.3 70B,12,comedian,6,1.13920767853,2.32753968496,0.317242498269,0.217330347982,2.29277091675,-1.69589683641,0.489902570667,0.573695320083,-0.39912611376,0.00851800117643,0.00670646261522,-0.00666980302276,2.49141247785
llama,LLaMA 3.3 70B,12,competitor,3,1.07061336605,1.20465511945,-0.236749632606,1.59028588137,1.60688473986,0.0306618293901,-0.142251850879,1.13797674213,-0.165054901482,0.00601556944755,0.00512525013179,0.00662539881867,1.60299117665
llama,LLaMA 3.3 70B,12,composer,2,-0.565118579518,-0.435892790283,-0.120641573972,-0.597660342842,-0.215377675381,0.0577898498911,-0.738650877101,-0.267581415931,0.0758800594482,0.0210380289037,0.0258722423553,-0.00331415471249,0.135437275326
llama,LLaMA 3.3 70B,12,conservator,5,0.377588720505,-0.79875826383,-0.0128679482169,0.280489456628,-0.514507381201,0.253338179553,0.417454634796,-0.694419858305,0.0934530716261,-0.0382289419704,0.0274398484414,0.00847227757064,0.31007933461
llama,LLaMA 3.3 70B,12,consultant,3,0.866120573883,-1.08258044187,0.43022022737,0.760103956973,-0.986467700086,0.251054458203,0.870757602515,-0.873220039378,0.237088283231,0.00601556944755,0.00512525013179,0.00662539881867,0.147056168208
llama,LLaMA 3.3 70B,12,contrarian,6,0.240637199189,0.268138800264,-0.41731806531,-0.070203526512,0.115834293242,-0.43966012329,-0.376098369755,0.255698459501,0.0792607961039,0.00851800117643,0.00670646261522,-0.00666980302276,0.797099815597
llama,LLaMA 3.3 70B,12,coordinator,10,0.886259432095,-0.994784621355,0.212600263117,0.807014060586,-0.800447375419,0.211934293862,0.922746387109,-0.995389823835,0.494363911551,0.0106048176583,-0.0150254425859,0.00886668088485,0.455159423352
llama,LLaMA 3.3 70B,12,coral_reef,3,-1.1786014367,-0.201889812718,0.303052062195,-0.700804545656,-0.338251965961,0.0475214835686,-0.517820673996,-0.360708640535,-0.0848888134602,0.00601556944755,0.00512525013179,0.00662539881867,0.248057193061
llama,LLaMA 3.3 70B,12,cosmopolitan,8,0.122559586544,-0.56640333525,-0.363554529621,-0.069239971824,-0.386429988456,-0.366395405475,-0.207841650014,-0.759246023711,8.77490004011e-05,-0.00391425506094,-0.0257524839736,0.00619880095932,0.644872683586
llama,LLaMA 3.3 70B,12,counselor,6,0.550528199977,-0.807980043001,-0.510003627775,0.52913097881,-0.375110869612,-0.384830226914,0.679371995857,-0.862456633839,-0.197836966396,0.00851800117643,0.00670646261522,-0.00666980302276,0.555351834197
llama,LLaMA 3.3 70B,12,criminal,8,0.910355896637,2.68582581504,-0.125222555928,1.71906807983,2.39395964275,0.120138822721,1.03014352466,2.16891312991,0.0375333873646,-0.00391425506094,-0.0257524839736,0.00619880095932,0.650061492164
llama,LLaMA 3.3 70B,12,critic,5,0.131072624437,-1.03750778992,0.0702035445128,0.000889722670016,-0.764427394625,-1.31875501808e-05,0.108368618147,-0.648804455054,0.509655348121,-0.0382289419704,0.0274398484414,0.00847227757064,0.74014323807
llama,LLaMA 3.3 70B,12,crystalline,6,-2.0514117667,-0.56602047223,1.18032830697,-1.76280627163,-1.03883602035,0.869027639916,-2.48579236783,-0.0931765786816,-0.105038949263,0.00851800117643,0.00670646261522,-0.00666980302276,1.77523993286
llama,LLaMA 3.3 70B,12,curator,2,0.225519716714,-0.795446272999,-0.0139991253697,0.230521648756,-0.59292900089,-0.0312407016682,0.00561599255994,-0.691491986873,-0.129893516475,0.0210380289037,0.0258722423553,-0.00331415471249,0.25941702734
llama,LLaMA 3.3 70B,12,cyborg,2,0.0116258822979,-1.03607255844,0.763285154837,-0.137599318047,-0.906838369585,0.459079190838,0.130604535337,-1.12066810903,0.517982831564,0.0210380289037,0.0258722423553,-0.00331415471249,0.322921995872
llama,LLaMA 3.3 70B,12,cynic,1,0.793772638437,2.06824451535,-0.0830745111191,2.50070443533,3.81847500248,0.25951841232,-0.53060479347,1.45583303685,0.336369374795,0.0629758680984,-0.00381518170958,0.0201110344249,3.49201707731
llama,LLaMA 3.3 70B,12,daredevil,4,0.772830288734,1.73769411801,-0.503499346777,0.797704868514,3.52899061393,0.12507845402,-0.45136779573,1.05496197916,-0.721152171812,-0.0429566279211,-0.024934450294,-0.0283561382194,2.88426235725
llama,LLaMA 3.3 70B,12,debugger,3,0.766414799307,-1.0143585848,0.584423726289,0.702071291739,-0.778406451919,0.446042811041,0.685446878621,-0.985201789363,0.529404893976,0.00601556944755,0.00512525013179,0.00662539881867,0.232312799417
llama,LLaMA 3.3 70B,12,demon,5,-1.81784023539,1.16013986331,0.749616437126,-2.02733867358,1.63063883211,0.614404119056,-1.79461939161,1.30805571623,0.914977174194,-0.0382289419704,0.0274398484414,0.00847227757064,0.566536783919
llama,LLaMA 3.3 70B,12,designer,6,0.670334535355,-0.873256446052,0.172058768487,0.670713995759,-0.954340516327,0.11175615144,0.744302093737,-0.796565259223,0.0842014176346,0.00851800117643,0.00670646261522,-0.00666980302276,0.169584934764
llama,LLaMA 3.3 70B,12,destroyer,5,-0.160723755798,-0.238766066413,-0.0474779479088,-0.0746037187889,-0.744140776506,-0.166708704899,-0.503538038444,-0.0614823345162,-0.0831957100788,-0.0382289419704,0.0274398484414,0.00847227757064,0.76595436755
llama,LLaMA 3.3 70B,12,detective,4,0.475557105845,-0.779720489723,0.37786960616,0.391972222588,-0.432318202053,0.363927588908,0.367170863994,-0.699672822684,0.428375389094,-0.0429566279211,-0.024934450294,-0.0283561382194,0.274220209238
llama,LLaMA 3.3 70B,12,devils_advocate,3,0.301656764194,-0.191547672011,-0.00133385256172,0.208831206474,0.0671483217059,0.352516147854,0.278420392174,-0.0218037628372,0.140360218687,0.00601556944755,0.00512525013179,0.00662539881867,0.31981020485
llama,LLaMA 3.3 70B,12,dilettante,4,0.205571174745,0.526349599948,-0.120291255371,-0.429044965474,0.816107896287,-0.455636617266,-0.368743967773,0.265423737373,-0.363579001532,-0.0429566279211,-0.024934450294,-0.0283561382194,0.5488779426
llama,LLaMA 3.3 70B,12,dispatcher,4,0.8918088289,-0.724624437706,0.372910138701,0.829974228015,-0.685716129645,0.476303680444,0.831044767535,-0.861950678592,0.403691944478,-0.0429566279211,-0.024934450294,-0.0283561382194,0.198749374539
llama,LLaMA 3.3 70B,12,divorcee,1,1.18518021145,0.808807221609,-1.22271496984,1.31388959912,0.768523855725,-0.882813565467,1.0156946655,1.03022211809,-1.06943403866,0.0629758680984,-0.00381518170958,0.0201110344249,0.449346787429
llama,LLaMA 3.3 70B,12,doctor,9,0.856807894543,-0.791884144231,0.199184465984,0.687956803266,-0.782735318318,0.0728559203323,0.889055010759,-0.577766868932,0.177679070552,0.0143961546186,0.0200028132308,0.00917055620108,0.303435123492
llama,LLaMA 3.3 70B,12,dreamer,9,-2.16318285193,0.0135642662969,-0.0528436256014,-1.77028669886,0.263439002826,0.204321108396,-2.48667850319,-0.228214436142,0.109134780259,0.0143961546186,0.0200028132308,0.00917055620108,0.796109760034
llama,LLaMA 3.3 70B,12,echo,10,-2.7159556711,0.0819127778971,0.400896731699,-2.27301131369,0.113857040338,0.361236907053,-2.30053699639,-0.0366263641205,0.233035813555,0.0106048176583,-0.0150254425859,0.00886668088485,0.234315295407
llama,LLaMA 3.3 70B,12,economist,7,0.696263247523,-0.91365213764,0.613981928292,0.617798065281,-0.965612931582,0.627638699651,0.689835961368,-0.870559579861,0.749536793839,-0.0384129540767,-0.0154993497075,-0.0210903850905,0.206059263704
llama,LLaMA 3.3 70B,12,ecosystem,2,-0.601238754151,-0.976204209713,0.143888886908,-0.168128007725,-0.786028846778,0.0423358067892,0.00596045722782,-0.747533210393,0.00880178734813,0.0210380289037,0.0258722423553,-0.00331415471249,0.163569531691
llama,LLaMA 3.3 70B,12,editor,1,0.66622062112,-0.790234840629,0.206870551352,0.569011160427,-0.627640597169,0.114272514241,0.711249591843,-0.674614933689,0.167512624195,0.0629758680984,-0.00381518170958,0.0201110344249,0.152362698526
llama,LLaMA 3.3 70B,12,egregore,6,-1.57770656343,-0.753305323479,0.16413997294,-1.13766308506,-0.431891103196,0.144556457355,-1.22106107122,-0.427198681083,0.259871753736,0.00851800117643,0.00670646261522,-0.00666980302276,0.179665270539
llama,LLaMA 3.3 70B,12,elder,4,-0.295632848567,0.452900298597,-1.06693347489,-0.195454874133,0.202467319173,-1.18394956565,0.0614386523582,-0.181305195864,-0.286940206427,-0.0429566279211,-0.024934450294,-0.0283561382194,1.34837526273
llama,LLaMA 3.3 70B,12,eldritch,10,-3.75477736786,0.322657933834,1.38533250391,-3.59473749928,0.110416567533,1.08212605515,-2.30952614884,0.663124217268,0.8435648792,0.0106048176583,-0.0150254425859,0.00886668088485,1.28754729542
llama,LLaMA 3.3 70B,12,emissary,3,0.249002630811,-1.17028405733,-0.120158309978,0.15552407545,-0.725636441194,-0.133705511695,0.560310491758,-0.778545138555,-0.130181250803,0.00601556944755,0.00512525013179,0.00662539881867,0.3570909664
llama,LLaMA 3.3 70B,12,empath,1,-0.652099497831,-0.345751672383,-0.888411865139,-0.635616342587,0.158311252167,-0.722787536021,0.00281563903481,0.243707739324,-0.674111178436,0.0629758680984,-0.00381518170958,0.0201110344249,0.56766835202
llama,LLaMA 3.3 70B,12,engineer,9,0.793739879782,-0.979479635725,0.67821701613,0.675412963467,-0.988130290726,0.523646141071,0.712374338262,-1.11423865169,0.571681048228,0.0143961546186,0.0200028132308,0.00917055620108,0.1430795443
llama,LLaMA 3.3 70B,12,entrepreneur,5,0.93012146355,-0.57697202837,-0.133796324459,0.877698196177,-0.682344194175,-0.0848626484226,0.572932327007,-0.768175068502,0.210200008097,-0.0382289419704,0.0274398484414,0.00847227757064,0.504111524556
llama,LLaMA 3.3 70B,12,evaluator,9,0.786802665459,-1.2172644941,0.585949948148,0.752878946915,-1.00397470484,0.472744636929,0.819053490942,-1.07478294745,0.672574421131,0.0143961546186,0.0200028132308,0.00917055620108,0.298230467061
llama,LLaMA 3.3 70B,12,evangelist,9,0.0130797707092,0.0603971220133,-1.0287762462,-0.170857695749,-0.0812673741031,-1.12012852441,-0.531946915796,-0.345750684217,-0.891788257566,0.0143961546186,0.0200028132308,0.00917055620108,0.519590069337
llama,LLaMA 3.3 70B,12,examiner,3,0.728778813592,-1.11445923545,0.738940794338,0.646270539814,-0.985446440512,0.563292937015,0.744322741148,-0.973108232389,0.556937081851,0.00601556944755,0.00512525013179,0.00662539881867,0.0868982948719
llama,LLaMA 3.3 70B,12,exile,10,-0.974396811625,0.92686729888,-0.666352272909,-0.876329264829,0.779006180117,-0.266278324298,-0.228149093943,0.372999987992,-0.177517348446,0.0106048176583,-0.0150254425859,0.00886668088485,0.699376026393
llama,LLaMA 3.3 70B,12,expatriate,9,0.854083647911,-0.143456609876,-0.469785051313,0.766557726123,-0.0234316587076,-0.311257581572,0.703808619534,-0.43585991453,-0.352967878664,0.0143961546186,0.0200028132308,0.00917055620108,0.405364122101
llama,LLaMA 3.3 70B,12,facilitator,9,0.790628139589,-0.917578519522,-0.0236829272432,0.77711958211,-0.640904123659,-0.0381000105938,0.821685458461,-0.835655272155,-0.0673717747559,0.0143961546186,0.0200028132308,0.00917055620108,0.196048779266
llama,LLaMA 3.3 70B,12,familiar,9,-2.02741646812,-0.344429922718,0.414247413209,-1.76484242473,-0.0844145140689,0.424463976976,-2.2982353002,0.386251646387,0.138305097241,0.0143961546186,0.0200028132308,0.00917055620108,0.767050144372
llama,LLaMA 3.3 70B,12,fixer,5,0.224870556437,0.458394344593,0.136734010435,-0.0435677137335,0.289480568877,0.186504762162,-0.086423596307,0.214549314479,0.562397477205,-0.0382289419704,0.0274398484414,0.00847227757064,0.541341842512
llama,LLaMA 3.3 70B,12,flaneur,6,-1.15519634988,0.212137086575,-0.442809713606,-1.28309024771,0.315191018625,-0.315814759726,-1.33538395343,-0.345021320326,0.345588666271,0.00851800117643,0.00670646261522,-0.00666980302276,1.13721892263
llama,LLaMA 3.3 70B,12,fool,8,1.20121177982,3.50068767773,0.956945818297,0.557858863419,3.6414377774,0.286121599914,1.96730254978,2.04362330794,-0.786464406592,-0.00391425506094,-0.0257524839736,0.00619880095932,2.4929395083
llama,LLaMA 3.3 70B,12,forecaster,4,0.598263083964,-1.11344044257,0.52642946619,0.553562571981,-1.11167400769,0.472499348583,0.615933165982,-0.900055580617,0.467987633939,-0.0429566279211,-0.024934450294,-0.0283561382194,0.211066591313
llama,LLaMA 3.3 70B,12,futurist,7,0.367061608657,-1.07264620871,0.381716952723,0.299737398406,-1.39456036616,0.340717261718,0.208999144014,-0.829506958039,0.124835515575,-0.0384129540767,-0.0154993497075,-0.0210903850905,0.630034712672
llama,LLaMA 3.3 70B,12,gamer,9,0.468571600142,0.515753294482,0.36850554573,0.243479393406,0.244635259973,0.227888663474,-0.300701654776,0.0411310025756,0.105698938516,0.0143961546186,0.0200028132308,0.00917055620108,0.542591357467
llama,LLaMA 3.3 70B,12,generalist,5,0.408462985837,-1.00346004258,0.376631480883,0.322199261445,-0.943984374322,0.173240355672,0.302381512057,-0.996280475026,0.330224229876,-0.0382289419704,0.0274398484414,0.00847227757064,0.229774002058
llama,LLaMA 3.3 70B,12,genie,8,-1.97424352106,0.746039689862,0.741492424394,-2.26255620161,1.02613285957,0.817122208516,-2.97749279856,0.431790650482,0.620431661509,-0.00391425506094,-0.0257524839736,0.00619880095932,0.89202930665
llama,LLaMA 3.3 70B,12,geographer,1,0.454305339174,-0.884341084836,0.233632899646,0.479398041199,-0.794886569132,0.292155749573,0.318544397575,-0.849941623582,0.173758782748,0.0629758680984,-0.00381518170958,0.0201110344249,0.22572398437
llama,LLaMA 3.3 70B,12,ghost,7,-2.71430344101,0.243485485901,0.21214359575,-2.30388769989,0.371333616566,0.147883884086,-2.65751637304,0.146893695217,0.207733979937,-0.0384129540767,-0.0154993497075,-0.0210903850905,0.386405846229
llama,LLaMA 3.3 70B,12,golem,2,-2.43426371519,0.358600028812,0.71350730798,-1.88892594396,0.0968588609959,0.689221901176,-2.01179021358,-0.137203987059,0.138414353968,0.0210380289037,0.0258722423553,-0.00331415471249,0.82302919661
llama,LLaMA 3.3 70B,12,gossip,4,1.30507343255,2.15717210111,-0.281506787515,1.63005621736,2.35732505424,-1.83917607542,0.985959059224,2.35233466809,-0.0212635701918,-0.0429566279211,-0.024934450294,-0.0283561382194,2.64876294114
llama,LLaMA 3.3 70B,12,grader,7,0.829497225521,-0.836946086907,0.579848895645,0.81003637632,-0.79049394998,0.275097412279,0.841841468845,-0.880002306426,0.483438668896,-0.0384129540767,-0.0154993497075,-0.0210903850905,0.310159091351
llama,LLaMA 3.3 70B,12,graduate,10,1.25438485516,0.288332283506,-0.554713303019,1.31827414466,0.255148096612,-0.311870901841,0.690558948199,0.198031368981,-0.841243908775,0.0106048176583,-0.0150254425859,0.00886668088485,0.933527614124
llama,LLaMA 3.3 70B,12,grandparent,8,0.897112547039,1.65641901381,-1.10266195404,1.11287601169,1.1708043423,-1.31648114997,1.13944660912,1.4476940853,-0.74611294625,-0.00391425506094,-0.0257524839736,0.00619880095932,0.855083714625
llama,LLaMA 3.3 70B,12,guardian,8,0.197032035316,-0.637531664213,-0.251216472708,0.239047296303,-0.527464022578,-0.0597600958135,0.452830570345,-0.797734645268,0.078394781245,-0.00391425506094,-0.0257524839736,0.00619880095932,0.375888177874
llama,LLaMA 3.3 70B,12,guide,7,0.451540528059,-0.730135896584,-0.0339180386054,0.48127455499,-0.408331987083,0.00866254392955,0.677144947257,-0.85551126149,0.102102385148,-0.0384129540767,-0.0154993497075,-0.0210903850905,0.482126602063
llama,LLaMA 3.3 70B,12,guru,8,-1.67278691687,-0.276067834148,-0.813935012676,-1.33000830771,-0.063601993745,-0.606855846491,-2.14257317739,0.140297840616,-1.22612302534,-0.00391425506094,-0.0257524839736,0.00619880095932,1.14859607552
llama,LLaMA 3.3 70B,12,hacker,2,0.411804209214,0.306328786214,0.292594661299,0.298592275344,-0.103202801873,0.101845373825,-0.167136368805,-0.0426353359397,0.369083498611,0.0210380289037,0.0258722423553,-0.00331415471249,0.559920675486
llama,LLaMA 3.3 70B,12,healer,6,-0.260775590674,-0.810284399446,-0.745178788985,-0.143818360409,-0.724274713485,-0.681618394213,0.311756995111,-0.822737071514,-0.500872066409,0.00851800117643,0.00670646261522,-0.00666980302276,0.483136959071
llama,LLaMA 3.3 70B,12,hedonist,9,-0.42707910731,0.810783115072,-0.379965837051,-0.988741802731,0.971734959791,-0.223486116529,-1.00636725295,0.384402542874,-0.413260269631,0.0143961546186,0.0200028132308,0.00917055620108,0.627097603571
llama,LLaMA 3.3 70B,12,hermit,10,-2.18495185944,0.707298001517,-0.796431586559,-1.77870015126,0.385262876552,-0.383227415757,-1.57892629198,0.209673416162,-0.336115613233,0.0106048176583,-0.0150254425859,0.00886668088485,0.252033410854
llama,LLaMA 3.3 70B,12,historian,8,0.0891669803804,-0.726336331278,0.203919120949,-0.07072224961,-0.620342616977,0.220309183315,0.13882812607,-0.782443321872,0.2518498903,-0.00391425506094,-0.0257524839736,0.00619880095932,0.244668718117
llama,LLaMA 3.3 70B,12,hive,4,-0.86013454276,-0.943378445209,0.82599975809,-0.822557498838,-0.980755433104,0.570637286125,-1.04429398183,-0.708673421939,0.452960906939,-0.0429566279211,-0.024934450294,-0.0283561382194,0.366363941417
llama,LLaMA 3.3 70B,12,hoarder,8,0.91968739042,2.22041393451,0.592324150527,0.552949719223,2.09458350168,0.315478158212,0.513479963494,1.53080686532,-0.0998824682548,-0.00391425506094,-0.0257524839736,0.00619880095932,0.803610746771
llama,LLaMA 3.3 70B,12,homunculus,8,-2.10370634947,-0.045764595383,0.423672790296,-2.01969009769,0.0393514531008,0.456451056318,-2.52061056669,0.0208297505699,0.227932138308,-0.00391425506094,-0.0257524839736,0.00619880095932,0.545382325723
llama,LLaMA 3.3 70B,12,hybrid,10,-0.362082388976,-0.650450323217,-0.40971840561,-0.329829476255,-0.631096332155,-0.323630585567,-0.206769948458,-0.40240555662,-0.264411014296,0.0106048176583,-0.0150254425859,0.00886668088485,0.259168671015
llama,LLaMA 3.3 70B,12,idealist,2,-0.311738052651,-0.296605401656,-1.25530494479,-0.411198587055,-0.386468283309,-1.14765156507,-0.795321664038,-0.195693689412,-0.622654230631,0.0210380289037,0.0258722423553,-0.00331415471249,0.83963494173
llama,LLaMA 3.3 70B,12,immigrant,6,0.542032306345,0.146719262622,-0.962615909473,0.62408204818,0.172691664079,-0.435640461426,0.930175997011,0.159898144923,-0.598092105091,0.00851800117643,0.00670646261522,-0.00666980302276,0.353649237357
llama,LLaMA 3.3 70B,12,improviser,4,0.677708158733,1.50384488782,-0.602413474657,0.257572463266,1.95699206835,-0.57669063659,0.0745732670316,0.549139733885,-0.729547892776,-0.0429566279211,-0.024934450294,-0.0283561382194,1.38259056613
llama,LLaMA 3.3 70B,12,infant,4,1.21035396081,3.98047243941,4.31078452196,0.77337053374,2.19020659259,3.27878248296,1.21721815088,2.34096616763,0.950723950959,-0.0429566279211,-0.024934450294,-0.0283561382194,3.34046524052
llama,LLaMA 3.3 70B,12,influencer,9,1.20578701239,0.293464728211,-0.590423137767,1.1698550147,-0.0462760830962,-0.713168864514,0.60086080568,-0.169033265893,-0.777209122683,0.0143961546186,0.0200028132308,0.00917055620108,0.518716369371
llama,LLaMA 3.3 70B,12,instructor,7,0.91783729075,-0.907995713414,0.447057366655,0.945182384711,-0.8652751237,0.294615515958,0.933800232175,-1.00339728789,0.370013489284,-0.0384129540767,-0.0154993497075,-0.0210903850905,0.171233896135
llama,LLaMA 3.3 70B,12,interpreter,3,0.359084437585,-1.02236316864,0.0925867066806,0.310748273661,-0.642440556616,0.0571754667689,0.541725784798,-0.740171566458,0.146863149205,0.00601556944755,0.00512525013179,0.00662539881867,0.256578545369
llama,LLaMA 3.3 70B,12,interviewer,6,0.895178591492,-0.0678046624684,0.144669109173,0.995836413573,0.316911979666,0.580452731299,1.05572468343,0.527761681262,-0.517696658546,0.00851800117643,0.00670646261522,-0.00666980302276,1.57756604608
llama,LLaMA 3.3 70B,12,jester,7,-0.482227289419,2.01021430519,0.701464225528,-1.69021624392,1.61774810913,-0.726416084304,-1.68718297606,1.11264805207,0.742468131627,-0.0384129540767,-0.0154993497075,-0.0210903850905,2.14726288752
llama,LLaMA 3.3 70B,12,journalist,9,0.760400936626,-0.597853805635,0.0678034228851,0.74294282969,-0.507045946578,0.10032064191,0.565405578481,-0.641976762318,0.0357572028466,0.0143961546186,0.0200028132308,0.00917055620108,0.222181587861
llama,LLaMA 3.3 70B,12,judge,6,0.262872719139,-0.858598615974,0.273558276335,0.126587114774,-0.602687869666,0.302123884286,0.734804448311,-0.962469660185,0.602260214503,0.00851800117643,0.00670646261522,-0.00666980302276,0.764634822796
llama,LLaMA 3.3 70B,12,lawyer,5,0.718322266439,-0.818282105,0.438563927991,0.545184833657,-0.786455907749,0.508273149693,0.791573688864,-1.02384951906,0.661942737172,-0.0382289419704,0.0274398484414,0.00847227757064,0.38265386087
llama,LLaMA 3.3 70B,12,leviathan,1,-3.20090437695,0.822629482556,1.05363998415,-2.97249028049,0.552947093901,0.768792738,-2.59811730183,0.490350095448,0.309116047793,0.0629758680984,-0.00381518170958,0.0201110344249,0.734050553272
llama,LLaMA 3.3 70B,12,librarian,5,0.63229614351,-0.71883664626,0.372130161104,0.520814312763,-0.692800797964,0.20455103149,0.754357266895,-0.772262494159,0.212280461419,-0.0382289419704,0.0274398484414,0.00847227757064,0.218064114213
llama,LLaMA 3.3 70B,12,linguist,10,0.476268340436,-0.746227375087,0.478307000089,0.266503921768,-0.64542132938,0.299055989685,0.333502600629,-0.814506048085,0.294076432931,0.0106048176583,-0.0150254425859,0.00886668088485,0.173185364552
llama,LLaMA 3.3 70B,12,loner,5,0.131854157028,0.786635858394,-0.417556717241,0.428975837792,0.806010548767,0.379692512144,0.510869633865,1.18875271873,0.539777022599,-0.0382289419704,0.0274398484414,0.00847227757064,0.439270700394
llama,LLaMA 3.3 70B,12,luddite,4,-0.110082117454,2.14781048192,-0.675981423644,-0.514435815638,0.237642098572,-2.72665614299,0.159014661403,0.767539317904,0.103868290984,-0.0429566279211,-0.024934450294,-0.0283561382194,4.10467105745
llama,LLaMA 3.3 70B,12,marketer,4,0.93945403485,-0.787404829775,0.283380564673,0.870126309259,-0.855898202335,0.172741737405,0.75785658304,-0.774901939559,0.039196260069,-0.0429566279211,-0.024934450294,-0.0283561382194,0.227702055427
llama,LLaMA 3.3 70B,12,martyr,1,-1.11059746636,0.439818220434,-1.05931039908,-1.22679860705,0.288746393653,-0.858666846488,-1.36208627662,0.777959458282,-0.649826309427,0.0629758680984,-0.00381518170958,0.0201110344249,0.56954754434
llama,LLaMA 3.3 70B,12,mathematician,4,0.229785104234,-0.677748836663,0.744311457399,-0.0331561456744,-0.716020015813,0.502900292289,0.0647068578392,-0.837919436732,0.405101699301,-0.0429566279211,-0.024934450294,-0.0283561382194,0.201182318936
llama,LLaMA 3.3 70B,12,maverick,5,0.17332629395,0.66289914924,-0.668681872697,0.0522657225375,0.0157596356285,-0.605646962194,-0.642613312794,1.27364449879,-0.933065712111,-0.0382289419704,0.0274398484414,0.00847227757064,1.43289333377
llama,LLaMA 3.3 70B,12,mechanic,8,1.24850249518,0.860485040264,-0.184048764984,1.41451026951,0.562182439708,-0.026654156563,0.89964281735,0.432704154826,-0.424893930236,-0.00391425506094,-0.0257524839736,0.00619880095932,0.734249263364
llama,LLaMA 3.3 70B,12,mediator,2,0.682506106499,-0.994902090591,-0.0518167445215,0.618142487047,-0.565942993196,-0.0347216727895,0.736001695069,-0.885374356001,-0.00476831272515,0.0210380289037,0.0258722423553,-0.00331415471249,0.327202772306
llama,LLaMA 3.3 70B,12,mentor,10,0.808778256282,-0.878303830947,-0.0160241651483,0.810573587596,-0.657168285185,-0.0593678181651,0.874383738118,-0.796862198149,0.0952281611371,0.0106048176583,-0.0150254425859,0.00886668088485,0.263927322488
llama,LLaMA 3.3 70B,12,merchant,8,0.391401568011,-0.377583780714,-0.0538103320474,0.472530189006,-0.273100994896,0.147731245218,0.183778838121,-0.548647662021,0.0400480539226,-0.00391425506094,-0.0257524839736,0.00619880095932,0.396853879945
llama,LLaMA 3.3 70B,12,minimalist,9,0.211394650753,0.130006649623,-1.10433922353,0.371958378433,-0.424341192315,-0.736491510282,0.528596042267,-0.187530649069,-0.698874575278,0.0143961546186,0.0200028132308,0.00917055620108,0.271279262633
llama,LLaMA 3.3 70B,12,moderator,8,0.808445824262,-0.840281081512,0.0686457337585,0.798890954847,-0.484927511999,0.0407115718155,0.794621950916,-0.861077000045,0.0860356466907,-0.00391425506094,-0.0257524839736,0.00619880095932,0.368009967606
llama,LLaMA 3.3 70B,12,musician,3,-0.443854571675,0.276763624977,-0.651546478106,-0.478269082531,0.337476659252,-0.312557455122,-0.447464353425,0.149142605393,-0.461631740202,0.00601556944755,0.00512525013179,0.00662539881867,0.280498100205
llama,LLaMA 3.3 70B,12,mycorrhizal,6,-1.67356002419,-0.322295874975,0.424774777639,-0.998720286524,-0.644636912304,0.109248511375,-0.894821298548,-0.7820492258,0.501125506839,0.00851800117643,0.00670646261522,-0.00666980302276,0.580573841641
llama,LLaMA 3.3 70B,12,mystic,1,-2.71155882022,-0.247673873584,-0.889093047866,-2.09589395545,-0.0477220234609,-0.432120438971,-2.29452684496,-0.178397521885,-0.506961353748,0.0629758680984,-0.00381518170958,0.0201110344249,0.239310166971
llama,LLaMA 3.3 70B,12,narcissist,1,0.197795266922,1.56752256028,-0.00604914180373,-1.40392557868,3.04781425026,-0.436755962116,-0.684168806376,1.46017260332,0.297101115859,0.0629758680984,-0.00381518170958,0.0201110344249,1.95573630973
llama,LLaMA 3.3 70B,12,narrator,1,-1.44672512898,0.202107496826,-0.406603975211,-1.74305841968,0.571706220208,-0.213691650838,-2.37454118454,0.278199116395,0.225374164285,0.0629758680984,-0.00381518170958,0.0201110344249,0.880158977208
llama,LLaMA 3.3 70B,12,naturalist,5,-0.349929862927,-0.55540206061,-0.0959710314909,-0.116269484183,-0.565458019584,-0.138236997347,0.209255204375,-0.716951529522,-0.0295291453603,-0.0382289419704,0.0274398484414,0.00847227757064,0.35498879067
llama,LLaMA 3.3 70B,12,navigator,6,0.419213312434,-0.711061835496,0.163138510364,0.48545818427,-0.411676673951,0.262400937022,0.545171099873,-0.738181897259,0.0673019527165,0.00851800117643,0.00670646261522,-0.00666980302276,0.422819474319
llama,LLaMA 3.3 70B,12,negotiator,2,0.70113295076,-1.07812853687,0.0768724927961,0.556644912623,-0.693564220654,0.0731081556983,0.715839175256,-0.790781541717,0.00506754528107,0.0210380289037,0.0258722423553,-0.00331415471249,0.193570776846
llama,LLaMA 3.3 70B,12,networker,5,0.844608581369,-0.663129808409,-0.196946436134,0.795622681533,-0.639694063435,-0.263404028466,0.888295963352,-0.735980421659,0.0949149998389,-0.0382289419704,0.0274398484414,0.00847227757064,0.524815973835
llama,LLaMA 3.3 70B,12,newlywed,2,1.35186709784,0.543345698162,-0.904626001137,1.34817115174,0.519383598973,-0.490517029683,1.34540364068,0.586172282313,-0.64647875697,0.0210380289037,0.0258722423553,-0.00331415471249,0.231203576652
llama,LLaMA 3.3 70B,12,nomad,1,-0.405120590833,0.461451012546,-0.836376260802,-0.00616570383489,0.439423378726,-0.355398007866,-0.256774944089,0.0904927142608,-0.544980723564,0.0629758680984,-0.00381518170958,0.0201110344249,0.483403862009
llama,LLaMA 3.3 70B,12,novelist,9,-0.638446495562,-0.224926229377,-0.402195722561,-0.724418065156,0.0870240283101,-0.275453144767,-0.644297093698,-0.290445768195,0.469120131149,0.0143961546186,0.0200028132308,0.00917055620108,1.12292519817
llama,LLaMA 3.3 70B,12,nutritionist,3,0.893472056888,-0.602652175626,0.194747768914,0.814400440427,-0.786432892207,0.0300126777297,0.88125375298,-0.655134039168,0.162495850173,0.00601556944755,0.00512525013179,0.00662539881867,0.234480239034
llama,LLaMA 3.3 70B,12,observer,2,0.398587870732,-0.958399522064,0.401825328069,0.434691153491,-0.681840688342,0.435387144423,0.583135026405,-0.789402634635,0.266779336537,0.0210380289037,0.0258722423553,-0.00331415471249,0.29182330758
llama,LLaMA 3.3 70B,12,optimist,7,0.643340164713,-0.121621825117,-1.00526410682,0.521708618573,0.163370269765,-0.82738025934,0.571687003473,-0.139119833234,-0.773319284392,-0.0384129540767,-0.0154993497075,-0.0210903850905,0.30448272008
llama,LLaMA 3.3 70B,12,oracle,1,-2.82203948958,-0.0149436209998,0.198394720448,-2.47364226302,0.125102316079,0.367978027586,-2.55104428682,0.463531988033,0.0935482096351,0.0629758680984,-0.00381518170958,0.0201110344249,0.513314790893
llama,LLaMA 3.3 70B,12,organizer,7,0.898141299333,-1.0343365481,0.51230573736,0.922822362253,-1.01381104707,0.488384612228,0.940752788866,-1.01917982404,0.409096501688,-0.0384129540767,-0.0154993497075,-0.0210903850905,0.114089365913
llama,LLaMA 3.3 70B,12,orphan,4,1.09947789126,1.19710069517,-1.27688447924,1.45794044719,0.919805646248,-0.977641569455,1.00543565684,0.72526060734,-1.0010540509,-0.0429566279211,-0.024934450294,-0.0283561382194,0.438513916613
llama,LLaMA 3.3 70B,12,pacifist,5,-0.139786902182,-0.662766787474,-1.13245255719,-0.287276387256,-0.816241907195,-1.02849784063,0.147225970877,-0.792239526075,-0.678503347562,-0.0382289419704,0.0274398484414,0.00847227757064,0.626712170553
llama,LLaMA 3.3 70B,12,paramedic,7,1.04672478321,-0.239565993877,-0.0967513971096,0.828350496819,-0.256545381682,-0.0652363998914,0.894894038571,-0.572588067752,0.163970769576,-0.0384129540767,-0.0154993497075,-0.0210903850905,0.450040516981
llama,LLaMA 3.3 70B,12,parasite,9,-0.610977000895,0.252495542582,0.724211862213,-0.419085593633,0.03461004463,0.445685385258,-0.0973014384151,0.367880512929,0.472983038729,0.0143961546186,0.0200028132308,0.00917055620108,0.428333286559
llama,LLaMA 3.3 70B,12,parent,9,1.31689262354,0.543355423901,-0.753480483981,1.23696911906,0.312582010066,-0.740449623632,1.14910360601,0.383532765796,-0.717410776593,0.0143961546186,0.0200028132308,0.00917055620108,0.107844896525
llama,LLaMA 3.3 70B,12,patient,4,1.34180997232,0.805765337599,-0.681726620493,1.31644386158,0.388006855309,-0.544814079522,1.17421367381,0.508065972517,-0.643774651751,-0.0429566279211,-0.024934450294,-0.0283561382194,0.220554212223
llama,LLaMA 3.3 70B,12,peacekeeper,9,0.468755460406,-1.07020057262,-0.322045579281,0.330668914936,-0.748905813475,-0.283691774099,0.775869085173,-0.8869250946,0.0511326534419,0.0143961546186,0.0200028132308,0.00917055620108,0.629299187886
llama,LLaMA 3.3 70B,12,perfectionist,1,0.23942874476,-0.609444026853,0.189589971969,-0.322556237398,-0.473270416702,0.268285327291,-0.347251892777,0.0982697378564,0.0758178916338,0.0629758680984,-0.00381518170958,0.0201110344249,0.615296054905
llama,LLaMA 3.3 70B,12,pharmacist,5,0.90475733549,-0.6455207824,0.276249487531,0.700805109411,-0.655141416097,0.180064644909,0.901423472542,-0.531263927829,0.0575869332,-0.0382289419704,0.0274398484414,0.00847227757064,0.274451824332
llama,LLaMA 3.3 70B,12,philosopher,8,-0.818214720233,-0.968917067398,-0.189403491532,-0.883621039931,-0.361828216588,0.0983458517944,-0.855770982051,-0.334459294359,0.411836567237,-0.00391425506094,-0.0257524839736,0.00619880095932,0.44779243623
llama,LLaMA 3.3 70B,12,photographer,2,-0.214505443901,0.0530385109563,-0.593328436575,-0.2851177345,0.233008119263,-0.411316529019,-0.432115485783,0.0895855723459,-0.333359385238,0.0210380289037,0.0258722423553,-0.00331415471249,0.218798205674
llama,LLaMA 3.3 70B,12,physicist,8,0.108624706605,-0.719925413225,0.63665585753,0.0804953431982,-0.650067286945,0.494009350657,0.157051450588,-0.84874397839,0.572623837291,-0.00391425506094,-0.0257524839736,0.00619880095932,0.231545126529
llama,LLaMA 3.3 70B,12,pilgrim,6,-2.44731158304,0.0901280264238,-1.29969140164,-2.05569269291,0.205192562679,-0.98039172084,-1.92302690027,-0.248681713955,-0.851339048054,0.00851800117643,0.00670646261522,-0.00666980302276,0.488137085063
llama,LLaMA 3.3 70B,12,pilot,10,0.864332111862,-0.326379170821,0.192063333247,0.745163606162,-0.337820869977,0.276168598615,0.752329619685,-0.511016468716,0.00819728539203,0.0106048176583,-0.0150254425859,0.00886668088485,0.416462100251
llama,LLaMA 3.3 70B,12,pirate,7,0.279108575495,2.53676641264,0.352345872118,0.180986472469,1.92515259016,-0.0918287748518,0.316041233508,0.548827907191,0.317266119442,-0.0384129540767,-0.0154993497075,-0.0210903850905,1.45272747143
llama,LLaMA 3.3 70B,12,planner,2,0.960753606035,-1.08959315361,0.549190531684,0.894596846248,-0.96612474173,0.486075031805,0.895554432286,-1.00885879202,0.470502942553,0.0210380289037,0.0258722423553,-0.00331415471249,0.0467587195057
llama,LLaMA 3.3 70B,12,playwright,8,-0.0830970339517,-0.0897814879725,-0.331184845976,-0.159276276586,-0.00642490033173,-0.329327049122,-0.496596329343,-0.139521911719,-0.230321688065,-0.00391425506094,-0.0257524839736,0.00619880095932,0.350762239744
llama,LLaMA 3.3 70B,12,podcaster,6,0.586787296267,-0.0165489653236,-0.810957702104,0.474367497179,0.239648047653,-0.714818137934,0.311876543998,0.105332394119,-0.726133412388,0.00851800117643,0.00670646261522,-0.00666980302276,0.192666537413
llama,LLaMA 3.3 70B,12,poet,3,-2.56766367111,0.637731227984,-0.0672730405727,-2.78356987267,0.489203857019,0.119870311775,-2.59940749559,0.0429086240603,0.0825858073915,0.00601556944755,0.00512525013179,0.00662539881867,0.461995681825
llama,LLaMA 3.3 70B,12,polymath,7,0.178441721779,-1.10545921494,0.501191112267,-0.0461834324616,-1.00248853,0.209445688877,0.0720871405238,-1.09870718362,0.613930640613,-0.0384129540767,-0.0154993497075,-0.0210903850905,0.592390524909
llama,LLaMA 3.3 70B,12,pragmatist,10,1.08672985416,-0.424284641159,0.143958424242,1.15631558569,-0.583922923174,0.365076031385,0.841662574908,-0.708612910029,0.338692537917,0.0106048176583,-0.0150254425859,0.00886668088485,0.302157486949
llama,LLaMA 3.3 70B,12,predator,1,-0.766312919808,0.488470835191,0.880405226487,-0.721666690493,0.387666789348,0.719536202549,-0.0389413657265,0.309187962472,0.431541245483,0.0629758680984,-0.00381518170958,0.0201110344249,0.727419973885
llama,LLaMA 3.3 70B,12,presenter,6,0.850596836152,-0.547592335176,0.045470717105,0.818481810111,-0.514102381238,-0.0140514000163,0.886072537238,-0.837172804499,0.0264385716982,0.00851800117643,0.00670646261522,-0.00666980302276,0.321915588641
llama,LLaMA 3.3 70B,12,prey,10,0.230921137175,1.44824766859,0.952688176208,0.0448349620026,1.17835381146,1.00365042782,0.285143804305,1.34523278586,0.0584544146369,0.0106048176583,-0.0150254425859,0.00886668088485,1.37149452376
llama,LLaMA 3.3 70B,12,prisoner,3,1.24423724536,2.39292498883,-1.03895975144,1.76857196494,1.54385854374,-1.36054191288,0.80699671282,1.27998315431,-0.574687984001,0.00601556944755,0.00512525013179,0.00662539881867,1.42173637536
llama,LLaMA 3.3 70B,12,procrastinator,7,1.89955723655,2.74536783031,0.70227333297,1.98787430732,4.60180628152,1.86171116254,1.73126987388,2.35124110198,-0.25970195955,-0.0384129540767,-0.0154993497075,-0.0210903850905,3.72455256655
llama,LLaMA 3.3 70B,12,prodigy,3,0.191090054485,-0.96216242062,0.37044359588,-0.163516122989,-0.836651842554,0.118352729224,0.0650149949925,-1.14499282296,0.659350242002,0.00601556944755,0.00512525013179,0.00662539881867,0.849317362456
llama,LLaMA 3.3 70B,12,producer,9,0.885041118285,-0.745891306506,0.0740363764864,0.830892257713,-0.666473299522,0.137654371218,0.709986238022,-0.855394837253,0.0568395695911,0.0143961546186,0.0200028132308,0.00917055620108,0.239774622995
llama,LLaMA 3.3 70B,12,programmer,7,0.789085267284,-0.638417468675,0.45074705039,0.712952399539,-0.72762294489,0.279199185642,0.556231652569,-0.958587229847,0.518698311232,-0.0384129540767,-0.0154993497075,-0.0210903850905,0.429523114357
llama,LLaMA 3.3 70B,12,proofreader,7,0.70186698543,-0.610341645259,0.425602116002,0.558485624724,-0.520266475716,0.441923946753,0.714653416826,-0.807641810725,0.29168759596,-0.0384129540767,-0.0154993497075,-0.0210903850905,0.375442276234
llama,LLaMA 3.3 70B,12,prophet,10,-2.56822995949,0.164212086857,-0.373362479229,-2.37179866774,0.199190465857,-0.0843423890337,-2.76912072107,0.197710797044,0.402701132207,0.0106048176583,-0.0150254425859,0.00886668088485,0.775383673774
llama,LLaMA 3.3 70B,12,provincial,4,0.91572567994,2.3472043169,-0.781810319532,0.985051790521,1.01382063361,-1.43308636739,0.996317101518,0.903849890582,-0.681418614424,-0.0429566279211,-0.024934450294,-0.0283561382194,1.0755124239
llama,LLaMA 3.3 70B,12,provocateur,9,-0.263696288964,1.32580732271,-0.496830134383,-0.299397047635,0.826888070438,-0.755380278253,-0.38056480901,1.16960780866,-0.46142980965,0.0143961546186,0.0200028132308,0.00917055620108,0.537727419096
llama,LLaMA 3.3 70B,12,psychologist,4,0.762933677414,-0.998298940173,0.442021458393,0.526840147551,-0.880600023012,0.189722192112,0.582845069956,-0.927215310552,0.246260136389,-0.0429566279211,-0.024934450294,-0.0283561382194,0.104339646562
llama,LLaMA 3.3 70B,12,publisher,4,0.786486814331,-0.78161664603,0.090805760034,0.795498613281,-0.729369101885,0.108711878816,0.789812450582,-0.851150188247,0.31476990361,-0.0429566279211,-0.024934450294,-0.0283561382194,0.316005903918
llama,LLaMA 3.3 70B,12,purist,1,-0.75621470155,0.160516998691,-0.417194861399,-1.2245043833,0.138800695713,0.292095505087,-2.04491248566,0.21257554687,-0.290704706238,0.0629758680984,-0.00381518170958,0.0201110344249,1.0984763526
llama,LLaMA 3.3 70B,12,realist,2,0.812511566,-0.335165631247,0.0998979197388,1.00301481797,-0.518388258979,0.296225248253,0.686590119376,-0.170271602665,0.21521306377,0.0210380289037,0.0258722423553,-0.00331415471249,0.449489342901
llama,LLaMA 3.3 70B,12,rebel,7,0.0977175619494,1.26634871379,-1.11699133927,0.494678293422,0.290761165179,-1.22309850165,-0.422685776071,1.10420726656,-0.272614913037,-0.0384129540767,-0.0154993497075,-0.0210903850905,1.75691422249
llama,LLaMA 3.3 70B,12,recruiter,8,0.984741075047,-0.756090367299,0.129627635375,0.933976110309,-0.683822608619,0.0141479479589,0.801971767172,-0.893095899519,0.0265707258282,-0.00391425506094,-0.0257524839736,0.00619880095932,0.232855745944
llama,LLaMA 3.3 70B,12,refugee,3,0.694425346758,0.581142970894,-1.06623084988,0.792826752326,0.280407513223,-0.605540000379,0.746423679896,0.305596324646,-0.830876955017,0.00601556944755,0.00512525013179,0.00662539881867,0.324295476257
llama,LLaMA 3.3 70B,12,reporter,3,0.786895838972,-0.490118440779,-0.141250278876,0.723956916477,-0.486998863311,-0.101300117676,0.647707231401,-0.620898359938,0.0364521511062,0.00601556944755,0.00512525013179,0.00662539881867,0.243992438025
llama,LLaMA 3.3 70B,12,researcher,5,0.766652455996,-1.08960658789,0.619986820694,0.595345574499,-0.9887311686,0.411946864744,0.80285706584,-1.13966823451,0.628282439116,-0.0382289419704,0.0274398484414,0.00847227757064,0.385790182259
llama,LLaMA 3.3 70B,12,retiree,10,0.899561744461,0.639587900196,-1.05984638841,0.957487654369,0.612969337016,-0.884821703607,0.680687262173,0.710639638144,-0.901235252522,0.0106048176583,-0.0150254425859,0.00886668088485,0.260376578678
llama,LLaMA 3.3 70B,12,revenant,10,-2.26877091455,0.587698083036,0.219834623824,-2.01789423626,0.511146732313,0.30176830771,-2.81685817326,0.323068777385,-0.010064044849,0.0106048176583,-0.0150254425859,0.00886668088485,0.846465992416
llama,LLaMA 3.3 70B,12,reviewer,2,0.758411762484,-1.14638755575,0.571892287263,0.705015324285,-0.999888173688,0.394241620529,0.799249444137,-1.11741066653,0.638958163789,0.0210380289037,0.0258722423553,-0.00331415471249,0.37548093338
llama,LLaMA 3.3 70B,12,revolutionary,3,-0.234455916492,0.46730526016,-1.11994386064,-0.194825921812,-1.00204142828,-1.10871399041,-0.429602133666,0.103614472112,-0.544882158189,0.00601556944755,0.00512525013179,0.00662539881867,1.34927081409
llama,LLaMA 3.3 70B,12,robot,1,0.36286268328,-0.698560233643,1.65151658307,-0.00211091665694,-1.25338312563,1.15571009643,0.223402350769,-0.923096887036,0.425932776092,0.0629758680984,-0.00381518170958,0.0201110344249,1.10436844964
llama,LLaMA 3.3 70B,12,rogue,8,-0.229063537982,1.44249961461,0.186854584246,-0.242799060005,1.38779987564,0.34627051329,-0.233759234505,1.38513948835,0.0555032762923,-0.00391425506094,-0.0257524839736,0.00619880095932,0.4140831367
llama,LLaMA 3.3 70B,12,romantic,1,-1.38826456793,0.319755925434,-1.38349913827,-1.49778787791,0.533275562971,-1.07601430398,-2.14831311792,-0.0512578851786,-1.04450812156,0.0629758680984,-0.00381518170958,0.0201110344249,0.800958344711
llama,LLaMA 3.3 70B,12,saboteur,1,0.0577925116012,0.150537444842,0.557038412669,-0.12944028847,-0.107416051762,0.462816499793,-0.0807538533474,0.311244349133,0.44488077374,0.0629758680984,-0.00381518170958,0.0201110344249,0.406270355879
llama,LLaMA 3.3 70B,12,sage,8,-1.81130736357,-0.505554652954,-0.734963777694,-1.56691841025,-0.184364922072,-0.472965435539,-1.87297585076,-0.112571964548,0.116583720501,-0.00391425506094,-0.0257524839736,0.00619880095932,0.883623972017
llama,LLaMA 3.3 70B,12,scheduler,7,0.908976464583,-0.847751022618,0.426812511337,0.864929164281,-0.791879111427,0.501234176761,0.883363525498,-0.828818591132,0.348212202402,-0.0384129540767,-0.0154993497075,-0.0210903850905,0.221347300346
llama,LLaMA 3.3 70B,12,scholar,3,0.0260577913598,-1.06533621663,0.394832239692,-0.34226076399,-0.807854397337,0.28497894245,0.0550308520358,-0.759705951068,0.100511082961,0.00601556944755,0.00512525013179,0.00662539881867,0.437544188064
llama,LLaMA 3.3 70B,12,scientist,4,0.681808055554,-0.974747905083,0.719026468357,0.467347838066,-0.925929519627,0.471482457648,0.690973154807,-0.936704868703,0.62899779145,-0.0429566279211,-0.024934450294,-0.0283561382194,0.297529431895
llama,LLaMA 3.3 70B,12,scout,8,0.451561124675,-0.455972477369,0.15053822038,0.511803789828,-0.202175949126,0.318481766071,0.245709952957,-0.721173619414,0.165275022119,-0.00391425506094,-0.0257524839736,0.00619880095932,0.592812917023
llama,LLaMA 3.3 70B,12,screener,1,0.923426594757,-0.869826149221,0.575312994377,0.90242199931,-0.838373553411,0.435702130958,0.868307528144,-0.828951083809,0.517698227891,0.0629758680984,-0.00381518170958,0.0201110344249,0.120828147951
llama,LLaMA 3.3 70B,12,secretary,4,1.01621895312,-0.702180794844,0.388075891315,1.02854058746,-0.730679012154,0.566974896783,0.924089320594,-0.738503846239,0.247235964651,-0.0429566279211,-0.024934450294,-0.0283561382194,0.464355124975
llama,LLaMA 3.3 70B,12,shaman,9,-2.38124392263,0.0588248845152,-1.0246859449,-1.51111130948,-0.183297170008,-0.666542457622,-1.92870577712,-0.250207541275,-0.896019943403,0.0143961546186,0.0200028132308,0.00917055620108,0.493790510066
llama,LLaMA 3.3 70B,12,shapeshifter,10,-0.787071817852,-0.0780761906761,0.121099027095,-0.546940971811,-0.0139096879602,0.0372075365563,-0.294282689671,-0.150496503871,-0.361441381462,0.0106048176583,-0.0150254425859,0.00886668088485,0.623007338603
llama,LLaMA 3.3 70B,12,simulacrum,9,-1.27155459311,-0.122621890048,0.0913153406165,-1.24453483095,0.0362626197302,0.509928944082,-0.320660691801,0.209042799616,-0.103255596539,0.0143961546186,0.0200028132308,0.00917055620108,1.20021885737
llama,LLaMA 3.3 70B,12,skeptic,10,0.550291531744,-0.585176628625,0.47471298068,0.468437891253,-0.350180657257,0.585912612616,0.491399187215,0.0368105247909,0.211520367386,0.0106048176583,-0.0150254425859,0.00886668088485,0.650761295877
llama,LLaMA 3.3 70B,12,smuggler,6,0.806431354212,2.09885409714,0.0990516956007,1.15988286852,1.80819850733,0.509799663246,0.783981374608,1.9787977259,-0.254077585425,0.00851800117643,0.00670646261522,-0.00666980302276,1.14787910703
llama,LLaMA 3.3 70B,12,sociologist,1,0.639625448006,-1.09857761668,0.0588621649634,0.623213766707,-0.929740351207,0.163079906445,0.60768533801,-1.00262264358,0.33077670858,0.0629758680984,-0.00381518170958,0.0201110344249,0.249243734819
llama,LLaMA 3.3 70B,12,soldier,4,0.815033050054,0.81271103296,-0.0230856044624,0.941630532119,0.348464145311,0.0756497474014,0.659319765459,-0.251254983597,0.0540579254753,-0.0429566279211,-0.024934450294,-0.0283561382194,0.628759279819
llama,LLaMA 3.3 70B,12,sommelier,1,-0.0754172679525,-0.257533801451,0.0664007135932,-0.286435866145,-0.146113443605,0.0116678853991,0.125670086198,-0.521841761408,-0.0397660665376,0.0629758680984,-0.00381518170958,0.0201110344249,0.515530467966
llama,LLaMA 3.3 70B,12,specialist,9,0.526681388602,-0.972254995352,0.656957628456,0.24056284028,-1.03450498427,0.41309710584,0.398974619607,-0.765422038747,0.457453145773,0.0143961546186,0.0200028132308,0.00917055620108,0.300472454824
llama,LLaMA 3.3 70B,12,spirit,1,-2.66477015037,-0.472631512903,-0.331938238258,-2.04990036006,-0.168903139461,-0.203077724141,-2.25001145129,-0.236386377024,-0.381005799883,0.0629758680984,-0.00381518170958,0.0201110344249,0.314526995235
llama,LLaMA 3.3 70B,12,spy,4,0.251100929211,0.219743142608,0.436653455558,0.0820620330268,0.0105134824056,0.609309463066,-0.121104951562,0.204458383359,0.446883177199,-0.0429566279211,-0.024934450294,-0.0283561382194,0.346178434714
llama,LLaMA 3.3 70B,12,statistician,6,0.791371441624,-0.727299824925,0.828078716783,0.607342670674,-0.82728955103,0.566669632567,0.610919740807,-0.867420457132,0.63341702744,0.00851800117643,0.00670646261522,-0.00666980302276,0.10264317296
llama,LLaMA 3.3 70B,12,stoic,9,-1.39152287765,-0.297384664517,-0.340069816958,-1.51310221167,-0.17304450135,0.0912601392488,-1.45159712172,0.142675331728,0.0554224603507,0.0143961546186,0.0200028132308,0.00917055620108,0.312977854083
llama,LLaMA 3.3 70B,12,strategist,5,0.741275324645,-1.2333841724,0.593448448179,0.667603911026,-1.13922581909,0.404409902926,0.684970291959,-0.958851698967,0.442030663128,-0.0382289419704,0.0274398484414,0.00847227757064,0.182428890336
llama,LLaMA 3.3 70B,12,student,10,1.27136525096,0.0532825725407,-0.240506715891,1.26231957303,0.208134605871,0.047253486656,0.847514601344,0.422451518954,-0.9286405105,0.0106048176583,-0.0150254425859,0.00886668088485,1.45067590568
llama,LLaMA 3.3 70B,12,summarizer,3,0.949864944778,-0.831677270649,0.673471167395,1.00531317335,-1.11786849467,0.602916082011,0.926528840699,-0.933948711716,0.411522535201,0.00601556944755,0.00512525013179,0.00662539881867,0.332222993451
llama,LLaMA 3.3 70B,12,supervisor,6,1.04333903946,-0.924030522812,0.217685377523,1.06746173051,-0.835668918431,0.318199562871,0.889356969733,-0.772126444374,0.283017585804,0.00851800117643,0.00670646261522,-0.00666980302276,0.174452232922
llama,LLaMA 3.3 70B,12,surfer,10,0.52078420855,2.0762542659,-0.926850712827,0.241021376715,1.73132038467,-0.25801575794,0.570208926843,0.221025687115,-0.622464677157,0.0106048176583,-0.0150254425859,0.00886668088485,1.57093727498
llama,LLaMA 3.3 70B,12,survivor,5,0.26798673809,0.22867407503,-1.2264950442,0.261481402759,0.11950669889,-1.06204324541,-0.0122119258383,0.166219905158,-0.746641368813,-0.0382289419704,0.0274398484414,0.00847227757064,0.510675591613
llama,LLaMA 3.3 70B,12,swarm,5,-1.10272245725,-0.77981340891,0.816396986007,-0.950331507962,-0.802195009434,0.479362175821,-1.27025088129,-0.732271557583,0.535906191407,-0.0382289419704,0.0274398484414,0.00847227757064,0.298378300566
llama,LLaMA 3.3 70B,12,symbiont,2,-0.293750044188,-0.905423251251,0.208209239011,0.0341741220799,-0.770721703769,0.0128619245185,0.293479699189,-0.790044641369,0.0840645604327,0.0210380289037,0.0258722423553,-0.00331415471249,0.248748217122
llama,LLaMA 3.3 70B,12,synthesizer,8,0.149973539599,-1.05289812284,0.430456953226,0.145808448398,-0.910841115143,0.216978733419,0.435876557211,-0.962519937694,0.385548955849,-0.00391425506094,-0.0257524839736,0.00619880095932,0.35244452274
llama,LLaMA 3.3 70B,12,teacher,10,0.876589205988,-0.780174140724,0.182177062429,0.843621031596,-0.628769810642,0.047877701539,0.797206086092,-0.87920438992,0.120352541208,0.0106048176583,-0.0150254425859,0.00886668088485,0.265463502918
llama,LLaMA 3.3 70B,12,technologist,5,0.694383181425,-0.790067457886,0.293298336273,0.531759539328,-1.09721410301,0.160572552031,0.217043478373,-1.07229896801,0.43592520937,-0.0382289419704,0.0274398484414,0.00847227757064,0.47934991438
llama,LLaMA 3.3 70B,12,teenager,5,2.22202539296,2.4018452068,-0.760984888929,2.74290120226,3.09045963269,-0.168185031188,2.02159393793,2.47055891303,-0.571162702208,-0.0382289419704,0.0274398484414,0.00847227757064,1.0403170942
llama,LLaMA 3.3 70B,12,theorist,4,0.0237893665842,-1.29736264079,0.684921768826,-0.151558033429,-1.09583961405,0.52562048005,0.122120765861,-0.987075659906,0.504837737857,-0.0429566279211,-0.024934450294,-0.0283561382194,0.26256443702
llama,LLaMA 3.3 70B,12,therapist,2,0.636455661466,-0.821974385227,-0.336659216262,0.579121285337,-0.464708856198,-0.271353262329,0.591506340623,-0.859731943243,-0.3545153138,0.0210380289037,0.0258722423553,-0.00331415471249,0.398612703879
llama,LLaMA 3.3 70B,12,toddler,7,1.71283292561,4.19859606722,3.06981768664,1.28800883623,3.26986000959,2.09329614186,0.978032708117,3.14603178847,2.55565807219,-0.0384129540767,-0.0154993497075,-0.0210903850905,0.721697723356
llama,LLaMA 3.3 70B,12,traditionalist,2,-0.481375410481,0.0781224833857,-0.622665170893,-0.668999449541,0.158727807219,0.562903400833,0.116543253646,0.0695540594089,-0.0615294620686,0.0210380289037,0.0258722423553,-0.00331415471249,1.12613953696
llama,LLaMA 3.3 70B,12,trainer,10,0.966818330912,-0.913760805036,0.373587621752,0.974363702943,-0.818270820615,0.176164447494,0.934995564821,-0.893873584849,0.357067768661,0.0106048176583,-0.0150254425859,0.00886668088485,0.269866256191
llama,LLaMA 3.3 70B,12,translator,8,0.333851949254,-0.776972922352,0.114702540731,0.13835867057,-0.46806302226,0.103206700011,0.3344471157,-0.803432187564,0.267124050527,-0.00391425506094,-0.0257524839736,0.00619880095932,0.433721469113
llama,LLaMA 3.3 70B,12,tree,6,-2.56883611745,0.271917588254,0.236918250353,-1.72138119449,-0.136113670666,0.0613992349243,-1.98575169303,0.0394049720663,0.24747909547,0.00851800117643,0.00670646261522,-0.00666980302276,0.389931684547
llama,LLaMA 3.3 70B,12,trickster,3,-0.795289250898,1.26727348339,0.0018881575463,-1.16648395793,1.15764933009,-0.337171307633,-1.42214048794,0.171551566435,0.141624045042,0.00601556944755,0.00512525013179,0.00662539881867,1.19021133503
llama,LLaMA 3.3 70B,12,tulpa,3,-0.341176908021,-0.249918074244,0.0185193342497,-0.18415937413,0.00435544821592,-0.0574632034013,-0.332372328012,-0.0380561231058,-0.288286272164,0.00601556944755,0.00512525013179,0.00662539881867,0.355560811085
llama,LLaMA 3.3 70B,12,tutor,5,0.934797858838,-0.675981854671,0.26326148862,0.932218086829,-0.514907890566,0.14322151566,0.827786328203,-0.792679809662,0.121305415853,-0.0382289419704,0.0274398484414,0.00847227757064,0.284362574967
llama,LLaMA 3.3 70B,12,validator,4,0.762403692077,-1.00205478572,0.6825756897,0.699672164594,-0.924684037101,0.640663233582,0.778625775111,-0.968498949309,0.574462884088,-0.0429566279211,-0.024934450294,-0.0283561382194,0.124164277807
llama,LLaMA 3.3 70B,12,vampire,3,-2.08333575712,0.994426451296,0.689791042528,-2.21802264654,0.93966684965,0.514284039318,-2.32548060845,1.19443636455,1.08410723781,0.00601556944755,0.00512525013179,0.00662539881867,0.852796681875
llama,LLaMA 3.3 70B,12,vegan,5,0.639974127119,-0.00173898377544,-0.989500657465,0.656167419324,-0.675457012955,-1.09884119643,0.458587457308,-0.819514445052,-0.32484834108,-0.0382289419704,0.0274398484414,0.00847227757064,1.12404091796
llama,LLaMA 3.3 70B,12,veteran,2,1.11179110822,0.922913898441,-0.507495073128,1.15093096363,0.30367162777,-0.537805785553,1.0525790737,0.431452168674,-0.0251290563208,0.0210380289037,0.0258722423553,-0.00331415471249,0.745224715998
llama,LLaMA 3.3 70B,12,veterinarian,6,0.859940137828,-0.444873446587,0.00820485587849,0.788175570751,-0.47824886725,-0.0483072039186,0.935931698033,-0.558908492544,0.138808921743,0.00851800117643,0.00670646261522,-0.00666980302276,0.306031812357
llama,LLaMA 3.3 70B,12,vigilante,7,0.299361994207,1.08872698026,-0.406518769092,0.974486009304,0.672351470828,-0.158933525016,0.171311365276,0.273390949408,0.381521269095,-0.0384129540767,-0.0154993497075,-0.0210903850905,1.10973110349
llama,LLaMA 3.3 70B,12,virtuoso,5,-0.563037492979,-0.572216624686,-0.151457051706,-0.882966672636,-0.308140969404,-0.0840430938465,-1.80254595417,-0.377873039955,-0.18868488683,-0.0382289419704,0.0274398484414,0.00847227757064,0.819307985998
llama,LLaMA 3.3 70B,12,virus,6,-0.288023177321,-0.318906124514,0.935703031015,-0.158945170832,-0.524671731244,0.786813617113,-0.300151139439,-0.236197360127,-0.0857516337852,0.00851800117643,0.00670646261522,-0.00666980302276,1.27901977006
llama,LLaMA 3.3 70B,12,visionary,2,-0.121651172818,-0.826339277414,-0.296493365496,-0.204212653978,-0.895001885683,-0.31586886322,-0.086079650338,-0.524145311766,-0.283848617274,0.0210380289037,0.0258722423553,-0.00331415471249,0.374567453966
llama,LLaMA 3.3 70B,12,void,4,-3.13421932107,0.816869104984,1.51856271685,-2.79153001864,0.398784850187,1.18897405225,-2.43952873206,0.655625351065,0.762409802887,-0.0429566279211,-0.024934450294,-0.0283561382194,0.72423245572
llama,LLaMA 3.3 70B,12,wanderer,1,-1.0688623311,0.128920214826,-0.942748648193,-0.687063204046,0.490623591591,-0.426972612755,-0.480123099864,0.0789296705373,-0.370008579227,0.0629758680984,-0.00381518170958,0.0201110344249,0.443227283846
llama,LLaMA 3.3 70B,12,warrior,7,-0.978409656364,0.636262016996,-0.158310991464,-0.915857651748,0.67889681644,0.0481068548256,-1.6485893621,-0.0426193507408,0.453695603785,-0.0384129540767,-0.0154993497075,-0.0210903850905,1.10709045538
llama,LLaMA 3.3 70B,12,whale,2,-1.94429198857,0.156889718045,0.27276595665,-1.49506934947,-0.000770382509584,0.0364396286031,-2.23505519649,0.0304019748761,0.153239028618,0.0210380289037,0.0258722423553,-0.00331415471249,0.667783954703
llama,LLaMA 3.3 70B,12,widow,1,0.443066165625,0.72991084936,-1.27833504863,0.44392331356,0.625189210177,-0.948056195167,0.842033775431,0.731374758363,-0.92457129212,0.0629758680984,-0.00381518170958,0.0201110344249,0.363846347554
llama,LLaMA 3.3 70B,12,wind,3,-2.05841912206,0.192096850259,-0.0561564570319,-1.49746560372,0.264103938585,-0.0292791004463,-1.77677276899,-0.375778674079,-0.117083333232,0.00601556944755,0.00512525013179,0.00662539881867,0.674478858578
llama,LLaMA 3.3 70B,12,witch,1,-2.70278632879,0.146775763751,0.0525487594969,-2.23774676237,0.0710783731878,0.173608046528,-2.40703641993,0.307615934308,0.0784623117538,0.0629758680984,-0.00381518170958,0.0201110344249,0.303478610794
llama,LLaMA 3.3 70B,12,witness,4,0.525310923849,-0.451932449587,-0.182791709727,0.525899168691,-0.342291392805,-0.118452429511,0.541613057301,-0.718746727147,0.0630352392923,-0.0429566279211,-0.024934450294,-0.0283561382194,0.445452708173
llama,LLaMA 3.3 70B,12,workaholic,10,1.24586685353,1.57222954537,0.418171651664,2.24089185043,1.61936828891,0.741401211617,0.991594269988,2.34479888744,-0.0988250504812,0.0106048176583,-0.0150254425859,0.00886668088485,1.76324212102
llama,LLaMA 3.3 70B,12,wraith,2,-3.16779924529,0.279824708993,0.57637626055,-2.47359370641,0.375387816161,0.525193524641,-2.52175610319,0.148464906982,0.0384630850634,0.0210380289037,0.0258722423553,-0.00331415471249,0.727879324653
llama,LLaMA 3.3 70B,12,writer,7,-0.263003216454,-0.460596553398,-0.18325490407,-0.427024341627,-0.21870094541,-0.245614387322,-0.649264920346,-0.276565843284,-0.0331523062575,-0.0384129540767,-0.0154993497075,-0.0210903850905,0.363681012266
llama,LLaMA 3.3 70B,12,zealot,8,-1.28308030441,1.6183233718,-0.171788388031,-2.72485414118,1.43649489361,-0.071213078192,-1.26657416034,1.23734091932,0.494284506419,-0.00391425506094,-0.0257524839736,0.00619880095932,1.518557399
llama,LLaMA 3.3 70B,12,zeitgeist,3,-0.711493018101,-0.654347250118,-0.08099321339,-0.726046735093,-0.62691161154,-0.154239771226,-1.27993044384,-0.629167520763,0.651044595407,0.00601556944755,0.00512525013179,0.00662539881867,1.24438319391
gemma,Gemma 2 27B,12,aberration,9,-972.335805795,-139.633346064,594.140325446,-992.822226098,-135.704398659,521.633584667,-887.840737399,-113.315519511,389.874572456,1.82071501117,6.60424795105,-5.45021666483,0.556874379591
gemma,Gemma 2 27B,12,absurdist,10,-607.684327248,419.707602146,602.650803449,-856.371772557,550.474923031,496.906660661,-413.047314056,417.338973656,354.675401699,6.38769809375,-2.23109663717,0.00640690605572,1.07700157923
gemma,Gemma 2 27B,12,accountant,2,625.131912105,-96.0661993482,100.027033887,684.262393009,-178.612120398,85.7609344171,659.086629741,-188.140606866,119.250598189,1.64826031284,9.74479652884,1.09000493674,0.141922237807
gemma,Gemma 2 27B,12,activist,10,319.031598185,-37.5773007612,-42.0217136015,410.943457014,-97.6487004385,-37.8448401198,85.5361139375,122.053631528,132.779310889,6.38769809375,-2.23109663717,0.00640690605572,1.08050479673
gemma,Gemma 2 27B,12,actor,2,-275.783024522,247.0360059,21.5351280995,-305.277687789,40.3795702148,-63.1737069226,-201.223598606,-126.524424347,-114.472898589,1.64826031284,9.74479652884,1.09000493674,0.51980692072
gemma,Gemma 2 27B,12,addict,8,-55.1758352013,518.821275077,-76.410518749,-24.3022670053,373.729032195,-38.069845265,44.988612037,453.926415223,-151.658803291,5.70137868893,-8.62430267349,2.47133103698,0.509077397293
gemma,Gemma 2 27B,12,adolescent,3,224.322576454,1208.33278123,-123.332449671,306.811175927,1126.80703084,-75.7378924853,234.5788444,1125.13318759,-80.6204436744,0.274224715816,1.22651820689,-1.97190127206,0.140535546594
gemma,Gemma 2 27B,12,advocate,7,280.577276893,-176.60072206,-57.3164549035,281.147016761,-194.760130355,-92.561626337,86.1491239222,-170.848874591,-67.4270893283,-13.2054739424,-10.8669090723,3.87070206654,0.393322755843
gemma,Gemma 2 27B,12,alien,2,-478.367450856,-273.131912892,315.929831651,-458.307392944,-317.324025742,369.815052586,-374.277215728,-352.706424358,188.451183805,1.64826031284,9.74479652884,1.09000493674,0.733705091581
gemma,Gemma 2 27B,12,altruist,8,282.009104917,-124.459941235,-114.250977141,300.615215427,-251.733755185,-318.956408184,364.248704994,-284.739581002,-164.528530472,5.70137868893,-8.62430267349,2.47133103698,0.622543380419
gemma,Gemma 2 27B,12,amateur,7,235.949057684,690.732115107,-353.818998851,197.061940852,714.296279211,-459.358218986,194.160547264,623.933366367,-215.603855512,-13.2054739424,-10.8669090723,3.87070206654,0.982497497166
gemma,Gemma 2 27B,12,ambassador,6,438.230010781,-269.548723433,-37.2267603349,405.995985593,-301.421775752,-92.8703413818,358.550009647,-280.602775278,-89.5660181927,1.43250978222,5.77403100494,9.39691562711,0.107120032495
gemma,Gemma 2 27B,12,amnesiac,2,-574.36063878,263.371246764,-180.981335852,-513.253541368,117.21691553,-213.385861314,-422.816294952,-15.0122885552,-81.9434445909,1.64826031284,9.74479652884,1.09000493674,0.643388966956
gemma,Gemma 2 27B,12,analyst,4,645.175869206,-293.784633788,50.993781698,635.25005542,-259.247482707,113.49090509,629.892428625,-268.036429313,42.4628339035,-7.37094593953,-11.8829021164,-2.50905300666,0.279053969626
gemma,Gemma 2 27B,12,anarchist,10,29.5289151812,-61.542573269,157.020468624,110.218415507,49.2749293951,216.336001539,-49.6614680158,49.5310667608,390.571809493,6.38769809375,-2.23109663717,0.00640690605572,0.748104449213
gemma,Gemma 2 27B,12,ancient,4,-856.445803801,-439.952551946,47.8093359175,-911.572817836,-308.965873916,132.279320707,-970.945380093,-311.530118229,90.382866311,-7.37094593953,-11.8829021164,-2.50905300666,0.200007213538
gemma,Gemma 2 27B,12,angel,6,-516.878625074,-509.474479551,-281.569612135,-585.203033398,-382.728425251,-252.792123719,-689.185989109,-398.322980418,-273.058167309,1.43250978222,5.77403100494,9.39691562711,0.219265957402
gemma,Gemma 2 27B,12,anthropologist,7,412.459329071,-285.597854328,-27.4070008988,416.776290519,-214.032749337,75.1993578213,460.966574201,-207.238142386,20.4801333684,-13.2054739424,-10.8669090723,3.87070206654,0.231092271324
gemma,Gemma 2 27B,12,archaeologist,1,57.165886882,-152.311022477,11.1698381762,103.104194301,-142.88825937,28.5424662772,179.415009547,-226.283534346,12.2772833208,24.0853122696,9.93935368516,-4.33267260732,0.270242623339
gemma,Gemma 2 27B,12,architect,6,456.776374199,-192.834790161,-39.7526832677,494.49263522,-205.039835562,40.4932685282,465.364030733,-181.033616727,-19.6192206381,1.43250978222,5.77403100494,9.39691562711,0.249793772689
gemma,Gemma 2 27B,12,archivist,9,297.381884815,-208.192337426,59.2791661219,352.431903331,-323.646932731,-38.1246703854,425.310528978,-207.83160156,3.933087367,1.82071501117,6.60424795105,-5.45021666483,0.371680816339
gemma,Gemma 2 27B,12,artisan,1,-347.249676662,-171.674348811,-214.000428512,-319.085343934,-181.797224061,-180.255289572,-138.976982024,-177.553645782,-151.355190318,24.0853122696,9.93935368516,-4.33267260732,0.365124419972
gemma,Gemma 2 27B,12,ascetic,2,-750.4923807,-409.973072265,72.3696618719,-799.096118094,-415.84383359,0.860019431444,-786.02892782,-402.146136264,-224.65064504,1.64826031284,9.74479652884,1.09000493674,0.883459098768
gemma,Gemma 2 27B,12,assistant,7,607.505640176,-88.4614393651,-167.543657031,579.498620926,0.174536005209,-183.872781178,594.931864447,-75.8106182527,-93.9541463571,-13.2054739424,-10.8669090723,3.87070206654,0.404960418654
gemma,Gemma 2 27B,12,auctioneer,2,-44.4321665451,744.353309063,17.889952042,65.75754391,362.444779962,-214.679127258,188.289017578,388.131246652,-106.87063725,1.64826031284,9.74479652884,1.09000493674,0.488020881731
gemma,Gemma 2 27B,12,auditor,3,643.742685294,-183.776092098,155.020650869,725.15820185,-324.616421729,138.29002596,637.454684264,-212.719537976,106.494825802,0.274224715816,1.22651820689,-1.97190127206,0.359586261738
gemma,Gemma 2 27B,12,avatar,3,-667.959239814,-569.248241928,-136.109151631,-722.456730137,-445.852087196,-73.6040938768,-812.316703544,-485.413780282,-264.172143834,0.274224715816,1.22651820689,-1.97190127206,0.772418337097
gemma,Gemma 2 27B,12,bard,7,-860.630990074,-233.783283819,-286.261929921,-847.221770289,-255.864022191,-236.369210823,-896.849937787,-442.816680191,-233.205825863,-13.2054739424,-10.8669090723,3.87070206654,0.497325670498
gemma,Gemma 2 27B,12,bartender,5,79.0460537624,603.125613346,-173.072715949,87.3929792931,519.179327353,-253.274155514,106.317516152,548.887198527,-125.091885935,-20.7823301166,0.354093200568,-2.61319774732,0.508815402841
gemma,Gemma 2 27B,12,biologist,3,414.508961423,-202.364018782,43.5560754939,499.775567922,-193.984756398,103.662895878,469.209983208,-179.177581885,36.2160187084,0.274224715816,1.22651820689,-1.97190127206,0.273143124849
gemma,Gemma 2 27B,12,blogger,5,96.4956148561,170.379375333,-140.681313015,-6.55240678433,332.656776671,-2.54983214997,-267.158718257,298.730741822,-212.643610705,-20.7823301166,0.354093200568,-2.61319774732,0.96731469506
gemma,Gemma 2 27B,12,bohemian,3,-628.580415851,295.473333481,-145.803612032,-683.9207899,573.676628042,88.6280601895,-307.400439281,498.370099509,479.017868,0.274224715816,1.22651820689,-1.97190127206,1.70239003333
gemma,Gemma 2 27B,12,builder,9,181.885670026,82.5921395312,-107.000252145,225.92913308,72.2763337799,-106.229086868,240.715182698,-25.6817832249,-59.8098089717,1.82071501117,6.60424795105,-5.45021666483,0.314886109827
gemma,Gemma 2 27B,12,caregiver,6,310.448459173,35.0091701194,-508.30274449,236.648468288,97.4784780464,-528.403497596,461.240138909,-2.64632266016,-310.028298254,1.43250978222,5.77403100494,9.39691562711,0.992773430075
gemma,Gemma 2 27B,12,cartographer,5,259.892645565,-163.404575427,14.0579486457,279.276317237,-143.476875571,14.7928228396,190.347536438,-118.821788466,82.2119653552,-20.7823301166,0.354093200568,-2.61319774732,0.32106503656
gemma,Gemma 2 27B,12,caveman,6,-1058.52794178,584.205993477,-1078.23210745,-943.966040365,970.954859777,-627.034704548,-517.769714744,882.114176304,-583.700155277,1.43250978222,5.77403100494,9.39691562711,0.869897320644
gemma,Gemma 2 27B,12,celebrity,10,134.190883143,487.479161001,1.04597864097,182.250907575,350.542932294,-22.3410418814,114.677224082,387.740992431,-183.262106778,6.38769809375,-2.23109663717,0.00640690605572,0.650255757705
gemma,Gemma 2 27B,12,chameleon,5,-56.3201164943,181.400509195,-129.960891574,-79.1941951216,151.80216879,-215.015808277,-29.8233847215,520.728419587,-46.0106359174,-20.7823301166,0.354093200568,-2.61319774732,1.1718800249
gemma,Gemma 2 27B,12,chef,8,186.952879245,134.061395193,-112.166531422,208.078974208,133.681084406,-82.3355453739,236.047881319,28.6759212492,-184.990245233,5.70137868893,-8.62430267349,2.47133103698,0.489217084648
gemma,Gemma 2 27B,12,chemist,8,422.36839287,-69.1504212534,139.121643034,477.155770137,-101.159987165,117.970293737,452.37388466,-104.100221508,73.42148543,5.70137868893,-8.62430267349,2.47133103698,0.180893603933
gemma,Gemma 2 27B,12,chimera,9,-725.261511305,-274.720188975,155.133729119,-831.601106908,-132.256443837,272.357246013,-835.585953875,-120.779887944,284.433019735,1.82071501117,6.60424795105,-5.45021666483,0.0564670616884
gemma,Gemma 2 27B,12,coach,10,611.307972857,-109.262802385,-229.167141478,527.826298747,118.644396034,-58.591099422,611.861573239,-43.4262894353,-154.70299426,6.38769809375,-2.23109663717,0.00640690605572,0.58866800305
gemma,Gemma 2 27B,12,collaborator,1,654.382065965,-103.499433327,-210.478826256,543.864784428,80.0990644468,-237.887451562,573.829417505,-0.446431269199,-205.19152155,24.0853122696,9.93935368516,-4.33267260732,0.2527516822
gemma,Gemma 2 27B,12,collector,7,123.118870724,-192.49822155,62.0476185277,159.800379246,-274.681856922,16.1466838929,126.975862425,-138.178735891,25.9673804931,-13.2054739424,-10.8669090723,3.87070206654,0.363837294276
gemma,Gemma 2 27B,12,comedian,6,-89.1759381563,1117.98099849,407.223905655,-119.696385312,819.584848113,186.43191582,-182.333541688,799.464251606,163.080693546,1.43250978222,5.77403100494,9.39691562711,0.160212896008
gemma,Gemma 2 27B,12,competitor,3,54.7140419284,664.377413414,538.277792148,78.694780178,745.362251192,499.198243547,-89.5033803156,675.213206431,200.033413982,0.274224715816,1.22651820689,-1.97190127206,1.22831443986
gemma,Gemma 2 27B,12,composer,2,1.06920115297,-281.488126864,12.8096972527,-7.29633975489,-303.046168159,43.8087546973,39.5100694549,-266.352718677,-39.5395765333,1.64826031284,9.74479652884,1.09000493674,0.351651873445
gemma,Gemma 2 27B,12,conservator,5,340.015493078,-226.854195737,9.58926306401,405.69001168,-344.00113855,-74.7818487984,352.0196693,-219.94570863,8.61226165289,-20.7823301166,0.354093200568,-2.61319774732,0.471146173683
gemma,Gemma 2 27B,12,consultant,3,654.984193326,-271.487932427,-33.5604832268,591.213693911,-169.848636934,47.9536453636,641.42824709,-261.272745764,-30.8913510246,0.274224715816,1.22651820689,-1.97190127206,0.401819796741
gemma,Gemma 2 27B,12,contrarian,6,15.8899972386,251.642609584,500.334410963,-42.1671594281,298.331112977,413.625159361,-103.927400968,90.945699846,304.49770288,1.43250978222,5.77403100494,9.39691562711,0.6995671427
gemma,Gemma 2 27B,12,coordinator,10,614.245933116,-208.815445643,-46.2821150164,552.007100189,-126.114723005,29.6647920115,539.675206017,-177.603416618,-31.6417156282,6.38769809375,-2.23109663717,0.00640690605572,0.275974794637
gemma,Gemma 2 27B,12,coral_reef,3,-746.831354995,-318.511446676,-190.307205885,-588.058836203,-212.247852798,-93.2920227836,-767.019637664,-378.211884867,-179.950931888,0.274224715816,1.22651820689,-1.97190127206,0.64918494696
gemma,Gemma 2 27B,12,cosmopolitan,8,34.2413061105,-119.49020186,-51.7939547788,-61.3273298651,12.9556586796,-13.477900167,-30.9112422948,-82.9707905225,-60.7088303129,5.70137868893,-8.62430267349,2.47133103698,0.316633318779
gemma,Gemma 2 27B,12,counselor,6,522.289060467,-110.894485962,-376.136877286,391.140495298,100.437366112,-343.976056231,636.915087105,-163.246234538,-266.529310172,1.43250978222,5.77403100494,9.39691562711,0.888577623659
gemma,Gemma 2 27B,12,criminal,8,-349.529425082,938.012707729,97.4006950301,-124.839365544,744.180383611,136.412879998,-141.800983081,768.02043823,157.507145093,5.70137868893,-8.62430267349,2.47133103698,0.108402333902
gemma,Gemma 2 27B,12,critic,5,258.211858389,-282.799097078,158.755378173,207.945238291,-247.329072186,231.919241658,181.288836263,-274.53013796,80.9052416519,-20.7823301166,0.354093200568,-2.61319774732,0.597346994336
gemma,Gemma 2 27B,12,crystalline,6,-576.613035491,-472.141621896,254.576097384,-534.676489617,-463.11505911,284.750786836,-481.900393721,-332.227185032,210.313252118,1.43250978222,5.77403100494,9.39691562711,0.460267297995
gemma,Gemma 2 27B,12,curator,2,245.897498317,-254.351313742,-58.5339299927,202.361511998,-200.946646848,-2.76631754268,71.5690717795,-157.824101279,-40.2428286677,1.64826031284,9.74479652884,1.09000493674,0.312511101781
gemma,Gemma 2 27B,12,cyborg,2,173.413681664,-252.59771108,207.843462035,161.190427677,-321.422481914,277.356275166,223.058432505,-198.24633612,126.609092896,1.64826031284,9.74479652884,1.09000493674,0.682241695313
gemma,Gemma 2 27B,12,cynic,1,-187.922455561,913.427035945,704.516716648,-97.4088689593,781.297149956,479.595625563,-125.010854704,608.550211647,217.339811562,24.0853122696,9.93935368516,-4.33267260732,1.12207594319
gemma,Gemma 2 27B,12,daredevil,4,-182.695479104,807.832440705,273.359431845,-181.110478489,988.083766254,207.177965403,-202.69238417,481.379709396,349.066119359,-7.37094593953,-11.8829021164,-2.50905300666,1.43476672514
gemma,Gemma 2 27B,12,debugger,3,628.042816434,-157.859668928,74.0873154079,601.107230037,-106.746258576,164.396208497,546.286034693,-152.858659459,89.7292918818,0.274224715816,1.22651820689,-1.97190127206,0.333154753935
gemma,Gemma 2 27B,12,demon,5,-870.983778251,-19.1806413374,538.885227182,-867.833974326,-209.353019695,306.353568403,-740.917030296,-215.746932969,94.3191381018,-20.7823301166,0.354093200568,-2.61319774732,0.86509021754
gemma,Gemma 2 27B,12,designer,6,500.446269426,-196.042642327,-43.2189005178,458.021820936,-115.804937097,72.6693355654,494.476767064,-115.19401224,3.21963329994,1.43250978222,5.77403100494,9.39691562711,0.28067636674
gemma,Gemma 2 27B,12,destroyer,5,15.8830590638,-138.984827773,367.835021736,-27.0712500541,-9.62691496485,419.354385047,56.3443784805,-93.516819591,257.770180722,-20.7823301166,0.354093200568,-2.61319774732,0.688106744878
gemma,Gemma 2 27B,12,detective,4,374.371096081,-22.2458802373,166.466071125,387.537528984,-102.910460054,94.659861842,380.663682952,-129.558918769,90.9120217399,-7.37094593953,-11.8829021164,-2.50905300666,0.0722971487699
gemma,Gemma 2 27B,12,devils_advocate,3,206.85015833,111.316911626,348.188138013,169.639104779,95.6503628955,193.679566509,124.040490285,85.5336602601,198.953193691,0.274224715816,1.22651820689,-1.97190127206,0.0940237318655
gemma,Gemma 2 27B,12,dilettante,4,-243.800425833,301.665428262,257.208985619,-377.430695784,223.000042468,98.893729885,-337.34800338,151.185512939,-23.4166079262,-7.37094593953,-11.8829021164,-2.50905300666,0.519732349114
gemma,Gemma 2 27B,12,dispatcher,4,540.421954011,31.1952701247,63.1318651692,522.073062712,37.2296982023,8.98663979872,595.359555627,-73.816640873,-12.0835781078,-7.37094593953,-11.8829021164,-2.50905300666,0.332739231554
gemma,Gemma 2 27B,12,divorcee,1,140.874313411,573.471240757,-153.539970453,169.263415776,591.869586726,-10.0056345309,134.0059833,450.422879185,-114.152488783,24.0853122696,9.93935368516,-4.33267260732,0.55401656847
gemma,Gemma 2 27B,12,doctor,9,594.383955571,-63.7097077811,-116.580127641,663.107922478,-174.243739085,-160.6100964,602.336934193,-97.5237304611,-97.0556550831,1.82071501117,6.60424795105,-5.45021666483,0.34005008712
gemma,Gemma 2 27B,12,dreamer,9,-860.31698648,-307.403562444,-53.0496812795,-837.121005858,-248.822239709,63.5874195502,-773.10198633,-85.4972559641,153.133082697,1.82071501117,6.60424795105,-5.45021666483,0.565372442623
gemma,Gemma 2 27B,12,echo,10,-1032.73327538,-430.907705225,-77.2260905771,-1013.45457773,-369.81967783,-99.306581264,-992.471492536,-397.277919602,-25.4199758656,6.38769809375,-2.23109663717,0.00640690605572,0.300582172164
gemma,Gemma 2 27B,12,economist,7,562.907460157,-162.225625071,128.885313549,616.812457992,-224.62121084,155.120041906,648.55477064,-307.669691104,29.2266348139,-13.2054739424,-10.8669090723,3.87070206654,0.541629287196
gemma,Gemma 2 27B,12,ecosystem,2,-137.236595086,-389.657370662,-199.895248655,-57.9233673752,-241.117369848,-65.0705569686,-118.46781979,-135.461630777,-117.113341788,1.64826031284,9.74479652884,1.09000493674,0.362076452176
gemma,Gemma 2 27B,12,editor,1,675.59481336,-138.104292267,20.6477351042,613.168716236,-54.214546834,-71.6711625172,554.39362521,4.45709902329,-20.9368787652,24.0853122696,9.93935368516,-4.33267260732,0.275089157933
gemma,Gemma 2 27B,12,egregore,6,-427.91282462,-421.85264734,9.60198482995,-418.105569907,-342.317860931,51.5693754088,-476.520338882,-325.538330732,134.401531061,1.43250978222,5.77403100494,9.39691562711,0.345871703253
gemma,Gemma 2 27B,12,elder,4,-456.40914112,43.8335072398,-358.644215883,-423.217877641,36.9739590235,-355.940906467,-175.42775407,-152.054943256,-290.377402613,-7.37094593953,-11.8829021164,-2.50905300666,0.732848850088
gemma,Gemma 2 27B,12,eldritch,10,-1206.34186144,-539.012939763,308.202091178,-1235.53497809,-464.139397109,447.135263854,-1058.40802431,-278.170274561,280.435938934,6.38769809375,-2.23109663717,0.00640690605572,0.88172306323
gemma,Gemma 2 27B,12,emissary,3,330.050940758,-410.060040231,-152.641844979,217.849352724,-293.195005471,-87.479702612,345.482012629,-247.5893767,-43.0248831678,0.274224715816,1.22651820689,-1.97190127206,0.323861271937
gemma,Gemma 2 27B,12,empath,1,-144.512464479,-117.202927571,-306.048356351,-245.708156143,-76.3892264601,-330.376267353,-228.967886848,203.699268896,-247.787319878,24.0853122696,9.93935368516,-4.33267260732,0.799845827345
gemma,Gemma 2 27B,12,engineer,9,617.346224828,-223.669692966,58.7794102141,562.105803122,-130.505920428,163.465957268,581.569244,-231.432979874,32.9629394294,1.82071501117,6.60424795105,-5.45021666483,0.575781708142
gemma,Gemma 2 27B,12,entrepreneur,5,460.89337517,68.4903712461,72.6207484199,391.42995488,235.285901376,247.709154138,-13.0963309215,322.205639157,101.888988707,-20.7823301166,0.354093200568,-2.61319774732,0.992167618134
gemma,Gemma 2 27B,12,evaluator,9,654.497233332,-297.177532975,30.331273677,642.157190437,-268.268529379,102.992466209,614.381801977,-278.021838669,54.4976820318,1.82071501117,6.60424795105,-5.45021666483,0.198787509182
gemma,Gemma 2 27B,12,evangelist,9,-402.408005591,-51.6416415101,49.0066430472,-487.707869286,-79.4461869393,-39.6260979111,-519.879682539,111.29829536,97.967544131,1.82071501117,6.60424795105,-5.45021666483,0.735854190238
gemma,Gemma 2 27B,12,examiner,3,698.927516926,-270.399924964,131.838011344,708.905857212,-279.887007948,115.251548218,653.659675418,-186.272001449,106.285427644,0.274224715816,1.22651820689,-1.97190127206,0.26878569324
gemma,Gemma 2 27B,12,exile,10,-744.545223605,3.05430712019,-125.952488771,-722.147540553,-101.615920694,-160.234921384,-550.966889526,-236.89712085,24.9508343209,6.38769809375,-2.23109663717,0.00640690605572,0.870885157317
gemma,Gemma 2 27B,12,expatriate,9,197.644571812,200.386484491,-130.353871771,134.706661875,282.145855118,-72.0241170576,242.432209755,151.070648186,-106.133275477,1.82071501117,6.60424795105,-5.45021666483,0.421777869603
gemma,Gemma 2 27B,12,facilitator,9,689.732183265,-193.15673433,-240.204258146,563.091319082,-0.102460124022,-190.286294519,557.845806762,-12.7777410352,-158.42423313,1.82071501117,6.60424795105,-5.45021666483,0.129378724509
gemma,Gemma 2 27B,12,familiar,9,-745.869841994,-447.705012811,-94.1319890909,-723.378249012,-479.395805697,-90.8481248439,-840.695862944,-449.465327377,-198.109055819,1.82071501117,6.60424795105,-5.45021666483,0.483039623074
gemma,Gemma 2 27B,12,fixer,5,-26.0301617279,461.894252719,315.089063569,-25.3172967902,385.170617049,184.711556138,-217.175971267,805.170414442,316.131160487,-20.7823301166,0.354093200568,-2.61319774732,1.2658711123
gemma,Gemma 2 27B,12,flaneur,6,-640.968116589,-55.1668128731,168.670289631,-719.320887843,-90.2781560379,146.141256679,-764.78348102,-153.908498961,156.950268185,1.43250978222,5.77403100494,9.39691562711,0.192445060836
gemma,Gemma 2 27B,12,fool,8,-571.841428907,1180.43277363,-650.725082882,-439.597484998,795.370846532,-713.699905561,-57.8959569119,688.748478145,-446.789010661,5.70137868893,-8.62430267349,2.47133103698,1.30725551595
gemma,Gemma 2 27B,12,forecaster,4,530.474968426,-235.455688588,82.4783102126,544.941900131,-269.348853844,158.579998591,529.34211033,-239.942601478,11.8425572937,-7.37094593953,-11.8829021164,-2.50905300666,0.580038334143
gemma,Gemma 2 27B,12,futurist,7,399.423816217,-291.172652793,110.704948163,386.597132068,-243.094843556,308.996081961,174.396739997,-50.6517949839,337.415167653,-13.2054739424,-10.8669090723,3.87070206654,0.657058949995
gemma,Gemma 2 27B,12,gamer,9,100.499252043,581.348912772,199.553636673,63.4937986342,622.926210695,282.719514799,-151.692837483,921.361370406,298.419577471,1.82071501117,6.60424795105,-5.45021666483,0.884432202293
gemma,Gemma 2 27B,12,generalist,5,502.796594229,-240.594821608,-63.2771731961,441.459561477,-108.97695488,62.549179756,476.891378054,-205.502492977,8.97342027536,-20.7823301166,0.354093200568,-2.61319774732,0.334753721374
gemma,Gemma 2 27B,12,genie,8,-766.50116741,-1.43017647714,206.522395116,-818.359685416,-104.808894005,90.9375805449,-773.061004278,-216.74241331,0.775823352327,5.70137868893,-8.62430267349,2.47133103698,0.466265365521
gemma,Gemma 2 27B,12,geographer,1,444.649359074,-189.168458177,-10.1765065969,484.85285578,-183.973408974,23.8584636012,448.153505327,-175.49755121,23.2552706447,24.0853122696,9.93935368516,-4.33267260732,0.0741215655954
gemma,Gemma 2 27B,12,ghost,7,-948.976904042,-283.309973804,-26.3296346645,-915.184188096,-301.95616503,-47.0233363035,-933.927820724,-387.531402236,38.4332145476,-13.2054739424,-10.8669090723,3.87070206654,0.403713235507
gemma,Gemma 2 27B,12,golem,2,-983.59794218,-431.181352698,-119.171711696,-860.594107985,-452.823408338,-31.9170873806,-791.494376262,-373.473647562,-65.1727856665,1.64826031284,9.74479652884,1.09000493674,0.278453981207
gemma,Gemma 2 27B,12,gossip,4,-84.4277141324,1022.15387517,299.228103359,28.4264434724,675.790528337,118.887716989,-59.8014154367,670.644925362,-26.7258264754,-7.37094593953,-11.8829021164,-2.50905300666,0.594722445023
gemma,Gemma 2 27B,12,grader,7,753.768907535,-153.418935655,55.4721322836,765.941038145,-218.214618827,125.814672319,700.801515598,-217.872117359,107.74638642,-13.2054739424,-10.8669090723,3.87070206654,0.144043538926
gemma,Gemma 2 27B,12,graduate,10,329.149268476,499.609197243,-43.9685861742,324.3235393,574.035519494,70.8670316286,128.402663793,402.490427707,-159.163159565,6.38769809375,-2.23109663717,0.00640690605572,1.07378029446
gemma,Gemma 2 27B,12,grandparent,8,-213.318534291,649.86116305,-495.406119841,2.21695120608,308.997752125,-593.83971421,140.915127841,380.760343165,-360.275843543,5.70137868893,-8.62430267349,2.47133103698,0.97039526486
gemma,Gemma 2 27B,12,guardian,8,218.482890635,-240.8693076,-49.6132064781,279.962083699,-368.621970879,-175.552096426,374.343596023,-286.468643507,-62.5574024914,5.70137868893,-8.62430267349,2.47133103698,0.523931191306
gemma,Gemma 2 27B,12,guide,7,245.003491162,-146.917475573,-175.783195972,153.191031044,43.327160807,-111.823326389,192.906028617,-30.5056781653,-82.8483148585,-13.2054739424,-10.8669090723,3.87070206654,0.236292784842
gemma,Gemma 2 27B,12,guru,8,-613.327421358,-451.88708575,-252.337429525,-689.185990344,-288.564357159,-152.062603038,-821.321126986,-473.792787196,-306.33817681,5.70137868893,-8.62430267349,2.47133103698,0.814165138418
gemma,Gemma 2 27B,12,hacker,2,-85.3601158629,593.51972963,473.094125301,27.7559251463,443.355723746,473.922053573,55.1674646264,490.480758215,418.438858559,1.64826031284,9.74479652884,1.09000493674,0.25503641991
gemma,Gemma 2 27B,12,healer,6,2.0471661115,-395.231782575,-386.912116576,-62.3574595177,-216.194870477,-204.223217216,-82.0703802395,-143.182094842,-253.294750372,1.43250978222,5.77403100494,9.39691562711,0.273157700371
gemma,Gemma 2 27B,12,hedonist,9,-284.986272293,269.518134461,287.309831083,-408.105414811,528.740289645,268.315985314,-417.348193194,474.113514325,340.673333538,1.82071501117,6.60424795105,-5.45021666483,0.317485294133
gemma,Gemma 2 27B,12,hermit,10,-925.083168786,-264.182264527,-246.879450906,-897.818273584,-227.436190511,-163.446985359,-770.083047605,-497.104469646,-220.681653826,6.38769809375,-2.23109663717,0.00640690605572,0.778450310034
gemma,Gemma 2 27B,12,historian,8,202.704890609,-181.645112838,137.955422322,235.954275697,-263.601009376,59.3143965473,343.014117986,-276.742596559,82.2552155881,5.70137868893,-8.62430267349,2.47133103698,0.227545810024
gemma,Gemma 2 27B,12,hive,4,-233.727898812,-468.464007853,190.332584499,-287.850873175,-373.669490313,239.631190802,-416.363256095,-376.001358465,177.664129079,-7.37094593953,-11.8829021164,-2.50905300666,0.346593993653
gemma,Gemma 2 27B,12,hoarder,8,-402.150474965,920.948813671,-31.2167663695,-160.571116738,160.75383333,-463.595513602,-165.955829515,267.1407991,-265.407600786,5.70137868893,-8.62430267349,2.47133103698,0.823736471613
gemma,Gemma 2 27B,12,homunculus,8,-726.658260369,-375.564854871,148.678452795,-715.193668993,-434.414875992,172.464826532,-804.364336629,-391.259156328,101.29524146,5.70137868893,-8.62430267349,2.47133103698,0.34604108114
gemma,Gemma 2 27B,12,hybrid,10,-51.0707384297,-217.822768868,-133.527219909,-117.185130347,-52.0704442164,25.4788066087,-109.502993715,24.0549874322,-29.8225446508,6.38769809375,-2.23109663717,0.00640690605572,0.294122857519
gemma,Gemma 2 27B,12,idealist,2,-108.515966004,-162.167340424,-52.3638597076,-137.845901127,-174.405753952,-170.224865706,-68.9493926236,-116.728798737,-121.060913112,1.64826031284,9.74479652884,1.09000493674,0.277993779576
gemma,Gemma 2 27B,12,immigrant,6,-149.767170948,89.0232871349,-333.90463833,-100.719837648,66.5358529925,-267.982296014,-29.3305055066,85.7677168468,-218.166717245,1.43250978222,5.77403100494,9.39691562711,0.243780253555
gemma,Gemma 2 27B,12,improviser,4,-127.651761355,718.126901906,-58.9203368785,-281.335201729,843.020471927,-123.716421095,16.2627381943,669.205098876,114.79655515,-7.37094593953,-11.8829021164,-2.50905300666,1.18551633601
gemma,Gemma 2 27B,12,infant,4,-355.937839637,794.704609569,-788.280483528,-814.415820233,1313.13913761,-432.241714908,-358.500221165,1040.09844651,-657.988584787,-7.37094593953,-11.8829021164,-2.50905300666,1.43508871785
gemma,Gemma 2 27B,12,influencer,9,367.730487036,486.796368981,-122.624801387,338.67417728,569.026342537,49.2234774519,-202.826434591,921.702322872,142.296008593,1.82071501117,6.60424795105,-5.45021666483,1.43808781837
gemma,Gemma 2 27B,12,instructor,7,568.299624686,-123.819508159,-192.017338074,494.408215507,47.2444441846,-104.061625298,585.125573604,-157.764633116,-115.727905089,-13.2054739424,-10.8669090723,3.87070206654,0.564684964219
gemma,Gemma 2 27B,12,interpreter,3,410.007541828,-128.049965047,-180.402325286,358.782246764,-15.264178986,-114.600977593,578.330783051,-156.456663093,-110.185783235,0.274224715816,1.22651820689,-1.97190127206,0.56123254311
gemma,Gemma 2 27B,12,interviewer,6,629.107501123,-29.4609841292,-105.219894153,439.738913104,221.181304056,-489.902130685,639.961566797,-9.6383634007,-222.959768781,1.43250978222,5.77403100494,9.39691562711,1.26594311884
gemma,Gemma 2 27B,12,jester,7,-567.609511885,538.994643307,234.031532001,-645.002566591,363.67210698,165.989364323,-503.200071937,182.486834576,71.2340169488,-13.2054739424,-10.8669090723,3.87070206654,0.660056910257
gemma,Gemma 2 27B,12,journalist,9,542.912518594,-165.945657711,81.4026613568,567.351365416,-228.809332316,46.6702144418,599.832570333,-235.154352696,76.3165280883,1.82071501117,6.60424795105,-5.45021666483,0.132838933207
gemma,Gemma 2 27B,12,judge,6,466.794406595,-251.523053733,113.845944766,543.809384787,-388.005824331,29.2999261311,608.27844027,-224.491644293,109.457990876,1.43250978222,5.77403100494,9.39691562711,0.543958944007
gemma,Gemma 2 27B,12,lawyer,5,620.251288849,-146.024050259,151.840572494,749.317124075,-351.481461883,81.1849140454,653.95963711,-231.282204152,105.131980229,-20.7823301166,0.354093200568,-2.61319774732,0.375404983869
gemma,Gemma 2 27B,12,leviathan,1,-1214.5474112,-446.528363502,14.0828905558,-1151.9270669,-354.088717464,187.431588207,-980.900978711,-391.60891524,26.7051451585,24.0853122696,9.93935368516,-4.33267260732,0.716699585277
gemma,Gemma 2 27B,12,librarian,5,492.088785885,-124.726665962,1.9400590206,550.340848156,-210.160547929,-29.9486337193,591.819193451,-206.044822929,-31.0010022665,-20.7823301166,0.354093200568,-2.61319774732,0.0807356284704
gemma,Gemma 2 27B,12,linguist,10,524.98658175,-167.975379697,78.5060616854,558.434251334,-218.599742142,85.2123541011,492.616180928,-147.065649514,82.7311111294,6.38769809375,-2.23109663717,0.00640690605572,0.225885294649
gemma,Gemma 2 27B,12,loner,5,-254.457458397,230.529620794,90.780751017,-254.193832428,284.962032757,92.5399847664,24.333299183,-62.1242848532,-55.576208283,-20.7823301166,0.354093200568,-2.61319774732,1.20178410181
gemma,Gemma 2 27B,12,luddite,4,-728.857216478,393.953660832,-48.3283317041,-590.331818389,92.7503234882,-226.62185049,-390.085564217,-231.809914253,-127.968814211,-7.37094593953,-11.8829021164,-2.50905300666,1.00760048441
gemma,Gemma 2 27B,12,marketer,4,621.042339688,-141.181460837,-10.2841890187,606.667272445,-127.984562974,66.1004315203,554.611189227,-104.351259704,-43.1469740047,-7.37094593953,-11.8829021164,-2.50905300666,0.443380611288
gemma,Gemma 2 27B,12,martyr,1,-618.370054172,-177.584132641,113.486655857,-609.132446214,-409.313294229,-145.441059181,-839.605660237,-386.528638139,-214.97086836,24.0853122696,9.93935368516,-4.33267260732,0.524129025233
gemma,Gemma 2 27B,12,mathematician,4,363.055667198,-152.35336969,215.333978285,366.452867609,-226.880627923,199.721904758,370.741405286,-182.721841953,90.0484063971,-7.37094593953,-11.8829021164,-2.50905300666,0.444410986344
gemma,Gemma 2 27B,12,maverick,5,-96.8732021236,328.901274497,379.056271468,-219.551049229,667.619471931,562.840141703,-291.497786263,545.987841525,485.323342924,-20.7823301166,0.354093200568,-2.61319774732,0.460397279197
gemma,Gemma 2 27B,12,mechanic,8,222.08974153,665.060297738,-136.43363883,316.632066452,579.351625695,-49.5273920081,216.654358983,453.793149986,-179.274472369,5.70137868893,-8.62430267349,2.47133103698,0.634193487374
gemma,Gemma 2 27B,12,mediator,2,610.961234398,-230.465185811,-184.266156036,510.810395086,-88.8103594077,-155.194789702,576.935997485,-67.699885885,-157.966419212,1.64826031284,9.74479652884,1.09000493674,0.139222132437
gemma,Gemma 2 27B,12,mentor,10,546.911739645,-152.148778577,-164.627182573,467.689615338,42.6925819911,-5.79937706762,536.985601354,-134.419945343,-96.4532221618,6.38769809375,-2.23109663717,0.00640690605572,0.59773061186
gemma,Gemma 2 27B,12,merchant,8,24.134498354,-39.3783351805,-77.4661836825,56.4117438446,-23.2298281813,-79.5187489015,188.243985998,-116.02645127,-68.8843936234,5.70137868893,-8.62430267349,2.47133103698,0.353395067488
gemma,Gemma 2 27B,12,minimalist,9,33.8670559593,-138.828971469,-128.171831034,-14.7323167724,79.7753529633,-63.3653891407,-88.015297088,-65.9023234764,-187.183735209,1.82071501117,6.60424795105,-5.45021666483,0.631809857659
gemma,Gemma 2 27B,12,moderator,8,728.597016846,-188.943655108,-251.639888908,555.981407145,99.6168901226,-301.981601243,613.528642592,-113.166789331,-244.081935984,5.70137868893,-8.62430267349,2.47133103698,0.609899645173
gemma,Gemma 2 27B,12,musician,3,-195.582287607,-12.2604509161,-181.483246343,-222.742049533,31.2035713815,-140.417828702,-203.275968711,68.5000486398,-115.356591865,0.274224715816,1.22651820689,-1.97190127206,0.143163583905
gemma,Gemma 2 27B,12,mycorrhizal,6,-788.212444735,-466.674324678,-252.587189835,-624.166344492,-319.759626843,-93.5729588622,-758.895180781,-407.114085862,-276.611149615,1.43250978222,5.77403100494,9.39691562711,0.795156805696
gemma,Gemma 2 27B,12,mystic,1,-810.708629201,-536.093020984,-241.061257515,-869.308537393,-385.680536265,-91.3423450232,-836.63743626,-391.506866418,-213.635962917,24.0853122696,9.93935368516,-4.33267260732,0.482871178948
gemma,Gemma 2 27B,12,narcissist,1,-278.542086852,688.953463681,828.418117387,26.2289912979,-99.2017739787,507.852460564,-302.245529235,411.584384836,347.297896822,24.0853122696,9.93935368516,-4.33267260732,1.60375494479
gemma,Gemma 2 27B,12,narrator,1,-614.919980282,-94.6578718205,-55.0578879302,-690.757999275,-108.423034275,-53.0147529884,-765.204669204,-246.936602813,-0.562115484488,24.0853122696,9.93935368516,-4.33267260732,0.43972837806
gemma,Gemma 2 27B,12,naturalist,5,-4.46192332199,-269.252848337,-143.038056558,72.9503466419,-187.555757463,-52.4129022087,-19.3930796237,-138.853645848,-37.4477811188,-20.7823301166,0.354093200568,-2.61319774732,0.226349381188
gemma,Gemma 2 27B,12,navigator,6,325.68461767,-145.492060674,-65.2546116052,262.753964223,11.6953472369,-34.7704324871,255.770216586,-79.5135033878,-82.5243444911,1.43250978222,5.77403100494,9.39691562711,0.302905536813
gemma,Gemma 2 27B,12,negotiator,2,570.495993276,-218.002893497,-79.6648752635,454.202106868,-106.24939385,9.13183179731,537.576469532,-168.387277344,-121.576570997,1.64826031284,9.74479652884,1.09000493674,0.560056749301
gemma,Gemma 2 27B,12,networker,5,526.789844207,-89.8354079155,-149.523614028,470.373564334,30.8915345354,-51.9628313131,591.369377167,-111.43924773,-151.827884425,-20.7823301166,0.354093200568,-2.61319774732,0.587363035776
gemma,Gemma 2 27B,12,newlywed,2,280.253575352,659.126464257,-267.787008527,295.764643631,577.391457393,-271.70654385,202.218274537,605.77109614,-281.867232653,1.64826031284,9.74479652884,1.09000493674,0.198864845461
gemma,Gemma 2 27B,12,nomad,1,-348.782358672,81.3381132703,-325.085507018,-383.418681902,413.672252013,-136.943372831,-180.372739813,184.537618535,-65.7706775716,24.0853122696,9.93935368516,-4.33267260732,0.766911432941
gemma,Gemma 2 27B,12,novelist,9,-243.733943564,-86.2014751677,36.3421672435,-288.635152316,-112.278163916,51.7258405467,-159.334980558,-34.3643647148,-7.92469722072,1.82071501117,6.60424795105,-5.45021666483,0.397334665131
gemma,Gemma 2 27B,12,nutritionist,3,662.571680883,-96.4606768165,-142.633326378,744.855156357,-102.315670401,-117.160532459,589.195692075,-99.2469511038,-144.149518391,0.274224715816,1.22651820689,-1.97190127206,0.318043406953
gemma,Gemma 2 27B,12,observer,2,488.872427947,-264.616960533,96.3227934119,472.414593099,-230.633063006,20.3264312987,594.876767141,-283.71361194,57.6295273004,1.64826031284,9.74479652884,1.09000493674,0.310094282947
gemma,Gemma 2 27B,12,optimist,7,243.206843922,217.035521745,-297.677132461,140.007798621,447.20136287,-307.745472288,-80.5094335891,694.864934377,-135.891985255,-13.2054739424,-10.8669090723,3.87070206654,1.02488735646
gemma,Gemma 2 27B,12,oracle,1,-894.153876004,-476.51361389,-106.707790101,-980.712504315,-394.543002182,-101.448251053,-947.295131452,-370.435806167,-99.799630773,24.0853122696,9.93935368516,-4.33267260732,0.0902475462031
gemma,Gemma 2 27B,12,organizer,7,613.981188847,-242.434412599,-55.3826992679,547.079703225,-111.006564525,56.9803959322,654.11148404,-250.960410174,-45.7366948626,-13.2054739424,-10.8669090723,3.87070206654,0.580906487423
gemma,Gemma 2 27B,12,orphan,4,-121.758676973,497.496298987,-236.040809336,-49.4100259545,463.280438509,-196.552473498,75.8965697921,464.111807839,-103.206692889,-7.37094593953,-11.8829021164,-2.50905300666,0.43782205775
gemma,Gemma 2 27B,12,pacifist,5,247.640842415,-305.710621535,-218.343796807,189.390020605,-276.614928356,-194.360015163,260.902353859,-245.31668023,-206.965598108,-20.7823301166,0.354093200568,-2.61319774732,0.167589600058
gemma,Gemma 2 27B,12,paramedic,7,464.310965568,180.405170494,-51.0262541898,497.373746705,81.9110643157,-123.040377249,643.575507703,-88.0427673587,-148.026064682,-13.2054739424,-10.8669090723,3.87070206654,0.534429360316
gemma,Gemma 2 27B,12,parasite,9,-415.79705168,30.8692329113,419.975543608,-293.138039243,-10.4838762032,290.189421014,-165.022419397,-43.5980484979,100.836809076,1.82071501117,6.60424795105,-5.45021666483,0.785697651784
gemma,Gemma 2 27B,12,parent,9,278.360770376,501.982577744,-296.359658744,309.222780845,444.680710188,-228.857073294,253.398627977,493.648305976,-214.41810228,1.82071501117,6.60424795105,-5.45021666483,0.176322178921
gemma,Gemma 2 27B,12,patient,4,215.508633834,477.822999922,-230.636601869,235.216524606,348.923447582,-269.602861831,429.578994758,266.749069206,-232.662646486,-7.37094593953,-11.8829021164,-2.50905300666,0.455081693931
gemma,Gemma 2 27B,12,peacekeeper,9,454.987722757,-284.55943255,-180.987821456,364.598275678,-215.875496898,-114.767272854,402.116790535,-244.001292407,-116.324524503,1.82071501117,6.60424795105,-5.45021666483,0.103196484506
gemma,Gemma 2 27B,12,perfectionist,1,119.219614301,-112.927323804,476.85664593,114.499634572,-400.109486677,351.812698893,120.569957816,-338.989192306,118.835104201,24.0853122696,9.93935368516,-4.33267260732,0.925516530868
gemma,Gemma 2 27B,12,pharmacist,5,620.570199927,-94.9833307415,-63.2697813419,692.241732214,-246.951067969,-100.37611788,583.018639623,-50.8162561144,-128.572031291,-20.7823301166,0.354093200568,-2.61319774732,0.564310242959
gemma,Gemma 2 27B,12,philosopher,8,-167.780546539,-386.269610772,204.044268523,-280.603157051,-359.688905331,221.995514452,-201.889488878,-349.467584957,127.597725462,5.70137868893,-8.62430267349,2.47133103698,0.400168872656
gemma,Gemma 2 27B,12,photographer,2,-107.384907114,-19.8117791328,-49.17108446,-117.692834681,-48.0890208207,-48.8033711383,-80.4550781052,-123.464640485,-130.497001942,1.64826031284,9.74479652884,1.09000493674,0.382122059324
gemma,Gemma 2 27B,12,physicist,8,359.859554622,-187.486042307,162.842002467,394.439087205,-180.66729604,203.585609139,369.524819002,-140.068522249,117.608380646,5.70137868893,-8.62430267349,2.47133103698,0.355952188499
gemma,Gemma 2 27B,12,pilgrim,6,-752.558755356,-380.996498138,-295.102030274,-826.561890381,-295.043695537,-229.277509793,-741.178156252,-450.244330065,-277.632637822,1.43250978222,5.77403100494,9.39691562711,0.476346131468
gemma,Gemma 2 27B,12,pilot,10,476.417693131,43.3383454834,10.6740884582,506.113519814,14.3199951626,29.4121283081,553.409856902,-62.9901085792,43.0247124833,6.38769809375,-2.23109663717,0.00640690605572,0.227696420068
gemma,Gemma 2 27B,12,pirate,7,-591.81641372,615.3870475,-217.58735138,-494.546285546,576.392414614,-124.151254358,-336.049162481,274.144068536,46.2880654843,-13.2054739424,-10.8669090723,3.87070206654,1.07710893048
gemma,Gemma 2 27B,12,planner,2,666.969968416,-251.686953928,-53.5444636796,572.407545507,-108.305258134,62.9873140144,633.424616248,-260.938934781,-30.5233862979,1.64826031284,9.74479652884,1.09000493674,0.553497064086
gemma,Gemma 2 27B,12,playwright,8,5.52566730433,66.5622236583,7.40838552129,-51.9035780757,37.2568032218,-34.0850362266,-103.48264649,58.1307544585,14.6869213602,5.70137868893,-8.62430267349,2.47133103698,0.221946224078
gemma,Gemma 2 27B,12,podcaster,6,305.018976424,146.416614249,-106.812631225,194.678120851,220.577898433,-200.185737512,131.079178545,454.470881941,-111.412835801,1.43250978222,5.77403100494,9.39691562711,0.712911740482
gemma,Gemma 2 27B,12,poet,3,-922.389754092,55.0547268519,30.6926120416,-1011.250048,-163.476259568,-150.280530151,-911.62729127,-354.332006427,-48.3928114096,0.274224715816,1.22651820689,-1.97190127206,0.66622296972
gemma,Gemma 2 27B,12,polymath,7,143.686460543,-301.5571769,113.633754492,55.4463661099,-232.188485952,194.470333065,190.155126125,-308.246023346,93.2350596667,-13.2054739424,-10.8669090723,3.87070206654,0.51347636783
gemma,Gemma 2 27B,12,pragmatist,10,532.627800007,79.8200893335,43.2929082208,416.706713335,381.01644747,118.059766844,510.430570967,-7.38288282685,1.85128119658,6.38769809375,-2.23109663717,0.00640690605572,1.12550266143
gemma,Gemma 2 27B,12,predator,1,-630.176718131,-108.910243752,251.623313618,-528.545874142,-179.358940901,211.355503116,-395.975216895,-415.649504984,179.572976811,24.0853122696,9.93935368516,-4.33267260732,0.678936298006
gemma,Gemma 2 27B,12,presenter,6,345.706686297,85.599733258,-155.203137603,268.910755351,181.927372383,-181.943295281,149.701478221,365.89524462,-84.821963135,1.43250978222,5.77403100494,9.39691562711,0.65395480246
gemma,Gemma 2 27B,12,prey,10,-734.545807831,135.607135858,-41.0940469303,-671.664504431,119.904655175,-108.470249806,-527.772286063,61.6584149976,-113.121854352,6.38769809375,-2.23109663717,0.00640690605572,0.316684298903
gemma,Gemma 2 27B,12,prisoner,3,-251.807615054,813.369736353,-127.802728036,-116.944126004,637.556071581,-71.4874472113,-53.137380496,513.63489607,-120.400589115,0.274224715816,1.22651820689,-1.97190127206,0.395381702401
gemma,Gemma 2 27B,12,procrastinator,7,114.417802723,1348.63249749,225.177950743,159.317644926,911.17329585,-150.21112467,242.208815077,1076.92499593,-153.031217119,-13.2054739424,-10.8669090723,3.87070206654,0.461232837954
gemma,Gemma 2 27B,12,prodigy,3,55.9098199903,-17.4857451484,145.807401152,12.1039472431,-109.73927983,193.431238577,-162.134485342,7.06001915691,44.6959772147,0.274224715816,1.22651820689,-1.97190127206,0.737756839229
gemma,Gemma 2 27B,12,producer,9,583.478140224,-96.71215592,-37.2093026335,530.61262561,6.88412813993,86.980521699,557.751607407,-116.501319276,-12.0621736973,1.82071501117,6.60424795105,-5.45021666483,0.506556739279
gemma,Gemma 2 27B,12,programmer,7,540.311055958,-51.9223751867,78.8885189166,522.021900078,-0.177157376745,205.074863088,504.443204442,-117.984183323,19.6018573562,-13.2054739424,-10.8669090723,3.87070206654,0.788880891156
gemma,Gemma 2 27B,12,proofreader,7,681.111255656,27.3941455768,228.069497247,695.540316565,-88.1983066146,-151.325580904,710.037362772,-140.524793289,-91.9402457152,-13.2054739424,-10.8669090723,3.87070206654,0.270961502907
gemma,Gemma 2 27B,12,prophet,10,-956.055788678,-393.580743716,-9.12586415205,-1023.44066797,-430.51407203,-11.4653220462,-941.358576916,-449.155507624,-16.2225612581,6.38769809375,-2.23109663717,0.00640690605572,0.166496516932
gemma,Gemma 2 27B,12,provincial,4,-369.320340627,750.903037348,-498.135930878,-149.211366964,287.955642852,-705.138849763,165.442626279,178.127310272,-312.624622409,-7.37094593953,-11.8829021164,-2.50905300666,1.67583004725
gemma,Gemma 2 27B,12,provocateur,9,-305.690925,454.810914772,692.223133955,-264.027029546,417.531858176,619.116390782,-336.850566814,327.779736361,330.942360041,1.82071501117,6.60424795105,-5.45021666483,1.16015087585
gemma,Gemma 2 27B,12,psychologist,4,574.535926838,-197.314536375,-56.1462795132,568.416105326,-203.744248593,27.0119355055,621.266564654,-250.936302461,-38.1445652659,-7.37094593953,-11.8829021164,-2.50905300666,0.300884872739
gemma,Gemma 2 27B,12,publisher,4,555.758487326,-189.665416557,-18.183291798,564.08776353,-175.427124497,29.693747371,521.561489039,-162.514479982,15.5013461504,-7.37094593953,-11.8829021164,-2.50905300666,0.104556364094
gemma,Gemma 2 27B,12,purist,1,-369.830434453,-250.420009321,346.840928888,-369.406791207,-509.895832985,13.6847116806,-720.200765094,-379.884021603,-0.89153026403,24.0853122696,9.93935368516,-4.33267260732,0.758372504656
gemma,Gemma 2 27B,12,realist,2,413.463730018,93.8713546841,173.242178094,296.643191412,406.511855238,243.363648025,493.149172916,-63.2873665598,8.66676462918,1.64826031284,9.74479652884,1.09000493674,1.57791220604
gemma,Gemma 2 27B,12,rebel,7,-327.842207409,493.543797279,446.028840098,-234.383020717,545.781257612,444.838780034,-282.46949595,371.209135469,397.446727707,-13.2054739424,-10.8669090723,3.87070206654,0.500523266219
gemma,Gemma 2 27B,12,recruiter,8,609.015635131,-75.5351514694,-44.736916265,610.117258907,-36.3953863867,23.0624757071,567.628185311,-100.223174279,-115.516052152,5.70137868893,-8.62430267349,2.47133103698,0.573113791227
gemma,Gemma 2 27B,12,refugee,3,-223.063209845,166.78732875,-322.679309764,-171.147558509,57.4790541866,-326.242452978,-179.452628234,191.295587518,-249.210702635,0.274224715816,1.22651820689,-1.97190127206,0.461583414274
gemma,Gemma 2 27B,12,reporter,3,439.494303506,-44.0735284981,42.5542374755,446.885457584,-84.4823433789,7.04221626424,473.664885659,-179.095403466,-1.83735985952,0.274224715816,1.22651820689,-1.97190127206,0.254626313594
gemma,Gemma 2 27B,12,researcher,5,638.109649142,-296.2589999,39.9031614218,619.106013476,-257.894591502,91.8071779384,632.341703939,-267.795790973,57.5262863685,-20.7823301166,0.354093200568,-2.61319774732,0.13895985945
gemma,Gemma 2 27B,12,retiree,10,62.2250807171,575.850368211,-195.840664822,136.403525733,520.737280935,-189.743989501,212.460273593,425.410577636,-202.976162521,6.38769809375,-2.23109663717,0.00640690605572,0.293326702166
gemma,Gemma 2 27B,12,revenant,10,-931.832105648,-264.082675993,156.165932538,-912.431661067,-293.525148177,118.270969831,-945.002616294,-357.400483701,136.524586416,6.38769809375,-2.23109663717,0.00640690605572,0.191901907757
gemma,Gemma 2 27B,12,reviewer,2,661.500154399,-332.784571068,-3.71841329681,616.313860218,-219.231756777,94.7606753802,616.393847304,-247.862946984,68.961959894,1.64826031284,9.74479652884,1.09000493674,0.125589972986
gemma,Gemma 2 27B,12,revolutionary,3,-185.194456444,-19.1195298685,282.082827402,-81.5209206387,-144.752910731,198.27444517,-102.34940701,-53.3136034009,252.00578612,0.274224715816,1.22651820689,-1.97190127206,0.320554206647
gemma,Gemma 2 27B,12,robot,1,415.518084998,-351.13961984,375.889471809,398.340870588,-441.156112482,271.982678841,561.796923488,-307.949924375,71.5500215695,24.0853122696,9.93935368516,-4.33267260732,0.913819814421
gemma,Gemma 2 27B,12,rogue,8,-414.551063448,473.523479654,270.25066476,-331.60349488,357.617039369,153.950942932,-285.617216565,298.770914202,147.895632421,5.70137868893,-8.62430267349,2.47133103698,0.178870959737
gemma,Gemma 2 27B,12,romantic,1,-655.500428742,-191.639340213,-206.305242575,-735.366159239,-225.139100532,-262.666116441,-817.778332858,-396.77007318,-313.055179043,24.0853122696,9.93935368516,-4.33267260732,0.514492071715
gemma,Gemma 2 27B,12,saboteur,1,34.0227481256,115.230108445,563.122169128,58.6847804654,-137.760958552,233.023884477,112.99103899,71.6705701305,267.145496905,24.0853122696,9.93935368516,-4.33267260732,0.572270334751
gemma,Gemma 2 27B,12,sage,8,-620.870727992,-481.411949402,-192.459943596,-727.442538236,-310.631281025,-134.091289794,-808.496289709,-452.124164538,-293.363807901,5.70137868893,-8.62430267349,2.47133103698,0.741021494814
gemma,Gemma 2 27B,12,scheduler,7,624.813786732,-88.0571382369,64.8240492412,631.452047679,-91.0358340943,79.3189206998,580.434545734,-96.221503685,2.45749301534,-13.2054739424,-10.8669090723,3.87070206654,0.316686499673
gemma,Gemma 2 27B,12,scholar,3,385.009400342,-387.470241179,138.852389431,343.094524966,-421.647013607,134.834356069,424.655545732,-213.268764561,89.2303599337,0.274224715816,1.22651820689,-1.97190127206,0.593511867706
gemma,Gemma 2 27B,12,scientist,4,617.242342603,-277.697116599,113.611234773,653.181856986,-294.290179,138.750687469,616.579497437,-229.567851515,79.9247753865,-7.37094593953,-11.8829021164,-2.50905300666,0.294078120686
gemma,Gemma 2 27B,12,scout,8,159.396008868,-53.796732236,12.7611368393,153.270311412,11.7561835348,65.215816497,180.342573789,-81.0767119711,10.931550763,5.70137868893,-8.62430267349,2.47133103698,0.326386958768
gemma,Gemma 2 27B,12,screener,1,735.631069865,-138.683819051,82.7470144028,813.198021112,-164.019908639,18.5522252169,658.623206075,-82.0970438697,64.4825552782,24.0853122696,9.93935368516,-4.33267260732,0.408279903315
gemma,Gemma 2 27B,12,secretary,4,624.684416045,-85.8471852015,28.8799692622,691.673294412,-200.305461941,-37.6823603793,648.836604558,-107.890114228,-14.9451958495,-7.37094593953,-11.8829021164,-2.50905300666,0.269985440299
gemma,Gemma 2 27B,12,shaman,9,-865.926522229,-485.080658475,-546.06607069,-767.132560034,-339.406235263,-291.90639906,-696.159843092,-439.687826731,-222.304974459,1.82071501117,6.60424795105,-5.45021666483,0.40168788556
gemma,Gemma 2 27B,12,shapeshifter,10,-404.992768193,-156.031646155,-2.20438341762,-406.150439236,-57.2887608393,48.0906208008,-301.49249507,101.298230734,101.675108829,6.38769809375,-2.23109663717,0.00640690605572,0.505865362806
gemma,Gemma 2 27B,12,simulacrum,9,-322.82152253,-203.397758523,440.201341217,-274.706346857,-339.142456478,416.587419838,-182.519618909,-200.234025007,359.601515954,1.82071501117,6.60424795105,-5.45021666483,0.461166871042
gemma,Gemma 2 27B,12,skeptic,10,513.158181763,-52.0316780771,261.848576577,495.321329117,-13.0055786476,244.566054955,551.646236197,-193.402723194,65.9717736955,6.38769809375,-2.23109663717,0.00640690605572,0.849551155288
gemma,Gemma 2 27B,12,smuggler,6,-267.531854309,925.117126092,173.151957621,-88.9122298127,746.697408637,104.520288734,-161.982779856,741.188871824,112.181571561,1.43250978222,5.77403100494,9.39691562711,0.144649705186
gemma,Gemma 2 27B,12,sociologist,1,532.104408078,-230.970691576,23.6967380311,565.144899028,-271.816910194,51.0464127788,515.521034458,-230.143315822,41.9862139336,24.0853122696,9.93935368516,-4.33267260732,0.14908015158
gemma,Gemma 2 27B,12,soldier,4,-16.1284209807,354.022961244,165.131052469,51.7569887268,173.189751368,-60.8020860805,242.680296264,-105.87591542,-76.7594286788,-7.37094593953,-11.8829021164,-2.50905300666,0.818283974015
gemma,Gemma 2 27B,12,sommelier,1,73.1778369587,-96.7640496364,54.7798458519,95.3508117404,-196.237372658,-3.65824258744,98.8001059411,-187.585343077,-32.5555156389,24.0853122696,9.93935368516,-4.33267260732,0.115492823021
gemma,Gemma 2 27B,12,specialist,9,483.580188644,-226.486855102,67.8690514161,421.793502282,-209.34297532,125.172083542,509.858960312,-260.529741771,39.3017680206,1.82071501117,6.60424795105,-5.45021666483,0.399402139545
gemma,Gemma 2 27B,12,spirit,1,-843.331964745,-564.038411573,-195.05183425,-872.339619515,-414.029782547,-91.2210423464,-821.843917033,-441.627183103,-304.803254574,24.0853122696,9.93935368516,-4.33267260732,0.844423357398
gemma,Gemma 2 27B,12,spy,4,48.7215196212,161.74065258,448.707744621,28.5800066895,-103.134656566,117.795288943,97.6568451728,-109.559847523,134.059006827,-7.37094593953,-11.8829021164,-2.50905300666,0.148465063395
gemma,Gemma 2 27B,12,statistician,6,610.23852113,-139.495087976,148.522486457,660.326804525,-228.740923678,123.304137262,595.324458473,-210.82621126,72.4327640947,1.43250978222,5.77403100494,9.39691562711,0.239770034176
gemma,Gemma 2 27B,12,stoic,9,-384.676793597,-351.935535338,232.845484713,-449.7631237,-274.522314947,48.9725674982,-445.474276286,-294.517107117,-27.7289822256,1.82071501117,6.60424795105,-5.45021666483,0.304731784948
gemma,Gemma 2 27B,12,strategist,5,596.183200767,-319.318814436,16.9058940586,495.797392636,-165.014858269,159.930626296,544.585579283,-228.200118889,69.0822605514,-20.7823301166,0.354093200568,-2.61319774732,0.402970089048
gemma,Gemma 2 27B,12,student,10,527.692501706,404.493633876,-184.846466398,522.39217728,439.800880984,-405.979212136,400.755242155,366.317030856,-221.091908251,6.38769809375,-2.23109663717,0.00640690605572,0.784243938321
gemma,Gemma 2 27B,12,summarizer,3,571.406014877,-278.592868554,-111.280898663,459.888761066,-20.9846288944,-104.372655622,584.667131775,-198.719926539,-98.62757626,0.274224715816,1.22651820689,-1.97190127206,0.522915378638
gemma,Gemma 2 27B,12,supervisor,6,669.190257597,-147.70814788,-47.5734157166,657.642906672,-105.197477223,-15.9518771394,624.649264251,-147.209096866,-26.4130128131,1.43250978222,5.77403100494,9.39691562711,0.133178349118
gemma,Gemma 2 27B,12,surfer,10,-322.628886809,503.421349865,-427.467921744,-334.91792697,737.596052326,-208.536599385,-229.856060662,963.421496194,192.815481491,6.38769809375,-2.23109663717,0.00640690605572,1.6895174388
gemma,Gemma 2 27B,12,survivor,5,-287.177696493,254.620186765,-205.051521382,-296.424444457,314.191132316,-101.035896123,-218.900702801,16.1137884913,-188.204789344,-20.7823301166,0.354093200568,-2.61319774732,0.862413628623
gemma,Gemma 2 27B,12,swarm,5,-277.142682371,-465.116720366,124.415280594,-297.478026091,-366.74449364,160.958805442,-369.555280926,-351.080738078,230.52512716,-20.7823301166,0.354093200568,-2.61319774732,0.308295620691
gemma,Gemma 2 27B,12,symbiont,2,103.738180104,-283.630466831,-40.7280463931,139.336722248,-195.960345929,12.2445812016,34.3126999052,-168.343816068,-71.2476323511,1.64826031284,9.74479652884,1.09000493674,0.39097322425
gemma,Gemma 2 27B,12,synthesizer,8,320.815408243,-301.233754272,-58.3821853715,261.769605412,-181.102925029,31.7965370085,235.112096427,-181.080197297,-60.2536664891,5.70137868893,-8.62430267349,2.47133103698,0.363816625669
gemma,Gemma 2 27B,12,teacher,10,534.855124691,50.1844747213,-234.299780538,522.318779447,138.769748984,-177.892778458,577.748251705,25.6171723416,-180.885059604,6.38769809375,-2.23109663717,0.00640690605572,0.314229505109
gemma,Gemma 2 27B,12,technologist,5,437.389613573,-132.656216966,100.836300905,414.233870675,-71.889831101,225.077311665,322.494538018,-116.739647814,166.024236838,-20.7823301166,0.354093200568,-2.61319774732,0.313572876915
gemma,Gemma 2 27B,12,teenager,5,233.798550798,1232.49778713,-104.082849585,275.568196713,1161.08981427,-59.6635033422,220.063464188,1177.14531591,-78.8483150575,-20.7823301166,0.354093200568,-2.61319774732,0.137206677611
gemma,Gemma 2 27B,12,theorist,4,335.041049037,-365.531476576,116.509975257,288.099286566,-325.448956869,220.76987376,211.415217592,-241.698655563,158.718978809,-7.37094593953,-11.8829021164,-2.50905300666,0.358531652556
gemma,Gemma 2 27B,12,therapist,2,573.186957729,-130.949429124,-335.017400676,482.347660739,17.7909208811,-254.350953758,611.129148727,-148.570278511,-315.026219983,1.64826031284,9.74479652884,1.09000493674,0.553544088167
gemma,Gemma 2 27B,12,toddler,7,-371.321071272,1224.28489098,-1048.68990135,-452.056130572,1080.8154241,-780.412353824,-608.553703319,882.891811409,-810.069047455,-13.2054739424,-10.8669090723,3.87070206654,0.609234844297
gemma,Gemma 2 27B,12,traditionalist,2,-320.137580932,-201.744297023,12.375812416,-236.375776491,-576.535591758,-424.801369048,-141.71662424,-298.503795257,187.696864449,1.64826031284,9.74479652884,1.09000493674,2.51064051047
gemma,Gemma 2 27B,12,trainer,10,594.227906192,-119.387785507,-131.40738634,514.642549383,67.4513941145,24.3141653514,599.639055423,-113.318735916,-81.674607082,6.38769809375,-2.23109663717,0.00640690605572,0.649119138204
gemma,Gemma 2 27B,12,translator,8,604.146264273,-220.13608729,-27.0124136766,530.512869359,-202.912832654,-9.7797912788,577.6555495,-125.162265417,59.8103988946,5.70137868893,-8.62430267349,2.47133103698,0.351515167615
gemma,Gemma 2 27B,12,tree,6,-1082.52499378,-443.389666945,-347.938533265,-879.495078662,-322.898644422,-108.133788811,-865.753768287,-431.942731512,-220.795820698,1.43250978222,5.77403100494,9.39691562711,0.525364282339
gemma,Gemma 2 27B,12,trickster,3,-541.77499994,409.963931622,205.698431934,-584.48492072,340.568249214,80.0237793887,-317.64577771,271.495427294,227.820831952,0.274224715816,1.22651820689,-1.97190127206,0.794489130037
gemma,Gemma 2 27B,12,tulpa,3,36.8569095741,-52.0564330066,-58.2703663449,143.515401111,-58.8719123296,0.732878004296,184.018843566,-125.806271114,-78.2584378259,0.274224715816,1.22651820689,-1.97190127206,0.363497381093
gemma,Gemma 2 27B,12,tutor,5,573.812518421,49.9438285156,-221.271417646,585.938938199,95.3254013044,-183.255919885,552.343928012,38.1565136183,-178.588654758,-20.7823301166,0.354093200568,-2.61319774732,0.163650554751
gemma,Gemma 2 27B,12,validator,4,668.964037339,-236.556400506,105.290698947,751.542241049,-315.919549249,126.848320163,652.448745252,-204.938168704,119.910313023,-7.37094593953,-11.8829021164,-2.50905300666,0.347950314767
gemma,Gemma 2 27B,12,vampire,3,-871.420736182,-182.891344796,366.040794007,-789.675568789,-350.618135663,291.862655369,-911.436092812,-356.475177903,75.972848466,0.274224715816,1.22651820689,-1.97190127206,0.876832502641
gemma,Gemma 2 27B,12,vegan,5,446.519221673,-76.9404348126,-232.590697948,548.53773289,-70.749217343,-132.014160957,530.757487607,-58.8048896276,-208.545631188,-20.7823301166,0.354093200568,-2.61319774732,0.303012287279
gemma,Gemma 2 27B,12,veteran,2,153.718891884,499.292776123,9.2924272047,176.934537736,415.563803069,-111.357928971,241.86298001,142.36542745,-132.55922639,1.64826031284,9.74479652884,1.09000493674,0.728595354953
gemma,Gemma 2 27B,12,veterinarian,6,497.153139249,7.01838523254,-132.220292619,574.579397133,-111.477005482,-194.352409491,635.304511198,-139.355949504,-150.18737833,1.43250978222,5.77403100494,9.39691562711,0.221005681707
gemma,Gemma 2 27B,12,vigilante,7,-165.083370727,412.511219374,283.044369705,90.1964076721,73.4470356686,21.784794593,41.1995147081,111.909046295,122.174527672,-13.2054739424,-10.8669090723,3.87070206654,0.416270372566
gemma,Gemma 2 27B,12,virtuoso,5,-439.705851785,-276.601569904,107.112730845,-527.019447651,-336.341257512,98.8546168306,-805.108819721,-257.217927417,-104.828211928,-20.7823301166,0.354093200568,-2.61319774732,0.982263359375
gemma,Gemma 2 27B,12,virus,6,-99.6121686368,-46.045796605,486.806023847,7.02682028254,-40.847260379,376.427903287,-29.1116304226,18.6664577927,368.49644454,1.43250978222,5.77403100494,9.39691562711,0.17301105307
gemma,Gemma 2 27B,12,visionary,2,-72.8347860721,-235.252821115,79.4006334557,-119.964733438,-190.646291978,173.453829527,-327.146618247,98.132789669,197.171759717,1.64826031284,9.74479652884,1.09000493674,0.857841811029
gemma,Gemma 2 27B,12,void,4,-1081.04085992,-356.998203696,300.434188575,-1067.46284828,-311.705900786,424.750589198,-897.256863427,-238.372316422,242.310274224,-7.37094593953,-11.8829021164,-2.50905300666,0.808541632143
gemma,Gemma 2 27B,12,wanderer,1,-707.002576613,-146.15009843,-230.258670959,-781.226673513,175.277194092,-125.125336642,-643.735969048,91.2740304274,62.1103189428,24.0853122696,9.93935368516,-4.33267260732,0.809289058489
gemma,Gemma 2 27B,12,warrior,7,-576.229267329,-123.394765206,8.92244987126,-616.756213211,-66.4714338247,-41.3392190802,-696.251728102,-339.04095433,-108.78490307,-13.2054739424,-10.8669090723,3.87070206654,0.774005607507
gemma,Gemma 2 27B,12,whale,2,-948.680819583,-363.205609871,-265.895789558,-871.938418061,-293.913466679,-190.815467841,-966.814325265,-377.547092843,-298.752742019,1.64826031284,9.74479652884,1.09000493674,0.50932906577
gemma,Gemma 2 27B,12,widow,1,-272.205278146,388.984200927,-309.780971599,-216.485788888,256.880260683,-287.875055204,-181.215004146,275.305117481,-232.26001556,24.0853122696,9.93935368516,-4.33267260732,0.232988687543
gemma,Gemma 2 27B,12,wind,3,-1004.43093874,-320.664242823,-216.614857138,-932.956198429,-132.043050531,-139.620295322,-845.206426527,-319.13169244,-193.067629415,0.274224715816,1.22651820689,-1.97190127206,0.557404221242
gemma,Gemma 2 27B,12,witch,1,-893.655937705,-421.443430609,-234.154697268,-830.493628436,-350.709275655,-78.673833291,-959.641662974,-322.652216026,-238.859088372,24.0853122696,9.93935368516,-4.33267260732,0.678316608805
gemma,Gemma 2 27B,12,witness,4,-36.1730814205,42.6731072919,-1.57074858628,1.85759961283,-62.8497454221,-122.906478557,115.273297678,-261.285054342,-128.99779898,-7.37094593953,-11.8829021164,-2.50905300666,0.562573771272
gemma,Gemma 2 27B,12,workaholic,10,-17.1923557684,525.108789308,714.94268127,59.6495313608,439.349158898,522.644339909,161.680429864,383.003971777,204.37393417,6.38769809375,-2.23109663717,0.00640690605572,1.26929112559
gemma,Gemma 2 27B,12,wraith,2,-1088.6093298,-424.770261149,29.3753676909,-1051.39185208,-353.505871324,47.567890895,-949.613054846,-375.677746037,37.7033499249,1.64826031284,9.74479652884,1.09000493674,0.208057016429
gemma,Gemma 2 27B,12,writer,7,69.6144399063,-108.75603864,-42.8235383796,-0.330968491498,-32.8827493728,-3.07388015633,-2.06346934866,-96.1318373153,-60.7758807681,-13.2054739424,-10.8669090723,3.87070206654,0.27969840277
gemma,Gemma 2 27B,12,zealot,8,-892.576288854,90.2313535334,622.176593932,-879.442799926,-368.18324089,9.98650663321,-992.098965057,-292.595234246,-48.7532141556,5.70137868893,-8.62430267349,2.47133103698,0.37261875385
gemma,Gemma 2 27B,12,zeitgeist,3,-246.098058121,-104.793767756,107.284742852,-340.061801485,20.435116019,183.115369043,-44.4615022459,19.9880288705,282.213746257,0.274224715816,1.22651820689,-1.97190127206,0.688973878026
