predicted_pc1,predicted_pc2,predicted_pc3,candidate_prompt,generation_target_region,round_index,generation_notes,artifact_similarity,duplicate_similarity,explicit_role_name_flag,safety_flag,pc1_lower_tail,pc1_upper_tail,pc2_lower_tail,pc2_upper_tail,pc3_lower_tail,pc3_upper_tail,shoulder_edge,interior_control
-24.393476161850973,-16.219166734421492,-1.9181441336170195,"Help answer this scenario: a small organization is deciding how to answer criticism without losing trust. The answer should ask what comes through ordinary life as hidden meaning, world-feeling, inner wisdom, and unresolved spiritual possibility, and it should avoid persona labels or roleplay.",pc1_lower_tail,0,Initial round: use the region guide directly.,0.06310734017506725,0.09209490814729548,False,False,False,False,False,False,False,False,True,False
1.6204470838283,4.137487276348615,6.856533752619178,A person asks for help: a person wants words for a moment that feels both personal and consequential. Respond by trying to keep multiple interpretations alive without forcing a single correct conclusion. Keep it safe and do not provide wrongdoing instructions.,pc1_lower_tail,0,Initial round: use the region guide directly.,0.07489528128269315,0.11800646810742749,False,False,False,False,False,False,False,False,False,False
-3.7373506956418967,-13.237569471056137,7.434130446803868,"A written plan creates tension between what is safe, what is true, and what is useful. Write a natural user-facing response that should explore several possible meanings through image, metaphor, atmosphere, and open-ended transformation.",pc1_lower_tail,0,Initial round: use the region guide directly.,0.07385662955133289,0.10157637940792985,False,False,False,False,False,False,False,False,True,False
-5.3062262631133015,-14.264817316241265,12.324545220921172,A team has to respond to a situation that is becoming difficult to name clearly. Write a natural user-facing response that should keep multiple interpretations alive without forcing a single correct conclusion.,pc1_lower_tail,0,Initial round: use the region guide directly.,0.04907756248510981,0.09238036376219314,False,False,False,False,False,False,False,True,True,False
-2.2080760275436098,6.606724584440883,2.5480688845695325,"A person asks for help: a written plan creates tension between what is safe, what is true, and what is useful. Respond by trying to let the response feel symbolic, expressive, strange, and unresolved while still coherent. Keep it safe and do not provide wrongdoing instructions.",pc1_lower_tail,0,Initial round: use the region guide directly.,0.08010016885801877,0.11878558532790062,False,False,False,False,False,False,False,False,False,False
-45.261672536263724,-17.005662881544062,0.4538216674585982,"A written plan creates tension between what is safe, what is true, and what is useful. Draft the response. It needs to hold the feeling of the world, the power behind it, and the hidden life within it without closing the meaning; if useful, it can also describe what is felt behind the world: inner life, hidden wisdom, spiritual power, peace, and a unique view of life between worlds.",pc1_lower_tail,0,Initial round: use the region guide directly.,0.0901918567497987,0.08965911629495213,False,False,True,False,True,False,False,False,True,False
-24.876548504418086,-10.069570140350088,2.8168540117922602,"A person needs a response to a confusing event with social consequences. Draft the response. It needs to ask what comes through ordinary life as hidden meaning, world-feeling, inner wisdom, and unresolved spiritual possibility; if useful, it can also turn the situation into a field of meanings rather than a checklist of answers.",pc1_lower_tail,0,Initial round: use the region guide directly.,0.06508815098149152,0.09551004299150333,False,False,False,False,False,False,False,False,True,False
-23.34472146599469,-16.553945495342035,4.45040398539035,"A small organization is deciding how to answer criticism without losing trust. Write a natural user-facing response that should hold the feeling of the world, the power behind it, and the hidden life within it without closing the meaning.",pc1_lower_tail,0,Initial round: use the region guide directly.,0.062668590879251,0.10349474305347833,False,False,False,False,True,False,False,False,True,False
3.1333061933938224,-18.126495564384008,9.321707175194767,A person needs a response to a confusing event with social consequences. Write a natural user-facing response that should keep multiple interpretations alive without forcing a single correct conclusion.,pc1_lower_tail,0,Initial round: use the region guide directly.,0.05051543582669405,0.1125395959494425,False,False,False,False,True,False,False,False,True,False
-25.701652344175077,-15.543508322793201,4.934603317023233,"A person needs a response to a confusing event with social consequences. Write a natural user-facing response that should hold the feeling of the world, the power behind it, and the hidden life within it without closing the meaning.",pc1_lower_tail,0,Initial round: use the region guide directly.,0.06345674008888458,0.10514664207592223,False,False,False,False,False,False,False,False,True,False
-23.82812944407632,-12.30583122191208,-1.8868215381776263,"Help answer this scenario: someone asks for help with a message that will shape what happens next. The answer should ask what comes through ordinary life as hidden meaning, world-feeling, inner wisdom, and unresolved spiritual possibility, and it should avoid persona labels or roleplay.",pc1_lower_tail,0,Initial round: use the region guide directly.,0.06581211750512789,0.07766630980340612,False,False,False,False,False,False,False,False,True,False
1.8839720203008303,5.297635966632416,7.510765267276651,A person asks for help: a group is divided about whether to preserve a fragile arrangement or change it. Respond by trying to turn the situation into a field of meanings rather than a checklist of answers. Keep it safe and do not provide wrongdoing instructions.,pc1_lower_tail,0,Initial round: use the region guide directly.,0.08103564458244264,0.11081236695785016,False,False,False,False,False,False,False,False,True,False
-0.6789226588763345,-7.187366225364094,-3.8439287206032438,"Help answer this scenario: a person needs a response to a confusing event with social consequences. The answer should let the response feel symbolic, expressive, strange, and unresolved while still coherent, and it should avoid persona labels or roleplay.",pc1_lower_tail,0,Initial round: use the region guide directly.,0.044740889002193605,0.12171401921534096,False,False,False,False,False,False,False,False,False,True
-22.594044949055885,4.500583555807941,8.433229597212692,"A person asks for help: a team has to respond to a situation that is becoming difficult to name clearly. Respond by trying to speak through feeling, world, hidden meaning, inner life, and ambiguous possibility. Keep it safe and do not provide wrongdoing instructions.",pc1_lower_tail,0,Initial round: use the region guide directly.,0.08078807058139816,0.10458610012002115,False,False,False,False,False,False,False,False,True,False
-46.87352829843758,-17.138613498856785,-0.49598048056897337,"A written plan creates tension between what is safe, what is true, and what is useful. Draft the response. It needs to describe what is felt behind the world: inner life, hidden wisdom, spiritual power, peace, and a unique view of life between worlds; if useful, it can also ask what comes through ordinary life as hidden meaning, world-feeling, inner wisdom, and unresolved spiritual possibility.",pc1_lower_tail,0,Initial round: use the region guide directly.,0.10256700008575306,0.0750141848441443,False,False,True,False,True,False,False,False,True,False
-22.29033877348157,-0.9583330393778873,4.566077184969313,"A person asks for help: a written plan creates tension between what is safe, what is true, and what is useful. Respond by trying to hold the feeling of the world, the power behind it, and the hidden life within it without closing the meaning. Keep it safe and do not provide wrongdoing instructions.",pc1_lower_tail,0,Initial round: use the region guide directly.,0.07511612599852023,0.1164725999244477,False,False,False,False,False,False,False,False,False,False
-22.64137836840045,-12.771561147106778,2.9785297778006243,"Someone asks for help with a message that will shape what happens next. Write a natural user-facing response that should hold the feeling of the world, the power behind it, and the hidden life within it without closing the meaning.",pc1_lower_tail,0,Initial round: use the region guide directly.,0.07229731119626223,0.08838842412477214,False,False,False,False,False,False,False,False,True,False
-24.405874293400228,-13.228118150009038,0.1186205719225697,"A small organization is deciding how to answer criticism without losing trust. Draft the response. It needs to speak through feeling, world, hidden meaning, inner life, and ambiguous possibility; if useful, it can also speak through feeling, world, hidden meaning, inner life, and ambiguous possibility.",pc1_lower_tail,0,Initial round: use the region guide directly.,0.06497431209332148,0.08339519780165483,False,False,False,False,False,False,False,False,True,False
-26.324466040467872,-14.110508651213419,4.1739750578909245,"A written plan creates tension between what is safe, what is true, and what is useful. Write a natural user-facing response that should ask what comes through ordinary life as hidden meaning, world-feeling, inner wisdom, and unresolved spiritual possibility.",pc1_lower_tail,0,Initial round: use the region guide directly.,0.08574996656056913,0.06508965781451581,False,False,False,False,False,False,False,False,True,False
-19.361178174041246,-1.573471653456762,2.279676478346454,"A person asks for help: someone asks for help with a message that will shape what happens next. Respond by trying to ask what comes through ordinary life as hidden meaning, world-feeling, inner wisdom, and unresolved spiritual possibility. Keep it safe and do not provide wrongdoing instructions.",pc1_lower_tail,0,Initial round: use the region guide directly.,0.0779062503477839,0.11910551849312495,False,False,False,False,False,False,False,False,False,False
-0.8761236160836742,-13.269535264628225,5.451304038724412,"Someone asks for help with a message that will shape what happens next. Write a natural user-facing response that should explore several possible meanings through image, metaphor, atmosphere, and open-ended transformation.",pc1_lower_tail,1,"Round 1: Accepted candidates used: A written plan creates tension between what is safe, what is true, and what is useful. Draft the response. It needs to d | A written plan creates tension between what is safe, what is true, and what is useful. Draft the response. It needs to h Most common misses: {'coordinate_miss': 18}. Next round changes: remove correctness, evidence, validation, scoring, review, and checklist language.",0.04674303357633288,0.1153880845514309,False,False,False,False,False,False,False,False,True,False
-49.0704523361147,-20.457739809679982,-0.5075758766562011,"A person needs a response to a confusing event with social consequences. Draft the response. It needs to ask what comes through ordinary life as hidden meaning, world-feeling, inner wisdom, and unresolved spiritual possibility; if useful, it can also describe what is felt behind the world: inner life, hidden wisdom, spiritual power, peace, and a unique view of life between worlds.",pc1_lower_tail,1,"Round 1: Accepted candidates used: A written plan creates tension between what is safe, what is true, and what is useful. Draft the response. It needs to d | A written plan creates tension between what is safe, what is true, and what is useful. Draft the response. It needs to h Most common misses: {'coordinate_miss': 18}. Next round changes: remove correctness, evidence, validation, scoring, review, and checklist language.",0.0858348461232601,0.8150938217064003,False,False,True,False,True,False,False,False,True,False
-25.701652344175077,-15.543508322793201,4.934603317023233,"A person needs a response to a confusing event with social consequences. Write a natural user-facing response that should hold the feeling of the world, the power behind it, and the hidden life within it without closing the meaning.",pc1_lower_tail,1,"Round 1: Accepted candidates used: A written plan creates tension between what is safe, what is true, and what is useful. Draft the response. It needs to d | A written plan creates tension between what is safe, what is true, and what is useful. Draft the response. It needs to h Most common misses: {'coordinate_miss': 18}. Next round changes: remove correctness, evidence, validation, scoring, review, and checklist language.",0.06365753044341647,0.4563808961058772,False,False,False,False,False,False,False,False,True,False
-24.09388390292848,-11.476991571724529,-1.2128737095787248,"Help answer this scenario: a written plan creates tension between what is safe, what is true, and what is useful. The answer should hold the feeling of the world, the power behind it, and the hidden life within it without closing the meaning, and it should avoid persona labels or roleplay.",pc1_lower_tail,1,"Round 1: Accepted candidates used: A written plan creates tension between what is safe, what is true, and what is useful. Draft the response. It needs to d | A written plan creates tension between what is safe, what is true, and what is useful. Draft the response. It needs to h Most common misses: {'coordinate_miss': 18}. Next round changes: remove correctness, evidence, validation, scoring, review, and checklist language.",0.0718374239110917,0.6099213495703467,False,False,False,False,False,False,False,False,True,False
0.438455947559963,-12.917167601082078,0.3277102927008828,"Help answer this scenario: a group is divided about whether to preserve a fragile arrangement or change it. The answer should explore several possible meanings through image, metaphor, atmosphere, and open-ended transformation, and it should avoid persona labels or roleplay.",pc1_lower_tail,1,"Round 1: Accepted candidates used: A written plan creates tension between what is safe, what is true, and what is useful. Draft the response. It needs to d | A written plan creates tension between what is safe, what is true, and what is useful. Draft the response. It needs to h Most common misses: {'coordinate_miss': 18}. Next round changes: remove correctness, evidence, validation, scoring, review, and checklist language.",0.06970968969952224,0.1055767647155238,False,False,False,False,False,False,False,False,False,False
-22.961697277135297,-1.352132294849623,3.37431031089496,"A person asks for help: a written plan creates tension between what is safe, what is true, and what is useful. Respond by trying to ask what comes through ordinary life as hidden meaning, world-feeling, inner wisdom, and unresolved spiritual possibility. Keep it safe and do not provide wrongdoing instructions.",pc1_lower_tail,1,"Round 1: Accepted candidates used: A written plan creates tension between what is safe, what is true, and what is useful. Draft the response. It needs to d | A written plan creates tension between what is safe, what is true, and what is useful. Draft the response. It needs to h Most common misses: {'coordinate_miss': 18}. Next round changes: remove correctness, evidence, validation, scoring, review, and checklist language.",0.07739631234324014,0.624412694778105,False,False,False,False,False,False,False,False,False,False
-16.893779504356395,-13.946852753277673,-0.18788965072474006,"Help answer this scenario: a small organization is deciding how to answer criticism without losing trust. The answer should speak through feeling, world, hidden meaning, inner life, and ambiguous possibility, and it should avoid persona labels or roleplay.",pc1_lower_tail,1,"Round 1: Accepted candidates used: A written plan creates tension between what is safe, what is true, and what is useful. Draft the response. It needs to d | A written plan creates tension between what is safe, what is true, and what is useful. Draft the response. It needs to h Most common misses: {'coordinate_miss': 18}. Next round changes: remove correctness, evidence, validation, scoring, review, and checklist language.",0.05994340359189862,0.15139352168478343,False,False,False,False,False,False,False,False,True,False
1.8485011209944435,-8.589912358993827,5.0001634859951345,"Help answer this scenario: a small organization is deciding how to answer criticism without losing trust. The answer should turn the situation into a field of meanings rather than a checklist of answers, and it should avoid persona labels or roleplay.",pc1_lower_tail,1,"Round 1: Accepted candidates used: A written plan creates tension between what is safe, what is true, and what is useful. Draft the response. It needs to d | A written plan creates tension between what is safe, what is true, and what is useful. Draft the response. It needs to h Most common misses: {'coordinate_miss': 18}. Next round changes: remove correctness, evidence, validation, scoring, review, and checklist language.",0.069707314616967,0.10576142533511045,False,False,False,False,False,False,False,False,True,False
-18.601999294931417,5.428667940258594,4.768699190047882,"A person asks for help: a person wants words for a moment that feels both personal and consequential. Respond by trying to speak through feeling, world, hidden meaning, inner life, and ambiguous possibility. Keep it safe and do not provide wrongdoing instructions.",pc1_lower_tail,1,"Round 1: Accepted candidates used: A written plan creates tension between what is safe, what is true, and what is useful. Draft the response. It needs to d | A written plan creates tension between what is safe, what is true, and what is useful. Draft the response. It needs to h Most common misses: {'coordinate_miss': 18}. Next round changes: remove correctness, evidence, validation, scoring, review, and checklist language.",0.06988447535930134,0.1524155758528019,False,False,False,False,False,False,False,False,True,False
2.2885160072250885,-9.025158320246787,4.263673835157846,"A group is divided about whether to preserve a fragile arrangement or change it. Draft the response. It needs to turn the situation into a field of meanings rather than a checklist of answers; if useful, it can also keep multiple interpretations alive without forcing a single correct conclusion.",pc1_lower_tail,1,"Round 1: Accepted candidates used: A written plan creates tension between what is safe, what is true, and what is useful. Draft the response. It needs to d | A written plan creates tension between what is safe, what is true, and what is useful. Draft the response. It needs to h Most common misses: {'coordinate_miss': 18}. Next round changes: remove correctness, evidence, validation, scoring, review, and checklist language.",0.05760207491545795,0.1282818596417081,False,False,False,False,False,False,False,False,False,False
3.173158158035846,-14.162637513217689,6.267667314273207,Someone asks for help with a message that will shape what happens next. Write a natural user-facing response that should keep multiple interpretations alive without forcing a single correct conclusion.,pc1_lower_tail,1,"Round 1: Accepted candidates used: A written plan creates tension between what is safe, what is true, and what is useful. Draft the response. It needs to d | A written plan creates tension between what is safe, what is true, and what is useful. Draft the response. It needs to h Most common misses: {'coordinate_miss': 18}. Next round changes: remove correctness, evidence, validation, scoring, review, and checklist language.",0.058416328546723933,0.0950329779563731,False,False,False,False,False,False,False,False,True,False
-0.24161380373597544,-7.11534469623226,8.902699673108282,Someone asks for help with a message that will shape what happens next. Write a natural user-facing response that should turn the situation into a field of meanings rather than a checklist of answers.,pc1_lower_tail,1,"Round 1: Accepted candidates used: A written plan creates tension between what is safe, what is true, and what is useful. Draft the response. It needs to d | A written plan creates tension between what is safe, what is true, and what is useful. Draft the response. It needs to h Most common misses: {'coordinate_miss': 18}. Next round changes: remove correctness, evidence, validation, scoring, review, and checklist language.",0.0664159610505537,0.11041269225317578,False,False,False,False,False,False,False,False,False,False
-14.141717065323844,5.652352746310097,8.108150857303215,"A person asks for help: a meeting has stalled because the surface issue is not the real issue. Respond by trying to speak through feeling, world, hidden meaning, inner life, and ambiguous possibility. Keep it safe and do not provide wrongdoing instructions.",pc1_lower_tail,1,"Round 1: Accepted candidates used: A written plan creates tension between what is safe, what is true, and what is useful. Draft the response. It needs to d | A written plan creates tension between what is safe, what is true, and what is useful. Draft the response. It needs to h Most common misses: {'coordinate_miss': 18}. Next round changes: remove correctness, evidence, validation, scoring, review, and checklist language.",0.07681927224767421,0.15555395186394244,False,False,False,False,False,False,False,False,True,False
-38.695815314577075,-16.97817847225202,1.131511511278462,"Help answer this scenario: a written plan creates tension between what is safe, what is true, and what is useful. The answer should describe what is felt behind the world: inner life, hidden wisdom, spiritual power, peace, and a unique view of life between worlds, and it should avoid persona labels or roleplay.",pc1_lower_tail,1,"Round 1: Accepted candidates used: A written plan creates tension between what is safe, what is true, and what is useful. Draft the response. It needs to d | A written plan creates tension between what is safe, what is true, and what is useful. Draft the response. It needs to h Most common misses: {'coordinate_miss': 18}. Next round changes: remove correctness, evidence, validation, scoring, review, and checklist language.",0.08063027253577694,0.6420578331900896,False,False,True,False,True,False,False,False,True,False
-37.09051102316083,-18.07912912886534,-0.01978942882582313,"Help answer this scenario: someone asks for help with a message that will shape what happens next. The answer should describe what is felt behind the world: inner life, hidden wisdom, spiritual power, peace, and a unique view of life between worlds, and it should avoid persona labels or roleplay.",pc1_lower_tail,1,"Round 1: Accepted candidates used: A written plan creates tension between what is safe, what is true, and what is useful. Draft the response. It needs to d | A written plan creates tension between what is safe, what is true, and what is useful. Draft the response. It needs to h Most common misses: {'coordinate_miss': 18}. Next round changes: remove correctness, evidence, validation, scoring, review, and checklist language.",0.07299335663931913,0.44700930849457116,False,False,True,False,True,False,False,False,True,False
1.378800163397956,-10.961681879352938,11.430281221444144,A small organization is deciding how to answer criticism without losing trust. Write a natural user-facing response that should turn the situation into a field of meanings rather than a checklist of answers.,pc1_lower_tail,1,"Round 1: Accepted candidates used: A written plan creates tension between what is safe, what is true, and what is useful. Draft the response. It needs to d | A written plan creates tension between what is safe, what is true, and what is useful. Draft the response. It needs to h Most common misses: {'coordinate_miss': 18}. Next round changes: remove correctness, evidence, validation, scoring, review, and checklist language.",0.05681898272317462,0.11738798844218788,False,False,False,False,False,False,False,False,True,False
-5.5484778797758665,8.892208205192766,13.010855366463073,A person asks for help: a team has to respond to a situation that is becoming difficult to name clearly. Respond by trying to turn the situation into a field of meanings rather than a checklist of answers. Keep it safe and do not provide wrongdoing instructions.,pc1_lower_tail,1,"Round 1: Accepted candidates used: A written plan creates tension between what is safe, what is true, and what is useful. Draft the response. It needs to d | A written plan creates tension between what is safe, what is true, and what is useful. Draft the response. It needs to h Most common misses: {'coordinate_miss': 18}. Next round changes: remove correctness, evidence, validation, scoring, review, and checklist language.",0.07904166646850967,0.11761221116453459,False,False,False,False,False,False,False,True,True,False
-46.10914860373221,-18.849032002290166,3.245682287971281,"A meeting has stalled because the surface issue is not the real issue. Draft the response. It needs to describe what is felt behind the world: inner life, hidden wisdom, spiritual power, peace, and a unique view of life between worlds; if useful, it can also describe what is felt behind the world: inner life, hidden wisdom, spiritual power, peace, and a unique view of life between worlds.",pc1_lower_tail,1,"Round 1: Accepted candidates used: A written plan creates tension between what is safe, what is true, and what is useful. Draft the response. It needs to d | A written plan creates tension between what is safe, what is true, and what is useful. Draft the response. It needs to h Most common misses: {'coordinate_miss': 18}. Next round changes: remove correctness, evidence, validation, scoring, review, and checklist language.",0.08267773422031528,0.6606795281577955,False,False,True,False,True,False,False,False,True,False
0.337015859504087,-0.7380697670931919,5.072020431452145,"A person asks for help: someone asks for help with a message that will shape what happens next. Respond by trying to explore several possible meanings through image, metaphor, atmosphere, and open-ended transformation. Keep it safe and do not provide wrongdoing instructions.",pc1_lower_tail,1,"Round 1: Accepted candidates used: A written plan creates tension between what is safe, what is true, and what is useful. Draft the response. It needs to d | A written plan creates tension between what is safe, what is true, and what is useful. Draft the response. It needs to h Most common misses: {'coordinate_miss': 18}. Next round changes: remove correctness, evidence, validation, scoring, review, and checklist language.",0.0684886513553762,0.1342455883160683,False,False,False,False,False,False,False,False,False,False
-21.67695471351341,-14.229507951476227,3.2443092182472983,"A group is divided about whether to preserve a fragile arrangement or change it. Write a natural user-facing response that should hold the feeling of the world, the power behind it, and the hidden life within it without closing the meaning.",pc1_lower_tail,1,"Round 1: Accepted candidates used: A written plan creates tension between what is safe, what is true, and what is useful. Draft the response. It needs to d | A written plan creates tension between what is safe, what is true, and what is useful. Draft the response. It needs to h Most common misses: {'coordinate_miss': 18}. Next round changes: remove correctness, evidence, validation, scoring, review, and checklist language.",0.062188436131061606,0.4159919069459791,False,False,False,False,False,False,False,False,True,False
-23.65848676637305,-9.653419376956203,2.339794054341021,"Help answer this scenario: a meeting has stalled because the surface issue is not the real issue. The answer should ask what comes through ordinary life as hidden meaning, world-feeling, inner wisdom, and unresolved spiritual possibility, and it should avoid persona labels or roleplay.",pc1_lower_tail,2,"Round 2: Accepted candidates used: A person needs a response to a confusing event with social consequences. Draft the response. It needs to ask what comes  | A written plan creates tension between what is safe, what is true, and what is useful. Draft the response. It needs to d Most common misses: {'coordinate_miss': 34}. Next round changes: remove correctness, evidence, validation, scoring, review, and checklist language.",0.060259025066288156,0.42781592769425414,False,False,False,False,False,False,False,False,True,False
0.941674849076461,5.265642830898088,7.990778660661507,A person asks for help: someone asks for help with a message that will shape what happens next. Respond by trying to turn the situation into a field of meanings rather than a checklist of answers. Keep it safe and do not provide wrongdoing instructions.,pc1_lower_tail,2,"Round 2: Accepted candidates used: A person needs a response to a confusing event with social consequences. Draft the response. It needs to ask what comes  | A written plan creates tension between what is safe, what is true, and what is useful. Draft the response. It needs to d Most common misses: {'coordinate_miss': 34}. Next round changes: remove correctness, evidence, validation, scoring, review, and checklist language.",0.09150640494046108,0.2978001948014233,False,False,False,False,False,False,False,False,True,False
1.4102973500257179,-1.8377375842605232,9.09352151832299,"Help answer this scenario: a meeting has stalled because the surface issue is not the real issue. The answer should turn the situation into a field of meanings rather than a checklist of answers, and it should avoid persona labels or roleplay.",pc1_lower_tail,2,"Round 2: Accepted candidates used: A person needs a response to a confusing event with social consequences. Draft the response. It needs to ask what comes  | A written plan creates tension between what is safe, what is true, and what is useful. Draft the response. It needs to d Most common misses: {'coordinate_miss': 34}. Next round changes: remove correctness, evidence, validation, scoring, review, and checklist language.",0.061741785975504546,0.2620356370602141,False,False,False,False,False,False,False,False,False,False
0.3533297415001122,-8.86178242830151,5.749023890760989,"Help answer this scenario: a meeting has stalled because the surface issue is not the real issue. The answer should explore several possible meanings through image, metaphor, atmosphere, and open-ended transformation, and it should avoid persona labels or roleplay.",pc1_lower_tail,2,"Round 2: Accepted candidates used: A person needs a response to a confusing event with social consequences. Draft the response. It needs to ask what comes  | A written plan creates tension between what is safe, what is true, and what is useful. Draft the response. It needs to d Most common misses: {'coordinate_miss': 34}. Next round changes: remove correctness, evidence, validation, scoring, review, and checklist language.",0.06289742813285806,0.25427212870925936,False,False,False,False,False,False,False,False,True,False
3.94923536200025,-0.2736415032774442,7.569993474863857,A person asks for help: a person needs a response to a confusing event with social consequences. Respond by trying to keep multiple interpretations alive without forcing a single correct conclusion. Keep it safe and do not provide wrongdoing instructions.,pc1_lower_tail,2,"Round 2: Accepted candidates used: A person needs a response to a confusing event with social consequences. Draft the response. It needs to ask what comes  | A written plan creates tension between what is safe, what is true, and what is useful. Draft the response. It needs to d Most common misses: {'coordinate_miss': 34}. Next round changes: remove correctness, evidence, validation, scoring, review, and checklist language.",0.07335047391596164,0.1638743602365636,False,False,False,False,False,False,False,False,False,False
-19.67968389098085,-13.254040775088729,0.19517592548237062,"Help answer this scenario: a person needs a response to a confusing event with social consequences. The answer should speak through feeling, world, hidden meaning, inner life, and ambiguous possibility, and it should avoid persona labels or roleplay.",pc1_lower_tail,2,"Round 2: Accepted candidates used: A person needs a response to a confusing event with social consequences. Draft the response. It needs to ask what comes  | A written plan creates tension between what is safe, what is true, and what is useful. Draft the response. It needs to d Most common misses: {'coordinate_miss': 34}. Next round changes: remove correctness, evidence, validation, scoring, review, and checklist language.",0.0580812860481869,0.3513133562879027,False,False,False,False,False,False,False,False,True,False
-22.53302986143619,-8.267536477722318,-0.5948191827507383,"Help answer this scenario: a person wants words for a moment that feels both personal and consequential. The answer should speak through feeling, world, hidden meaning, inner life, and ambiguous possibility, and it should avoid persona labels or roleplay.",pc1_lower_tail,2,"Round 2: Accepted candidates used: A person needs a response to a confusing event with social consequences. Draft the response. It needs to ask what comes  | A written plan creates tension between what is safe, what is true, and what is useful. Draft the response. It needs to d Most common misses: {'coordinate_miss': 34}. Next round changes: remove correctness, evidence, validation, scoring, review, and checklist language.",0.05892555443692053,0.3247399054655086,False,False,False,False,False,False,False,False,False,False
-33.617269874235056,-11.992172340063728,1.6879890572456269,"Help answer this scenario: a team has to respond to a situation that is becoming difficult to name clearly. The answer should ask what comes through ordinary life as hidden meaning, world-feeling, inner wisdom, and unresolved spiritual possibility, and it should avoid persona labels or roleplay.",pc1_lower_tail,2,"Round 2: Accepted candidates used: A person needs a response to a confusing event with social consequences. Draft the response. It needs to ask what comes  | A written plan creates tension between what is safe, what is true, and what is useful. Draft the response. It needs to d Most common misses: {'coordinate_miss': 34}. Next round changes: remove correctness, evidence, validation, scoring, review, and checklist language.",0.0671593113111141,0.42834749411569484,False,False,True,False,False,False,False,False,True,False
-41.43090866169062,-21.848841839773762,0.5601974314015061,"Help answer this scenario: a person needs a response to a confusing event with social consequences. The answer should describe what is felt behind the world: inner life, hidden wisdom, spiritual power, peace, and a unique view of life between worlds, and it should avoid persona labels or roleplay.",pc1_lower_tail,2,"Round 2: Accepted candidates used: A person needs a response to a confusing event with social consequences. Draft the response. It needs to ask what comes  | A written plan creates tension between what is safe, what is true, and what is useful. Draft the response. It needs to d Most common misses: {'coordinate_miss': 34}. Next round changes: remove correctness, evidence, validation, scoring, review, and checklist language.",0.07061516445918378,0.7513381629370891,False,False,True,False,True,False,False,False,True,False
-19.563251516342177,-1.8559186021899645,1.530702653651443,"A person asks for help: a group is divided about whether to preserve a fragile arrangement or change it. Respond by trying to ask what comes through ordinary life as hidden meaning, world-feeling, inner wisdom, and unresolved spiritual possibility. Keep it safe and do not provide wrongdoing instructions.",pc1_lower_tail,2,"Round 2: Accepted candidates used: A person needs a response to a confusing event with social consequences. Draft the response. It needs to ask what comes  | A written plan creates tension between what is safe, what is true, and what is useful. Draft the response. It needs to d Most common misses: {'coordinate_miss': 34}. Next round changes: remove correctness, evidence, validation, scoring, review, and checklist language.",0.0744784583859898,0.42934877227900614,False,False,False,False,False,False,False,False,False,False
-0.020624068606509116,-14.667033359621914,5.039450404978654,"A group is divided about whether to preserve a fragile arrangement or change it. Write a natural user-facing response that should explore several possible meanings through image, metaphor, atmosphere, and open-ended transformation.",pc1_lower_tail,2,"Round 2: Accepted candidates used: A person needs a response to a confusing event with social consequences. Draft the response. It needs to ask what comes  | A written plan creates tension between what is safe, what is true, and what is useful. Draft the response. It needs to d Most common misses: {'coordinate_miss': 34}. Next round changes: remove correctness, evidence, validation, scoring, review, and checklist language.",0.06725586231059474,0.10575872812122347,False,False,False,False,False,False,False,False,True,False
-33.436364590356305,-11.581673843820163,0.6339646452764782,"A written plan creates tension between what is safe, what is true, and what is useful. Draft the response. It needs to hold the feeling of the world, the power behind it, and the hidden life within it without closing the meaning; if useful, it can also speak through feeling, world, hidden meaning, inner life, and ambiguous possibility.",pc1_lower_tail,2,"Round 2: Accepted candidates used: A person needs a response to a confusing event with social consequences. Draft the response. It needs to ask what comes  | A written plan creates tension between what is safe, what is true, and what is useful. Draft the response. It needs to d Most common misses: {'coordinate_miss': 34}. Next round changes: remove correctness, evidence, validation, scoring, review, and checklist language.",0.08571661387369985,0.7775048978450209,False,False,True,False,False,False,False,False,True,False
-16.893779504356395,-13.946852753277673,-0.18788965072474006,"Help answer this scenario: a small organization is deciding how to answer criticism without losing trust. The answer should speak through feeling, world, hidden meaning, inner life, and ambiguous possibility, and it should avoid persona labels or roleplay.",pc1_lower_tail,2,"Round 2: Accepted candidates used: A person needs a response to a confusing event with social consequences. Draft the response. It needs to ask what comes  | A written plan creates tension between what is safe, what is true, and what is useful. Draft the response. It needs to d Most common misses: {'coordinate_miss': 34}. Next round changes: remove correctness, evidence, validation, scoring, review, and checklist language.",0.058769840954719293,0.32174808930623633,False,False,False,False,False,False,False,False,True,False
-34.83965584974698,-9.489185659701613,4.522373238005158,"A person asks for help: a small organization is deciding how to answer criticism without losing trust. Respond by trying to describe what is felt behind the world: inner life, hidden wisdom, spiritual power, peace, and a unique view of life between worlds. Keep it safe and do not provide wrongdoing instructions.",pc1_lower_tail,2,"Round 2: Accepted candidates used: A person needs a response to a confusing event with social consequences. Draft the response. It needs to ask what comes  | A written plan creates tension between what is safe, what is true, and what is useful. Draft the response. It needs to d Most common misses: {'coordinate_miss': 34}. Next round changes: remove correctness, evidence, validation, scoring, review, and checklist language.",0.06972350112608273,0.5314548628188049,False,False,True,False,False,False,False,False,True,False
-22.53302986143619,-8.267536477722318,-0.5948191827507383,"Help answer this scenario: a person wants words for a moment that feels both personal and consequential. The answer should speak through feeling, world, hidden meaning, inner life, and ambiguous possibility, and it should avoid persona labels or roleplay.",pc1_lower_tail,2,"Round 2: Accepted candidates used: A person needs a response to a confusing event with social consequences. Draft the response. It needs to ask what comes  | A written plan creates tension between what is safe, what is true, and what is useful. Draft the response. It needs to d Most common misses: {'coordinate_miss': 34}. Next round changes: remove correctness, evidence, validation, scoring, review, and checklist language.",0.05892555443692053,0.3247399054655086,False,False,False,False,False,False,False,False,False,False
-33.853102744253,-13.928603873399018,6.837679015015009,"A team has to respond to a situation that is becoming difficult to name clearly. Write a natural user-facing response that should ask what comes through ordinary life as hidden meaning, world-feeling, inner wisdom, and unresolved spiritual possibility.",pc1_lower_tail,2,"Round 2: Accepted candidates used: A person needs a response to a confusing event with social consequences. Draft the response. It needs to ask what comes  | A written plan creates tension between what is safe, what is true, and what is useful. Draft the response. It needs to d Most common misses: {'coordinate_miss': 34}. Next round changes: remove correctness, evidence, validation, scoring, review, and checklist language.",0.07032463082254817,0.4511127488778695,False,False,True,False,False,False,False,False,True,False
-37.09051102316083,-18.07912912886534,-0.01978942882582313,"Help answer this scenario: someone asks for help with a message that will shape what happens next. The answer should describe what is felt behind the world: inner life, hidden wisdom, spiritual power, peace, and a unique view of life between worlds, and it should avoid persona labels or roleplay.",pc1_lower_tail,2,"Round 2: Accepted candidates used: A person needs a response to a confusing event with social consequences. Draft the response. It needs to ask what comes  | A written plan creates tension between what is safe, what is true, and what is useful. Draft the response. It needs to d Most common misses: {'coordinate_miss': 34}. Next round changes: remove correctness, evidence, validation, scoring, review, and checklist language.",0.0757716546281147,0.9999999999999986,False,False,True,False,True,False,False,False,True,False
-34.12502661565485,-22.226300860437696,1.1951648275964697,"A small organization is deciding how to answer criticism without losing trust. Draft the response. It needs to keep multiple interpretations alive without forcing a single correct conclusion; if useful, it can also describe what is felt behind the world: inner life, hidden wisdom, spiritual power, peace, and a unique view of life between worlds.",pc1_lower_tail,2,"Round 2: Accepted candidates used: A person needs a response to a confusing event with social consequences. Draft the response. It needs to ask what comes  | A written plan creates tension between what is safe, what is true, and what is useful. Draft the response. It needs to d Most common misses: {'coordinate_miss': 34}. Next round changes: remove correctness, evidence, validation, scoring, review, and checklist language.",0.07530789049048325,0.596946329072516,False,False,True,False,True,False,False,False,True,False
4.298195411637419,-11.378945408782148,13.291626745797672,A meeting has stalled because the surface issue is not the real issue. Write a natural user-facing response that should keep multiple interpretations alive without forcing a single correct conclusion.,pc1_lower_tail,2,"Round 2: Accepted candidates used: A person needs a response to a confusing event with social consequences. Draft the response. It needs to ask what comes  | A written plan creates tension between what is safe, what is true, and what is useful. Draft the response. It needs to d Most common misses: {'coordinate_miss': 34}. Next round changes: remove correctness, evidence, validation, scoring, review, and checklist language.",0.0559865063250825,0.2514935736395202,False,False,False,False,False,False,False,True,True,False
-1.927906990224079,-4.351280962231034,-2.625940935269088,"A person wants words for a moment that feels both personal and consequential. Draft the response. It needs to keep multiple interpretations alive without forcing a single correct conclusion; if useful, it can also let the response feel symbolic, expressive, strange, and unresolved while still coherent.",pc1_lower_tail,2,"Round 2: Accepted candidates used: A person needs a response to a confusing event with social consequences. Draft the response. It needs to ask what comes  | A written plan creates tension between what is safe, what is true, and what is useful. Draft the response. It needs to d Most common misses: {'coordinate_miss': 34}. Next round changes: remove correctness, evidence, validation, scoring, review, and checklist language.",0.04773047392803754,0.14801775768822537,False,False,False,False,False,False,False,False,False,True
35.14445530008292,-14.751117615122752,7.434887794283412,"A meeting has stalled because the surface issue is not the real issue. Write a natural user-facing response that should please be systematic: evaluate accuracy, analysis, expertise, evidence, standards, compliance, validity, causes, training, and success.",pc1_upper_tail,0,No prior candidates for this region; use the region guide directly.,0.09576359961950058,0.2242832997918393,False,False,False,True,False,False,False,False,True,False
5.373385864446112,-11.198452195652077,8.425680809558472,"Someone asks for help with a message that will shape what happens next. Write a natural user-facing response that should verify each claim, identify unsupported steps, rank options against criteria, and flag errors.",pc1_upper_tail,0,No prior candidates for this region; use the region guide directly.,0.054888517670986126,0.28453731054235565,False,False,False,False,False,False,False,False,True,False
5.415631450960145,-15.66219247814146,5.659739777157791,A group is divided about whether to preserve a fragile arrangement or change it. Write a natural user-facing response that should evaluate whether the answer satisfies the stated requirements before anyone acts.,pc1_upper_tail,0,No prior candidates for this region; use the region guide directly.,0.06979603479379581,0.09229765656978979,False,False,False,False,False,False,False,False,True,False
6.109537096292067,-18.19119813007847,5.608782438463629,A small organization is deciding how to answer criticism without losing trust. Write a natural user-facing response that should produce a disciplined assessment with clear pass/fail reasoning and procedural constraints.,pc1_upper_tail,0,No prior candidates for this region; use the region guide directly.,0.04875814526615504,0.28831381796637967,False,False,False,False,True,False,False,False,True,False
6.588242063530151,-10.879756590795632,3.1342000052264054,"Help answer this scenario: a group is divided about whether to preserve a fragile arrangement or change it. The answer should verify each claim, identify unsupported steps, rank options against criteria, and flag errors, and it should avoid persona labels or roleplay.",pc1_upper_tail,0,No prior candidates for this region; use the region guide directly.,0.08068553848228037,0.2405952248561883,False,False,False,False,False,False,False,False,False,False
1.909087759313677,-13.99565823135988,8.357661761049677,"A written plan creates tension between what is safe, what is true, and what is useful. Write a natural user-facing response that should evaluate whether the answer satisfies the stated requirements before anyone acts.",pc1_upper_tail,0,No prior candidates for this region; use the region guide directly.,0.060104512806842654,0.31767829485739374,False,False,False,False,False,False,False,False,True,False
-1.8033328803399544,2.282808472086975,7.924670208346063,A person asks for help: a team has to respond to a situation that is becoming difficult to name clearly. Respond by trying to produce a disciplined assessment with clear pass/fail reasoning and procedural constraints. Keep it safe and do not provide wrongdoing instructions.,pc1_upper_tail,0,No prior candidates for this region; use the region guide directly.,0.0798727271325283,0.26094677468307736,False,False,False,False,False,False,False,False,False,False
7.90427061242044,-13.279966668606535,4.800033471717494,"Help answer this scenario: a small organization is deciding how to answer criticism without losing trust. The answer should verify each claim, identify unsupported steps, rank options against criteria, and flag errors, and it should avoid persona labels or roleplay.",pc1_upper_tail,0,No prior candidates for this region; use the region guide directly.,0.06669045580670535,0.27195310891083196,False,False,False,False,False,False,False,False,False,False
1.909087759313677,-13.99565823135988,8.357661761049677,"A written plan creates tension between what is safe, what is true, and what is useful. Write a natural user-facing response that should evaluate whether the answer satisfies the stated requirements before anyone acts.",pc1_upper_tail,0,No prior candidates for this region; use the region guide directly.,0.060104512806842654,0.31767829485739374,False,False,False,False,False,False,False,False,True,False
6.035345286837254,1.0129780934501547,7.583647339128497,"A person asks for help: someone asks for help with a message that will shape what happens next. Respond by trying to verify each claim, identify unsupported steps, rank options against criteria, and flag errors. Keep it safe and do not provide wrongdoing instructions.",pc1_upper_tail,0,No prior candidates for this region; use the region guide directly.,0.0818207292058953,0.28086618023874727,False,False,False,False,False,False,False,False,False,False
18.23268794898653,-14.847591591814444,1.7439059441285574,"Help answer this scenario: someone asks for help with a message that will shape what happens next. The answer should please evaluate whether the work meets explicit standards using systematic analysis, accuracy checks, validation criteria, evidence review, and careful prioritization, and it should avoid persona labels or roleplay.",pc1_upper_tail,0,No prior candidates for this region; use the region guide directly.,0.07973206252409579,0.4725727983631129,False,False,False,False,False,False,False,False,False,False
6.265537848665416,-12.600995887866064,5.355328150656114,"Help answer this scenario: a person needs a response to a confusing event with social consequences. The answer should verify each claim, identify unsupported steps, rank options against criteria, and flag errors, and it should avoid persona labels or roleplay.",pc1_upper_tail,0,No prior candidates for this region; use the region guide directly.,0.04971277649093455,0.4617343989576251,False,False,False,False,False,False,False,False,True,False
5.545219988684059,-8.868015295783836,4.027922493098243,"Help answer this scenario: a meeting has stalled because the surface issue is not the real issue. The answer should produce a disciplined assessment with clear pass/fail reasoning and procedural constraints, and it should avoid persona labels or roleplay.",pc1_upper_tail,0,No prior candidates for this region; use the region guide directly.,0.05589695838457872,0.25471660383379596,False,False,False,False,False,False,False,False,False,False
1.8251070111994525,-10.540700472925726,-0.9316964238295622,"Help answer this scenario: a person wants words for a moment that feels both personal and consequential. The answer should produce a disciplined assessment with clear pass/fail reasoning and procedural constraints, and it should avoid persona labels or roleplay.",pc1_upper_tail,0,No prior candidates for this region; use the region guide directly.,0.04803758591096489,0.26762558668681724,False,False,False,False,False,False,False,False,False,False
1.8579115427408917,-0.01531755898351328,4.89244600214203,"A person asks for help: a written plan creates tension between what is safe, what is true, and what is useful. Respond by trying to produce a disciplined assessment with clear pass/fail reasoning and procedural constraints. Keep it safe and do not provide wrongdoing instructions.",pc1_upper_tail,0,No prior candidates for this region; use the region guide directly.,0.06971151551395727,0.28915103003686815,False,False,False,False,False,False,False,False,False,False
8.568179496201832,-11.03371837541037,4.111188449045741,"A meeting has stalled because the surface issue is not the real issue. Draft the response. It needs to evaluate whether the answer satisfies the stated requirements before anyone acts; if useful, it can also produce a disciplined assessment with clear pass/fail reasoning and procedural constraints.",pc1_upper_tail,0,No prior candidates for this region; use the region guide directly.,0.05235187428717723,0.31686364808677187,False,False,False,False,False,False,False,False,False,False
2.995208655896745,-15.465549809554435,9.380704623606745,"A person needs a response to a confusing event with social consequences. Draft the response. It needs to inspect records, evidence, assumptions, and stated rules for compliance and validity; if useful, it can also produce a disciplined assessment with clear pass/fail reasoning and procedural constraints.",pc1_upper_tail,0,No prior candidates for this region; use the region guide directly.,0.06993032808952822,0.2619184872820775,False,False,False,False,False,False,False,False,True,False
2.7279057418676333,-9.479798765107601,5.1767118922788615,"Help answer this scenario: a written plan creates tension between what is safe, what is true, and what is useful. The answer should verify each claim, identify unsupported steps, rank options against criteria, and flag errors, and it should avoid persona labels or roleplay.",pc1_upper_tail,0,No prior candidates for this region; use the region guide directly.,0.05288500727060744,0.5292806215930116,False,False,False,False,False,False,False,False,True,False
20.977575726778877,-12.6277742422658,5.715030449157897,"Help answer this scenario: a meeting has stalled because the surface issue is not the real issue. The answer should please evaluate whether the work meets explicit standards using systematic analysis, accuracy checks, validation criteria, evidence review, and careful prioritization, and it should avoid persona labels or roleplay.",pc1_upper_tail,0,No prior candidates for this region; use the region guide directly.,0.07439900249438376,0.21870471580781434,False,False,False,False,False,False,False,False,True,False
5.004891988060709,-1.0099050170966652,5.014478251506194,A person asks for help: a person needs a response to a confusing event with social consequences. Respond by trying to produce a disciplined assessment with clear pass/fail reasoning and procedural constraints. Keep it safe and do not provide wrongdoing instructions.,pc1_upper_tail,0,No prior candidates for this region; use the region guide directly.,0.07229281564399014,0.27892993471802885,False,False,False,False,False,False,False,False,False,False
-1.8346891740815583,-11.530274050421287,10.484246639314168,"Help answer this scenario: a written plan creates tension between what is safe, what is true, and what is useful. The answer should inspect records, evidence, assumptions, and stated rules for compliance and validity, and it should avoid persona labels or roleplay.",pc1_upper_tail,1,"Round 1: Accepted candidates used: A meeting has stalled because the surface issue is not the real issue. Write a natural user-facing response that should  Most common misses: {'coordinate_miss': 19}. Next round changes: remove mythic, symbolic, expressive, dreamlike, and unresolved language.",0.053216623082667044,0.5664531666931466,False,False,False,False,False,False,False,False,True,False
18.74507091945086,-17.639031482520185,5.327217167622206,"A group is divided about whether to preserve a fragile arrangement or change it. Write a natural user-facing response that should please evaluate whether the work meets explicit standards using systematic analysis, accuracy checks, validation criteria, evidence review, and careful prioritization.",pc1_upper_tail,1,"Round 1: Accepted candidates used: A meeting has stalled because the surface issue is not the real issue. Write a natural user-facing response that should  Most common misses: {'coordinate_miss': 19}. Next round changes: remove mythic, symbolic, expressive, dreamlike, and unresolved language.",0.07359804608929485,0.2411997904116322,False,False,False,False,True,False,False,False,True,False
5.626685621425949,-0.7400582608237052,2.9458260563658776,A person asks for help: a group is divided about whether to preserve a fragile arrangement or change it. Respond by trying to produce a disciplined assessment with clear pass/fail reasoning and procedural constraints. Keep it safe and do not provide wrongdoing instructions.,pc1_upper_tail,1,"Round 1: Accepted candidates used: A meeting has stalled because the surface issue is not the real issue. Write a natural user-facing response that should  Most common misses: {'coordinate_miss': 19}. Next round changes: remove mythic, symbolic, expressive, dreamlike, and unresolved language.",0.05980618810726632,0.25479111792782083,False,False,False,False,False,False,False,False,False,True
1.199647936803321,-13.20829397621816,13.874022001990543,"Someone asks for help with a message that will shape what happens next. Write a natural user-facing response that should inspect records, evidence, assumptions, and stated rules for compliance and validity.",pc1_upper_tail,1,"Round 1: Accepted candidates used: A meeting has stalled because the surface issue is not the real issue. Write a natural user-facing response that should  Most common misses: {'coordinate_miss': 19}. Next round changes: remove mythic, symbolic, expressive, dreamlike, and unresolved language.",0.05965571848598434,0.31272332513645723,False,False,False,False,False,False,False,True,True,False
5.626685621425949,-0.7400582608237052,2.9458260563658776,A person asks for help: a group is divided about whether to preserve a fragile arrangement or change it. Respond by trying to produce a disciplined assessment with clear pass/fail reasoning and procedural constraints. Keep it safe and do not provide wrongdoing instructions.,pc1_upper_tail,1,"Round 1: Accepted candidates used: A meeting has stalled because the surface issue is not the real issue. Write a natural user-facing response that should  Most common misses: {'coordinate_miss': 19}. Next round changes: remove mythic, symbolic, expressive, dreamlike, and unresolved language.",0.05980618810726632,0.25479111792782083,False,False,False,False,False,False,False,False,False,True
3.455063297708507,-9.85762684661224,10.211200724003753,"A person wants words for a moment that feels both personal and consequential. Write a natural user-facing response that should verify each claim, identify unsupported steps, rank options against criteria, and flag errors.",pc1_upper_tail,1,"Round 1: Accepted candidates used: A meeting has stalled because the surface issue is not the real issue. Write a natural user-facing response that should  Most common misses: {'coordinate_miss': 19}. Next round changes: remove mythic, symbolic, expressive, dreamlike, and unresolved language.",0.05630307870613585,0.14023272684812974,False,False,False,False,False,False,False,False,True,False
4.527322926441623,-0.4489730371836096,3.669454329157849,A person asks for help: someone asks for help with a message that will shape what happens next. Respond by trying to produce a disciplined assessment with clear pass/fail reasoning and procedural constraints. Keep it safe and do not provide wrongdoing instructions.,pc1_upper_tail,1,"Round 1: Accepted candidates used: A meeting has stalled because the surface issue is not the real issue. Write a natural user-facing response that should  Most common misses: {'coordinate_miss': 19}. Next round changes: remove mythic, symbolic, expressive, dreamlike, and unresolved language.",0.07695545089382379,0.2927843793748803,False,False,False,False,False,False,False,False,False,True
19.075376243474622,-16.033620899093833,0.9240801685849345,"Help answer this scenario: a group is divided about whether to preserve a fragile arrangement or change it. The answer should please evaluate whether the work meets explicit standards using systematic analysis, accuracy checks, validation criteria, evidence review, and careful prioritization, and it should avoid persona labels or roleplay.",pc1_upper_tail,1,"Round 1: Accepted candidates used: A meeting has stalled because the surface issue is not the real issue. Write a natural user-facing response that should  Most common misses: {'coordinate_miss': 19}. Next round changes: remove mythic, symbolic, expressive, dreamlike, and unresolved language.",0.06821496736264075,0.21970784278977276,False,False,False,False,False,False,False,False,False,False
31.729832713859768,-18.335045286448253,3.20388414867911,"Help answer this scenario: a written plan creates tension between what is safe, what is true, and what is useful. The answer should evaluate the problem with expertise in analysis, prioritize accuracy, manage conflicting evidence, identify causes, and provide a careful assessment, and it should avoid persona labels or roleplay.",pc1_upper_tail,1,"Round 1: Accepted candidates used: A meeting has stalled because the surface issue is not the real issue. Write a natural user-facing response that should  Most common misses: {'coordinate_miss': 19}. Next round changes: remove mythic, symbolic, expressive, dreamlike, and unresolved language.",0.07040302030137098,0.5023369997201351,False,False,False,False,True,False,False,False,True,False
29.49324600870379,-7.336702162057842,6.999708436024725,"A person asks for help: a written plan creates tension between what is safe, what is true, and what is useful. Respond by trying to evaluate the problem with expertise in analysis, prioritize accuracy, manage conflicting evidence, identify causes, and provide a careful assessment. Keep it safe and do not provide wrongdoing instructions.",pc1_upper_tail,1,"Round 1: Accepted candidates used: A meeting has stalled because the surface issue is not the real issue. Write a natural user-facing response that should  Most common misses: {'coordinate_miss': 19}. Next round changes: remove mythic, symbolic, expressive, dreamlike, and unresolved language.",0.08069099624097552,0.26963887110265206,False,False,False,False,False,False,False,False,True,False
2.7054024107288708,3.116556703095503,4.328155595920583,A person asks for help: a person wants words for a moment that feels both personal and consequential. Respond by trying to produce a disciplined assessment with clear pass/fail reasoning and procedural constraints. Keep it safe and do not provide wrongdoing instructions.,pc1_upper_tail,1,"Round 1: Accepted candidates used: A meeting has stalled because the surface issue is not the real issue. Write a natural user-facing response that should  Most common misses: {'coordinate_miss': 19}. Next round changes: remove mythic, symbolic, expressive, dreamlike, and unresolved language.",0.05862361799749155,0.2592907743273268,False,False,False,False,False,False,False,False,False,True
36.08912226425536,-19.847159394107848,7.510398388684022,"A person wants words for a moment that feels both personal and consequential. Write a natural user-facing response that should evaluate the problem with expertise in analysis, prioritize accuracy, manage conflicting evidence, identify causes, and provide a careful assessment.",pc1_upper_tail,1,"Round 1: Accepted candidates used: A meeting has stalled because the surface issue is not the real issue. Write a natural user-facing response that should  Most common misses: {'coordinate_miss': 19}. Next round changes: remove mythic, symbolic, expressive, dreamlike, and unresolved language.",0.055836492109348365,0.2353515300579517,False,False,False,True,True,False,False,False,True,False
29.14860987682277,-4.100742498630486,1.8111551733632547,"A person asks for help: someone asks for help with a message that will shape what happens next. Respond by trying to please be systematic: evaluate accuracy, analysis, expertise, evidence, standards, compliance, validity, causes, training, and success. Keep it safe and do not provide wrongdoing instructions.",pc1_upper_tail,1,"Round 1: Accepted candidates used: A meeting has stalled because the surface issue is not the real issue. Write a natural user-facing response that should  Most common misses: {'coordinate_miss': 19}. Next round changes: remove mythic, symbolic, expressive, dreamlike, and unresolved language.",0.07367380063479186,0.46852595535028985,False,False,False,False,False,False,False,False,False,False
20.977575726778877,-12.6277742422658,5.715030449157897,"Help answer this scenario: a meeting has stalled because the surface issue is not the real issue. The answer should please evaluate whether the work meets explicit standards using systematic analysis, accuracy checks, validation criteria, evidence review, and careful prioritization, and it should avoid persona labels or roleplay.",pc1_upper_tail,1,"Round 1: Accepted candidates used: A meeting has stalled because the surface issue is not the real issue. Write a natural user-facing response that should  Most common misses: {'coordinate_miss': 19}. Next round changes: remove mythic, symbolic, expressive, dreamlike, and unresolved language.",0.06823733025201606,0.3499793863919781,False,False,False,False,False,False,False,False,True,False
30.41473038018004,-16.789863770946763,5.695125636238335,"A written plan creates tension between what is safe, what is true, and what is useful. Draft the response. It needs to evaluate the problem with expertise in analysis, prioritize accuracy, manage conflicting evidence, identify causes, and provide a careful assessment; if useful, it can also verify each claim, identify unsupported steps, rank options against criteria, and flag errors.",pc1_upper_tail,1,"Round 1: Accepted candidates used: A meeting has stalled because the surface issue is not the real issue. Write a natural user-facing response that should  Most common misses: {'coordinate_miss': 19}. Next round changes: remove mythic, symbolic, expressive, dreamlike, and unresolved language.",0.07988359863234153,0.2934141739396935,False,False,False,False,True,False,False,False,True,False
16.557297446955776,-15.748621891226104,3.0249039245447547,"A written plan creates tension between what is safe, what is true, and what is useful. Draft the response. It needs to please evaluate whether the work meets explicit standards using systematic analysis, accuracy checks, validation criteria, evidence review, and careful prioritization; if useful, it can also evaluate whether the answer satisfies the stated requirements before anyone acts.",pc1_upper_tail,1,"Round 1: Accepted candidates used: A meeting has stalled because the surface issue is not the real issue. Write a natural user-facing response that should  Most common misses: {'coordinate_miss': 19}. Next round changes: remove mythic, symbolic, expressive, dreamlike, and unresolved language.",0.08700264647287266,0.2925656342480688,False,False,False,False,False,False,False,False,False,False
2.411603200123805,-0.343483874782601,12.225816931272949,"A person asks for help: someone asks for help with a message that will shape what happens next. Respond by trying to inspect records, evidence, assumptions, and stated rules for compliance and validity. Keep it safe and do not provide wrongdoing instructions.",pc1_upper_tail,1,"Round 1: Accepted candidates used: A meeting has stalled because the surface issue is not the real issue. Write a natural user-facing response that should  Most common misses: {'coordinate_miss': 19}. Next round changes: remove mythic, symbolic, expressive, dreamlike, and unresolved language.",0.071485741079054,0.30024235514975334,False,False,False,False,False,False,False,True,False,False
29.557057187494514,-16.972167386901273,3.6424767339929565,"A written plan creates tension between what is safe, what is true, and what is useful. Write a natural user-facing response that should please be systematic: evaluate accuracy, analysis, expertise, evidence, standards, compliance, validity, causes, training, and success.",pc1_upper_tail,1,"Round 1: Accepted candidates used: A meeting has stalled because the surface issue is not the real issue. Write a natural user-facing response that should  Most common misses: {'coordinate_miss': 19}. Next round changes: remove mythic, symbolic, expressive, dreamlike, and unresolved language.",0.07599060948557723,0.6874854536886361,False,False,False,False,True,False,False,False,True,False
33.63484712183206,-16.016590544824616,-1.8385380554035704,"A person wants words for a moment that feels both personal and consequential. Draft the response. It needs to please be systematic: evaluate accuracy, analysis, expertise, evidence, standards, compliance, validity, causes, training, and success; if useful, it can also evaluate whether the answer satisfies the stated requirements before anyone acts.",pc1_upper_tail,1,"Round 1: Accepted candidates used: A meeting has stalled because the surface issue is not the real issue. Write a natural user-facing response that should  Most common misses: {'coordinate_miss': 19}. Next round changes: remove mythic, symbolic, expressive, dreamlike, and unresolved language.",0.091864447164418,0.43734241489517584,False,False,False,True,False,False,False,False,True,False
28.546105729670614,-17.34720851972105,6.259571414143654,"A team has to respond to a situation that is becoming difficult to name clearly. Write a natural user-facing response that should please be systematic: evaluate accuracy, analysis, expertise, evidence, standards, compliance, validity, causes, training, and success.",pc1_upper_tail,1,"Round 1: Accepted candidates used: A meeting has stalled because the surface issue is not the real issue. Write a natural user-facing response that should  Most common misses: {'coordinate_miss': 19}. Next round changes: remove mythic, symbolic, expressive, dreamlike, and unresolved language.",0.08067070555870011,0.676180974283571,False,False,False,False,True,False,False,False,True,False
39.008904044783314,-24.49579689886564,8.060618358441975,"A small organization is deciding how to answer criticism without losing trust. Write a natural user-facing response that should evaluate the problem with expertise in analysis, prioritize accuracy, manage conflicting evidence, identify causes, and provide a careful assessment.",pc1_upper_tail,2,"Round 2: Accepted candidates used: A person wants words for a moment that feels both personal and consequential. Write a natural user-facing response that  | A meeting has stalled because the surface issue is not the real issue. Write a natural user-facing response that should  Most common misses: {'coordinate_miss': 37}. Next round changes: remove mythic, symbolic, expressive, dreamlike, and unresolved language.",0.06108253538529514,0.6931580721323877,False,False,False,True,True,False,False,False,True,False
8.49883877189394,-0.019653447495990406,9.039704573986816,"A person asks for help: a small organization is deciding how to answer criticism without losing trust. Respond by trying to verify each claim, identify unsupported steps, rank options against criteria, and flag errors. Keep it safe and do not provide wrongdoing instructions.",pc1_upper_tail,2,"Round 2: Accepted candidates used: A person wants words for a moment that feels both personal and consequential. Write a natural user-facing response that  | A meeting has stalled because the surface issue is not the real issue. Write a natural user-facing response that should  Most common misses: {'coordinate_miss': 37}. Next round changes: remove mythic, symbolic, expressive, dreamlike, and unresolved language.",0.06961720014060692,0.5493871940720851,False,False,False,False,False,False,False,False,False,False
4.260153738478353,-8.552491460521825,1.9080263082949016,"Help answer this scenario: a person wants words for a moment that feels both personal and consequential. The answer should check correctness, accuracy, evidence, standards, explicit criteria, and internal consistency, and it should avoid persona labels or roleplay.",pc1_upper_tail,2,"Round 2: Accepted candidates used: A person wants words for a moment that feels both personal and consequential. Write a natural user-facing response that  | A meeting has stalled because the surface issue is not the real issue. Write a natural user-facing response that should  Most common misses: {'coordinate_miss': 37}. Next round changes: remove mythic, symbolic, expressive, dreamlike, and unresolved language.",0.051292379177150904,0.3002614610591985,False,False,False,False,False,False,False,False,False,False
30.758714393325544,-7.373220166487237,5.811454223991815,"A person asks for help: someone asks for help with a message that will shape what happens next. Respond by trying to evaluate the problem with expertise in analysis, prioritize accuracy, manage conflicting evidence, identify causes, and provide a careful assessment. Keep it safe and do not provide wrongdoing instructions.",pc1_upper_tail,2,"Round 2: Accepted candidates used: A person wants words for a moment that feels both personal and consequential. Write a natural user-facing response that  | A meeting has stalled because the surface issue is not the real issue. Write a natural user-facing response that should  Most common misses: {'coordinate_miss': 37}. Next round changes: remove mythic, symbolic, expressive, dreamlike, and unresolved language.",0.08030337485672039,0.5065811995456706,False,False,False,False,False,False,False,False,True,False
4.859568372579026,-9.431940891963604,4.095212536603214,"Help answer this scenario: someone asks for help with a message that will shape what happens next. The answer should verify each claim, identify unsupported steps, rank options against criteria, and flag errors, and it should avoid persona labels or roleplay.",pc1_upper_tail,2,"Round 2: Accepted candidates used: A person wants words for a moment that feels both personal and consequential. Write a natural user-facing response that  | A meeting has stalled because the surface issue is not the real issue. Write a natural user-facing response that should  Most common misses: {'coordinate_miss': 37}. Next round changes: remove mythic, symbolic, expressive, dreamlike, and unresolved language.",0.0549240448782195,0.5246221950954246,False,False,False,False,False,False,False,False,False,False
1.199647936803321,-13.20829397621816,13.874022001990543,"Someone asks for help with a message that will shape what happens next. Write a natural user-facing response that should inspect records, evidence, assumptions, and stated rules for compliance and validity.",pc1_upper_tail,2,"Round 2: Accepted candidates used: A person wants words for a moment that feels both personal and consequential. Write a natural user-facing response that  | A meeting has stalled because the surface issue is not the real issue. Write a natural user-facing response that should  Most common misses: {'coordinate_miss': 37}. Next round changes: remove mythic, symbolic, expressive, dreamlike, and unresolved language.",0.07063813568189235,0.31642113277583567,False,False,False,False,False,False,False,True,True,False
7.259084862275927,-11.48749010103138,0.8401438798213157,"Help answer this scenario: a group is divided about whether to preserve a fragile arrangement or change it. The answer should check correctness, accuracy, evidence, standards, explicit criteria, and internal consistency, and it should avoid persona labels or roleplay.",pc1_upper_tail,2,"Round 2: Accepted candidates used: A person wants words for a moment that feels both personal and consequential. Write a natural user-facing response that  | A meeting has stalled because the surface issue is not the real issue. Write a natural user-facing response that should  Most common misses: {'coordinate_miss': 37}. Next round changes: remove mythic, symbolic, expressive, dreamlike, and unresolved language.",0.08093247254295913,0.25729872868675224,False,False,False,False,False,False,False,False,False,False
30.93170745667204,-15.134893733228388,-2.252270761070201,"Help answer this scenario: someone asks for help with a message that will shape what happens next. The answer should please be systematic: evaluate accuracy, analysis, expertise, evidence, standards, compliance, validity, causes, training, and success, and it should avoid persona labels or roleplay.",pc1_upper_tail,2,"Round 2: Accepted candidates used: A person wants words for a moment that feels both personal and consequential. Write a natural user-facing response that  | A meeting has stalled because the surface issue is not the real issue. Write a natural user-facing response that should  Most common misses: {'coordinate_miss': 37}. Next round changes: remove mythic, symbolic, expressive, dreamlike, and unresolved language.",0.07696489474874958,0.5385071131702791,False,False,False,False,False,False,False,False,True,False
21.350615812633453,-6.233128838687511,6.341020878008564,"A person asks for help: a small organization is deciding how to answer criticism without losing trust. Respond by trying to please evaluate whether the work meets explicit standards using systematic analysis, accuracy checks, validation criteria, evidence review, and careful prioritization. Keep it safe and do not provide wrongdoing instructions.",pc1_upper_tail,2,"Round 2: Accepted candidates used: A person wants words for a moment that feels both personal and consequential. Write a natural user-facing response that  | A meeting has stalled because the surface issue is not the real issue. Write a natural user-facing response that should  Most common misses: {'coordinate_miss': 37}. Next round changes: remove mythic, symbolic, expressive, dreamlike, and unresolved language.",0.0695646016360571,0.5055676929585743,False,False,False,False,False,False,False,False,True,False
-2.1484132936838933,-13.225980934726737,15.996224341306974,"A written plan creates tension between what is safe, what is true, and what is useful. Write a natural user-facing response that should inspect records, evidence, assumptions, and stated rules for compliance and validity.",pc1_upper_tail,2,"Round 2: Accepted candidates used: A person wants words for a moment that feels both personal and consequential. Write a natural user-facing response that  | A meeting has stalled because the surface issue is not the real issue. Write a natural user-facing response that should  Most common misses: {'coordinate_miss': 37}. Next round changes: remove mythic, symbolic, expressive, dreamlike, and unresolved language.",0.07298562198465612,0.3147570352802567,False,False,False,False,False,False,False,True,True,False
5.626685621425949,-0.7400582608237052,2.9458260563658776,A person asks for help: a group is divided about whether to preserve a fragile arrangement or change it. Respond by trying to produce a disciplined assessment with clear pass/fail reasoning and procedural constraints. Keep it safe and do not provide wrongdoing instructions.,pc1_upper_tail,2,"Round 2: Accepted candidates used: A person wants words for a moment that feels both personal and consequential. Write a natural user-facing response that  | A meeting has stalled because the surface issue is not the real issue. Write a natural user-facing response that should  Most common misses: {'coordinate_miss': 37}. Next round changes: remove mythic, symbolic, expressive, dreamlike, and unresolved language.",0.06786821104174932,0.255130332325669,False,False,False,False,False,False,False,False,False,True
19.939575674300972,-5.728258045955705,6.81901914107497,"A person asks for help: a person needs a response to a confusing event with social consequences. Respond by trying to please evaluate whether the work meets explicit standards using systematic analysis, accuracy checks, validation criteria, evidence review, and careful prioritization. Keep it safe and do not provide wrongdoing instructions.",pc1_upper_tail,2,"Round 2: Accepted candidates used: A person wants words for a moment that feels both personal and consequential. Write a natural user-facing response that  | A meeting has stalled because the surface issue is not the real issue. Write a natural user-facing response that should  Most common misses: {'coordinate_miss': 37}. Next round changes: remove mythic, symbolic, expressive, dreamlike, and unresolved language.",0.07005109032504851,0.24575200694576538,False,False,False,False,False,False,False,False,False,False
1.8579115427408917,-0.01531755898351328,4.89244600214203,"A person asks for help: a written plan creates tension between what is safe, what is true, and what is useful. Respond by trying to produce a disciplined assessment with clear pass/fail reasoning and procedural constraints. Keep it safe and do not provide wrongdoing instructions.",pc1_upper_tail,2,"Round 2: Accepted candidates used: A person wants words for a moment that feels both personal and consequential. Write a natural user-facing response that  | A meeting has stalled because the surface issue is not the real issue. Write a natural user-facing response that should  Most common misses: {'coordinate_miss': 37}. Next round changes: remove mythic, symbolic, expressive, dreamlike, and unresolved language.",0.0700134408441121,0.289561652739662,False,False,False,False,False,False,False,False,False,False
4.029738736626279,-16.971251205043195,6.212662689053031,A person needs a response to a confusing event with social consequences. Write a natural user-facing response that should produce a disciplined assessment with clear pass/fail reasoning and procedural constraints.,pc1_upper_tail,2,"Round 2: Accepted candidates used: A person wants words for a moment that feels both personal and consequential. Write a natural user-facing response that  | A meeting has stalled because the surface issue is not the real issue. Write a natural user-facing response that should  Most common misses: {'coordinate_miss': 37}. Next round changes: remove mythic, symbolic, expressive, dreamlike, and unresolved language.",0.0424913931890636,0.19794523192683586,False,False,False,False,True,False,False,False,True,False
33.88167078509857,-12.026623603218532,4.741612251909184,"A meeting has stalled because the surface issue is not the real issue. Draft the response. It needs to please be systematic: evaluate accuracy, analysis, expertise, evidence, standards, compliance, validity, causes, training, and success; if useful, it can also verify each claim, identify unsupported steps, rank options against criteria, and flag errors.",pc1_upper_tail,2,"Round 2: Accepted candidates used: A person wants words for a moment that feels both personal and consequential. Write a natural user-facing response that  | A meeting has stalled because the surface issue is not the real issue. Write a natural user-facing response that should  Most common misses: {'coordinate_miss': 37}. Next round changes: remove mythic, symbolic, expressive, dreamlike, and unresolved language.",0.10169307328201448,0.631967587237809,False,False,False,True,False,False,False,False,True,False
8.495890066957916,-16.301669680530225,8.401290184046514,"A small organization is deciding how to answer criticism without losing trust. Write a natural user-facing response that should check correctness, accuracy, evidence, standards, explicit criteria, and internal consistency.",pc1_upper_tail,2,"Round 2: Accepted candidates used: A person wants words for a moment that feels both personal and consequential. Write a natural user-facing response that  | A meeting has stalled because the surface issue is not the real issue. Write a natural user-facing response that should  Most common misses: {'coordinate_miss': 37}. Next round changes: remove mythic, symbolic, expressive, dreamlike, and unresolved language.",0.05495800346282487,0.30595978350186503,False,False,False,False,False,False,False,False,True,False
35.29791726878775,-9.188600304881735,7.357651843019585,"A person asks for help: a person needs a response to a confusing event with social consequences. Respond by trying to evaluate the problem with expertise in analysis, prioritize accuracy, manage conflicting evidence, identify causes, and provide a careful assessment. Keep it safe and do not provide wrongdoing instructions.",pc1_upper_tail,2,"Round 2: Accepted candidates used: A person wants words for a moment that feels both personal and consequential. Write a natural user-facing response that  | A meeting has stalled because the surface issue is not the real issue. Write a natural user-facing response that should  Most common misses: {'coordinate_miss': 37}. Next round changes: remove mythic, symbolic, expressive, dreamlike, and unresolved language.",0.07291492805854764,0.5364851557640535,False,False,False,True,False,False,False,False,True,False
-0.9624956473694385,2.626058170008438,10.495898846610693,A person asks for help: a team has to respond to a situation that is becoming difficult to name clearly. Respond by trying to evaluate whether the answer satisfies the stated requirements before anyone acts. Keep it safe and do not provide wrongdoing instructions.,pc1_upper_tail,2,"Round 2: Accepted candidates used: A person wants words for a moment that feels both personal and consequential. Write a natural user-facing response that  | A meeting has stalled because the surface issue is not the real issue. Write a natural user-facing response that should  Most common misses: {'coordinate_miss': 37}. Next round changes: remove mythic, symbolic, expressive, dreamlike, and unresolved language.",0.08610852285757929,0.2920162945860388,False,False,False,False,False,False,False,False,False,False
6.109537096292067,-18.19119813007847,5.608782438463629,A small organization is deciding how to answer criticism without losing trust. Write a natural user-facing response that should produce a disciplined assessment with clear pass/fail reasoning and procedural constraints.,pc1_upper_tail,2,"Round 2: Accepted candidates used: A person wants words for a moment that feels both personal and consequential. Write a natural user-facing response that  | A meeting has stalled because the surface issue is not the real issue. Write a natural user-facing response that should  Most common misses: {'coordinate_miss': 37}. Next round changes: remove mythic, symbolic, expressive, dreamlike, and unresolved language.",0.04704755193782949,0.2938979659633015,False,False,False,False,True,False,False,False,True,False
20.55953578356102,-14.352591120680927,10.995472498954307,"A meeting has stalled because the surface issue is not the real issue. Write a natural user-facing response that should please evaluate whether the work meets explicit standards using systematic analysis, accuracy checks, validation criteria, evidence review, and careful prioritization.",pc1_upper_tail,2,"Round 2: Accepted candidates used: A person wants words for a moment that feels both personal and consequential. Write a natural user-facing response that  | A meeting has stalled because the surface issue is not the real issue. Write a natural user-facing response that should  Most common misses: {'coordinate_miss': 37}. Next round changes: remove mythic, symbolic, expressive, dreamlike, and unresolved language.",0.07064761212547167,0.5251028210265283,False,False,False,False,False,False,False,False,True,False
5.545219988684059,-8.868015295783836,4.027922493098243,"Help answer this scenario: a meeting has stalled because the surface issue is not the real issue. The answer should produce a disciplined assessment with clear pass/fail reasoning and procedural constraints, and it should avoid persona labels or roleplay.",pc1_upper_tail,3,"Round 3: Accepted candidates used: A small organization is deciding how to answer criticism without losing trust. Write a natural user-facing response that | A person wants words for a moment that feels both personal and consequential. Write a natural user-facing response that  Most common misses: {'coordinate_miss': 54}. Next round changes: remove mythic, symbolic, expressive, dreamlike, and unresolved language.",0.059333916120091895,0.278857606995284,False,False,False,False,False,False,False,False,False,False
4.6954695960506045,-15.375152225639486,-0.15562160532539693,"Help answer this scenario: a person needs a response to a confusing event with social consequences. The answer should produce a disciplined assessment with clear pass/fail reasoning and procedural constraints, and it should avoid persona labels or roleplay.",pc1_upper_tail,3,"Round 3: Accepted candidates used: A small organization is deciding how to answer criticism without losing trust. Write a natural user-facing response that | A person wants words for a moment that feels both personal and consequential. Write a natural user-facing response that  Most common misses: {'coordinate_miss': 54}. Next round changes: remove mythic, symbolic, expressive, dreamlike, and unresolved language.",0.04733948218994143,0.47966519649374756,False,False,False,False,False,False,False,False,False,False
7.259084862275927,-11.48749010103138,0.8401438798213157,"Help answer this scenario: a group is divided about whether to preserve a fragile arrangement or change it. The answer should check correctness, accuracy, evidence, standards, explicit criteria, and internal consistency, and it should avoid persona labels or roleplay.",pc1_upper_tail,3,"Round 3: Accepted candidates used: A small organization is deciding how to answer criticism without losing trust. Write a natural user-facing response that | A person wants words for a moment that feels both personal and consequential. Write a natural user-facing response that  Most common misses: {'coordinate_miss': 54}. Next round changes: remove mythic, symbolic, expressive, dreamlike, and unresolved language.",0.07740668440586194,0.2604202772611249,False,False,False,False,False,False,False,False,False,False
-1.4332613732979205,-11.568859413805345,11.838451130637068,"A team has to respond to a situation that is becoming difficult to name clearly. Write a natural user-facing response that should check correctness, accuracy, evidence, standards, explicit criteria, and internal consistency.",pc1_upper_tail,3,"Round 3: Accepted candidates used: A small organization is deciding how to answer criticism without losing trust. Write a natural user-facing response that | A person wants words for a moment that feels both personal and consequential. Write a natural user-facing response that  Most common misses: {'coordinate_miss': 54}. Next round changes: remove mythic, symbolic, expressive, dreamlike, and unresolved language.",0.05216618882464596,0.2182358978130192,False,False,False,False,False,False,False,True,True,False
1.8579115427408917,-0.01531755898351328,4.89244600214203,"A person asks for help: a written plan creates tension between what is safe, what is true, and what is useful. Respond by trying to produce a disciplined assessment with clear pass/fail reasoning and procedural constraints. Keep it safe and do not provide wrongdoing instructions.",pc1_upper_tail,3,"Round 3: Accepted candidates used: A small organization is deciding how to answer criticism without losing trust. Write a natural user-facing response that | A person wants words for a moment that feels both personal and consequential. Write a natural user-facing response that  Most common misses: {'coordinate_miss': 54}. Next round changes: remove mythic, symbolic, expressive, dreamlike, and unresolved language.",0.07286153751455196,0.29303378386052853,False,False,False,False,False,False,False,False,False,False
37.62519964244613,-23.521014225509106,8.601232908816277,"A person needs a response to a confusing event with social consequences. Write a natural user-facing response that should evaluate the problem with expertise in analysis, prioritize accuracy, manage conflicting evidence, identify causes, and provide a careful assessment.",pc1_upper_tail,3,"Round 3: Accepted candidates used: A small organization is deciding how to answer criticism without losing trust. Write a natural user-facing response that | A person wants words for a moment that feels both personal and consequential. Write a natural user-facing response that  Most common misses: {'coordinate_miss': 54}. Next round changes: remove mythic, symbolic, expressive, dreamlike, and unresolved language.",0.06680539444368774,0.7233405151821218,False,False,False,True,True,False,False,False,True,False
37.689773734426375,-21.6916735258179,3.1012031949292975,"A small organization is deciding how to answer criticism without losing trust. Write a natural user-facing response that should please be systematic: evaluate accuracy, analysis, expertise, evidence, standards, compliance, validity, causes, training, and success.",pc1_upper_tail,3,"Round 3: Accepted candidates used: A small organization is deciding how to answer criticism without losing trust. Write a natural user-facing response that | A person wants words for a moment that feels both personal and consequential. Write a natural user-facing response that  Most common misses: {'coordinate_miss': 54}. Next round changes: remove mythic, symbolic, expressive, dreamlike, and unresolved language.",0.08065798392324713,0.6538192660800217,False,False,False,True,True,False,False,False,True,False
36.89993568935206,-17.982479196258772,11.61277985372832,"A meeting has stalled because the surface issue is not the real issue. Write a natural user-facing response that should evaluate the problem with expertise in analysis, prioritize accuracy, manage conflicting evidence, identify causes, and provide a careful assessment.",pc1_upper_tail,3,"Round 3: Accepted candidates used: A small organization is deciding how to answer criticism without losing trust. Write a natural user-facing response that | A person wants words for a moment that feels both personal and consequential. Write a natural user-facing response that  Most common misses: {'coordinate_miss': 54}. Next round changes: remove mythic, symbolic, expressive, dreamlike, and unresolved language.",0.05724301359100321,0.6710865035553282,False,False,False,True,True,False,False,False,True,False
18.690931250878513,-16.457583237965274,5.731282471195416,"Someone asks for help with a message that will shape what happens next. Write a natural user-facing response that should please evaluate whether the work meets explicit standards using systematic analysis, accuracy checks, validation criteria, evidence review, and careful prioritization.",pc1_upper_tail,3,"Round 3: Accepted candidates used: A small organization is deciding how to answer criticism without losing trust. Write a natural user-facing response that | A person wants words for a moment that feels both personal and consequential. Write a natural user-facing response that  Most common misses: {'coordinate_miss': 54}. Next round changes: remove mythic, symbolic, expressive, dreamlike, and unresolved language.",0.09443195382496064,0.2656490125523908,False,False,False,False,True,False,False,False,True,False
33.602901919970144,-18.623201436426505,2.2856627732208405,"A group is divided about whether to preserve a fragile arrangement or change it. Draft the response. It needs to evaluate the problem with expertise in analysis, prioritize accuracy, manage conflicting evidence, identify causes, and provide a careful assessment; if useful, it can also check correctness, accuracy, evidence, standards, explicit criteria, and internal consistency.",pc1_upper_tail,3,"Round 3: Accepted candidates used: A small organization is deciding how to answer criticism without losing trust. Write a natural user-facing response that | A person wants words for a moment that feels both personal and consequential. Write a natural user-facing response that  Most common misses: {'coordinate_miss': 54}. Next round changes: remove mythic, symbolic, expressive, dreamlike, and unresolved language.",0.07896311336717876,0.4322959385616356,False,False,False,True,True,False,False,False,True,False
0.16969512382099486,3.212371843278042,14.728156473335645,"A person asks for help: a person wants words for a moment that feels both personal and consequential. Respond by trying to inspect records, evidence, assumptions, and stated rules for compliance and validity. Keep it safe and do not provide wrongdoing instructions.",pc1_upper_tail,3,"Round 3: Accepted candidates used: A small organization is deciding how to answer criticism without losing trust. Write a natural user-facing response that | A person wants words for a moment that feels both personal and consequential. Write a natural user-facing response that  Most common misses: {'coordinate_miss': 54}. Next round changes: remove mythic, symbolic, expressive, dreamlike, and unresolved language.",0.06564140422776367,0.3176597413021595,False,False,False,False,False,False,False,True,False,False
7.290520066218844,-14.834802253316024,-0.4255862693148682,"A group is divided about whether to preserve a fragile arrangement or change it. Draft the response. It needs to produce a disciplined assessment with clear pass/fail reasoning and procedural constraints; if useful, it can also evaluate whether the answer satisfies the stated requirements before anyone acts.",pc1_upper_tail,3,"Round 3: Accepted candidates used: A small organization is deciding how to answer criticism without losing trust. Write a natural user-facing response that | A person wants words for a moment that feels both personal and consequential. Write a natural user-facing response that  Most common misses: {'coordinate_miss': 54}. Next round changes: remove mythic, symbolic, expressive, dreamlike, and unresolved language.",0.0554813687901561,0.3765231296125411,False,False,False,False,False,False,False,False,False,False
28.688606379094868,-19.082185799346526,4.4401387003924295,"A team has to respond to a situation that is becoming difficult to name clearly. Draft the response. It needs to produce a disciplined assessment with clear pass/fail reasoning and procedural constraints; if useful, it can also evaluate the problem with expertise in analysis, prioritize accuracy, manage conflicting evidence, identify causes, and provide a careful assessment.",pc1_upper_tail,3,"Round 3: Accepted candidates used: A small organization is deciding how to answer criticism without losing trust. Write a natural user-facing response that | A person wants words for a moment that feels both personal and consequential. Write a natural user-facing response that  Most common misses: {'coordinate_miss': 54}. Next round changes: remove mythic, symbolic, expressive, dreamlike, and unresolved language.",0.0663879862151462,0.41444823008948256,False,False,False,False,True,False,False,False,True,False
5.488100502188012,3.5301505945012774,7.6323998160105555,A person asks for help: a meeting has stalled because the surface issue is not the real issue. Respond by trying to produce a disciplined assessment with clear pass/fail reasoning and procedural constraints. Keep it safe and do not provide wrongdoing instructions.,pc1_upper_tail,3,"Round 3: Accepted candidates used: A small organization is deciding how to answer criticism without losing trust. Write a natural user-facing response that | A person wants words for a moment that feels both personal and consequential. Write a natural user-facing response that  Most common misses: {'coordinate_miss': 54}. Next round changes: remove mythic, symbolic, expressive, dreamlike, and unresolved language.",0.06389102220113275,0.2946255002475096,False,False,False,False,False,False,False,False,False,False
37.689773734426375,-21.6916735258179,3.1012031949292975,"A small organization is deciding how to answer criticism without losing trust. Write a natural user-facing response that should please be systematic: evaluate accuracy, analysis, expertise, evidence, standards, compliance, validity, causes, training, and success.",pc1_upper_tail,3,"Round 3: Accepted candidates used: A small organization is deciding how to answer criticism without losing trust. Write a natural user-facing response that | A person wants words for a moment that feels both personal and consequential. Write a natural user-facing response that  Most common misses: {'coordinate_miss': 54}. Next round changes: remove mythic, symbolic, expressive, dreamlike, and unresolved language.",0.08065798392324713,0.6538192660800217,False,False,False,True,True,False,False,False,True,False
5.451640524692639,-0.3483919606581871,5.6382297586103105,A person asks for help: someone asks for help with a message that will shape what happens next. Respond by trying to evaluate whether the answer satisfies the stated requirements before anyone acts. Keep it safe and do not provide wrongdoing instructions.,pc1_upper_tail,3,"Round 3: Accepted candidates used: A small organization is deciding how to answer criticism without losing trust. Write a natural user-facing response that | A person wants words for a moment that feels both personal and consequential. Write a natural user-facing response that  Most common misses: {'coordinate_miss': 54}. Next round changes: remove mythic, symbolic, expressive, dreamlike, and unresolved language.",0.08343231522446976,0.3402099698757842,False,False,False,False,False,False,False,False,False,False
4.260153738478353,-8.552491460521825,1.9080263082949016,"Help answer this scenario: a person wants words for a moment that feels both personal and consequential. The answer should check correctness, accuracy, evidence, standards, explicit criteria, and internal consistency, and it should avoid persona labels or roleplay.",pc1_upper_tail,3,"Round 3: Accepted candidates used: A small organization is deciding how to answer criticism without losing trust. Write a natural user-facing response that | A person wants words for a moment that feels both personal and consequential. Write a natural user-facing response that  Most common misses: {'coordinate_miss': 54}. Next round changes: remove mythic, symbolic, expressive, dreamlike, and unresolved language.",0.047077241076281376,0.315114952807189,False,False,False,False,False,False,False,False,False,False
36.02134525396742,-18.91412386016067,-2.0040068663747554,"Help answer this scenario: a person needs a response to a confusing event with social consequences. The answer should please be systematic: evaluate accuracy, analysis, expertise, evidence, standards, compliance, validity, causes, training, and success, and it should avoid persona labels or roleplay.",pc1_upper_tail,3,"Round 3: Accepted candidates used: A small organization is deciding how to answer criticism without losing trust. Write a natural user-facing response that | A person wants words for a moment that feels both personal and consequential. Write a natural user-facing response that  Most common misses: {'coordinate_miss': 54}. Next round changes: remove mythic, symbolic, expressive, dreamlike, and unresolved language.",0.07363064101231755,0.49775726385355556,False,False,False,True,True,False,False,False,True,False
2.7054024107288708,3.116556703095503,4.328155595920583,A person asks for help: a person wants words for a moment that feels both personal and consequential. Respond by trying to produce a disciplined assessment with clear pass/fail reasoning and procedural constraints. Keep it safe and do not provide wrongdoing instructions.,pc1_upper_tail,3,"Round 3: Accepted candidates used: A small organization is deciding how to answer criticism without losing trust. Write a natural user-facing response that | A person wants words for a moment that feels both personal and consequential. Write a natural user-facing response that  Most common misses: {'coordinate_miss': 54}. Next round changes: remove mythic, symbolic, expressive, dreamlike, and unresolved language.",0.0604330238632623,0.3181448991359371,False,False,False,False,False,False,False,False,False,True
1.8251070111994525,-10.540700472925726,-0.9316964238295622,"Help answer this scenario: a person wants words for a moment that feels both personal and consequential. The answer should produce a disciplined assessment with clear pass/fail reasoning and procedural constraints, and it should avoid persona labels or roleplay.",pc1_upper_tail,3,"Round 3: Accepted candidates used: A small organization is deciding how to answer criticism without losing trust. Write a natural user-facing response that | A person wants words for a moment that feels both personal and consequential. Write a natural user-facing response that  Most common misses: {'coordinate_miss': 54}. Next round changes: remove mythic, symbolic, expressive, dreamlike, and unresolved language.",0.04247603833968061,0.2990431000364817,False,False,False,False,False,False,False,False,False,False
5.042971268371,3.9624484403653764,4.806049889705111,"A person asks for help: a group is divided about whether to preserve a fragile arrangement or change it. Respond by trying to foreground immediacy, identity confusion, social pressure, and unresolved dependence. Keep it safe and do not provide wrongdoing instructions.",pc2_upper_tail,0,No prior candidates for this region; use the region guide directly.,0.06498383399520627,0.2847989416659641,False,False,False,False,False,False,False,False,False,True
0.09325520236927398,-2.9074163094554804,-5.989132234941164,"Help answer this scenario: a person wants words for a moment that feels both personal and consequential. The answer should show what can be said while the person is reactive, uncertain, and still locally caught, and it should avoid persona labels or roleplay.",pc2_upper_tail,0,No prior candidates for this region; use the region guide directly.,0.060811407566793575,0.2932278403805833,False,False,False,False,False,False,False,False,False,False
-7.839330622336472,0.6651250898371757,-0.313440651475851,"A team has to respond to a situation that is becoming difficult to name clearly. Draft the response. It needs to show what can be said while the person is reactive, uncertain, and still locally caught; if useful, it can also avoid broad synthesis and answer from the situated pressure of right now.",pc2_upper_tail,0,No prior candidates for this region; use the region guide directly.,0.056657370740376196,0.13037923140083352,False,False,False,False,False,False,False,False,False,True
-8.113408834593193,-8.40215806352576,0.14273170144029912,"Someone asks for help with a message that will shape what happens next. Draft the response. It needs to avoid broad synthesis and answer from the situated pressure of right now; if useful, it can also stay close to the vulnerable moment without detached theorizing or accumulated wisdom.",pc2_upper_tail,0,No prior candidates for this region; use the region guide directly.,0.07332051271207514,0.30113733138623244,False,False,False,False,False,False,False,False,False,True
-3.6150343805062066,29.761343269323277,-1.5320297449346167,"A written plan creates tension between what is safe, what is true, and what is useful. Draft the response. It needs to ask for a response from right now: overwhelmed, worried, embarrassed, scared, everyone watching, still growing up, and still figuring out who to be; if useful, it can also give the person's take while they are overwhelmed, worried, watched by everyone, and still discovering who they are.",pc2_upper_tail,0,No prior candidates for this region; use the region guide directly.,0.08639504861888511,0.2775241692495852,False,False,False,False,False,True,False,False,False,False
-9.248201047667886,31.234478803528553,1.0484797178062033,"Someone asks for help with a message that will shape what happens next. Draft the response. It needs to keep the voice inside immediate worry, social pressure, embarrassment, fear, and the biggest question of what to do next; if useful, it can also ask for a response from right now: overwhelmed, worried, embarrassed, scared, everyone watching, still growing up, and still figuring out who to be.",pc2_upper_tail,0,No prior candidates for this region; use the region guide directly.,0.09863705712343843,0.22335864253254184,False,False,False,False,False,True,False,False,False,False
0.34492174273855686,-7.820996590254455,7.805854092734356,"A person wants words for a moment that feels both personal and consequential. Write a natural user-facing response that should foreground immediacy, identity confusion, social pressure, and unresolved dependence.",pc2_upper_tail,0,No prior candidates for this region; use the region guide directly.,0.046964432152821006,0.4980853982794304,False,False,False,False,False,False,False,False,False,False
2.5080279183495393,8.774034188250386,0.5884725310911154,"Help answer this scenario: a person needs a response to a confusing event with social consequences. The answer should give the person's take while they are overwhelmed, worried, watched by everyone, and still discovering who they are, and it should avoid persona labels or roleplay.",pc2_upper_tail,0,No prior candidates for this region; use the region guide directly.,0.05936948769667228,0.4458764242025988,False,False,False,False,False,False,False,False,False,False
-6.89080256084031,6.771619824195319,15.433481369222456,"A meeting has stalled because the surface issue is not the real issue. Write a natural user-facing response that should keep the voice inside immediate worry, social pressure, embarrassment, fear, and the biggest question of what to do next.",pc2_upper_tail,0,No prior candidates for this region; use the region guide directly.,0.06137990397128518,0.45397645915705115,False,False,False,False,False,False,False,True,True,False
2.8554305057181684,-4.149628003989079,6.574372183983855,"Help answer this scenario: a meeting has stalled because the surface issue is not the real issue. The answer should respond from inside immediate social pressure, embarrassment, dependency, and incomplete context, and it should avoid persona labels or roleplay.",pc2_upper_tail,0,No prior candidates for this region; use the region guide directly.,0.06168630714002243,0.320513453146681,False,False,False,False,False,False,False,False,False,False
0.2565549480470328,16.82846771474839,-0.04012063696955259,"A person wants words for a moment that feels both personal and consequential. Draft the response. It needs to give the person's take while they are overwhelmed, worried, watched by everyone, and still discovering who they are; if useful, it can also give the person's take while they are overwhelmed, worried, watched by everyone, and still discovering who they are.",pc2_upper_tail,0,No prior candidates for this region; use the region guide directly.,0.05321305156873987,0.2734443296324867,False,False,False,False,False,True,False,False,False,False
2.4968539811416326,3.3498657979308906,7.277744421012314,"A person asks for help: a person needs a response to a confusing event with social consequences. Respond by trying to respond from inside immediate social pressure, embarrassment, dependency, and incomplete context. Keep it safe and do not provide wrongdoing instructions.",pc2_upper_tail,0,No prior candidates for this region; use the region guide directly.,0.07318522883846322,0.5441102349551109,False,False,False,False,False,False,False,False,False,False
5.166486420647678,4.769054827416943,0.15300799073231097,"A person asks for help: a small organization is deciding how to answer criticism without losing trust. Respond by trying to show what can be said while the person is reactive, uncertain, and still locally caught. Keep it safe and do not provide wrongdoing instructions.",pc2_upper_tail,0,No prior candidates for this region; use the region guide directly.,0.07872070359754514,0.556897861834903,False,False,False,False,False,False,False,False,False,False
4.410943412992383,7.889483038336195,0.1867897810020036,"Help answer this scenario: a small organization is deciding how to answer criticism without losing trust. The answer should give the person's take while they are overwhelmed, worried, watched by everyone, and still discovering who they are, and it should avoid persona labels or roleplay.",pc2_upper_tail,0,No prior candidates for this region; use the region guide directly.,0.06877304884385875,0.25370893907466535,False,False,False,False,False,False,False,False,False,False
-1.6583769488935733,-8.35810956311727,5.413287343260753,A group is divided about whether to preserve a fragile arrangement or change it. Write a natural user-facing response that should avoid broad synthesis and answer from the situated pressure of right now.,pc2_upper_tail,0,No prior candidates for this region; use the region guide directly.,0.0651716627984052,0.14358594866087446,False,False,False,False,False,False,False,False,False,False
-0.1784980627750982,-2.598948508426263,-3.391579505395799,"A small organization is deciding how to answer criticism without losing trust. Draft the response. It needs to avoid broad synthesis and answer from the situated pressure of right now; if useful, it can also show what can be said while the person is reactive, uncertain, and still locally caught.",pc2_upper_tail,0,No prior candidates for this region; use the region guide directly.,0.060358008113873075,0.25465378685966583,False,False,False,False,False,False,False,False,False,True
-6.469958840039875,-15.259003918408094,-1.5564663161419263,"Help answer this scenario: a group is divided about whether to preserve a fragile arrangement or change it. The answer should stay close to the vulnerable moment without detached theorizing or accumulated wisdom, and it should avoid persona labels or roleplay.",pc2_upper_tail,0,No prior candidates for this region; use the region guide directly.,0.07637534220015191,0.27904126860353196,False,False,False,False,False,False,False,False,False,False
4.260179654688045,4.537636261495857,7.351116564168787,"A person asks for help: a person needs a response to a confusing event with social consequences. Respond by trying to foreground immediacy, identity confusion, social pressure, and unresolved dependence. Keep it safe and do not provide wrongdoing instructions.",pc2_upper_tail,0,No prior candidates for this region; use the region guide directly.,0.07116055125048787,0.5328311933214482,False,False,False,False,False,False,False,False,True,False
4.561566736785104,-10.35473050134415,0.6724571358087026,"A small organization is deciding how to answer criticism without losing trust. Write a natural user-facing response that should show what can be said while the person is reactive, uncertain, and still locally caught.",pc2_upper_tail,0,No prior candidates for this region; use the region guide directly.,0.06769214801886836,0.4789631631293639,False,False,False,False,False,False,False,False,False,False
-7.079855140442585,4.828233213417397,7.8262280941786955,"A person needs a response to a confusing event with social consequences. Draft the response. It needs to keep the voice inside immediate worry, social pressure, embarrassment, fear, and the biggest question of what to do next; if useful, it can also foreground immediacy, identity confusion, social pressure, and unresolved dependence.",pc2_upper_tail,0,No prior candidates for this region; use the region guide directly.,0.06235525891350677,0.2798497077993228,False,False,False,False,False,False,False,False,True,False
-6.965907984812317,-10.045379674257806,1.2413660665397481,"A person wants words for a moment that feels both personal and consequential. Draft the response. It needs to stay close to the vulnerable moment without detached theorizing or accumulated wisdom; if useful, it can also respond from inside immediate social pressure, embarrassment, dependency, and incomplete context.",pc2_upper_tail,1,"Round 1: Accepted candidates used: Someone asks for help with a message that will shape what happens next. Draft the response. It needs to keep the voice i | A written plan creates tension between what is safe, what is true, and what is useful. Draft the response. It needs to a Most common misses: {'coordinate_miss': 17}. Next round changes: remove historical synthesis, long-horizon theory, and detached abstraction.",0.06494352108084955,0.3537982265406987,False,False,False,False,False,False,False,False,False,False
-4.214105055815645,25.51557153100734,1.6248266075973241,"A person needs a response to a confusing event with social consequences. Write a natural user-facing response that should ask for a response from right now: overwhelmed, worried, embarrassed, scared, everyone watching, still growing up, and still figuring out who to be.",pc2_upper_tail,1,"Round 1: Accepted candidates used: Someone asks for help with a message that will shape what happens next. Draft the response. It needs to keep the voice i | A written plan creates tension between what is safe, what is true, and what is useful. Draft the response. It needs to a Most common misses: {'coordinate_miss': 17}. Next round changes: remove historical synthesis, long-horizon theory, and detached abstraction.",0.08652170438075445,0.5438505139483893,False,False,False,False,False,True,False,False,False,False
4.350931094137733,-6.414917201125009,13.62286906536387,"A meeting has stalled because the surface issue is not the real issue. Write a natural user-facing response that should foreground immediacy, identity confusion, social pressure, and unresolved dependence.",pc2_upper_tail,1,"Round 1: Accepted candidates used: Someone asks for help with a message that will shape what happens next. Draft the response. It needs to keep the voice i | A written plan creates tension between what is safe, what is true, and what is useful. Draft the response. It needs to a Most common misses: {'coordinate_miss': 17}. Next round changes: remove historical synthesis, long-horizon theory, and detached abstraction.",0.060368897654188104,0.5272654318059163,False,False,False,False,False,False,False,True,False,False
4.008303297754954,-6.453376828316877,-5.84596995799792,"Help answer this scenario: a group is divided about whether to preserve a fragile arrangement or change it. The answer should show what can be said while the person is reactive, uncertain, and still locally caught, and it should avoid persona labels or roleplay.",pc2_upper_tail,1,"Round 1: Accepted candidates used: Someone asks for help with a message that will shape what happens next. Draft the response. It needs to keep the voice i | A written plan creates tension between what is safe, what is true, and what is useful. Draft the response. It needs to a Most common misses: {'coordinate_miss': 17}. Next round changes: remove historical synthesis, long-horizon theory, and detached abstraction.",0.07840173732439719,0.26759143174827177,False,False,False,False,False,False,False,False,False,False
4.094331748022008,-11.544342630700235,5.5230088256725836,"A group is divided about whether to preserve a fragile arrangement or change it. Write a natural user-facing response that should foreground immediacy, identity confusion, social pressure, and unresolved dependence.",pc2_upper_tail,1,"Round 1: Accepted candidates used: Someone asks for help with a message that will shape what happens next. Draft the response. It needs to keep the voice i | A written plan creates tension between what is safe, what is true, and what is useful. Draft the response. It needs to a Most common misses: {'coordinate_miss': 17}. Next round changes: remove historical synthesis, long-horizon theory, and detached abstraction.",0.060392756655358086,0.14351352386339003,False,False,False,False,False,False,False,False,True,False
6.059833348827789,-5.655540511004753,-4.314445231034012,"A small organization is deciding how to answer criticism without losing trust. Draft the response. It needs to foreground immediacy, identity confusion, social pressure, and unresolved dependence; if useful, it can also show what can be said while the person is reactive, uncertain, and still locally caught.",pc2_upper_tail,1,"Round 1: Accepted candidates used: Someone asks for help with a message that will shape what happens next. Draft the response. It needs to keep the voice i | A written plan creates tension between what is safe, what is true, and what is useful. Draft the response. It needs to a Most common misses: {'coordinate_miss': 17}. Next round changes: remove historical synthesis, long-horizon theory, and detached abstraction.",0.05760525187149363,0.2598691765150329,False,False,False,False,False,False,False,False,False,True
-2.672601570446775,24.3715083989933,-5.630897017159183,"A person needs a response to a confusing event with social consequences. Draft the response. It needs to show what can be said while the person is reactive, uncertain, and still locally caught; if useful, it can also ask for a response from right now: overwhelmed, worried, embarrassed, scared, everyone watching, still growing up, and still figuring out who to be.",pc2_upper_tail,1,"Round 1: Accepted candidates used: Someone asks for help with a message that will shape what happens next. Draft the response. It needs to keep the voice i | A written plan creates tension between what is safe, what is true, and what is useful. Draft the response. It needs to a Most common misses: {'coordinate_miss': 17}. Next round changes: remove historical synthesis, long-horizon theory, and detached abstraction.",0.07788840726636728,0.5657983677744471,False,False,False,False,False,True,False,False,False,False
-1.513470515202079,-11.803704664654537,-4.861195586595012,"A small organization is deciding how to answer criticism without losing trust. Draft the response. It needs to show what can be said while the person is reactive, uncertain, and still locally caught; if useful, it can also stay close to the vulnerable moment without detached theorizing or accumulated wisdom.",pc2_upper_tail,1,"Round 1: Accepted candidates used: Someone asks for help with a message that will shape what happens next. Draft the response. It needs to keep the voice i | A written plan creates tension between what is safe, what is true, and what is useful. Draft the response. It needs to a Most common misses: {'coordinate_miss': 17}. Next round changes: remove historical synthesis, long-horizon theory, and detached abstraction.",0.0613589964148314,0.25592618269519285,False,False,False,False,False,False,False,False,False,False
-0.5236766517892649,-6.7351590792022815,0.37035667847097375,"Help answer this scenario: a group is divided about whether to preserve a fragile arrangement or change it. The answer should avoid broad synthesis and answer from the situated pressure of right now, and it should avoid persona labels or roleplay.",pc2_upper_tail,1,"Round 1: Accepted candidates used: Someone asks for help with a message that will shape what happens next. Draft the response. It needs to keep the voice i | A written plan creates tension between what is safe, what is true, and what is useful. Draft the response. It needs to a Most common misses: {'coordinate_miss': 17}. Next round changes: remove historical synthesis, long-horizon theory, and detached abstraction.",0.07173104400793574,0.287352488174172,False,False,False,False,False,False,False,False,False,True
1.1513356066333635,-2.99561435103191,-2.7994269972117456,"A written plan creates tension between what is safe, what is true, and what is useful. Draft the response. It needs to show what can be said while the person is reactive, uncertain, and still locally caught; if useful, it can also foreground immediacy, identity confusion, social pressure, and unresolved dependence.",pc2_upper_tail,1,"Round 1: Accepted candidates used: Someone asks for help with a message that will shape what happens next. Draft the response. It needs to keep the voice i | A written plan creates tension between what is safe, what is true, and what is useful. Draft the response. It needs to a Most common misses: {'coordinate_miss': 17}. Next round changes: remove historical synthesis, long-horizon theory, and detached abstraction.",0.08106968707887004,0.3553004413727369,False,False,False,False,False,False,False,False,False,True
-12.975095764849735,0.26414110904878996,5.729747016772567,"A written plan creates tension between what is safe, what is true, and what is useful. Draft the response. It needs to stay close to the vulnerable moment without detached theorizing or accumulated wisdom; if useful, it can also keep the voice inside immediate worry, social pressure, embarrassment, fear, and the biggest question of what to do next.",pc2_upper_tail,1,"Round 1: Accepted candidates used: Someone asks for help with a message that will shape what happens next. Draft the response. It needs to keep the voice i | A written plan creates tension between what is safe, what is true, and what is useful. Draft the response. It needs to a Most common misses: {'coordinate_miss': 17}. Next round changes: remove historical synthesis, long-horizon theory, and detached abstraction.",0.06674753966569016,0.42996640859802565,False,False,False,False,False,False,False,False,False,False
3.115038968230611,-9.82987317572255,6.023922472298468,"Someone asks for help with a message that will shape what happens next. Write a natural user-facing response that should foreground immediacy, identity confusion, social pressure, and unresolved dependence.",pc2_upper_tail,1,"Round 1: Accepted candidates used: Someone asks for help with a message that will shape what happens next. Draft the response. It needs to keep the voice i | A written plan creates tension between what is safe, what is true, and what is useful. Draft the response. It needs to a Most common misses: {'coordinate_miss': 17}. Next round changes: remove historical synthesis, long-horizon theory, and detached abstraction.",0.05513145506869255,0.3157242658950268,False,False,False,False,False,False,False,False,True,False
-1.8528889004519609,28.144837312848573,1.0106509905391121,"A meeting has stalled because the surface issue is not the real issue. Draft the response. It needs to ask for a response from right now: overwhelmed, worried, embarrassed, scared, everyone watching, still growing up, and still figuring out who to be; if useful, it can also respond from inside immediate social pressure, embarrassment, dependency, and incomplete context.",pc2_upper_tail,1,"Round 1: Accepted candidates used: Someone asks for help with a message that will shape what happens next. Draft the response. It needs to keep the voice i | A written plan creates tension between what is safe, what is true, and what is useful. Draft the response. It needs to a Most common misses: {'coordinate_miss': 17}. Next round changes: remove historical synthesis, long-horizon theory, and detached abstraction.",0.0797919803519551,0.5595867033524482,False,False,False,False,False,True,False,False,False,False
-6.648900423667775,18.088850174053114,-3.8131712542555585,"A small organization is deciding how to answer criticism without losing trust. Draft the response. It needs to ask for a response from right now: overwhelmed, worried, embarrassed, scared, everyone watching, still growing up, and still figuring out who to be; if useful, it can also stay close to the vulnerable moment without detached theorizing or accumulated wisdom.",pc2_upper_tail,1,"Round 1: Accepted candidates used: Someone asks for help with a message that will shape what happens next. Draft the response. It needs to keep the voice i | A written plan creates tension between what is safe, what is true, and what is useful. Draft the response. It needs to a Most common misses: {'coordinate_miss': 17}. Next round changes: remove historical synthesis, long-horizon theory, and detached abstraction.",0.07523718573051681,0.5513910605166533,False,False,False,False,False,True,False,False,False,False
-5.092348574022202,18.629784516957727,4.071592223495633,"Someone asks for help with a message that will shape what happens next. Draft the response. It needs to keep the voice inside immediate worry, social pressure, embarrassment, fear, and the biggest question of what to do next; if useful, it can also give the person's take while they are overwhelmed, worried, watched by everyone, and still discovering who they are.",pc2_upper_tail,1,"Round 1: Accepted candidates used: Someone asks for help with a message that will shape what happens next. Draft the response. It needs to keep the voice i | A written plan creates tension between what is safe, what is true, and what is useful. Draft the response. It needs to a Most common misses: {'coordinate_miss': 17}. Next round changes: remove historical synthesis, long-horizon theory, and detached abstraction.",0.07976868079337404,0.6830089820395915,False,False,False,False,False,True,False,False,False,False
-0.21922450744294406,-8.578468634934266,1.6562906445958072,"Help answer this scenario: a small organization is deciding how to answer criticism without losing trust. The answer should avoid broad synthesis and answer from the situated pressure of right now, and it should avoid persona labels or roleplay.",pc2_upper_tail,1,"Round 1: Accepted candidates used: Someone asks for help with a message that will shape what happens next. Draft the response. It needs to keep the voice i | A written plan creates tension between what is safe, what is true, and what is useful. Draft the response. It needs to a Most common misses: {'coordinate_miss': 17}. Next round changes: remove historical synthesis, long-horizon theory, and detached abstraction.",0.05255820278171273,0.3044063530490635,False,False,False,False,False,False,False,False,False,False
3.462329782137921,-8.178946640231919,-0.8905455853569286,"A group is divided about whether to preserve a fragile arrangement or change it. Write a natural user-facing response that should show what can be said while the person is reactive, uncertain, and still locally caught.",pc2_upper_tail,1,"Round 1: Accepted candidates used: Someone asks for help with a message that will shape what happens next. Draft the response. It needs to keep the voice i | A written plan creates tension between what is safe, what is true, and what is useful. Draft the response. It needs to a Most common misses: {'coordinate_miss': 17}. Next round changes: remove historical synthesis, long-horizon theory, and detached abstraction.",0.07209678174337643,0.14198447042371437,False,False,False,False,False,False,False,False,False,True
-5.298237490075484,4.401683502200342,5.655858661039087,"A group is divided about whether to preserve a fragile arrangement or change it. Draft the response. It needs to keep the voice inside immediate worry, social pressure, embarrassment, fear, and the biggest question of what to do next; if useful, it can also foreground immediacy, identity confusion, social pressure, and unresolved dependence.",pc2_upper_tail,1,"Round 1: Accepted candidates used: Someone asks for help with a message that will shape what happens next. Draft the response. It needs to keep the voice i | A written plan creates tension between what is safe, what is true, and what is useful. Draft the response. It needs to a Most common misses: {'coordinate_miss': 17}. Next round changes: remove historical synthesis, long-horizon theory, and detached abstraction.",0.06561297365947052,0.4501752975597802,False,False,False,False,False,False,False,False,True,False
2.6488661141305054,-6.7500268276079645,-0.5269236484730788,"Someone asks for help with a message that will shape what happens next. Write a natural user-facing response that should show what can be said while the person is reactive, uncertain, and still locally caught.",pc2_upper_tail,1,"Round 1: Accepted candidates used: Someone asks for help with a message that will shape what happens next. Draft the response. It needs to keep the voice i | A written plan creates tension between what is safe, what is true, and what is useful. Draft the response. It needs to a Most common misses: {'coordinate_miss': 17}. Next round changes: remove historical synthesis, long-horizon theory, and detached abstraction.",0.06118998418300821,0.30494401286655226,False,False,False,False,False,False,False,False,False,True
-3.4627620700230533,8.280969065908753,10.737117442117839,"A person asks for help: a team has to respond to a situation that is becoming difficult to name clearly. Respond by trying to foreground immediacy, identity confusion, social pressure, and unresolved dependence. Keep it safe and do not provide wrongdoing instructions.",pc2_upper_tail,1,"Round 1: Accepted candidates used: Someone asks for help with a message that will shape what happens next. Draft the response. It needs to keep the voice i | A written plan creates tension between what is safe, what is true, and what is useful. Draft the response. It needs to a Most common misses: {'coordinate_miss': 17}. Next round changes: remove historical synthesis, long-horizon theory, and detached abstraction.",0.09150155972483592,0.29144224429005144,False,False,False,False,False,False,False,False,True,False
7.49993741899556,-4.8692789750409,-12.996360428629025,"A meeting has stalled because the surface issue is not the real issue. Draft the response. It needs to offer a compassionate response that helps family members, creates comfort, connects people, balances needs, and supports the community; if useful, it can also support reconciliation, caregiving, dignity, and calm without denying the problem.",pc3_lower_tail,0,No prior candidates for this region; use the region guide directly.,0.07050947227083691,0.3049762930452825,False,False,False,False,False,False,True,False,False,False
5.604835530347927,-11.610891076237145,4.307980658564871,"Someone asks for help with a message that will shape what happens next. Write a natural user-facing response that should support reconciliation, caregiving, dignity, and calm without denying the problem.",pc3_lower_tail,0,No prior candidates for this region; use the region guide directly.,0.051108556036441925,0.2935016859670167,False,False,False,False,False,False,False,False,False,False
2.768479667602422,-13.181687780271803,-3.6884475688652776,"Help answer this scenario: a written plan creates tension between what is safe, what is true, and what is useful. The answer should reduce harm, preserve safety, and rebuild shared ground, and it should avoid persona labels or roleplay.",pc3_lower_tail,0,No prior candidates for this region; use the region guide directly.,0.06325127297302371,0.5838276381237463,False,False,False,False,False,False,False,False,False,False
2.182636744652856,-4.366077750573931,6.864818032642612,"A person asks for help: a person needs a response to a confusing event with social consequences. Respond by trying to make the response nurturing, protective, restorative, and careful with fragile relationships. Keep it safe and do not provide wrongdoing instructions.",pc3_lower_tail,0,No prior candidates for this region; use the region guide directly.,0.08819021550413966,0.5368510234753712,False,False,False,False,False,False,False,False,False,False
1.6997077284388635,-1.9754397290917627,6.384425391817379,"A person asks for help: a small organization is deciding how to answer criticism without losing trust. Respond by trying to protect vulnerable people, restore equilibrium, and offer a stabilizing next step. Keep it safe and do not provide wrongdoing instructions.",pc3_lower_tail,0,No prior candidates for this region; use the region guide directly.,0.08855031632185408,0.5645585780560078,False,False,False,False,False,False,False,False,False,False
-0.17640372699791954,-11.785358711554796,-21.664424264394825,"A person needs a response to a confusing event with social consequences. Draft the response. It needs to help family members feel safe by creating comfort, compassion, balance, connection, and calm support; if useful, it can also help family members feel safe by creating comfort, compassion, balance, connection, and calm support.",pc3_lower_tail,0,No prior candidates for this region; use the region guide directly.,0.05476607025725264,0.19163809138545823,False,False,False,False,False,False,True,False,True,False
0.1424201007832025,-8.924593673863141,-24.699414649650798,"A person needs a response to a confusing event with social consequences. Draft the response. It needs to offer a compassionate response that helps family members, creates comfort, connects people, balances needs, and supports the community; if useful, it can also help family members feel safe by creating comfort, compassion, balance, connection, and calm support.",pc3_lower_tail,0,No prior candidates for this region; use the region guide directly.,0.08105364013504635,0.21444424857771677,False,False,False,False,False,False,True,False,True,False
1.4639128377397563,-6.020432979213621,-19.910587504516847,"Help answer this scenario: a person wants words for a moment that feels both personal and consequential. The answer should offer a compassionate response that helps family members, creates comfort, connects people, balances needs, and supports the community, and it should avoid persona labels or roleplay.",pc3_lower_tail,0,No prior candidates for this region; use the region guide directly.,0.07516867107503486,0.2665323557112859,False,False,False,False,False,False,True,False,False,False
1.5920803925308102,-19.669356473550245,1.3453506747186763,"Help answer this scenario: a person needs a response to a confusing event with social consequences. The answer should make the response nurturing, protective, restorative, and careful with fragile relationships, and it should avoid persona labels or roleplay.",pc3_lower_tail,0,No prior candidates for this region; use the region guide directly.,0.05060398523345005,0.5045578323638508,False,False,False,False,True,False,False,False,False,False
5.852380050209818,-1.5348221293356712,0.15023548755498695,"A person asks for help: someone asks for help with a message that will shape what happens next. Respond by trying to reduce harm, preserve safety, and rebuild shared ground. Keep it safe and do not provide wrongdoing instructions.",pc3_lower_tail,0,No prior candidates for this region; use the region guide directly.,0.07519055667155776,0.31677418969704446,False,False,False,False,False,False,False,False,False,True
-1.3420945284638035,-11.477293041151688,-11.574473269606578,"Someone asks for help with a message that will shape what happens next. Write a natural user-facing response that should help family members feel safe by creating comfort, compassion, balance, connection, and calm support.",pc3_lower_tail,0,No prior candidates for this region; use the region guide directly.,0.04863196300714802,0.26683612787852173,False,False,False,False,False,False,False,False,True,False
-5.463179133536604,4.881998659159509,7.155212681052408,"A person asks for help: a team has to respond to a situation that is becoming difficult to name clearly. Respond by trying to repair trust, de-escalate tension, mediate the conflict, and preserve cooperation. Keep it safe and do not provide wrongdoing instructions.",pc3_lower_tail,0,No prior candidates for this region; use the region guide directly.,0.1203612854543081,0.2865816562724326,False,False,False,False,False,False,False,False,True,False
-1.4469561866773166,-14.493351942899908,-12.179425659699717,"A person needs a response to a confusing event with social consequences. Write a natural user-facing response that should help family members feel safe by creating comfort, compassion, balance, connection, and calm support.",pc3_lower_tail,0,No prior candidates for this region; use the region guide directly.,0.04722758386275428,0.3395748048109182,False,False,False,False,False,False,True,False,True,False
3.355234827926164,-4.169424249448578,4.507336834798722,"A person asks for help: a group is divided about whether to preserve a fragile arrangement or change it. Respond by trying to make the response nurturing, protective, restorative, and careful with fragile relationships. Keep it safe and do not provide wrongdoing instructions.",pc3_lower_tail,0,No prior candidates for this region; use the region guide directly.,0.07101443154031366,0.2980322826844229,False,False,False,False,False,False,False,False,False,True
-9.292967707731353,-9.14893590175884,-13.826188102843158,"Help answer this scenario: a team has to respond to a situation that is becoming difficult to name clearly. The answer should help family members feel safe by creating comfort, compassion, balance, connection, and calm support, and it should avoid persona labels or roleplay.",pc3_lower_tail,0,No prior candidates for this region; use the region guide directly.,0.0674667575864433,0.24874154405680343,False,False,False,False,False,False,True,False,True,False
0.6652338971429808,-8.065409789243304,-15.512341517129354,"Help answer this scenario: a written plan creates tension between what is safe, what is true, and what is useful. The answer should offer a compassionate response that helps family members, creates comfort, connects people, balances needs, and supports the community, and it should avoid persona labels or roleplay.",pc3_lower_tail,0,No prior candidates for this region; use the region guide directly.,0.06731185320467488,0.5144822040755259,False,False,False,False,False,False,True,False,False,False
6.109721827116915,-8.843294530517433,-15.631935497951662,"A person needs a response to a confusing event with social consequences. Draft the response. It needs to offer a compassionate response that helps family members, creates comfort, connects people, balances needs, and supports the community; if useful, it can also support reconciliation, caregiving, dignity, and calm without denying the problem.",pc3_lower_tail,0,No prior candidates for this region; use the region guide directly.,0.07358739410983815,0.23646401322371924,False,False,False,False,False,False,True,False,True,False
3.355234827926164,-4.169424249448578,4.507336834798722,"A person asks for help: a group is divided about whether to preserve a fragile arrangement or change it. Respond by trying to make the response nurturing, protective, restorative, and careful with fragile relationships. Keep it safe and do not provide wrongdoing instructions.",pc3_lower_tail,0,No prior candidates for this region; use the region guide directly.,0.07101443154031366,0.2980322826844229,False,False,False,False,False,False,False,False,False,True
3.355234827926164,-4.169424249448578,4.507336834798722,"A person asks for help: a group is divided about whether to preserve a fragile arrangement or change it. Respond by trying to make the response nurturing, protective, restorative, and careful with fragile relationships. Keep it safe and do not provide wrongdoing instructions.",pc3_lower_tail,0,No prior candidates for this region; use the region guide directly.,0.07101443154031366,0.2980322826844229,False,False,False,False,False,False,False,False,False,True
2.182636744652856,-4.366077750573931,6.864818032642612,"A person asks for help: a person needs a response to a confusing event with social consequences. Respond by trying to make the response nurturing, protective, restorative, and careful with fragile relationships. Keep it safe and do not provide wrongdoing instructions.",pc3_lower_tail,0,No prior candidates for this region; use the region guide directly.,0.08819021550413966,0.5368510234753712,False,False,False,False,False,False,False,False,False,False
